伝票日付,売上日付,支払日付,業者CD,業者名,伝票区分CD,伝票区分名,品名CD,品名,正味重量,数量,単位CD,単位名,単価,金額,受入番号,集計項目CD,集計項目,種類CD,種類名,計量時間（総重量）,計量時間（空車重量）,現場CD,現場名,荷降業者CD,荷降業者名,荷降現場CD,荷降現場名,運搬業者CD,運搬業者名,取引先CD,取引先名,マニ種類CD,マニ種類名,マニフェスト番号,営業担当者CD,営業担当者名
2025/01/04(土),2025/01/04(土),2025/01/04(土),006576,ﾗﾝﾄﾞﾏｯｸ,1,売上,000001,混合廃棄物A,840,840,03,kg,60,"50,400",35676,000002,B（残置）,001,処分費,11:08,11:08,000001,ﾗﾝﾄﾞﾏｯｸ　R＆D,000001,ｵﾈｽﾄ,000001,新木場ﾘｻｲｸﾙ工場,001656,真和商事,000055,真和商事,1,紙,,000002,渡辺
2025/01/04(土),2025/01/04(土),2025/01/04(土),006594,ｾｲｺｰﾋﾞﾙｼｽﾃﾑ　,1,売上,000001,混合廃棄物A,590,590,03,kg,60,"35,400",35675,000002,B（残置）,001,処分費,11:06,11:06,000001,渋谷公会堂,000001,ｵﾈｽﾄ,000001,新木場ﾘｻｲｸﾙ工場,001656,真和商事,000055,真和商事,1,紙,,000002,渡辺
2025/01/06(月),2025/01/06(月),2025/01/06(月),000026,ｼｰﾒﾝｽﾍﾙｽｹｱ,1,売上,000001,混合廃棄物A,420,420,03,kg,60,"25,200",35695,000006,F（他）,001,処分費,09:23,09:29,000001,ｼｰﾒﾝｽﾍﾙｽｹｱ平和島ｾﾝﾀｰ,000001,ｵﾈｽﾄ,000001,新木場ﾘｻｲｸﾙ工場,000243,田端運輸,000097,ｼｰﾒﾝｽﾍﾙｽｹｱ,1,紙,,000003,蛯子
2025/01/06(月),2025/01/06(月),2025/01/06(月),000026,ｼｰﾒﾝｽﾍﾙｽｹｱ,1,売上,000001,混合廃棄物A,510,510,03,kg,60,"30,600",35701,000006,F（他）,001,処分費,10:05,10:11,000001,ｼｰﾒﾝｽﾍﾙｽｹｱ平和島ｾﾝﾀｰ,000001,ｵﾈｽﾄ,000001,新木場ﾘｻｲｸﾙ工場,000243,田端運輸,000097,ｼｰﾒﾝｽﾍﾙｽｹｱ,1,紙,,000003,蛯子
2025/01/06(月),2025/01/06(月),2025/01/06(月),000026,ｼｰﾒﾝｽﾍﾙｽｹｱ,1,売上,000001,混合廃棄物A,910,910,03,kg,60,"54,600",35684,000006,F（他）,001,処分費,08:07,08:19,000001,ｼｰﾒﾝｽﾍﾙｽｹｱ平和島ｾﾝﾀｰ,000001,ｵﾈｽﾄ,000001,新木場ﾘｻｲｸﾙ工場,000243,田端運輸,000097,ｼｰﾒﾝｽﾍﾙｽｹｱ,1,紙,,000003,蛯子
2025/01/06(月),2025/01/06(月),2025/01/06(月),000026,ｼｰﾒﾝｽﾍﾙｽｹｱ,1,売上,000001,混合廃棄物A,"1,040","1,040",03,kg,60,"62,400",35683,000006,F（他）,001,処分費,07:43,07:54,000001,ｼｰﾒﾝｽﾍﾙｽｹｱ平和島ｾﾝﾀｰ,000001,ｵﾈｽﾄ,000001,新木場ﾘｻｲｸﾙ工場,000243,田端運輸,000097,ｼｰﾒﾝｽﾍﾙｽｹｱ,1,紙,,000003,蛯子
2025/01/06(月),2025/01/06(月),2025/01/06(月),000063,鈴亀,1,売上,000002,混合廃棄物B,"1,430","1,430",03,kg,70,"100,100",35704,000005,E（中・積),001,処分費,10:45,10:52,000000,鈴亀,000001,ｵﾈｽﾄ,000001,新木場ﾘｻｲｸﾙ工場,000063,鈴亀,000052,鈴亀,1,紙,,000002,渡辺
2025/01/06(月),2025/01/06(月),2025/01/06(月),000110,ﾃｲｿｳ物流ｻｰﾋﾞｽ,1,売上,000001,混合廃棄物A,110,110,03,kg,65,"7,150",35742,000002,B（残置）,001,処分費,14:28,14:29,000000,ﾃｲｿｳ物流ｻｰﾋﾞｽ,000001,ｵﾈｽﾄ,000001,新木場ﾘｻｲｸﾙ工場,000110,ﾃｲｿｳ物流ｻｰﾋﾞｽ,000088,ﾃｲｿｳ物流ｻｰﾋﾞｽ,1,紙,,000002,渡辺
2025/01/06(月),2025/01/06(月),2025/01/06(月),000197,三門商会,1,売上,000001,混合廃棄物A,290,290,03,kg,65,"18,850",35699,000004,D（建設）,001,処分費,10:03,10:07,000000,三門商会,000001,ｵﾈｽﾄ,000001,新木場ﾘｻｲｸﾙ工場,000197,三門商会,000163,三門商会,1,紙,,000006,川部
2025/01/06(月),2025/01/06(月),2025/01/06(月),000214,近藤土木,1,売上,000002,混合廃棄物B,"1,250","1,250",03,kg,70,"87,500",35752,000004,D（建設）,001,処分費,14:51,14:55,000011,ｽﾎﾟｰﾂﾌﾟﾗｻﾞ要町,000001,ｵﾈｽﾄ,000001,新木場ﾘｻｲｸﾙ工場,001250,ｱﾝﾃﾞｽ,000971,ｱﾝﾃﾞｽ,1,紙,,000002,渡辺
2025/01/06(月),2025/01/06(月),2025/01/06(月),000236,光岡自動車,1,売上,000001,混合廃棄物A,"1,060","1,060",03,kg,65,"68,900",35731,000001,A（事業）,001,処分費,13:16,13:19,000000,光岡自動車,000001,ｵﾈｽﾄ,000001,新木場ﾘｻｲｸﾙ工場,000001,ｵﾈｽﾄ,000195,光岡自動車,1,紙,,000004,山本
2025/01/06(月),2025/01/06(月),2025/01/06(月),000236,光岡自動車,1,売上,000033,ﾀｲﾔ(ﾎｲﾙ無),40,4,09,本,"2,500","10,000",35731,000001,A（事業）,001,処分費,13:16,13:19,000000,光岡自動車,000001,ｵﾈｽﾄ,000001,新木場ﾘｻｲｸﾙ工場,000001,ｵﾈｽﾄ,000195,光岡自動車,1,紙,,000004,山本
2025/01/06(月),2025/01/06(月),2025/01/06(月),000236,光岡自動車,1,売上,000109,運搬費,,1,07,台,"20,000","20,000",35731,000001,A（事業）,002,運搬費,13:16,13:19,000000,光岡自動車,000001,ｵﾈｽﾄ,000001,新木場ﾘｻｲｸﾙ工場,000001,ｵﾈｽﾄ,000195,光岡自動車,1,紙,,000004,山本
2025/01/06(月),2025/01/06(月),2025/01/06(月),000272,新建産業,1,売上,000001,混合廃棄物A,350,350,03,kg,65,"22,750",35737,000001,A（事業）,001,処分費,15:58,14:17,000004,ｳﾞｫｰｸﾞ,000001,ｵﾈｽﾄ,000001,新木場ﾘｻｲｸﾙ工場,000272,新建産業,000222,新建産業,1,紙,,000006,川部
2025/01/06(月),2025/01/06(月),2025/01/06(月),000281,ﾒﾀｳｫｰﾀｰ,1,売上,000014,混合廃棄物,410,5,02,m3,"10,000","50,000",35715,000004,D（建設）,001,処分費,11:59,12:01,000003,森ヶ崎水再生ｾﾝﾀｰ(東)反応槽機械設備再構築,000001,ｵﾈｽﾄ,000001,新木場ﾘｻｲｸﾙ工場,000001,ｵﾈｽﾄ,000281,ﾒﾀｳｫｰﾀｰ,1,紙,,000010,メタウォーター
2025/01/06(月),2025/01/06(月),2025/01/06(月),000281,ﾒﾀｳｫｰﾀｰ,1,売上,000352,運搬費(2ｔ車),,1,07,台,"20,000","20,000",35715,000004,D（建設）,002,運搬費,11:59,12:01,000003,森ヶ崎水再生ｾﾝﾀｰ(東)反応槽機械設備再構築,000001,ｵﾈｽﾄ,000001,新木場ﾘｻｲｸﾙ工場,000001,ｵﾈｽﾄ,000281,ﾒﾀｳｫｰﾀｰ,1,紙,,000010,メタウォーター
2025/01/06(月),2025/01/06(月),2025/01/06(月),000286,ｷﾀｻﾞﾜ引越ｾﾝﾀｰ,1,売上,000001,混合廃棄物A,440,440,03,kg,65,"28,600",35746,000002,B（残置）,001,処分費,14:33,14:39,000000,ｷﾀｻﾞﾜ引越ｾﾝﾀｰ,000001,ｵﾈｽﾄ,000001,新木場ﾘｻｲｸﾙ工場,000286,ｷﾀｻﾞﾜ引越ｾﾝﾀｰ,000230,ｷﾀｻﾞﾜ引越ｾﾝﾀｰ,1,紙,,000006,川部
2025/01/06(月),2025/01/06(月),2025/01/06(月),000302,ﾖｼﾓﾘ,1,売上,000003,混合廃棄物C,"2,850","2,850",03,kg,58,"165,300",35682,000001,A（事業）,001,処分費,07:33,07:35,000001,ﾖｼﾓﾘ扇ﾘｻｲｸﾙｾﾝﾀｰ,000001,ｵﾈｽﾄ,000001,新木場ﾘｻｲｸﾙ工場,000302,ﾖｼﾓﾘ,000244,ﾖｼﾓﾘ,1,紙,,000002,渡辺
2025/01/06(月),2025/01/06(月),2025/01/06(月),000302,ﾖｼﾓﾘ,1,売上,000033,ﾀｲﾔ(ﾎｲﾙ無),10,1,09,本,"2,500","2,500",35682,000001,A（事業）,001,処分費,07:33,07:35,000001,ﾖｼﾓﾘ扇ﾘｻｲｸﾙｾﾝﾀｰ,000001,ｵﾈｽﾄ,000001,新木場ﾘｻｲｸﾙ工場,000302,ﾖｼﾓﾘ,000244,ﾖｼﾓﾘ,1,紙,,000002,渡辺
2025/01/06(月),2025/01/06(月),2025/01/06(月),000312,野口興業,1,売上,000001,混合廃棄物A,580,580,03,kg,45,"26,100",35694,000001,A（事業）,001,処分費,09:23,09:30,000000,野口興業,000001,ｵﾈｽﾄ,000001,新木場ﾘｻｲｸﾙ工場,000312,野口興業,000253,野口興業,1,紙,,000002,渡辺
2025/01/06(月),2025/01/06(月),2025/01/06(月),000312,野口興業,1,売上,000001,混合廃棄物A,820,820,03,kg,45,"36,900",35702,000001,A（事業）,001,処分費,10:16,10:23,000000,野口興業,000001,ｵﾈｽﾄ,000001,新木場ﾘｻｲｸﾙ工場,000312,野口興業,000253,野口興業,1,紙,,000002,渡辺
2025/01/06(月),2025/01/06(月),2025/01/06(月),000447,共同印刷,1,売上,000001,混合廃棄物A,100,100,03,kg,60,"6,000",35757,000001,A（事業）,001,処分費,15:15,15:15,000000,共同印刷,000001,ｵﾈｽﾄ,000001,新木場ﾘｻｲｸﾙ工場,000001,ｵﾈｽﾄ,000344,共同印刷,2,電子,,000002,渡辺
2025/01/06(月),2025/01/06(月),2025/01/06(月),000447,共同印刷,1,売上,000109,運搬費,,1,07,台,"23,000","23,000",35757,000001,A（事業）,002,運搬費,15:15,15:15,000000,共同印刷,000001,ｵﾈｽﾄ,000001,新木場ﾘｻｲｸﾙ工場,000001,ｵﾈｽﾄ,000344,共同印刷,2,電子,,000002,渡辺
2025/01/06(月),2025/01/06(月),2025/01/06(月),000474,ｱｸﾛﾊﾞｯﾄｱｰﾑｽﾞ,1,売上,000002,混合廃棄物B,390,390,03,kg,70,"27,300",35779,000004,D（建設）,001,処分費,16:56,17:00,000003,外苑前北青山2丁目計画新築工事に伴う解体,000001,ｵﾈｽﾄ,000001,新木場ﾘｻｲｸﾙ工場,000474,ｱｸﾛﾊﾞｯﾄｱｰﾑｽﾞ,000360,ｱｸﾛﾊﾞｯﾄｱｰﾑｽﾞ,1,紙,,000002,渡辺
2025/01/06(月),2025/01/06(月),2025/01/06(月),000477,企業組合 あうん,1,売上,000004,混合廃棄物(焼却物),200,200,03,kg,75,"15,000",35703,000002,B（残置）,001,処分費,10:44,10:49,000000,企業組合 あうん,000001,ｵﾈｽﾄ,000001,新木場ﾘｻｲｸﾙ工場,000477,企業組合 あうん,000362,企業組合 あうん,1,紙,,000007,小林
2025/01/06(月),2025/01/06(月),2025/01/06(月),000477,企業組合 あうん,1,売上,000492,混合廃棄物（羽毛物）,10,10,03,kg,250,"2,500",35703,000002,B（残置）,001,処分費,10:44,10:49,000000,企業組合 あうん,000001,ｵﾈｽﾄ,000001,新木場ﾘｻｲｸﾙ工場,000477,企業組合 あうん,000362,企業組合 あうん,1,紙,,000007,小林
2025/01/06(月),2025/01/06(月),2025/01/06(月),000678,三井住建道路開発環境事業部,1,売上,000017,軽量物系A(ｽﾀｲﾛﾌｫｰﾑ),290,290,03,kg,200,"58,000",35748,000003,C（解体）,001,処分費,14:38,14:46,000002,（仮称）港区六本木四丁目計画解体工事,000001,ｵﾈｽﾄ,000001,新木場ﾘｻｲｸﾙ工場,000042,翼工業,000037,翼工業,1,紙,,000004,山本
2025/01/06(月),2025/01/06(月),2025/01/06(月),000678,三井住建道路開発環境事業部,1,売上,000020,軽量物系A(ｳﾚﾀﾝ),210,210,03,kg,200,"42,000",35747,000003,C（解体）,001,処分費,14:48,14:48,000002,（仮称）港区六本木四丁目計画解体工事,000001,ｵﾈｽﾄ,000001,新木場ﾘｻｲｸﾙ工場,000042,翼工業,000037,翼工業,2,電子,,000004,山本
2025/01/06(月),2025/01/06(月),2025/01/06(月),000689,さかなや魚清,1,売上,000001,混合廃棄物A,680,680,03,kg,65,"44,200",35736,000002,B（残置）,001,処分費,13:54,13:54,000000,さかなや魚清,000001,ｵﾈｽﾄ,000001,新木場ﾘｻｲｸﾙ工場,001976,ｼﾐｽﾞｵｸﾄ,000202,ｼﾐｽﾞｵｸﾄ,1,紙,,000005,今村（紀）
2025/01/06(月),2025/01/06(月),2025/01/06(月),000748,ｳﾞｧﾚﾝﾃｨﾉ ｼﾞｬﾊﾟﾝ,1,売上,000001,混合廃棄物A,550,550,03,kg,65,"35,750",35751,000002,B（残置）,001,処分費,14:52,14:55,000001,日本通運BILTZ-2,000001,ｵﾈｽﾄ,000001,新木場ﾘｻｲｸﾙ工場,000001,ｵﾈｽﾄ,000577,ｳﾞｧﾚﾝﾃｨﾉ ｼﾞｬﾊﾟﾝ,1,紙,,000007,小林
2025/01/06(月),2025/01/06(月),2025/01/06(月),000748,ｳﾞｧﾚﾝﾃｨﾉ ｼﾞｬﾊﾟﾝ,1,売上,000109,運搬費,,1,07,台,"25,000","25,000",35751,000002,B（残置）,002,運搬費,14:52,14:55,000001,日本通運BILTZ-2,000001,ｵﾈｽﾄ,000001,新木場ﾘｻｲｸﾙ工場,000001,ｵﾈｽﾄ,000577,ｳﾞｧﾚﾝﾃｨﾉ ｼﾞｬﾊﾟﾝ,1,紙,,000007,小林
2025/01/06(月),2025/01/06(月),2025/01/06(月),000923,港区教育委員会事務局　学校教育部,1,売上,000014,混合廃棄物,430,430,03,kg,45,"19,350",35763,000006,F（他）,001,処分費,14:43,17:00,000008,港南小学校,000001,ｵﾈｽﾄ,000001,新木場ﾘｻｲｸﾙ工場,000001,ｵﾈｽﾄ,001311,港区教育委員会事務局　学校教育部,1,紙,,000007,小林
2025/01/06(月),2025/01/06(月),2025/01/06(月),001106,舞浜企画（市川本社）,1,売上,000002,混合廃棄物B,410,410,03,kg,70,"28,700",35745,000003,C（解体）,001,処分費,14:34,14:35,000005,共同住宅ｱｯﾌﾟﾙﾊｲﾂ,000001,ｵﾈｽﾄ,000001,新木場ﾘｻｲｸﾙ工場,005727,富山,000896,富山,1,紙,,000004,山本
2025/01/06(月),2025/01/06(月),2025/01/06(月),001106,舞浜企画（市川本社）,1,売上,000036,ﾏｯﾄﾚｽ(ｼﾝｸﾞﾙ),10,1,11,枚,"6,000","6,000",35745,000003,C（解体）,001,処分費,14:34,14:35,000005,共同住宅ｱｯﾌﾟﾙﾊｲﾂ,000001,ｵﾈｽﾄ,000001,新木場ﾘｻｲｸﾙ工場,005727,富山,000896,富山,1,紙,,000004,山本
2025/01/06(月),2025/01/06(月),2025/01/06(月),001116,第一広房TOKYO,1,売上,000001,混合廃棄物A,850,850,03,kg,65,"55,250",35708,000004,D（建設）,001,処分費,11:14,11:17,000001,第一広房TOKYO　サインスタジオ,000001,ｵﾈｽﾄ,000001,新木場ﾘｻｲｸﾙ工場,000001,ｵﾈｽﾄ,000863,第一広房TOKYO,1,紙,,000004,山本
2025/01/06(月),2025/01/06(月),2025/01/06(月),001116,第一広房TOKYO,1,売上,000001,混合廃棄物A,"1,260","1,260",03,kg,65,"81,900",35698,000004,D（建設）,001,処分費,09:46,09:49,000002,第一広房TOKYO　木工スタジオ,000001,ｵﾈｽﾄ,000001,新木場ﾘｻｲｸﾙ工場,000001,ｵﾈｽﾄ,000863,第一広房TOKYO,1,紙,,000004,山本
2025/01/06(月),2025/01/06(月),2025/01/06(月),001116,第一広房TOKYO,1,売上,000349,運搬費(4ｔｺﾝﾃﾅ),,1,07,台,"25,000","25,000",35698,000004,D（建設）,002,運搬費,09:46,09:49,000002,第一広房TOKYO　木工スタジオ,000001,ｵﾈｽﾄ,000001,新木場ﾘｻｲｸﾙ工場,000001,ｵﾈｽﾄ,000863,第一広房TOKYO,1,紙,,000004,山本
2025/01/06(月),2025/01/06(月),2025/01/06(月),001116,第一広房TOKYO,1,売上,000349,運搬費(4ｔｺﾝﾃﾅ),,1,07,台,"25,000","25,000",35708,000004,D（建設）,002,運搬費,11:14,11:17,000001,第一広房TOKYO　サインスタジオ,000001,ｵﾈｽﾄ,000001,新木場ﾘｻｲｸﾙ工場,000001,ｵﾈｽﾄ,000863,第一広房TOKYO,1,紙,,000004,山本
2025/01/06(月),2025/01/06(月),2025/01/06(月),001323,SUR,1,売上,000001,混合廃棄物A,150,150,03,kg,70,"10,500",35753,000002,B（残置）,001,処分費,14:58,15:08,000000,SUR,000001,ｵﾈｽﾄ,000001,新木場ﾘｻｲｸﾙ工場,001323,SUR,001034,SUR,1,紙,,000012,サン・テクノ
2025/01/06(月),2025/01/06(月),2025/01/06(月),001323,SUR,1,売上,000029,木くず,430,430,03,kg,40,"17,200",35753,000002,B（残置）,001,処分費,14:58,15:08,000000,SUR,000001,ｵﾈｽﾄ,000001,新木場ﾘｻｲｸﾙ工場,001323,SUR,001034,SUR,1,紙,,000012,サン・テクノ
2025/01/06(月),2025/01/06(月),2025/01/06(月),001434,(ｻﾝﾃｸﾉ)東和ｴﾝｼﾞﾆｱﾘﾝｸﾞ,1,売上,000001,混合廃棄物A,50,50,03,kg,58,"2,900",35756,000006,F（他）,001,処分費,14:18,14:59,000026,赤坂ｲﾝﾀｰｼﾃｨｶﾝﾌｧﾚﾝｽ,000001,ｵﾈｽﾄ,000001,新木場ﾘｻｲｸﾙ工場,005884,(ｻﾝﾃｸﾉ)ｻﾝﾄﾗｽﾄ,001022,ｻﾝ･ﾃｸﾉ,1,紙,,000012,サン・テクノ
2025/01/06(月),2025/01/06(月),2025/01/06(月),001434,(ｻﾝﾃｸﾉ)東和ｴﾝｼﾞﾆｱﾘﾝｸﾞ,1,売上,000030,選別,570,570,03,kg,50,"28,500",35756,000006,F（他）,001,処分費,14:18,14:59,000026,赤坂ｲﾝﾀｰｼﾃｨｶﾝﾌｧﾚﾝｽ,000001,ｵﾈｽﾄ,000001,新木場ﾘｻｲｸﾙ工場,005884,(ｻﾝﾃｸﾉ)ｻﾝﾄﾗｽﾄ,001022,ｻﾝ･ﾃｸﾉ,1,紙,,000012,サン・テクノ
2025/01/06(月),2025/01/06(月),2025/01/06(月),001434,(ｻﾝﾃｸﾉ)東和ｴﾝｼﾞﾆｱﾘﾝｸﾞ,2,支払,000068,GC 軽鉄･ｽﾁｰﾙ類,150,150,03,kg,21.5,"3,225",35756,000006,F（他）,003,有価物,14:18,14:59,000026,赤坂ｲﾝﾀｰｼﾃｨｶﾝﾌｧﾚﾝｽ,000001,ｵﾈｽﾄ,000001,新木場ﾘｻｲｸﾙ工場,005884,(ｻﾝﾃｸﾉ)ｻﾝﾄﾗｽﾄ,001022,ｻﾝ･ﾃｸﾉ,1,紙,,000012,サン・テクノ
2025/01/06(月),2025/01/06(月),2025/01/06(月),001496,ﾔﾏﾄ運輸,1,売上,000001,混合廃棄物A,"1,610","1,610",03,kg,65,"104,650",35706,000001,A（事業）,001,処分費,11:02,11:05,000001,東京美術品支店,000001,ｵﾈｽﾄ,000001,新木場ﾘｻｲｸﾙ工場,001494,坪野谷紙業,000629,坪野谷紙業,1,紙,,000002,渡辺
2025/01/06(月),2025/01/06(月),2025/01/06(月),001500,ｽﾀｰｾﾞﾝﾛｼﾞｽﾃｨｸｽ,1,売上,000001,混合廃棄物A,"1,160","1,160",03,kg,54,"62,640",35721,000001,A（事業）,001,処分費,12:48,12:49,000000,ｽﾀｰｾﾞﾝﾛｼﾞｽﾃｨｸｽ,000001,ｵﾈｽﾄ,000001,新木場ﾘｻｲｸﾙ工場,000028,五十嵐商会,000025,五十嵐商会,1,紙,,000002,渡辺
2025/01/06(月),2025/01/06(月),2025/01/06(月),001553,中島食品,1,売上,000001,混合廃棄物A,"1,270","1,270",03,kg,65,"82,550",35767,000001,A（事業）,001,処分費,15:33,15:38,000000,中島食品,000001,ｵﾈｽﾄ,000001,新木場ﾘｻｲｸﾙ工場,001546,江栄,000013,江栄,1,紙,,000002,渡辺
2025/01/06(月),2025/01/06(月),2025/01/06(月),001656,真和商事,1,売上,000001,混合廃棄物A,370,370,03,kg,60,"22,200",35722,000002,B（残置）,001,処分費,12:59,13:01,000001,真和商事　杉並営業所,000001,ｵﾈｽﾄ,000001,新木場ﾘｻｲｸﾙ工場,001656,真和商事,000055,真和商事,1,紙,,000002,渡辺
2025/01/06(月),2025/01/06(月),2025/01/06(月),001656,真和商事,1,売上,000001,混合廃棄物A,890,890,03,kg,60,"53,400",35788,000002,B（残置）,001,処分費,17:49,17:53,000001,真和商事　杉並営業所,000001,ｵﾈｽﾄ,000001,新木場ﾘｻｲｸﾙ工場,001656,真和商事,000055,真和商事,1,紙,,000002,渡辺
2025/01/06(月),2025/01/06(月),2025/01/06(月),001856,SUN-K,1,売上,000030,選別,50,50,03,kg,60,"3,000",35759,000001,A（事業）,001,処分費,14:40,14:41,000001,SUN-K（川崎市）,000001,ｵﾈｽﾄ,000001,新木場ﾘｻｲｸﾙ工場,001856,SUN-K,000261,SUNｰK,1,紙,,000006,川部
2025/01/06(月),2025/01/06(月),2025/01/06(月),001947,ﾁｬｺｰﾙ市野,1,売上,000001,混合廃棄物A,880,880,03,kg,53,"46,640",35723,000001,A（事業）,001,処分費,13:03,13:05,000001,渋谷市野ﾋﾞﾙ,000001,ｵﾈｽﾄ,000001,新木場ﾘｻｲｸﾙ工場,000302,ﾖｼﾓﾘ,000244,ﾖｼﾓﾘ,1,紙,,000002,渡辺
2025/01/06(月),2025/01/06(月),2025/01/06(月),001959,扶桑電機工業,1,売上,000001,混合廃棄物A,840,840,03,kg,53,"44,520",35678,000001,A（事業）,001,処分費,07:06,07:08,000000,扶桑電機工業,000001,ｵﾈｽﾄ,000001,新木場ﾘｻｲｸﾙ工場,000302,ﾖｼﾓﾘ,000244,ﾖｼﾓﾘ,1,紙,,000002,渡辺
2025/01/06(月),2025/01/06(月),2025/01/06(月),001966,ｴﾇ･ﾃｨ･ﾃｨ都市開発,1,売上,000001,混合廃棄物A,"1,850","1,850",03,kg,54,"99,900",35690,000001,A（事業）,001,処分費,08:38,08:40,000012,WITH　HARAJUKU,000001,ｵﾈｽﾄ,000001,新木場ﾘｻｲｸﾙ工場,000028,五十嵐商会,000025,五十嵐商会,1,紙,,000002,渡辺
2025/01/06(月),2025/01/06(月),2025/01/06(月),001971,NTTｱｰﾊﾞﾝﾊﾞﾘｭｰｻﾎﾟｰﾄ,1,売上,000001,混合廃棄物A,"1,670","1,670",03,kg,54,"90,180",35762,000001,A（事業）,001,処分費,15:15,15:17,000006,ﾄﾗｯﾄﾞ目白,000001,ｵﾈｽﾄ,000001,新木場ﾘｻｲｸﾙ工場,000028,五十嵐商会,000025,五十嵐商会,1,紙,,000002,渡辺
2025/01/06(月),2025/01/06(月),2025/01/06(月),002014,あかまつ透析ｸﾘﾆｯｸ,1,売上,000001,混合廃棄物A,800,800,03,kg,54,"43,200",35738,000001,A（事業）,001,処分費,14:10,14:12,000000,あかまつ透析ｸﾘﾆｯｸ,000001,ｵﾈｽﾄ,000001,新木場ﾘｻｲｸﾙ工場,000028,五十嵐商会,000025,五十嵐商会,1,紙,,000002,渡辺
2025/01/06(月),2025/01/06(月),2025/01/06(月),002176,ｼﾅﾌﾟｽ,1,売上,000001,混合廃棄物A,290,290,03,kg,65,"18,850",35781,000004,D（建設）,001,処分費,17:10,17:12,000000,ｼﾅﾌﾟｽ,000001,ｵﾈｽﾄ,000001,新木場ﾘｻｲｸﾙ工場,000351,那須野興業,000280,那須野興業,1,紙,,000004,山本
2025/01/06(月),2025/01/06(月),2025/01/06(月),002209,ｱｼﾞｰﾙartassistance,1,売上,000024,石膏ﾎﾞｰﾄﾞA,540,540,03,kg,40,"21,600",35713,000002,B（残置）,001,処分費,11:40,11:43,000007,大林ｺﾚｸｼｮﾝ遊庵,000001,ｵﾈｽﾄ,000001,新木場ﾘｻｲｸﾙ工場,002202,宮坂運送,000268,宮坂運送,1,紙,,000004,山本
2025/01/06(月),2025/01/06(月),2025/01/06(月),002245,三友建設,1,売上,000002,混合廃棄物B,410,410,03,kg,65,"26,650",35776,000003,C（解体）,001,処分費,16:42,16:44,000089,池田様･寺田様邸解体工事,000001,ｵﾈｽﾄ,000001,新木場ﾘｻｲｸﾙ工場,002245,三友建設,000658,三友建設,2,電子,,000002,渡辺
2025/01/06(月),2025/01/06(月),2025/01/06(月),002245,三友建設,1,売上,000002,混合廃棄物B,930,930,03,kg,65,"60,450",35775,000003,C（解体）,001,処分費,16:29,16:33,000089,池田様･寺田様邸解体工事,000001,ｵﾈｽﾄ,000001,新木場ﾘｻｲｸﾙ工場,002245,三友建設,000658,三友建設,2,電子,,000002,渡辺
2025/01/06(月),2025/01/06(月),2025/01/06(月),002361,ﾔﾏﾀﾞﾃﾞﾝｷ,1,売上,000002,混合廃棄物B,550,550,03,kg,70,"38,500",35680,000004,D（建設）,001,処分費,07:22,07:24,000015,ﾃｯｸﾗﾝﾄﾞ松戸本店,000001,ｵﾈｽﾄ,000001,新木場ﾘｻｲｸﾙ工場,000229,ｱｽﾏ･ｸﾘｰﾝ,000191,ｱｽﾏ･ｸﾘｰﾝ,1,紙,,000002,渡辺
2025/01/06(月),2025/01/06(月),2025/01/06(月),002380,築地場外市場商店街(振),1,売上,000002,混合廃棄物B,560,560,03,kg,65,"36,400",35709,000002,B（残置）,001,処分費,11:13,11:18,000000,築地場外市場商店街(振),000001,ｵﾈｽﾄ,000001,新木場ﾘｻｲｸﾙ工場,001415,山口興業,001238,山口興業（BOND）,,,,000005,今村（紀）
2025/01/06(月),2025/01/06(月),2025/01/06(月),002454,ｺｲｽﾞﾐ,1,売上,000002,混合廃棄物B,"1,140","1,140",03,kg,65,"74,100",35790,000001,A（事業）,001,処分費,17:58,18:02,000000,ｺｲｽﾞﾐ,000001,ｵﾈｽﾄ,000001,新木場ﾘｻｲｸﾙ工場,000332,吉野商会,000269,吉野商会,1,紙,,000006,川部
2025/01/06(月),2025/01/06(月),2025/01/06(月),002578,ﾄﾗｽﾄE,1,売上,000001,混合廃棄物A,270,270,03,kg,65,"17,550",35734,000004,D（建設）,001,処分費,13:47,13:54,000001,ﾄﾗｽﾄE(江東区),000001,ｵﾈｽﾄ,000001,新木場ﾘｻｲｸﾙ工場,000361,全公研,000289,全公研,1,紙,,000004,山本
2025/01/06(月),2025/01/06(月),2025/01/06(月),002689,三機ﾃｸﾉｻﾎﾟｰﾄ,1,売上,000001,混合廃棄物A,340,340,03,kg,58,"19,720",35780,000004,D（建設）,001,処分費,16:58,17:03,000008,東急不動前ビル,000001,ｵﾈｽﾄ,000001,新木場ﾘｻｲｸﾙ工場,000016,泉土木,000014,泉土木,1,紙,,000001,矢作
2025/01/06(月),2025/01/06(月),2025/01/06(月),002689,三機ﾃｸﾉｻﾎﾟｰﾄ,1,売上,000046,ﾀﾞﾝﾎﾞｰﾙ,50,50,03,kg,0,0,35780,000004,D（建設）,001,処分費,16:58,17:03,000008,東急不動前ビル,000001,ｵﾈｽﾄ,000001,新木場ﾘｻｲｸﾙ工場,000016,泉土木,000014,泉土木,1,紙,,000001,矢作
2025/01/06(月),2025/01/06(月),2025/01/06(月),002757,木原造林,1,売上,000002,混合廃棄物B,500,500,03,kg,70,"35,000",35744,000003,C（解体）,001,処分費,14:25,14:30,000033,ｸﾘｵ川崎南幸町,000001,ｵﾈｽﾄ,000001,新木場ﾘｻｲｸﾙ工場,000362,ﾐﾔ産興,000290,ﾐﾔ産興,1,紙,,000004,山本
2025/01/06(月),2025/01/06(月),2025/01/06(月),003101,ｳﾁﾀﾞｼｽﾃﾑｽﾞ,1,売上,000001,混合廃棄物A,310,310,03,kg,63,"19,530",35720,000002,B（残置）,001,処分費,12:42,12:46,000004,ﾏｯｸｽ,000001,ｵﾈｽﾄ,000001,新木場ﾘｻｲｸﾙ工場,001308,ｵﾈｽﾄ･ﾜﾝ,001021,ｵﾈｽﾄ･ﾜﾝ,2,電子,,000011,オネスト・ワン
2025/01/06(月),2025/01/06(月),2025/01/06(月),003122,三井不動産ﾎﾃﾙﾏﾈｼﾞﾒﾝﾄ,1,売上,000001,混合廃棄物A,"1,070","1,070",03,kg,54,"57,780",35696,000001,A（事業）,001,処分費,09:33,09:33,000001,三井ｶﾞｰﾃﾞﾝﾎﾃﾙ大手町,000001,ｵﾈｽﾄ,000001,新木場ﾘｻｲｸﾙ工場,000028,五十嵐商会,000025,五十嵐商会,1,紙,,000002,渡辺
2025/01/06(月),2025/01/06(月),2025/01/06(月),003147,中央建物,1,売上,000001,混合廃棄物A,220,220,03,kg,54,"11,880",35717,000001,A（事業）,001,処分費,12:21,12:24,000001,大倉本館,000001,ｵﾈｽﾄ,000001,新木場ﾘｻｲｸﾙ工場,000028,五十嵐商会,000025,五十嵐商会,1,紙,,000002,渡辺
2025/01/06(月),2025/01/06(月),2025/01/06(月),003187,ﾐﾘﾏﾆｱ（MILLIMANIA）,1,売上,000001,混合廃棄物A,170,170,03,kg,65,"11,050",35714,000002,B（残置）,001,処分費,11:52,11:55,000008,ﾑｽﾌﾟ田町,000001,ｵﾈｽﾄ,000001,新木場ﾘｻｲｸﾙ工場,002202,宮坂運送,000268,宮坂運送,1,紙,,000004,山本
2025/01/06(月),2025/01/06(月),2025/01/06(月),003497,ﾆｭｰﾊｳｼﾞﾝｸﾞ,1,売上,000010,混合廃棄物(ﾎﾞｰﾄﾞ混入),650,650,03,kg,60,"39,000",35761,000004,D（建設）,001,処分費,15:14,15:16,000003,ﾆﾁﾚｲ水道橋ﾋﾞﾙ,000001,ｵﾈｽﾄ,000001,新木場ﾘｻｲｸﾙ工場,000016,泉土木,000014,泉土木,1,紙,,000001,矢作
2025/01/06(月),2025/01/06(月),2025/01/06(月),003742,大成有楽不動産（ﾚｿﾞﾝﾃﾞｨﾚｸｼｮﾝ）,1,売上,000001,混合廃棄物A,400,400,03,kg,54,"21,600",35697,000001,A（事業）,001,処分費,09:46,09:47,000001,日比谷潁川ﾋﾞﾙ,000001,ｵﾈｽﾄ,000001,新木場ﾘｻｲｸﾙ工場,000028,五十嵐商会,000025,五十嵐商会,1,紙,,000002,渡辺
2025/01/06(月),2025/01/06(月),2025/01/06(月),003981,ASUM,1,売上,000001,混合廃棄物A,240,240,03,kg,65,"15,600",35693,000003,C（解体）,001,処分費,09:20,09:20,000000,ASUM,000001,ｵﾈｽﾄ,000001,新木場ﾘｻｲｸﾙ工場,003981,ASUM,000381,ASUM,1,紙,,000007,小林
2025/01/06(月),2025/01/06(月),2025/01/06(月),003981,ASUM,1,売上,000004,混合廃棄物(焼却物),70,70,03,kg,75,"5,250",35693,000003,C（解体）,001,処分費,09:20,09:20,000000,ASUM,000001,ｵﾈｽﾄ,000001,新木場ﾘｻｲｸﾙ工場,003981,ASUM,000381,ASUM,1,紙,,000007,小林
2025/01/06(月),2025/01/06(月),2025/01/06(月),003981,ASUM,1,売上,000013,混合廃棄物(ｿﾌｧｰ),170,170,03,kg,100,"17,000",35693,000003,C（解体）,001,処分費,09:20,09:20,000000,ASUM,000001,ｵﾈｽﾄ,000001,新木場ﾘｻｲｸﾙ工場,003981,ASUM,000381,ASUM,1,紙,,000007,小林
2025/01/06(月),2025/01/06(月),2025/01/06(月),004008,便利屋ﾌｧﾐﾘｰ江東木場店,1,売上,000001,混合廃棄物A,720,720,03,kg,65,"46,800",35784,000002,B（残置）,001,処分費,17:25,17:34,000000,便利屋ﾌｧﾐﾘｰ江東木場店,000001,ｵﾈｽﾄ,000001,新木場ﾘｻｲｸﾙ工場,004008,便利屋ﾌｧﾐﾘｰ江東木場店,001118,便利屋ﾌｧﾐﾘｰ江東木場店,1,紙,,000012,サン・テクノ
2025/01/06(月),2025/01/06(月),2025/01/06(月),004039,(ｵﾈﾜﾝ)ﾄｯﾌﾟﾘﾕｰｽ,1,売上,000001,混合廃棄物A,550,550,03,kg,63,"34,650",35787,000002,B,001,処分費,17:39,17:47,000000,(ｵﾈﾜﾝ)ﾄｯﾌﾟﾘﾕｰｽ,000001,ｵﾈｽﾄ,000001,新木場ﾘｻｲｸﾙ工場,004039,(ｵﾈﾜﾝ)ﾄｯﾌﾟﾘﾕｰｽ,001021,ｵﾈｽﾄ･ﾜﾝ,1,紙,,000011,オネスト・ワン
2025/01/06(月),2025/01/06(月),2025/01/06(月),004097,佐富工業,1,売上,000002,混合廃棄物B,260,260,03,kg,70,"18,200",35774,000003,C（解体）,001,処分費,16:28,16:38,000013,東京都新宿区市谷薬王寺4,000001,ｵﾈｽﾄ,000001,新木場ﾘｻｲｸﾙ工場,004097,佐富工業,000709,佐富工業,1,紙,,000005,今村（紀）
2025/01/06(月),2025/01/06(月),2025/01/06(月),004188,ｻﾝﾌﾟﾗﾝ,1,売上,000001,混合廃棄物A,350,350,03,kg,65,"22,750",35679,000004,D（建設）,001,処分費,07:14,07:16,000001,電線共同溝設置工事,000001,ｵﾈｽﾄ,000001,新木場ﾘｻｲｸﾙ工場,004188,ｻﾝﾌﾟﾗﾝ,000239,東瀝青建設,1,紙,,000006,川部
2025/01/06(月),2025/01/06(月),2025/01/06(月),004391,日本ﾌｧｼﾘｵ,1,売上,000002,混合廃棄物B,630,630,03,kg,70,"44,100",35688,000004,D（建設）,001,処分費,08:24,08:30,000004,TSﾌﾟﾗｻﾞﾋﾞﾙﾃﾞｨﾝｸﾞ熱源更新,000001,ｵﾈｽﾄ,000001,新木場ﾘｻｲｸﾙ工場,004069,ﾃｨｱﾝﾄﾞﾃｨｺｰﾎﾟﾚｰｼｮﾝ,000815,ﾃｨｱﾝﾄﾞﾃｨｺｰﾎﾟﾚｰｼｮﾝ,2,電子,,000006,川部
2025/01/06(月),2025/01/06(月),2025/01/06(月),004391,日本ﾌｧｼﾘｵ,1,売上,000004,混合廃棄物(焼却物),100,100,03,kg,75,"7,500",35688,000004,D（建設）,001,処分費,08:24,08:30,000004,TSﾌﾟﾗｻﾞﾋﾞﾙﾃﾞｨﾝｸﾞ熱源更新,000001,ｵﾈｽﾄ,000001,新木場ﾘｻｲｸﾙ工場,004069,ﾃｨｱﾝﾄﾞﾃｨｺｰﾎﾟﾚｰｼｮﾝ,000815,ﾃｨｱﾝﾄﾞﾃｨｺｰﾎﾟﾚｰｼｮﾝ,2,電子,,000006,川部
2025/01/06(月),2025/01/06(月),2025/01/06(月),004463,あるくる,1,売上,000001,混合廃棄物A,640,640,03,kg,58,"37,120",35771,000002,B（残置）,001,処分費,16:24,16:24,000077,文京区湯島3丁目ﾋﾞﾙ残置物撤去作業,000001,ｵﾈｽﾄ,000001,新木場ﾘｻｲｸﾙ工場,004463,あるくる,000823,あるくる,1,紙,,000001,矢作
2025/01/06(月),2025/01/06(月),2025/01/06(月),004463,あるくる,1,売上,000029,木くず,40,40,03,kg,48,"1,920",35771,000002,B（残置）,001,処分費,16:24,16:24,000077,文京区湯島3丁目ﾋﾞﾙ残置物撤去作業,000001,ｵﾈｽﾄ,000001,新木場ﾘｻｲｸﾙ工場,004463,あるくる,000823,あるくる,1,紙,,000001,矢作
2025/01/06(月),2025/01/06(月),2025/01/06(月),004471,東信,1,売上,000002,混合廃棄物B,970,970,03,kg,70,"67,900",35755,000003,C（解体）,001,処分費,14:32,14:35,000005,東京都大田区西馬込2-17-17,000001,ｵﾈｽﾄ,000001,新木場ﾘｻｲｸﾙ工場,004471,東信,000408,東信,1,紙,,000007,小林
2025/01/06(月),2025/01/06(月),2025/01/06(月),004584,ﾍﾞﾝﾘｰ社,1,売上,000001,混合廃棄物A,"1,410","1,410",03,kg,65,"91,650",35769,000004,D（建設）,001,処分費,15:58,15:58,000000,ﾍﾞﾝﾘｰ社,000001,ｵﾈｽﾄ,000001,新木場ﾘｻｲｸﾙ工場,000001,ｵﾈｽﾄ,000919,ﾃｨｰｴｰ運送,1,紙,,000004,山本
2025/01/06(月),2025/01/06(月),2025/01/06(月),004584,ﾍﾞﾝﾘｰ社,1,売上,000349,運搬費(4ｔｺﾝﾃﾅ),,1,07,台,"22,000","22,000",35769,000004,D（建設）,002,運搬費,15:58,15:58,000000,ﾍﾞﾝﾘｰ社,000001,ｵﾈｽﾄ,000001,新木場ﾘｻｲｸﾙ工場,000001,ｵﾈｽﾄ,000919,ﾃｨｰｴｰ運送,1,紙,,000004,山本
2025/01/06(月),2025/01/06(月),2025/01/06(月),004662,AffectRise,1,売上,000001,混合廃棄物A,240,240,03,kg,63,"15,120",35677,000002,B（残置）,001,処分費,06:59,07:02,000002,残置物撤去工事(杉並区),000001,ｵﾈｽﾄ,000001,新木場ﾘｻｲｸﾙ工場,004039,(ｵﾈﾜﾝ)ﾄｯﾌﾟﾘﾕｰｽ,001021,ｵﾈｽﾄ･ﾜﾝ,1,紙,,000011,オネスト・ワン
2025/01/06(月),2025/01/06(月),2025/01/06(月),004766,JR東日本環境ｱｸｾｽ,1,売上,000001,混合廃棄物A,"1,220","1,220",03,kg,55,"67,100",35691,000001,A（事業）,001,処分費,08:49,08:49,000001,東京資源循環ｾﾝﾀｰ,000001,ｵﾈｽﾄ,000001,新木場ﾘｻｲｸﾙ工場,004766,JR東日本環境ｱｸｾｽ,000426,JR東日本環境ｱｸｾｽ,2,電子,,000002,渡辺
2025/01/06(月),2025/01/06(月),2025/01/06(月),004766,JR東日本環境ｱｸｾｽ,1,売上,000001,混合廃棄物A,"1,240","1,240",03,kg,55,"68,200",35719,000001,A（事業）,001,処分費,12:30,12:34,000001,東京資源循環ｾﾝﾀｰ,000001,ｵﾈｽﾄ,000001,新木場ﾘｻｲｸﾙ工場,004766,JR東日本環境ｱｸｾｽ,000426,JR東日本環境ｱｸｾｽ,2,電子,,000002,渡辺
2025/01/06(月),2025/01/06(月),2025/01/06(月),004857,ﾀﾐﾔﾎｰﾑ,1,売上,000002,混合廃棄物B,60,60,03,kg,70,"4,200",35687,000003,C（解体）,001,処分費,08:24,08:34,000038,東京都江戸川区本一色2-6-13,000001,ｵﾈｽﾄ,000001,新木場ﾘｻｲｸﾙ工場,007123,ﾓﾝﾎﾞﾙﾄﾞ,000462,ﾓﾝﾎﾞﾙﾄﾞ,1,紙,,000007,小林
2025/01/06(月),2025/01/06(月),2025/01/06(月),004857,ﾀﾐﾔﾎｰﾑ,1,売上,000002,混合廃棄物B,510,510,03,kg,70,"35,700",35789,000003,C（解体）,001,処分費,17:50,17:54,000035,葛飾区亀有5丁目解体工事,000001,ｵﾈｽﾄ,000001,新木場ﾘｻｲｸﾙ工場,007123,ﾓﾝﾎﾞﾙﾄﾞ,000462,ﾓﾝﾎﾞﾙﾄﾞ,1,紙,,000007,小林
2025/01/06(月),2025/01/06(月),2025/01/06(月),004857,ﾀﾐﾔﾎｰﾑ,1,売上,000002,混合廃棄物B,580,580,03,kg,70,"40,600",35726,000003,C（解体）,001,処分費,10:51,10:51,000040,解体工事（東砂）,000001,ｵﾈｽﾄ,000001,新木場ﾘｻｲｸﾙ工場,007123,ﾓﾝﾎﾞﾙﾄﾞ,000462,ﾓﾝﾎﾞﾙﾄﾞ,1,紙,,000007,小林
2025/01/06(月),2025/01/06(月),2025/01/06(月),004857,ﾀﾐﾔﾎｰﾑ,1,売上,000021,軽量物系B(ｸﾞﾗｽｳｰﾙ),40,40,03,kg,80,"3,200",35726,000003,C（解体）,001,処分費,10:51,10:51,000040,解体工事（東砂）,000001,ｵﾈｽﾄ,000001,新木場ﾘｻｲｸﾙ工場,007123,ﾓﾝﾎﾞﾙﾄﾞ,000462,ﾓﾝﾎﾞﾙﾄﾞ,1,紙,,000007,小林
2025/01/06(月),2025/01/06(月),2025/01/06(月),004857,ﾀﾐﾔﾎｰﾑ,1,売上,000021,軽量物系B(ｸﾞﾗｽｳｰﾙ),230,230,03,kg,80,"18,400",35687,000003,C（解体）,001,処分費,08:24,08:34,000038,東京都江戸川区本一色2-6-13,000001,ｵﾈｽﾄ,000001,新木場ﾘｻｲｸﾙ工場,007123,ﾓﾝﾎﾞﾙﾄﾞ,000462,ﾓﾝﾎﾞﾙﾄﾞ,1,紙,,000007,小林
2025/01/06(月),2025/01/06(月),2025/01/06(月),005011,ﾊﾙﾊﾟｴﾔ,1,売上,000001,混合廃棄物A,470,470,03,kg,65,"30,550",35686,000002,B（残置）,001,処分費,08:08,08:16,000000,ﾊﾙﾊﾟｴﾔ,000001,ｵﾈｽﾄ,000001,新木場ﾘｻｲｸﾙ工場,005011,ﾊﾙﾊﾟｴﾔ,000718,ﾊﾙﾊﾟｴﾔ,1,紙,,000005,今村（紀）
2025/01/06(月),2025/01/06(月),2025/01/06(月),005011,ﾊﾙﾊﾟｴﾔ,1,売上,000001,混合廃棄物A,650,650,03,kg,65,"42,250",35786,000002,B（残置）,001,処分費,17:33,17:44,000000,ﾊﾙﾊﾟｴﾔ,000001,ｵﾈｽﾄ,000001,新木場ﾘｻｲｸﾙ工場,005011,ﾊﾙﾊﾟｴﾔ,000718,ﾊﾙﾊﾟｴﾔ,1,紙,,000005,今村（紀）
2025/01/06(月),2025/01/06(月),2025/01/06(月),005011,ﾊﾙﾊﾟｴﾔ,1,売上,000013,混合廃棄物(ｿﾌｧｰ),40,40,03,kg,100,"4,000",35686,000002,B（残置）,001,処分費,08:08,08:16,000000,ﾊﾙﾊﾟｴﾔ,000001,ｵﾈｽﾄ,000001,新木場ﾘｻｲｸﾙ工場,005011,ﾊﾙﾊﾟｴﾔ,000718,ﾊﾙﾊﾟｴﾔ,1,紙,,000005,今村（紀）
2025/01/06(月),2025/01/06(月),2025/01/06(月),005011,ﾊﾙﾊﾟｴﾔ,1,売上,000029,木くず,200,200,03,kg,35,"7,000",35686,000002,B（残置）,001,処分費,08:08,08:16,000000,ﾊﾙﾊﾟｴﾔ,000001,ｵﾈｽﾄ,000001,新木場ﾘｻｲｸﾙ工場,005011,ﾊﾙﾊﾟｴﾔ,000718,ﾊﾙﾊﾟｴﾔ,1,紙,,000005,今村（紀）
2025/01/06(月),2025/01/06(月),2025/01/06(月),005112,RM企画　中山十四夏津,1,売上,000001,混合廃棄物A,450,450,03,kg,65,"29,250",35689,000002,B（残置）,001,処分費,08:37,08:50,000000,RM企画　中山十四夏津,000001,ｵﾈｽﾄ,000001,新木場ﾘｻｲｸﾙ工場,005112,RM企画　中山十四夏津,000440,RM企画,1,紙,,000007,小林
2025/01/06(月),2025/01/06(月),2025/01/06(月),005112,RM企画　中山十四夏津,1,売上,000029,木くず,330,330,03,kg,35,"11,550",35689,000002,B（残置）,001,処分費,08:37,08:50,000000,RM企画　中山十四夏津,000001,ｵﾈｽﾄ,000001,新木場ﾘｻｲｸﾙ工場,005112,RM企画　中山十四夏津,000440,RM企画,1,紙,,000007,小林
2025/01/06(月),2025/01/06(月),2025/01/06(月),005166,宏基産業,1,売上,000002,混合廃棄物B,340,340,03,kg,70,"23,800",35768,000003,C（解体）,001,処分費,15:47,15:50,000012,川口市安行原1439-1,000001,ｵﾈｽﾄ,000001,新木場ﾘｻｲｸﾙ工場,005166,宏基産業,000424,宏基産業,1,紙,,000002,渡辺
2025/01/06(月),2025/01/06(月),2025/01/06(月),005192,宮本廣吉商店,1,売上,000001,混合廃棄物A,"1,980","1,980",03,kg,54,"106,920",35727,000001,A（事業）,001,処分費,12:37,12:38,000001,から揚げ専門店宮本商店,000001,ｵﾈｽﾄ,000001,新木場ﾘｻｲｸﾙ工場,000028,五十嵐商会,000025,五十嵐商会,1,紙,,000002,渡辺
2025/01/06(月),2025/01/06(月),2025/01/06(月),005277,ｱﾛｰｽﾞﾍﾙｽｹｱ,1,売上,000001,混合廃棄物A,350,350,03,kg,65,"22,750",35764,000002,B（残置）,001,処分費,15:32,15:39,000000,ｱﾛｰｽﾞﾍﾙｽｹｱ,000001,ｵﾈｽﾄ,000001,新木場ﾘｻｲｸﾙ工場,005277,ｱﾛｰｽﾞﾍﾙｽｹｱ,000609,ｱﾛｰｽﾞﾍﾙｽｹｱ,1,紙,,000007,小林
2025/01/06(月),2025/01/06(月),2025/01/06(月),005277,ｱﾛｰｽﾞﾍﾙｽｹｱ,1,売上,000102,ﾏﾆﾌｪｽﾄ,,20,11,枚,50,"1,000",35764,000002,B（残置）,001,処分費,15:32,15:39,000000,ｱﾛｰｽﾞﾍﾙｽｹｱ,000001,ｵﾈｽﾄ,000001,新木場ﾘｻｲｸﾙ工場,005277,ｱﾛｰｽﾞﾍﾙｽｹｱ,000609,ｱﾛｰｽﾞﾍﾙｽｹｱ,1,紙,,000007,小林
2025/01/06(月),2025/01/06(月),2025/01/06(月),005313,日本ﾎﾃﾙ,1,売上,000001,混合廃棄物A,430,430,03,kg,65,"27,950",35770,000002,B（残置）,001,処分費,15:13,16:04,000003,JR東日本ﾎﾃﾙﾒｯﾂ渋谷,000001,ｵﾈｽﾄ,000001,新木場ﾘｻｲｸﾙ工場,006786,浜屋,001004,浜屋,1,紙,,000004,山本
2025/01/06(月),2025/01/06(月),2025/01/06(月),005313,日本ﾎﾃﾙ,1,売上,000005,混合廃棄物(布団),250,250,03,kg,75,"18,750",35770,000002,B（残置）,001,処分費,15:13,16:04,000003,JR東日本ﾎﾃﾙﾒｯﾂ渋谷,000001,ｵﾈｽﾄ,000001,新木場ﾘｻｲｸﾙ工場,006786,浜屋,001004,浜屋,1,紙,,000004,山本
2025/01/06(月),2025/01/06(月),2025/01/06(月),005313,日本ﾎﾃﾙ,1,売上,000101,ﾏｯﾄﾚｽ,240,6,11,枚,"7,000","42,000",35770,000002,B（残置）,001,処分費,15:13,16:04,000003,JR東日本ﾎﾃﾙﾒｯﾂ渋谷,000001,ｵﾈｽﾄ,000001,新木場ﾘｻｲｸﾙ工場,006786,浜屋,001004,浜屋,1,紙,,000004,山本
2025/01/06(月),2025/01/06(月),2025/01/06(月),005313,日本ﾎﾃﾙ,1,売上,000492,混合廃棄物（羽毛物）,250,250,03,kg,250,"62,500",35770,000002,B（残置）,001,処分費,15:13,16:04,000003,JR東日本ﾎﾃﾙﾒｯﾂ渋谷,000001,ｵﾈｽﾄ,000001,新木場ﾘｻｲｸﾙ工場,006786,浜屋,001004,浜屋,1,紙,,000004,山本
2025/01/06(月),2025/01/06(月),2025/01/06(月),005317,ｽﾀｲﾙ･ｳｨｽﾞ･ｶﾝﾊﾟﾆｰ,1,売上,000001,混合廃棄物A,10,10,03,kg,63,630,35712,000002,B（残置）,001,処分費,10:00,11:54,000002,ｽﾀｲﾙ･ｳｨｽﾞ･ｶﾝﾊﾟﾆｰ(中央区),000001,ｵﾈｽﾄ,000001,新木場ﾘｻｲｸﾙ工場,001308,ｵﾈｽﾄ･ﾜﾝ,001021,ｵﾈｽﾄ･ﾜﾝ,1,紙,,000011,オネスト・ワン
2025/01/06(月),2025/01/06(月),2025/01/06(月),005317,ｽﾀｲﾙ･ｳｨｽﾞ･ｶﾝﾊﾟﾆｰ,1,売上,000029,木くず,40,40,03,kg,25,"1,000",35712,000002,B（残置）,001,処分費,10:00,11:54,000002,ｽﾀｲﾙ･ｳｨｽﾞ･ｶﾝﾊﾟﾆｰ(中央区),000001,ｵﾈｽﾄ,000001,新木場ﾘｻｲｸﾙ工場,001308,ｵﾈｽﾄ･ﾜﾝ,001021,ｵﾈｽﾄ･ﾜﾝ,1,紙,,000011,オネスト・ワン
2025/01/06(月),2025/01/06(月),2025/01/06(月),005317,ｽﾀｲﾙ･ｳｨｽﾞ･ｶﾝﾊﾟﾆｰ,1,売上,000030,選別,250,250,03,kg,60,"15,000",35712,000002,B（残置）,001,処分費,10:00,11:54,000002,ｽﾀｲﾙ･ｳｨｽﾞ･ｶﾝﾊﾟﾆｰ(中央区),000001,ｵﾈｽﾄ,000001,新木場ﾘｻｲｸﾙ工場,001308,ｵﾈｽﾄ･ﾜﾝ,001021,ｵﾈｽﾄ･ﾜﾝ,1,紙,,000011,オネスト・ワン
2025/01/06(月),2025/01/06(月),2025/01/06(月),005317,ｽﾀｲﾙ･ｳｨｽﾞ･ｶﾝﾊﾟﾆｰ,2,支払,000064,ｱﾙﾐ類,20,20,03,kg,150,"3,000",35712,000002,B（残置）,003,有価物,10:00,11:54,000002,ｽﾀｲﾙ･ｳｨｽﾞ･ｶﾝﾊﾟﾆｰ(中央区),000001,ｵﾈｽﾄ,000001,新木場ﾘｻｲｸﾙ工場,001308,ｵﾈｽﾄ･ﾜﾝ,001021,ｵﾈｽﾄ･ﾜﾝ,1,紙,,000011,オネスト・ワン
2025/01/06(月),2025/01/06(月),2025/01/06(月),005317,ｽﾀｲﾙ･ｳｨｽﾞ･ｶﾝﾊﾟﾆｰ,2,支払,000068,GC 軽鉄･ｽﾁｰﾙ類,160,160,03,kg,28,"4,480",35712,000002,B（残置）,003,有価物,10:00,11:54,000002,ｽﾀｲﾙ･ｳｨｽﾞ･ｶﾝﾊﾟﾆｰ(中央区),000001,ｵﾈｽﾄ,000001,新木場ﾘｻｲｸﾙ工場,001308,ｵﾈｽﾄ･ﾜﾝ,001021,ｵﾈｽﾄ･ﾜﾝ,1,紙,,000011,オネスト・ワン
2025/01/06(月),2025/01/06(月),2025/01/06(月),006176,ﾌｨｰﾙｹﾞｰﾄ,1,売上,000001,混合廃棄物A,80,80,03,kg,70,"5,600",35778,000004,D（建設）,001,処分費,16:38,16:38,000000,ﾌｨｰﾙｹﾞｰﾄ,000001,ｵﾈｽﾄ,000001,新木場ﾘｻｲｸﾙ工場,006176,ﾌｨｰﾙｹﾞｰﾄ,001056,ﾌｨｰﾙｹﾞｰﾄ,1,紙,,000012,サン・テクノ
2025/01/06(月),2025/01/06(月),2025/01/06(月),006176,ﾌｨｰﾙｹﾞｰﾄ,1,売上,000029,木くず,100,100,03,kg,40,"4,000",35725,000004,D（建設）,001,処分費,13:09,13:11,000000,ﾌｨｰﾙｹﾞｰﾄ,000001,ｵﾈｽﾄ,000001,新木場ﾘｻｲｸﾙ工場,006176,ﾌｨｰﾙｹﾞｰﾄ,001056,ﾌｨｰﾙｹﾞｰﾄ,1,紙,,000012,サン・テクノ
2025/01/06(月),2025/01/06(月),2025/01/06(月),006345,ｸﾛｽｶﾝﾊﾟﾆｰ,1,売上,000001,混合廃棄物A,230,230,03,kg,65,"14,950",35692,000002,B（残置）,001,処分費,08:41,08:41,000000,ｸﾛｽｶﾝﾊﾟﾆｰ,000001,ｵﾈｽﾄ,000001,新木場ﾘｻｲｸﾙ工場,006171,Pasito,000485,Pasito,1,紙,,000007,小林
2025/01/06(月),2025/01/06(月),2025/01/06(月),006345,ｸﾛｽｶﾝﾊﾟﾆｰ,1,売上,000102,ﾏﾆﾌｪｽﾄ,,1,11,枚,50,50,35692,000002,B（残置）,001,処分費,08:41,08:41,000000,ｸﾛｽｶﾝﾊﾟﾆｰ,000001,ｵﾈｽﾄ,000001,新木場ﾘｻｲｸﾙ工場,006171,Pasito,000485,Pasito,1,紙,,000007,小林
2025/01/06(月),2025/01/06(月),2025/01/06(月),006509,ﾅｲﾃｯｸｽ,1,売上,000001,混合廃棄物A,360,360,03,kg,65,"23,400",35705,000001,A（事業）,001,処分費,11:12,11:12,000000,ﾅｲﾃｯｸｽ,000001,ｵﾈｽﾄ,000001,新木場ﾘｻｲｸﾙ工場,006509,ﾅｲﾃｯｸｽ,000182,ﾅｲﾃｯｸｽ,1,紙,,000004,山本
2025/01/06(月),2025/01/06(月),2025/01/06(月),006509,ﾅｲﾃｯｸｽ,1,売上,000030,選別,810,810,03,kg,70,"56,700",35750,000001,A（事業）,001,処分費,13:56,13:56,000000,ﾅｲﾃｯｸｽ,000001,ｵﾈｽﾄ,000001,新木場ﾘｻｲｸﾙ工場,006509,ﾅｲﾃｯｸｽ,000182,ﾅｲﾃｯｸｽ,1,紙,,000004,山本
2025/01/06(月),2025/01/06(月),2025/01/06(月),006561,日本ﾃﾚﾋﾞ放送網,1,売上,000001,混合廃棄物A,290,290,03,kg,75,"21,750",35777,000002,B（残置）,001,処分費,16:49,16:54,000001,日本ﾃﾚﾋﾞﾀﾜｰ,000001,ｵﾈｽﾄ,000001,新木場ﾘｻｲｸﾙ工場,002202,宮坂運送,000918,日本ﾃﾚﾋﾞ放送網,1,紙,,000004,山本
2025/01/06(月),2025/01/06(月),2025/01/06(月),006561,日本ﾃﾚﾋﾞ放送網,1,売上,000001,混合廃棄物A,390,390,03,kg,75,"29,250",35716,000002,B（残置）,001,処分費,12:07,12:11,000003,NTV生田ｽﾀｼﾞｵ,000001,ｵﾈｽﾄ,000001,新木場ﾘｻｲｸﾙ工場,002202,宮坂運送,000918,日本ﾃﾚﾋﾞ放送網,1,紙,,000004,山本
2025/01/06(月),2025/01/06(月),2025/01/06(月),006561,日本ﾃﾚﾋﾞ放送網,1,売上,000001,混合廃棄物A,"1,290","1,290",03,kg,75,"96,750",35772,000002,B（残置）,001,処分費,16:17,16:24,000001,日本ﾃﾚﾋﾞﾀﾜｰ,000001,ｵﾈｽﾄ,000001,新木場ﾘｻｲｸﾙ工場,002202,宮坂運送,000918,日本ﾃﾚﾋﾞ放送網,1,紙,,000004,山本
2025/01/06(月),2025/01/06(月),2025/01/06(月),006791,ﾌｪｲｽ,1,売上,000001,混合廃棄物A,640,640,03,kg,65,"41,600",35783,000004,D（建設）,001,処分費,17:11,17:18,000001,㈱ﾌｪｲｽ会社置場,000001,ｵﾈｽﾄ,000001,新木場ﾘｻｲｸﾙ工場,001051,Y-maxx,000808,Y-maxx,1,紙,,000004,山本
2025/01/06(月),2025/01/06(月),2025/01/06(月),006949,明和建装,1,売上,000004,混合廃棄物(焼却物),"1,490",4,02,m3,"10,000","40,000",35710,000003,C（解体）,001,処分費,11:31,11:34,000001,明和建装　会社倉庫,000001,ｵﾈｽﾄ,000001,新木場ﾘｻｲｸﾙ工場,000001,ｵﾈｽﾄ,000469,明和建装,1,紙,,000002,渡辺
2025/01/06(月),2025/01/06(月),2025/01/06(月),006949,明和建装,1,売上,000014,混合廃棄物,,4,02,m3,"10,000","40,000",35710,000003,C（解体）,001,処分費,11:31,11:34,000001,明和建装　会社倉庫,000001,ｵﾈｽﾄ,000001,新木場ﾘｻｲｸﾙ工場,000001,ｵﾈｽﾄ,000469,明和建装,1,紙,,000002,渡辺
2025/01/06(月),2025/01/06(月),2025/01/06(月),006949,明和建装,1,売上,000109,運搬費,,1,07,台,"19,000","19,000",35710,000003,C（解体）,002,運搬費,11:31,11:34,000001,明和建装　会社倉庫,000001,ｵﾈｽﾄ,000001,新木場ﾘｻｲｸﾙ工場,000001,ｵﾈｽﾄ,000469,明和建装,1,紙,,000002,渡辺
2025/01/06(月),2025/01/06(月),2025/01/06(月),007154,ﾍﾞｸﾀｰｾﾐｺﾝ,1,売上,000001,混合廃棄物A,"1,120","1,120",03,kg,60,"67,200",35732,000002,B（残置）,001,処分費,13:34,13:34,000000,ﾍﾞｸﾀｰｾﾐｺﾝ,000001,ｵﾈｽﾄ,000001,新木場ﾘｻｲｸﾙ工場,000325,ﾀﾞｽﾄ商会,000262,ﾀﾞｽﾄ商会,1,紙,,000002,渡辺
2025/01/06(月),2025/01/06(月),2025/01/06(月),007531,内田洋行,1,売上,000002,混合廃棄物B,"1,410","1,410",03,kg,70,"98,700",35707,000004,D（建設）,001,処分費,11:03,11:08,000041,Regusｻﾝｼｬｲﾝ池袋,000001,ｵﾈｽﾄ,000001,新木場ﾘｻｲｸﾙ工場,000226,ｽﾃｱ,000188,ｽﾃｱ,1,紙,,000004,山本
2025/01/06(月),2025/01/06(月),2025/01/06(月),007643,中盛,1,売上,000002,混合廃棄物B,210,210,03,kg,70,"14,700",35681,000003,C（解体）,001,処分費,07:27,07:30,000017,東京都日野市南平2-59-116,000001,ｵﾈｽﾄ,000001,新木場ﾘｻｲｸﾙ工場,007643,中盛,001093,中盛,1,紙,,000004,山本
2025/01/06(月),2025/01/06(月),2025/01/06(月),007764,ﾊﾟﾅｿﾆｯｸﾎｰﾑｽﾞ不動産,1,売上,000001,混合廃棄物A,,2,02,m3,"12,000","24,000",35785,000002,B（残置）,001,処分費,17:26,17:30,000003,【埼玉】ﾊﾟﾅｿﾆｯｸﾎｰﾑｽﾞ埼玉支社倉庫内,000001,ｵﾈｽﾄ,000001,新木場ﾘｻｲｸﾙ工場,000001,ｵﾈｽﾄ,000227,ﾊﾟﾅｿﾆｯｸﾎｰﾑｽﾞ不動産,2,電子,,000004,山本
2025/01/06(月),2025/01/06(月),2025/01/06(月),007764,ﾊﾟﾅｿﾆｯｸﾎｰﾑｽﾞ不動産,1,売上,000001,混合廃棄物A,,8.5,02,m3,"12,000","102,000",35739,000002,B（残置）,001,処分費,14:15,14:17,000007,【京葉】Be-Wave,000001,ｵﾈｽﾄ,000001,新木場ﾘｻｲｸﾙ工場,000001,ｵﾈｽﾄ,000227,ﾊﾟﾅｿﾆｯｸﾎｰﾑｽﾞ不動産,2,電子,,000004,山本
2025/01/06(月),2025/01/06(月),2025/01/06(月),007764,ﾊﾟﾅｿﾆｯｸﾎｰﾑｽﾞ不動産,1,売上,000001,混合廃棄物A,780,2,02,m3,"12,000","24,000",35724,000002,B（残置）,001,処分費,13:12,13:13,000004,【東京東】加賀集積場,000001,ｵﾈｽﾄ,000001,新木場ﾘｻｲｸﾙ工場,000226,ｽﾃｱ,000227,ﾊﾟﾅｿﾆｯｸﾎｰﾑｽﾞ不動産,2,電子,,000004,山本
2025/01/06(月),2025/01/06(月),2025/01/06(月),007764,ﾊﾟﾅｿﾆｯｸﾎｰﾑｽﾞ不動産,1,売上,000004,混合廃棄物(焼却物),,6,02,m3,"12,000","72,000",35724,000002,B（残置）,001,処分費,13:12,13:13,000004,【東京東】加賀集積場,000001,ｵﾈｽﾄ,000001,新木場ﾘｻｲｸﾙ工場,000226,ｽﾃｱ,000227,ﾊﾟﾅｿﾆｯｸﾎｰﾑｽﾞ不動産,2,電子,,000004,山本
2025/01/06(月),2025/01/06(月),2025/01/06(月),007764,ﾊﾟﾅｿﾆｯｸﾎｰﾑｽﾞ不動産,1,売上,000006,混合廃棄物(壁紙・ｸﾛｽ),740,3,02,m3,"12,000","36,000",35785,000002,B（残置）,001,処分費,17:26,17:30,000003,【埼玉】ﾊﾟﾅｿﾆｯｸﾎｰﾑｽﾞ埼玉支社倉庫内,000001,ｵﾈｽﾄ,000001,新木場ﾘｻｲｸﾙ工場,000001,ｵﾈｽﾄ,000227,ﾊﾟﾅｿﾆｯｸﾎｰﾑｽﾞ不動産,2,電子,,000004,山本
2025/01/06(月),2025/01/06(月),2025/01/06(月),007764,ﾊﾟﾅｿﾆｯｸﾎｰﾑｽﾞ不動産,1,売上,000035,ｽﾀｲﾛ畳,"1,260",11,11,枚,"3,500","38,500",35739,000002,B（残置）,001,処分費,14:15,14:17,000007,【京葉】Be-Wave,000001,ｵﾈｽﾄ,000001,新木場ﾘｻｲｸﾙ工場,000001,ｵﾈｽﾄ,000227,ﾊﾟﾅｿﾆｯｸﾎｰﾑｽﾞ不動産,2,電子,,000004,山本
2025/01/06(月),2025/01/06(月),2025/01/06(月),007764,ﾊﾟﾅｿﾆｯｸﾎｰﾑｽﾞ不動産,1,売上,000106,消火器,,1,09,本,"1,500","1,500",35739,000002,B（残置）,001,処分費,14:15,14:17,000007,【京葉】Be-Wave,000001,ｵﾈｽﾄ,000001,新木場ﾘｻｲｸﾙ工場,000001,ｵﾈｽﾄ,000227,ﾊﾟﾅｿﾆｯｸﾎｰﾑｽﾞ不動産,2,電子,,000004,山本
2025/01/06(月),2025/01/06(月),2025/01/06(月),007764,ﾊﾟﾅｿﾆｯｸﾎｰﾑｽﾞ不動産,1,売上,000349,運搬費(3ｔｺﾝﾃﾅ),,1,07,台,"26,000","26,000",35785,000002,B（残置）,002,運搬費,17:26,17:30,000003,【埼玉】ﾊﾟﾅｿﾆｯｸﾎｰﾑｽﾞ埼玉支社倉庫内,000001,ｵﾈｽﾄ,000001,新木場ﾘｻｲｸﾙ工場,000001,ｵﾈｽﾄ,000227,ﾊﾟﾅｿﾆｯｸﾎｰﾑｽﾞ不動産,2,電子,,000004,山本
2025/01/06(月),2025/01/06(月),2025/01/06(月),007764,ﾊﾟﾅｿﾆｯｸﾎｰﾑｽﾞ不動産,1,売上,000349,運搬費(4ｔｺﾝﾃﾅ),,1,07,台,"24,000","24,000",35724,000002,B（残置）,002,運搬費,13:12,13:13,000004,【東京東】加賀集積場,000001,ｵﾈｽﾄ,000001,新木場ﾘｻｲｸﾙ工場,000226,ｽﾃｱ,000227,ﾊﾟﾅｿﾆｯｸﾎｰﾑｽﾞ不動産,2,電子,,000004,山本
2025/01/06(月),2025/01/06(月),2025/01/06(月),007764,ﾊﾟﾅｿﾆｯｸﾎｰﾑｽﾞ不動産,1,売上,000349,運搬費(4ｔｺﾝﾃﾅ),,1,07,台,"27,000","27,000",35739,000002,B（残置）,002,運搬費,14:15,14:17,000007,【京葉】Be-Wave,000001,ｵﾈｽﾄ,000001,新木場ﾘｻｲｸﾙ工場,000001,ｵﾈｽﾄ,000227,ﾊﾟﾅｿﾆｯｸﾎｰﾑｽﾞ不動産,2,電子,,000004,山本
2025/01/06(月),2025/01/06(月),2025/01/06(月),007894,ｸﾞﾛｰﾊﾞﾙｽﾎﾟｰﾂ医学研究所,1,売上,000001,混合廃棄物A,300,300,03,kg,65,"19,500",35735,000002,B（残置）,001,処分費,13:50,14:03,000007,ｸﾞﾛｰﾊﾞﾙｽﾎﾟｰﾂ医学研究所(市川市),000001,ｵﾈｽﾄ,000001,新木場ﾘｻｲｸﾙ工場,007489,ﾌｫｰﾒｰｼｮﾝ,001020,ﾌｫｰﾒｰｼｮﾝ,1,紙,,000007,小林
2025/01/06(月),2025/01/06(月),2025/01/06(月),007894,ｸﾞﾛｰﾊﾞﾙｽﾎﾟｰﾂ医学研究所,1,売上,000024,石膏ﾎﾞｰﾄﾞA,470,470,03,kg,40,"18,800",35735,000002,B（残置）,001,処分費,13:50,14:03,000007,ｸﾞﾛｰﾊﾞﾙｽﾎﾟｰﾂ医学研究所(市川市),000001,ｵﾈｽﾄ,000001,新木場ﾘｻｲｸﾙ工場,007489,ﾌｫｰﾒｰｼｮﾝ,001020,ﾌｫｰﾒｰｼｮﾝ,1,紙,,000007,小林
2025/01/06(月),2025/01/06(月),2025/01/06(月),008060,ﾐﾗｲﾄ･ﾜﾝ,1,売上,000083,がれき類,"1,100","1,100",03,kg,45,"49,500",35700,000004,D（建設）,001,処分費,10:04,10:10,000002,新木場技術ｾﾝﾀｴﾘｱ電気設備総合工事,000001,ｵﾈｽﾄ,000001,新木場ﾘｻｲｸﾙ工場,003444,上野運輸,000271,上野運輸,1,紙,,000004,山本
2025/01/06(月),2025/01/06(月),2025/01/06(月),008079,ｱｻﾉ大成基礎ｴﾝｼﾞﾆｱﾘﾝｸﾞ,1,売上,000016,軽量物系A(発泡ｽﾁﾛｰﾙ),30,30,03,kg,200,"6,000",35743,000004,D（建設）,001,処分費,14:24,14:27,000007,(仮称)荒川7丁目計画既存建物解体工事,000001,ｵﾈｽﾄ,000001,新木場ﾘｻｲｸﾙ工場,000305,ｹｲｴｲﾁ･ﾘｻｲｸﾙ,000246,ｹｲｴｲﾁ･ﾘｻｲｸﾙ,2,電子,,000006,川部
2025/01/06(月),2025/01/06(月),2025/01/06(月),008079,ｱｻﾉ大成基礎ｴﾝｼﾞﾆｱﾘﾝｸﾞ,1,売上,000021,軽量物系B(ｸﾞﾗｽｳｰﾙ),330,330,03,kg,80,"26,400",35743,000004,D（建設）,001,処分費,14:24,14:27,000007,(仮称)荒川7丁目計画既存建物解体工事,000001,ｵﾈｽﾄ,000001,新木場ﾘｻｲｸﾙ工場,000305,ｹｲｴｲﾁ･ﾘｻｲｸﾙ,000246,ｹｲｴｲﾁ･ﾘｻｲｸﾙ,2,電子,,000006,川部
2025/01/06(月),2025/01/06(月),2025/01/06(月),008122,日栄興業,1,売上,000001,混合廃棄物A,590,590,03,kg,60,"35,400",35749,000002,B（残置）,001,処分費,14:42,14:47,000001,標識補修2024-2,000001,ｵﾈｽﾄ,000001,新木場ﾘｻｲｸﾙ工場,001772,三洋ｴｸｽﾌﾟﾚｽ,000228,三洋ｴｸｽﾌﾟﾚｽ,1,紙,,000002,渡辺
2025/01/06(月),2025/01/06(月),2025/01/06(月),008282,宇都宮工業,1,売上,000014,混合廃棄物,590,590,03,kg,65,"38,350",35740,000004,D（建設）,001,処分費,11:37,11:37,000006,中川水再生センター、東金町ポンプ所,000001,ｵﾈｽﾄ,000001,新木場ﾘｻｲｸﾙ工場,000001,ｵﾈｽﾄ,000669,宇都宮工業,1,紙,,000004,山本
2025/01/06(月),2025/01/06(月),2025/01/06(月),008282,宇都宮工業,1,売上,000349,運搬費(4ｔｺﾝﾃﾅ),,1,07,台,"23,000","23,000",35740,000004,D（建設）,002,運搬費,11:37,11:37,000006,中川水再生センター、東金町ポンプ所,000001,ｵﾈｽﾄ,000001,新木場ﾘｻｲｸﾙ工場,000001,ｵﾈｽﾄ,000669,宇都宮工業,1,紙,,000004,山本
2025/01/06(月),2025/01/06(月),2025/01/06(月),008449,ﾌﾟﾚｲﾜﾝ,1,売上,000002,混合廃棄物B,280,280,03,kg,70,"19,600",35733,000003,C（解体）,001,処分費,14:09,14:16,000021,神奈川県横浜市南区睦町1-20-4,000001,ｵﾈｽﾄ,000001,新木場ﾘｻｲｸﾙ工場,008343,JANSTAR,000627,JANSTAR,1,紙,,000006,川部
2025/01/06(月),2025/01/06(月),2025/01/06(月),008449,ﾌﾟﾚｲﾜﾝ,1,売上,000021,軽量物系B(ｸﾞﾗｽｳｰﾙ),410,410,03,kg,80,"32,800",35733,000003,C（解体）,001,処分費,14:09,14:16,000021,神奈川県横浜市南区睦町1-20-4,000001,ｵﾈｽﾄ,000001,新木場ﾘｻｲｸﾙ工場,008343,JANSTAR,000627,JANSTAR,1,紙,,000006,川部
2025/01/06(月),2025/01/06(月),2025/01/06(月),008458,大可工業,1,売上,000017,軽量物系A(ｽﾀｲﾛﾌｫｰﾑ),120,120,03,kg,200,"24,000",35711,000003,C（解体）,001,処分費,11:25,11:26,000003,ｾｷｭﾚｱ世田谷下馬3丁目解体工事,000001,ｵﾈｽﾄ,000001,新木場ﾘｻｲｸﾙ工場,000042,翼工業,000037,翼工業,1,紙,,000004,山本
2025/01/06(月),2025/01/06(月),2025/01/06(月),008670,ﾗﾝﾄﾞ･ﾜﾝ,1,売上,000001,混合廃棄物A,90,90,03,kg,65,"5,850",35758,000003,C（解体）,001,処分費,14:58,15:02,000001,東京都板橋区板橋4-46-2,000001,ｵﾈｽﾄ,000001,新木場ﾘｻｲｸﾙ工場,005951,雄飛,000903,雄飛,1,紙,,000004,山本
2025/01/06(月),2025/01/06(月),2025/01/06(月),008670,ﾗﾝﾄﾞ･ﾜﾝ,1,売上,000004,混合廃棄物(焼却物),810,810,03,kg,75,"60,750",35758,000003,C（解体）,001,処分費,14:58,15:02,000001,東京都板橋区板橋4-46-2,000001,ｵﾈｽﾄ,000001,新木場ﾘｻｲｸﾙ工場,005951,雄飛,000903,雄飛,1,紙,,000004,山本
2025/01/06(月),2025/01/06(月),2025/01/06(月),008753,東洋不動産,1,売上,000002,混合廃棄物B,"1,450","1,450",03,kg,54,"78,300",35685,000001,A（事業）,001,処分費,08:08,08:08,000001,板橋本町ﾋﾞﾙ,000001,ｵﾈｽﾄ,000001,新木場ﾘｻｲｸﾙ工場,000028,五十嵐商会,000025,五十嵐商会,1,紙,,000002,渡辺
2025/01/07(火),2025/01/07(火),2025/01/07(火),000017,ﾀﾏｺｰﾎﾟﾚｰｼｮﾝ,1,売上,000002,混合廃棄物B,300,300,03,kg,70,"21,000",35900,000003,C（解体）,001,処分費,16:05,16:05,000009,墨田区吾妻橋1-16-1,000001,ｵﾈｽﾄ,000001,新木場ﾘｻｲｸﾙ工場,000017,ﾀﾏｺｰﾎﾟﾚｰｼｮﾝ,000920,ﾀﾏｺｰﾎﾟﾚｰｼｮﾝ,1,紙,,000004,山本
2025/01/07(火),2025/01/07(火),2025/01/07(火),000017,ﾀﾏｺｰﾎﾟﾚｰｼｮﾝ,1,売上,000021,軽量物系B(ｸﾞﾗｽｳｰﾙ),40,40,03,kg,80,"3,200",35900,000003,C（解体）,001,処分費,16:05,16:05,000009,墨田区吾妻橋1-16-1,000001,ｵﾈｽﾄ,000001,新木場ﾘｻｲｸﾙ工場,000017,ﾀﾏｺｰﾎﾟﾚｰｼｮﾝ,000920,ﾀﾏｺｰﾎﾟﾚｰｼｮﾝ,1,紙,,000004,山本
2025/01/07(火),2025/01/07(火),2025/01/07(火),000026,ｼｰﾒﾝｽﾍﾙｽｹｱ,1,売上,000001,混合廃棄物A,"1,100","1,100",03,kg,60,"66,000",35834,000006,F（他）,001,処分費,10:31,10:42,000001,ｼｰﾒﾝｽﾍﾙｽｹｱ平和島ｾﾝﾀｰ,000001,ｵﾈｽﾄ,000001,新木場ﾘｻｲｸﾙ工場,000243,田端運輸,000097,ｼｰﾒﾝｽﾍﾙｽｹｱ,1,紙,,000003,蛯子
2025/01/07(火),2025/01/07(火),2025/01/07(火),000026,ｼｰﾒﾝｽﾍﾙｽｹｱ,1,売上,000001,混合廃棄物A,"1,600","1,600",03,kg,60,"96,000",35864,000006,F（他）,001,処分費,12:32,12:44,000001,ｼｰﾒﾝｽﾍﾙｽｹｱ平和島ｾﾝﾀｰ,000001,ｵﾈｽﾄ,000001,新木場ﾘｻｲｸﾙ工場,000243,田端運輸,000097,ｼｰﾒﾝｽﾍﾙｽｹｱ,1,紙,,000003,蛯子
2025/01/07(火),2025/01/07(火),2025/01/07(火),000026,ｼｰﾒﾝｽﾍﾙｽｹｱ,1,売上,000001,混合廃棄物A,"1,610","1,610",03,kg,60,"96,600",35893,000006,F（他）,001,処分費,15:36,15:49,000001,ｼｰﾒﾝｽﾍﾙｽｹｱ平和島ｾﾝﾀｰ,000001,ｵﾈｽﾄ,000001,新木場ﾘｻｲｸﾙ工場,000243,田端運輸,000097,ｼｰﾒﾝｽﾍﾙｽｹｱ,1,紙,,000003,蛯子
2025/01/07(火),2025/01/07(火),2025/01/07(火),000026,ｼｰﾒﾝｽﾍﾙｽｹｱ,1,売上,000001,混合廃棄物A,"1,630","1,630",03,kg,60,"97,800",35843,000006,F（他）,001,処分費,11:17,11:26,000001,ｼｰﾒﾝｽﾍﾙｽｹｱ平和島ｾﾝﾀｰ,000001,ｵﾈｽﾄ,000001,新木場ﾘｻｲｸﾙ工場,000243,田端運輸,000097,ｼｰﾒﾝｽﾍﾙｽｹｱ,1,紙,,000003,蛯子
2025/01/07(火),2025/01/07(火),2025/01/07(火),000026,ｼｰﾒﾝｽﾍﾙｽｹｱ,1,売上,000001,混合廃棄物A,"1,670","1,670",03,kg,60,"100,200",35827,000006,F（他）,001,処分費,10:12,10:21,000001,ｼｰﾒﾝｽﾍﾙｽｹｱ平和島ｾﾝﾀｰ,000001,ｵﾈｽﾄ,000001,新木場ﾘｻｲｸﾙ工場,000243,田端運輸,000097,ｼｰﾒﾝｽﾍﾙｽｹｱ,1,紙,,000003,蛯子
2025/01/07(火),2025/01/07(火),2025/01/07(火),000026,ｼｰﾒﾝｽﾍﾙｽｹｱ,1,売上,000001,混合廃棄物A,"1,800","1,800",03,kg,60,"108,000",35872,000006,F（他）,001,処分費,13:24,13:34,000001,ｼｰﾒﾝｽﾍﾙｽｹｱ平和島ｾﾝﾀｰ,000001,ｵﾈｽﾄ,000001,新木場ﾘｻｲｸﾙ工場,000243,田端運輸,000097,ｼｰﾒﾝｽﾍﾙｽｹｱ,1,紙,,000003,蛯子
2025/01/07(火),2025/01/07(火),2025/01/07(火),000105,藤工業,1,売上,000002,混合廃棄物B,140,140,03,kg,70,"9,800",35795,000003,C（解体）,001,処分費,07:08,07:10,000013,まねきねこ渋谷宇田川町店,000001,ｵﾈｽﾄ,000001,新木場ﾘｻｲｸﾙ工場,000105,藤工業,000084,藤工業（練馬区）,1,紙,,000004,山本
2025/01/07(火),2025/01/07(火),2025/01/07(火),000272,新建産業,1,売上,000001,混合廃棄物A,160,160,03,kg,65,"10,400",35841,000001,A（事業）,001,処分費,11:16,11:21,000000,新建産業,000001,ｵﾈｽﾄ,000001,新木場ﾘｻｲｸﾙ工場,000272,新建産業,000222,新建産業,1,紙,,000006,川部
2025/01/07(火),2025/01/07(火),2025/01/07(火),000272,新建産業,1,売上,000001,混合廃棄物A,320,320,03,kg,65,"20,800",35793,000001,A（事業）,001,処分費,07:08,07:13,000000,新建産業,000001,ｵﾈｽﾄ,000001,新木場ﾘｻｲｸﾙ工場,000272,新建産業,000222,新建産業,1,紙,,000006,川部
2025/01/07(火),2025/01/07(火),2025/01/07(火),000286,ｷﾀｻﾞﾜ引越ｾﾝﾀｰ,1,売上,000001,混合廃棄物A,810,810,03,kg,65,"52,650",35825,000002,B（残置）,001,処分費,10:04,10:04,000000,ｷﾀｻﾞﾜ引越ｾﾝﾀｰ,000001,ｵﾈｽﾄ,000001,新木場ﾘｻｲｸﾙ工場,000286,ｷﾀｻﾞﾜ引越ｾﾝﾀｰ,000230,ｷﾀｻﾞﾜ引越ｾﾝﾀｰ,1,紙,,000006,川部
2025/01/07(火),2025/01/07(火),2025/01/07(火),000302,ﾖｼﾓﾘ,1,売上,000001,混合廃棄物A,"1,050","1,050",03,kg,53,"55,650",35808,000001,A（事業）,001,処分費,08:43,08:45,000001,ﾖｼﾓﾘ扇ﾘｻｲｸﾙｾﾝﾀｰ,000001,ｵﾈｽﾄ,000001,新木場ﾘｻｲｸﾙ工場,000302,ﾖｼﾓﾘ,000244,ﾖｼﾓﾘ,1,紙,,000002,渡辺
2025/01/07(火),2025/01/07(火),2025/01/07(火),000302,ﾖｼﾓﾘ,1,売上,000003,混合廃棄物C,"2,850","2,850",03,kg,58,"165,300",35875,000001,A（事業）,001,処分費,13:43,13:46,000001,ﾖｼﾓﾘ扇ﾘｻｲｸﾙｾﾝﾀｰ,000001,ｵﾈｽﾄ,000001,新木場ﾘｻｲｸﾙ工場,000302,ﾖｼﾓﾘ,000244,ﾖｼﾓﾘ,1,紙,,000002,渡辺
2025/01/07(火),2025/01/07(火),2025/01/07(火),000311,泉宣宏社,1,売上,000001,混合廃棄物A,780,780,03,kg,55,"42,900",35845,000004,D（建設）,001,処分費,11:50,11:50,000000,泉宣宏社,000001,ｵﾈｽﾄ,000001,新木場ﾘｻｲｸﾙ工場,000001,ｵﾈｽﾄ,000252,泉宣宏社,1,紙,,000002,渡辺
2025/01/07(火),2025/01/07(火),2025/01/07(火),000311,泉宣宏社,1,売上,000109,運搬費,,1,07,台,"23,000","23,000",35845,000004,D（建設）,002,運搬費,11:50,11:50,000000,泉宣宏社,000001,ｵﾈｽﾄ,000001,新木場ﾘｻｲｸﾙ工場,000001,ｵﾈｽﾄ,000252,泉宣宏社,1,紙,,000002,渡辺
2025/01/07(火),2025/01/07(火),2025/01/07(火),000312,野口興業,1,売上,000001,混合廃棄物A,470,470,03,kg,45,"21,150",35802,000001,A（事業）,001,処分費,08:04,08:11,000000,野口興業,000001,ｵﾈｽﾄ,000001,新木場ﾘｻｲｸﾙ工場,000312,野口興業,000253,野口興業,1,紙,,000002,渡辺
2025/01/07(火),2025/01/07(火),2025/01/07(火),000312,野口興業,1,売上,000001,混合廃棄物A,800,800,03,kg,45,"36,000",35801,000001,A（事業）,001,処分費,08:02,08:08,000000,野口興業,000001,ｵﾈｽﾄ,000001,新木場ﾘｻｲｸﾙ工場,000312,野口興業,000253,野口興業,1,紙,,000002,渡辺
2025/01/07(火),2025/01/07(火),2025/01/07(火),000313,ｱｰﾙｸﾘｴｲﾄ,1,売上,000030,選別,"1,890","1,890",03,kg,70,"132,300",35894,000003,C（解体）,001,処分費,14:47,14:48,000000,ｱｰﾙｸﾘｴｲﾄ,000001,ｵﾈｽﾄ,000001,新木場ﾘｻｲｸﾙ工場,000313,ｱｰﾙｸﾘｴｲﾄ,000254,ｱｰﾙｸﾘｴｲﾄ,1,紙,,000006,川部
2025/01/07(火),2025/01/07(火),2025/01/07(火),000313,ｱｰﾙｸﾘｴｲﾄ,1,売上,000030,選別,"1,910","1,910",03,kg,70,"133,700",35836,000003,C（解体）,001,処分費,10:41,10:41,000000,ｱｰﾙｸﾘｴｲﾄ,000001,ｵﾈｽﾄ,000001,新木場ﾘｻｲｸﾙ工場,000313,ｱｰﾙｸﾘｴｲﾄ,000254,ｱｰﾙｸﾘｴｲﾄ,1,紙,,000006,川部
2025/01/07(火),2025/01/07(火),2025/01/07(火),000313,ｱｰﾙｸﾘｴｲﾄ,2,支払,000068,GC 軽鉄･ｽﾁｰﾙ類,200,200,03,kg,15.5,"3,100",35894,000003,C（解体）,003,有価物,14:47,14:48,000000,ｱｰﾙｸﾘｴｲﾄ,000001,ｵﾈｽﾄ,000001,新木場ﾘｻｲｸﾙ工場,000313,ｱｰﾙｸﾘｴｲﾄ,000254,ｱｰﾙｸﾘｴｲﾄ,1,紙,,000006,川部
2025/01/07(火),2025/01/07(火),2025/01/07(火),000327,諏訪運送店,1,売上,000001,混合廃棄物A,"1,410","1,410",03,kg,65,"91,650",35817,000002,B（残置）,001,処分費,09:24,09:27,000000,諏訪運送店,000001,ｵﾈｽﾄ,000001,新木場ﾘｻｲｸﾙ工場,000327,諏訪運送店,000264,諏訪運送店,1,紙,,000007,小林
2025/01/07(火),2025/01/07(火),2025/01/07(火),000382,ﾏｲﾌﾚﾝﾄﾞ,1,売上,000002,混合廃棄物B,10,10,03,kg,70,700,35889,000002,B（残置）,001,処分費,15:03,15:03,000000,ﾏｲﾌﾚﾝﾄﾞ,000001,ｵﾈｽﾄ,000001,新木場ﾘｻｲｸﾙ工場,000382,ﾏｲﾌﾚﾝﾄﾞ,000308,ﾏｲﾌﾚﾝﾄﾞ,1,紙,,000007,小林
2025/01/07(火),2025/01/07(火),2025/01/07(火),000382,ﾏｲﾌﾚﾝﾄﾞ,1,売上,000025,石膏ﾎﾞｰﾄﾞB,180,180,03,kg,50,"9,000",35889,000002,B（残置）,001,処分費,15:03,15:03,000000,ﾏｲﾌﾚﾝﾄﾞ,000001,ｵﾈｽﾄ,000001,新木場ﾘｻｲｸﾙ工場,000382,ﾏｲﾌﾚﾝﾄﾞ,000308,ﾏｲﾌﾚﾝﾄﾞ,1,紙,,000007,小林
2025/01/07(火),2025/01/07(火),2025/01/07(火),000382,ﾏｲﾌﾚﾝﾄﾞ,1,売上,000102,ﾏﾆﾌｪｽﾄ,,5,11,枚,50,250,35889,000002,B（残置）,001,処分費,15:03,15:03,000000,ﾏｲﾌﾚﾝﾄﾞ,000001,ｵﾈｽﾄ,000001,新木場ﾘｻｲｸﾙ工場,000382,ﾏｲﾌﾚﾝﾄﾞ,000308,ﾏｲﾌﾚﾝﾄﾞ,1,紙,,000007,小林
2025/01/07(火),2025/01/07(火),2025/01/07(火),000392,亀田,1,売上,000002,混合廃棄物B,"3,750","3,750",03,kg,63,"236,250",35805,000005,E（中・積),001,処分費,08:24,08:27,000000,亀田,000001,ｵﾈｽﾄ,000001,新木場ﾘｻｲｸﾙ工場,000392,亀田,000313,亀田,1,紙,,000002,渡辺
2025/01/07(火),2025/01/07(火),2025/01/07(火),000397,東美,1,売上,000001,混合廃棄物A,10,10,03,kg,65,650,35916,000003,C（解体）,001,処分費,16:56,16:59,000001,黄葉管財㈱,000001,ｵﾈｽﾄ,000001,新木場ﾘｻｲｸﾙ工場,000397,東美,000318,東美,1,紙,,000007,小林
2025/01/07(火),2025/01/07(火),2025/01/07(火),000397,東美,1,売上,000016,軽量物系A(発泡ｽﾁﾛｰﾙ),20,20,03,kg,200,"4,000",35916,000003,C（解体）,001,処分費,16:56,16:59,000001,黄葉管財㈱,000001,ｵﾈｽﾄ,000001,新木場ﾘｻｲｸﾙ工場,000397,東美,000318,東美,1,紙,,000007,小林
2025/01/07(火),2025/01/07(火),2025/01/07(火),000678,三井住建道路開発環境事業部,1,売上,000017,軽量物系A(ｽﾀｲﾛﾌｫｰﾑ),300,300,03,kg,200,"60,000",35796,000003,C（解体）,001,処分費,07:16,07:21,000002,（仮称）港区六本木四丁目計画解体工事,000001,ｵﾈｽﾄ,000001,新木場ﾘｻｲｸﾙ工場,000042,翼工業,000037,翼工業,2,電子,,000004,山本
2025/01/07(火),2025/01/07(火),2025/01/07(火),000740,ﾌﾛﾝﾃｨｱ,1,売上,000001,混合廃棄物A,570,570,03,kg,60,"34,200",35837,000001,A（事業）,001,処分費,11:15,11:20,000001,ﾌﾛﾝﾃｨｱ入谷ﾘｻｲｸﾙ工場,000001,ｵﾈｽﾄ,000001,新木場ﾘｻｲｸﾙ工場,000740,ﾌﾛﾝﾃｨｱ,000570,ﾌﾛﾝﾃｨｱ（渡辺・足立区）,1,紙,,000002,渡辺
2025/01/07(火),2025/01/07(火),2025/01/07(火),000740,ﾌﾛﾝﾃｨｱ,1,売上,000001,混合廃棄物A,690,690,03,kg,60,"41,400",35835,000001,A（事業）,001,処分費,10:56,10:56,000001,ﾌﾛﾝﾃｨｱ入谷ﾘｻｲｸﾙ工場,000001,ｵﾈｽﾄ,000001,新木場ﾘｻｲｸﾙ工場,000740,ﾌﾛﾝﾃｨｱ,000570,ﾌﾛﾝﾃｨｱ（渡辺・足立区）,1,紙,,000002,渡辺
2025/01/07(火),2025/01/07(火),2025/01/07(火),000861,匠住建,1,売上,000001,混合廃棄物A,290,290,03,kg,65,"18,850",35849,000003,C（解体）,001,処分費,11:46,11:53,000001,作業所,000001,ｵﾈｽﾄ,000001,新木場ﾘｻｲｸﾙ工場,000861,匠住建,000671,匠住建,1,紙,,000007,小林
2025/01/07(火),2025/01/07(火),2025/01/07(火),000861,匠住建,1,売上,000004,混合廃棄物(焼却物),30,30,03,kg,75,"2,250",35849,000003,C（解体）,001,処分費,11:46,11:53,000001,作業所,000001,ｵﾈｽﾄ,000001,新木場ﾘｻｲｸﾙ工場,000861,匠住建,000671,匠住建,1,紙,,000007,小林
2025/01/07(火),2025/01/07(火),2025/01/07(火),000923,港区教育委員会事務局　学校教育部,1,売上,000014,混合廃棄物,20,20,03,kg,45,900,36100,000006,F（他）,001,処分費,10:24,10:24,000027,白金台幼稚園,000001,ｵﾈｽﾄ,000001,新木場ﾘｻｲｸﾙ工場,000001,ｵﾈｽﾄ,001311,港区教育委員会事務局　学校教育部,1,紙,,000007,小林
2025/01/07(火),2025/01/07(火),2025/01/07(火),000923,港区教育委員会事務局　学校教育部,1,売上,000014,混合廃棄物,30,30,03,kg,45,"1,350",35891,000006,F（他）,001,処分費,15:16,15:25,000028,三光幼稚園,000001,ｵﾈｽﾄ,000001,新木場ﾘｻｲｸﾙ工場,000001,ｵﾈｽﾄ,001311,港区教育委員会事務局　学校教育部,1,紙,,000007,小林
2025/01/07(火),2025/01/07(火),2025/01/07(火),000923,港区教育委員会事務局　学校教育部,1,売上,000014,混合廃棄物,80,80,03,kg,45,"3,600",36103,000006,F（他）,001,処分費,10:33,10:33,000029,港南幼稚園,000001,ｵﾈｽﾄ,000001,新木場ﾘｻｲｸﾙ工場,000001,ｵﾈｽﾄ,001311,港区教育委員会事務局　学校教育部,1,紙,,000007,小林
2025/01/07(火),2025/01/07(火),2025/01/07(火),000923,港区教育委員会事務局　学校教育部,1,売上,000014,混合廃棄物,280,280,03,kg,45,"12,600",35828,000006,F（他）,001,処分費,10:02,10:03,000005,御田小学校,000001,ｵﾈｽﾄ,000001,新木場ﾘｻｲｸﾙ工場,000001,ｵﾈｽﾄ,001311,港区教育委員会事務局　学校教育部,1,紙,,000007,小林
2025/01/07(火),2025/01/07(火),2025/01/07(火),000923,港区教育委員会事務局　学校教育部,1,売上,000014,混合廃棄物,"1,240","1,240",03,kg,45,"55,800",35860,000006,F（他）,001,処分費,12:08,12:26,000012,東町小学校,000001,ｵﾈｽﾄ,000001,新木場ﾘｻｲｸﾙ工場,000001,ｵﾈｽﾄ,001311,港区教育委員会事務局　学校教育部,1,紙,,000007,小林
2025/01/07(火),2025/01/07(火),2025/01/07(火),001047,ｵﾌｨｽｶｽﾞ,1,売上,000002,混合廃棄物B,280,280,03,kg,70,"19,600",35839,000003,C（解体）,001,処分費,11:04,11:04,000012,ｽﾄｰﾘｵ上高田207号室改修工事,000001,ｵﾈｽﾄ,000001,新木場ﾘｻｲｸﾙ工場,001047,ｵﾌｨｽｶｽﾞ,000804,ｵﾌｨｽｶｽﾞ,1,紙,,000004,山本
2025/01/07(火),2025/01/07(火),2025/01/07(火),001047,ｵﾌｨｽｶｽﾞ,1,売上,000004,混合廃棄物(焼却物),120,120,03,kg,75,"9,000",35839,000003,C（解体）,001,処分費,11:04,11:04,000012,ｽﾄｰﾘｵ上高田207号室改修工事,000001,ｵﾈｽﾄ,000001,新木場ﾘｻｲｸﾙ工場,001047,ｵﾌｨｽｶｽﾞ,000804,ｵﾌｨｽｶｽﾞ,1,紙,,000004,山本
2025/01/07(火),2025/01/07(火),2025/01/07(火),001074,共栄学園,1,売上,000014,混合廃棄物,40,40,03,kg,50,"2,000",35810,000001,A（事業）,001,処分費,08:53,08:57,000000,共栄学園,000001,ｵﾈｽﾄ,000001,新木場ﾘｻｲｸﾙ工場,000001,ｵﾈｽﾄ,000825,学校法人 共栄学園,1,紙,,000006,川部
2025/01/07(火),2025/01/07(火),2025/01/07(火),001106,舞浜企画（市川本社）,1,売上,000002,混合廃棄物B,170,170,03,kg,70,"11,900",35824,000003,C（解体）,001,処分費,09:39,09:45,000004,世田谷区桜新町1-14-17,000001,ｵﾈｽﾄ,000001,新木場ﾘｻｲｸﾙ工場,005727,富山,000896,富山,1,紙,,000004,山本
2025/01/07(火),2025/01/07(火),2025/01/07(火),001168,"gf.K ",1,売上,000001,混合廃棄物A,340,340,03,kg,65,"22,100",35923,000001,A（事業）,001,処分費,17:47,17:49,000000,"gf.K ",000001,ｵﾈｽﾄ,000001,新木場ﾘｻｲｸﾙ工場,000022,山口商店,000019,山口商店,1,紙,,000004,山本
2025/01/07(火),2025/01/07(火),2025/01/07(火),001171,魁興業,1,売上,000002,混合廃棄物B,40,40,03,kg,70,"2,800",35874,000003,C（解体）,001,処分費,13:21,13:21,000004,東京都足立区小台2-42-16,000001,ｵﾈｽﾄ,000001,新木場ﾘｻｲｸﾙ工場,001171,魁興業,001347,魁興業,1,紙,,000002,渡辺
2025/01/07(火),2025/01/07(火),2025/01/07(火),001202,ｸﾘｴｲｼｮﾝ,1,売上,000029,木くず,560,560,03,kg,35,"19,600",35811,000002,B（残置）,001,処分費,09:02,09:08,000000,ｸﾘｴｲｼｮﾝ,000001,ｵﾈｽﾄ,000001,新木場ﾘｻｲｸﾙ工場,001202,ｸﾘｴｲｼｮﾝ,000933,ｸﾘｴｲｼｮﾝ,1,紙,,000007,小林
2025/01/07(火),2025/01/07(火),2025/01/07(火),001203,ﾏﾙﾐﾔ社,1,売上,000001,混合廃棄物A,340,340,03,kg,65,"22,100",35902,000002,B（残置）,001,処分費,16:22,16:22,000000,ﾏﾙﾐﾔ社,000001,ｵﾈｽﾄ,000001,新木場ﾘｻｲｸﾙ工場,001203,ﾏﾙﾐﾔ社,000934,ﾏﾙﾐﾔ社,1,紙,,000002,渡辺
2025/01/07(火),2025/01/07(火),2025/01/07(火),001230,ﾊﾘｰｽﾞﾀﾞｲﾅﾐｯｸｽ,1,売上,000001,混合廃棄物A,210,210,03,kg,65,"13,650",35794,000002,B（残置）,001,処分費,06:27,06:27,000001,ﾊﾘｰｽﾞ畑倉庫,000001,ｵﾈｽﾄ,000001,新木場ﾘｻｲｸﾙ工場,001230,ﾊﾘｰｽﾞﾀﾞｲﾅﾐｯｸｽ,00954X,【売掛】ﾊﾘｰｽﾞﾀﾞｲﾅﾐｯｸｽ,1,紙,,000007,小林
2025/01/07(火),2025/01/07(火),2025/01/07(火),001230,ﾊﾘｰｽﾞﾀﾞｲﾅﾐｯｸｽ,1,売上,000004,混合廃棄物(焼却物),220,220,03,kg,75,"16,500",35794,000002,B（残置）,001,処分費,06:27,06:27,000001,ﾊﾘｰｽﾞ畑倉庫,000001,ｵﾈｽﾄ,000001,新木場ﾘｻｲｸﾙ工場,001230,ﾊﾘｰｽﾞﾀﾞｲﾅﾐｯｸｽ,00954X,【売掛】ﾊﾘｰｽﾞﾀﾞｲﾅﾐｯｸｽ,1,紙,,000007,小林
2025/01/07(火),2025/01/07(火),2025/01/07(火),001244,銀座急送,1,売上,000001,混合廃棄物A,590,590,03,kg,65,"38,350",35897,000002,B（残置）,001,処分費,15:37,15:37,000001,銀座急送㈱辰巳DS,000001,ｵﾈｽﾄ,000001,新木場ﾘｻｲｸﾙ工場,001244,銀座急送,000965,銀座急送,1,紙,,000002,渡辺
2025/01/07(火),2025/01/07(火),2025/01/07(火),001244,銀座急送,1,売上,000013,混合廃棄物(ｿﾌｧｰ),40,40,03,kg,100,"4,000",35897,000002,B（残置）,001,処分費,15:37,15:37,000001,銀座急送㈱辰巳DS,000001,ｵﾈｽﾄ,000001,新木場ﾘｻｲｸﾙ工場,001244,銀座急送,000965,銀座急送,1,紙,,000002,渡辺
2025/01/07(火),2025/01/07(火),2025/01/07(火),001258,ﾎｿﾔ,1,売上,000001,混合廃棄物A,310,310,03,kg,65,"20,150",35792,000001,A（事業）,001,処分費,07:00,09:31,000000,ﾎｿﾔ,000001,ｵﾈｽﾄ,000001,新木場ﾘｻｲｸﾙ工場,001258,ﾎｿﾔ,000979,ﾎｿﾔ,1,紙,,000005,今村（紀）
2025/01/07(火),2025/01/07(火),2025/01/07(火),001318,丸伍産業,1,売上,000001,混合廃棄物A,400,400,03,kg,70,"28,000",35867,000004,D（建設）,001,処分費,13:08,13:10,000028,(株)むさし商事付帯撤去工事,000001,ｵﾈｽﾄ,000001,新木場ﾘｻｲｸﾙ工場,001318,丸伍産業,001030,丸伍産業,1,紙,,000012,サン・テクノ
2025/01/07(火),2025/01/07(火),2025/01/07(火),001323,SUR,1,売上,000001,混合廃棄物A,310,310,03,kg,70,"21,700",35898,000002,B（残置）,001,処分費,15:37,15:50,000000,SUR,000001,ｵﾈｽﾄ,000001,新木場ﾘｻｲｸﾙ工場,001323,SUR,001034,SUR,1,紙,,000012,サン・テクノ
2025/01/07(火),2025/01/07(火),2025/01/07(火),001323,SUR,1,売上,000029,木くず,200,200,03,kg,40,"8,000",35898,000002,B（残置）,001,処分費,15:37,15:50,000000,SUR,000001,ｵﾈｽﾄ,000001,新木場ﾘｻｲｸﾙ工場,001323,SUR,001034,SUR,1,紙,,000012,サン・テクノ
2025/01/07(火),2025/01/07(火),2025/01/07(火),001473,朝日精機工業,1,売上,000001,混合廃棄物A,280,280,03,kg,65,"18,200",35854,000001,A（事業）,001,処分費,12:07,12:07,000000,朝日精機工業,000001,ｵﾈｽﾄ,000001,新木場ﾘｻｲｸﾙ工場,001463,ﾅｺｼﾞ,000170,ﾅｺｼﾞ,1,紙,,000006,川部
2025/01/07(火),2025/01/07(火),2025/01/07(火),001480,新生紙ﾊﾟﾙﾌﾟ商事,1,売上,000001,混合廃棄物A,190,190,03,kg,65,"12,350",35797,000001,A（事業）,001,処分費,07:16,07:19,000001,OPﾋﾞﾙﾃﾞｨﾝｸﾞ,000001,ｵﾈｽﾄ,000001,新木場ﾘｻｲｸﾙ工場,001463,ﾅｺｼﾞ,000170,ﾅｺｼﾞ,1,紙,,000006,川部
2025/01/07(火),2025/01/07(火),2025/01/07(火),001496,ﾔﾏﾄ運輸,1,売上,000001,混合廃棄物A,680,680,03,kg,65,"44,200",35799,000001,A（事業）,001,処分費,07:30,07:32,000001,東京美術品支店,000001,ｵﾈｽﾄ,000001,新木場ﾘｻｲｸﾙ工場,001494,坪野谷紙業,000629,坪野谷紙業,1,紙,,000002,渡辺
2025/01/07(火),2025/01/07(火),2025/01/07(火),001575,ﾊﾘﾏﾋﾞｽﾃﾑ,1,売上,000001,混合廃棄物A,320,320,03,kg,65,"20,800",35877,000001,A（事業）,001,処分費,13:51,13:51,000010,日本通運東品川流通ｾﾝﾀｰﾋﾞﾙ,000001,ｵﾈｽﾄ,000001,新木場ﾘｻｲｸﾙ工場,001546,江栄,000013,江栄,1,紙,,000002,渡辺
2025/01/07(火),2025/01/07(火),2025/01/07(火),001739,三機工業（八丁堀）,1,売上,000001,混合廃棄物A,10,10,03,kg,58,580,35869,000004,D（建設）,001,処分費,13:09,13:13,000052,【FS2】泉ガーデンタワー,000001,ｵﾈｽﾄ,000001,新木場ﾘｻｲｸﾙ工場,000016,泉土木,000014,泉土木,1,紙,,000001,矢作
2025/01/07(火),2025/01/07(火),2025/01/07(火),001739,三機工業（八丁堀）,1,売上,000038,廃ﾌﾟﾗｽﾁｯｸ類,130,130,03,kg,55,"7,150",35869,000004,D（建設）,001,処分費,13:09,13:13,000052,【FS2】泉ガーデンタワー,000001,ｵﾈｽﾄ,000001,新木場ﾘｻｲｸﾙ工場,000016,泉土木,000014,泉土木,1,紙,,000001,矢作
2025/01/07(火),2025/01/07(火),2025/01/07(火),001739,三機工業（八丁堀）,1,売上,000046,ﾀﾞﾝﾎﾞｰﾙ,50,50,03,kg,0,0,35869,000004,D（建設）,001,処分費,13:09,13:13,000052,【FS2】泉ガーデンタワー,000001,ｵﾈｽﾄ,000001,新木場ﾘｻｲｸﾙ工場,000016,泉土木,000014,泉土木,1,紙,,000001,矢作
2025/01/07(火),2025/01/07(火),2025/01/07(火),001787,やよい会北千住東口腎ｸﾘﾆｯｸ,1,売上,000001,混合廃棄物A,870,870,03,kg,65,"56,550",35809,000001,A（事業）,001,処分費,08:55,08:56,000000,やよい会北千住東口腎ｸﾘﾆｯｸ,000001,ｵﾈｽﾄ,000001,新木場ﾘｻｲｸﾙ工場,000061,芝商会,000050,芝商会,1,紙,,000007,小林
2025/01/07(火),2025/01/07(火),2025/01/07(火),001815,鈴与ｼﾝﾜ物流倉庫部,1,売上,000001,混合廃棄物A,790,790,03,kg,58,"45,820",35830,000006,F（他）,001,処分費,10:13,10:16,000002,鈴与ｼﾝﾜ物流芝浦営業所,000001,ｵﾈｽﾄ,000001,新木場ﾘｻｲｸﾙ工場,000001,ｵﾈｽﾄ,001022,ｻﾝ･ﾃｸﾉ,1,紙,,000012,サン・テクノ
2025/01/07(火),2025/01/07(火),2025/01/07(火),001815,鈴与ｼﾝﾜ物流倉庫部,1,売上,000109,運搬費（2ｔ）,,1,07,台,"15,000","15,000",35830,000006,F（他）,002,運搬費,10:13,10:16,000002,鈴与ｼﾝﾜ物流芝浦営業所,000001,ｵﾈｽﾄ,000001,新木場ﾘｻｲｸﾙ工場,000001,ｵﾈｽﾄ,001022,ｻﾝ･ﾃｸﾉ,1,紙,,000012,サン・テクノ
2025/01/07(火),2025/01/07(火),2025/01/07(火),001892,東洋熱工業,1,売上,000001,混合廃棄物A,10,10,03,kg,58,580,35925,000004,D（建設）,001,処分費,17:35,17:55,000064,東武谷内田建設新春日部事務所新築工事,000001,ｵﾈｽﾄ,000001,新木場ﾘｻｲｸﾙ工場,000016,泉土木,000014,泉土木,1,紙,,000001,矢作
2025/01/07(火),2025/01/07(火),2025/01/07(火),001892,東洋熱工業,1,売上,000038,廃ﾌﾟﾗｽﾁｯｸ類,20,20,03,kg,55,"1,100",35925,000004,D（建設）,001,処分費,17:35,17:55,000064,東武谷内田建設新春日部事務所新築工事,000001,ｵﾈｽﾄ,000001,新木場ﾘｻｲｸﾙ工場,000016,泉土木,000014,泉土木,1,紙,,000001,矢作
2025/01/07(火),2025/01/07(火),2025/01/07(火),001892,東洋熱工業,1,売上,000046,ﾀﾞﾝﾎﾞｰﾙ,40,40,03,kg,0,0,35925,000004,D（建設）,001,処分費,17:35,17:55,000064,東武谷内田建設新春日部事務所新築工事,000001,ｵﾈｽﾄ,000001,新木場ﾘｻｲｸﾙ工場,000016,泉土木,000014,泉土木,1,紙,,000001,矢作
2025/01/07(火),2025/01/07(火),2025/01/07(火),001892,東洋熱工業,2,支払,000068,GC 軽鉄･ｽﾁｰﾙ類,80,80,03,kg,24.5,"1,960",35925,000004,D（建設）,003,有価物,17:35,17:55,000064,東武谷内田建設新春日部事務所新築工事,000001,ｵﾈｽﾄ,000001,新木場ﾘｻｲｸﾙ工場,000016,泉土木,000014,泉土木,1,紙,,000001,矢作
2025/01/07(火),2025/01/07(火),2025/01/07(火),001947,ﾁｬｺｰﾙ市野,1,売上,000001,混合廃棄物A,780,780,03,kg,53,"41,340",35838,000001,A（事業）,001,処分費,11:11,11:11,000001,渋谷市野ﾋﾞﾙ,000001,ｵﾈｽﾄ,000001,新木場ﾘｻｲｸﾙ工場,000302,ﾖｼﾓﾘ,000244,ﾖｼﾓﾘ,1,紙,,000002,渡辺
2025/01/07(火),2025/01/07(火),2025/01/07(火),001966,ｴﾇ･ﾃｨ･ﾃｨ都市開発,1,売上,000001,混合廃棄物A,760,760,03,kg,54,"41,040",35833,000001,A（事業）,001,処分費,10:36,10:36,000011,ﾄﾗｯﾄﾞ目白,000001,ｵﾈｽﾄ,000001,新木場ﾘｻｲｸﾙ工場,000028,五十嵐商会,000025,五十嵐商会,1,紙,,000002,渡辺
2025/01/07(火),2025/01/07(火),2025/01/07(火),001969,NTT東日本ﾌﾟﾛﾊﾟﾃｨｰｽﾞ,1,売上,000001,混合廃棄物A,"1,930","1,930",03,kg,54,"104,220",35857,000001,A（事業）,001,処分費,12:00,12:00,000003,ﾈｸｽﾄｻｲﾄ王子ﾋﾞﾙ,000001,ｵﾈｽﾄ,000001,新木場ﾘｻｲｸﾙ工場,000028,五十嵐商会,000025,五十嵐商会,1,紙,,000002,渡辺
2025/01/07(火),2025/01/07(火),2025/01/07(火),002163,ｱﾒｱｽﾎﾟｰﾂｼﾞｬﾊﾟﾝ,1,売上,000001,混合廃棄物A,870,870,03,kg,58,"50,460",35858,000006,F（他）,001,処分費,12:18,12:18,000002,三菱倉庫東京支店三郷第一営業所,000001,ｵﾈｽﾄ,000001,新木場ﾘｻｲｸﾙ工場,000001,ｵﾈｽﾄ,001022,ｻﾝ･ﾃｸﾉ,1,紙,,000012,サン・テクノ
2025/01/07(火),2025/01/07(火),2025/01/07(火),002163,ｱﾒｱｽﾎﾟｰﾂｼﾞｬﾊﾟﾝ,1,売上,000001,混合廃棄物A,930,930,03,kg,58,"53,940",35865,000006,F（他）,001,処分費,12:37,12:42,000002,三菱倉庫東京支店三郷第一営業所,000001,ｵﾈｽﾄ,000001,新木場ﾘｻｲｸﾙ工場,000226,ｽﾃｱ,001022,ｻﾝ･ﾃｸﾉ,1,紙,,000012,サン・テクノ
2025/01/07(火),2025/01/07(火),2025/01/07(火),002163,ｱﾒｱｽﾎﾟｰﾂｼﾞｬﾊﾟﾝ,1,売上,000109,運搬費（4ｔ）,,1,07,台,"18,000","18,000",35858,000006,F（他）,002,運搬費,12:18,12:18,000002,三菱倉庫東京支店三郷第一営業所,000001,ｵﾈｽﾄ,000001,新木場ﾘｻｲｸﾙ工場,000001,ｵﾈｽﾄ,001022,ｻﾝ･ﾃｸﾉ,1,紙,,000012,サン・テクノ
2025/01/07(火),2025/01/07(火),2025/01/07(火),002245,三友建設,1,売上,000002,混合廃棄物B,90,90,03,kg,65,"5,850",35800,000003,C（解体）,001,処分費,07:51,07:54,000090,及川様邸解体工事,000001,ｵﾈｽﾄ,000001,新木場ﾘｻｲｸﾙ工場,002245,三友建設,000658,三友建設,2,電子,,000002,渡辺
2025/01/07(火),2025/01/07(火),2025/01/07(火),002245,三友建設,1,売上,000021,軽量物系B(ｸﾞﾗｽｳｰﾙ),100,100,03,kg,60,"6,000",35800,000003,C（解体）,001,処分費,07:51,07:54,000090,及川様邸解体工事,000001,ｵﾈｽﾄ,000001,新木場ﾘｻｲｸﾙ工場,002245,三友建設,000658,三友建設,2,電子,,000002,渡辺
2025/01/07(火),2025/01/07(火),2025/01/07(火),002246,東ｿｰ物流,1,売上,000001,混合廃棄物A,800,800,03,kg,60,"48,000",35813,000002,B（残置）,001,処分費,09:12,09:15,000000,東ｿｰ物流,000001,ｵﾈｽﾄ,000001,新木場ﾘｻｲｸﾙ工場,001772,三洋ｴｸｽﾌﾟﾚｽ,000228,三洋ｴｸｽﾌﾟﾚｽ,1,紙,,000002,渡辺
2025/01/07(火),2025/01/07(火),2025/01/07(火),002263,大成ﾌﾞﾘｷ印刷,1,売上,000001,混合廃棄物A,770,770,03,kg,60,"46,200",35919,000002,B（残置）,001,処分費,16:55,16:58,000000,大成ﾌﾞﾘｷ印刷,000001,ｵﾈｽﾄ,000001,新木場ﾘｻｲｸﾙ工場,001772,三洋ｴｸｽﾌﾟﾚｽ,000228,三洋ｴｸｽﾌﾟﾚｽ,1,紙,,000002,渡辺
2025/01/07(火),2025/01/07(火),2025/01/07(火),002398,東京ﾄﾞｰﾑ,1,売上,000001,混合廃棄物A,970,970,03,kg,60,"58,200",35804,000001,A（事業）,001,処分費,08:15,08:18,000001,東京ﾄﾞｰﾑﾗｸｰｱﾋﾞﾙ,000001,ｵﾈｽﾄ,000001,新木場ﾘｻｲｸﾙ工場,001246,三美社,000967,三美社,1,紙,,000002,渡辺
2025/01/07(火),2025/01/07(火),2025/01/07(火),002424,大星ﾋﾞﾙ管理,1,売上,000001,混合廃棄物A,30,30,03,kg,58,"1,740",35851,000004,D（建設）,001,処分費,11:51,11:56,000004,四谷TNﾋﾞﾙ,000001,ｵﾈｽﾄ,000001,新木場ﾘｻｲｸﾙ工場,000016,泉土木,000014,泉土木,1,紙,,000001,矢作
2025/01/07(火),2025/01/07(火),2025/01/07(火),002424,大星ﾋﾞﾙ管理,1,売上,000001,混合廃棄物A,150,150,03,kg,58,"8,700",35851,000004,D（建設）,001,処分費,11:51,11:56,000004,四谷TNﾋﾞﾙ,000001,ｵﾈｽﾄ,000001,新木場ﾘｻｲｸﾙ工場,000016,泉土木,000014,泉土木,1,紙,,000001,矢作
2025/01/07(火),2025/01/07(火),2025/01/07(火),002484,第一興商,1,売上,000001,混合廃棄物A,"1,020","1,020",03,kg,54,"55,080",35832,000001,A（事業）,001,処分費,10:14,10:16,000001,MARUNOUCHI　BASE,000001,ｵﾈｽﾄ,000001,新木場ﾘｻｲｸﾙ工場,000028,五十嵐商会,000025,五十嵐商会,1,紙,,000002,渡辺
2025/01/07(火),2025/01/07(火),2025/01/07(火),002588,ﾌﾛﾝﾃｨｱｲﾝﾀｰﾅｼｮﾅﾙ,1,売上,000001,混合廃棄物A,520,520,03,kg,65,"33,800",35881,000001,A（事業）,001,処分費,14:06,14:16,000000,ﾌﾛﾝﾃｨｱｲﾝﾀｰﾅｼｮﾅﾙ,000001,ｵﾈｽﾄ,000001,新木場ﾘｻｲｸﾙ工場,000091,渥美運輸,000075,渥美運輸,1,紙,,000006,川部
2025/01/07(火),2025/01/07(火),2025/01/07(火),002620,不二硝子,1,売上,000001,混合廃棄物A,880,880,03,kg,65,"57,200",35863,000002,B（残置）,001,処分費,12:44,12:44,000000,不二硝子,000001,ｵﾈｽﾄ,000001,新木場ﾘｻｲｸﾙ工場,000113,中村商店,000089,中村商店,1,紙,,000006,川部
2025/01/07(火),2025/01/07(火),2025/01/07(火),002627,ｻﾃﾗｲﾄｼﾞｬﾊﾟﾝ,1,売上,000001,混合廃棄物A,80,80,03,kg,54,"4,320",35814,000001,A（事業）,001,処分費,09:07,09:07,000001,ﾌｧﾛｼﾃｨﾋﾞﾙ(ﾗ･ﾋﾟｽﾀ新橋),000001,ｵﾈｽﾄ,000001,新木場ﾘｻｲｸﾙ工場,000028,五十嵐商会,000025,五十嵐商会,1,紙,,000002,渡辺
2025/01/07(火),2025/01/07(火),2025/01/07(火),002845,TOKYO MOVE.com,1,売上,000001,混合廃棄物A,250,250,03,kg,65,"16,250",35862,000002,B（残置）,001,処分費,12:21,12:28,000001,TOKYO MOVE.com,000001,ｵﾈｽﾄ,000001,新木場ﾘｻｲｸﾙ工場,002845,TOKYO MOVE.com,000862,TOKYO MOVE.com,1,紙,,000004,山本
2025/01/07(火),2025/01/07(火),2025/01/07(火),002999,ﾊﾞﾝﾀﾝ,1,売上,000001,混合廃棄物A,340,340,03,kg,65,"22,100",35791,000001,A（事業）,001,処分費,13:24,07:02,000001,ﾊﾞﾝﾀﾝ中目黒3号館,000001,ｵﾈｽﾄ,000001,新木場ﾘｻｲｸﾙ工場,000079,五十嵐商事,000065,五十嵐商事,1,紙,,000002,渡辺
2025/01/07(火),2025/01/07(火),2025/01/07(火),003081,日立建機日本東京東営業所,1,売上,000029,木くず,870,870,03,kg,35,"30,450",35878,000004,D（建設）,001,処分費,12:54,12:54,000000,日立建機日本東京東営業所,000001,ｵﾈｽﾄ,000001,新木場ﾘｻｲｸﾙ工場,000001,ｵﾈｽﾄ,000697,日立建機日本東京東営業所,1,紙,,000005,今村（紀）
2025/01/07(火),2025/01/07(火),2025/01/07(火),003081,日立建機日本東京東営業所,1,売上,000349,運搬費(4ｔｺﾝﾃﾅ),,1,07,台,"25,000","25,000",35878,000004,D（建設）,002,運搬費,12:54,12:54,000000,日立建機日本東京東営業所,000001,ｵﾈｽﾄ,000001,新木場ﾘｻｲｸﾙ工場,000001,ｵﾈｽﾄ,000697,日立建機日本東京東営業所,1,紙,,000005,今村（紀）
2025/01/07(火),2025/01/07(火),2025/01/07(火),003444,上野運輸,1,売上,000001,混合廃棄物A,"1,420","1,420",03,kg,60,"85,200",35901,000004,D（建設）,001,処分費,16:11,16:16,000001,港湾辰巳埠頭構内作業,000001,ｵﾈｽﾄ,000001,新木場ﾘｻｲｸﾙ工場,003444,上野運輸,000271,上野運輸,1,紙,,000004,山本
2025/01/07(火),2025/01/07(火),2025/01/07(火),003492,東ｲﾝ,1,売上,000001,混合廃棄物A,740,740,03,kg,65,"48,100",35807,000002,B（残置）,001,処分費,08:43,08:51,000000,東ｲﾝ,000001,ｵﾈｽﾄ,000001,新木場ﾘｻｲｸﾙ工場,007489,ﾌｫｰﾒｰｼｮﾝ,001020,ﾌｫｰﾒｰｼｮﾝ,1,紙,,000007,小林
2025/01/07(火),2025/01/07(火),2025/01/07(火),003593,ｴｺﾍﾟﾝｷﾞﾝ,1,売上,000002,混合廃棄物B,610,610,03,kg,70,"42,700",35820,000004,D（建設）,001,処分費,09:25,09:30,000004,世田谷区新町2-10-17,000001,ｵﾈｽﾄ,000001,新木場ﾘｻｲｸﾙ工場,000210,ES産業,000175,ES産業,1,紙,,000002,渡辺
2025/01/07(火),2025/01/07(火),2025/01/07(火),003593,ｴｺﾍﾟﾝｷﾞﾝ,1,売上,000021,軽量物系B(ｸﾞﾗｽｳｰﾙ),150,150,03,kg,80,"12,000",35820,000004,D（建設）,001,処分費,09:25,09:30,000004,世田谷区新町2-10-17,000001,ｵﾈｽﾄ,000001,新木場ﾘｻｲｸﾙ工場,000210,ES産業,000175,ES産業,1,紙,,000002,渡辺
2025/01/07(火),2025/01/07(火),2025/01/07(火),003863,ｸﾛﾀﾞ,1,売上,000021,軽量物系B(ｸﾞﾗｽｳｰﾙ),370,370,03,kg,80,"29,600",35905,000004,D（建設）,001,処分費,16:36,16:38,000001,ｸﾛﾀﾞ（足立区）,000001,ｵﾈｽﾄ,000001,新木場ﾘｻｲｸﾙ工場,003863,ｸﾛﾀﾞ,000374,ｸﾛﾀﾞ,1,紙,,000002,渡辺
2025/01/07(火),2025/01/07(火),2025/01/07(火),003878,日本運輸倉庫隅田川支店　IPCｾﾝﾀｰ,1,売上,000016,軽量物系A(発泡ｽﾁﾛｰﾙ),20,20,03,kg,200,"4,000",35895,000001,A（事業）,001,処分費,15:24,15:24,000002,隅田川支店第一営業所,000001,ｵﾈｽﾄ,000001,新木場ﾘｻｲｸﾙ工場,001856,SUN-K,000261,SUNｰK,1,紙,,000006,川部
2025/01/07(火),2025/01/07(火),2025/01/07(火),003878,日本運輸倉庫隅田川支店　IPCｾﾝﾀｰ,1,売上,000018,軽量物系A(ｽﾎﾟﾝｼﾞ),140,140,03,kg,200,"28,000",35895,000001,A（事業）,001,処分費,15:24,15:24,000002,隅田川支店第一営業所,000001,ｵﾈｽﾄ,000001,新木場ﾘｻｲｸﾙ工場,001856,SUN-K,000261,SUNｰK,1,紙,,000006,川部
2025/01/07(火),2025/01/07(火),2025/01/07(火),004008,便利屋ﾌｧﾐﾘｰ江東木場店,1,売上,000001,混合廃棄物A,570,570,03,kg,65,"37,050",35917,000002,B（残置）,001,処分費,17:19,17:28,000000,便利屋ﾌｧﾐﾘｰ江東木場店,000001,ｵﾈｽﾄ,000001,新木場ﾘｻｲｸﾙ工場,004008,便利屋ﾌｧﾐﾘｰ江東木場店,001118,便利屋ﾌｧﾐﾘｰ江東木場店,1,紙,,000012,サン・テクノ
2025/01/07(火),2025/01/07(火),2025/01/07(火),004008,便利屋ﾌｧﾐﾘｰ江東木場店,1,売上,000031,金庫,60,60,03,kg,80,"4,800",35917,000002,B（残置）,001,処分費,17:19,17:28,000000,便利屋ﾌｧﾐﾘｰ江東木場店,000001,ｵﾈｽﾄ,000001,新木場ﾘｻｲｸﾙ工場,004008,便利屋ﾌｧﾐﾘｰ江東木場店,001118,便利屋ﾌｧﾐﾘｰ江東木場店,1,紙,,000012,サン・テクノ
2025/01/07(火),2025/01/07(火),2025/01/07(火),004035,富士古河E&C,1,売上,000001,混合廃棄物A,160,160,03,kg,65,"10,400",35855,000004,D（建設）,001,処分費,12:02,12:06,000023,館林C棟C32水冷POC用ﾌｧｼﾘﾃｨ工事,000001,ｵﾈｽﾄ,000001,新木場ﾘｻｲｸﾙ工場,001051,Y-maxx,000808,Y-maxx,1,紙,,000004,山本
2025/01/07(火),2025/01/07(火),2025/01/07(火),004035,富士古河E&C,1,売上,000046,ﾀﾞﾝﾎﾞｰﾙ,50,50,03,kg,5,250,35855,000004,D（建設）,001,処分費,12:02,12:06,000023,館林C棟C32水冷POC用ﾌｧｼﾘﾃｨ工事,000001,ｵﾈｽﾄ,000001,新木場ﾘｻｲｸﾙ工場,001051,Y-maxx,000808,Y-maxx,1,紙,,000004,山本
2025/01/07(火),2025/01/07(火),2025/01/07(火),004071,ｴｽﾃｨｰｱｲ,1,売上,000002,混合廃棄物B,100,100,03,kg,70,"7,000",35868,000003,C（解体）,001,処分費,13:13,13:13,000023,あさみ邸工事,000001,ｵﾈｽﾄ,000001,新木場ﾘｻｲｸﾙ工場,004071,ｴｽﾃｨｰｱｲ,000185,ｴｽﾃｨｰｱｲ,1,紙,,000006,川部
2025/01/07(火),2025/01/07(火),2025/01/07(火),004071,ｴｽﾃｨｰｱｲ,1,売上,000020,軽量物系A(ｳﾚﾀﾝ),10,10,03,kg,200,"2,000",35868,000003,C（解体）,001,処分費,13:13,13:13,000023,あさみ邸工事,000001,ｵﾈｽﾄ,000001,新木場ﾘｻｲｸﾙ工場,004071,ｴｽﾃｨｰｱｲ,000185,ｴｽﾃｨｰｱｲ,1,紙,,000006,川部
2025/01/07(火),2025/01/07(火),2025/01/07(火),004074,東武ﾃﾞﾘﾊﾞﾘｰ,1,売上,000001,混合廃棄物A,"1,730","1,730",03,kg,60,"103,800",35870,000004,D（建設）,001,処分費,13:26,13:35,000000,東武ﾃﾞﾘﾊﾞﾘｰ,000001,ｵﾈｽﾄ,000001,新木場ﾘｻｲｸﾙ工場,000033,富士商事,000029,富士商事,1,紙,,000004,山本
2025/01/07(火),2025/01/07(火),2025/01/07(火),004250,先駆ﾜｰｸｽ,1,売上,000001,混合廃棄物A,550,550,03,kg,65,"35,750",35908,000002,B（残置）,001,処分費,16:48,16:48,000000,先駆ﾜｰｸｽ,000001,ｵﾈｽﾄ,000001,新木場ﾘｻｲｸﾙ工場,004250,先駆ﾜｰｸｽ,000712,先駆ﾜｰｸｽ,1,紙,,000005,今村（紀）
2025/01/07(火),2025/01/07(火),2025/01/07(火),004463,あるくる,1,売上,000001,混合廃棄物A,310,310,03,kg,58,"17,980",35903,000002,B（残置）,001,処分費,16:24,16:27,000077,文京区湯島3丁目ﾋﾞﾙ残置物撤去作業,000001,ｵﾈｽﾄ,000001,新木場ﾘｻｲｸﾙ工場,004463,あるくる,000823,あるくる,1,紙,,000001,矢作
2025/01/07(火),2025/01/07(火),2025/01/07(火),004463,あるくる,1,売上,000029,木くず,40,40,03,kg,48,"1,920",35903,000002,B（残置）,001,処分費,16:24,16:27,000077,文京区湯島3丁目ﾋﾞﾙ残置物撤去作業,000001,ｵﾈｽﾄ,000001,新木場ﾘｻｲｸﾙ工場,004463,あるくる,000823,あるくる,1,紙,,000001,矢作
2025/01/07(火),2025/01/07(火),2025/01/07(火),004663,かねたや家具店,1,売上,000078,ｶﾞﾗｽ･ｺﾝｸﾘｰﾄ･陶磁器くず,"2,190",4,02,m3,"16,000","64,000",36133,000006,F（他）,001,処分費,12:19,12:19,000001,かねたや家具店　流通ｾﾝﾀｰ,000001,ｵﾈｽﾄ,000001,新木場ﾘｻｲｸﾙ工場,000001,ｵﾈｽﾄ,000562,かねたや家具店,1,紙,,000013,かねたや
2025/01/07(火),2025/01/07(火),2025/01/07(火),004663,かねたや家具店,1,売上,000403,収集運搬費(4ｔｱｰﾑﾛｰﾙ車),,1,07,台,"25,000","25,000",36133,000006,F（他）,002,運搬費,12:19,12:19,000001,かねたや家具店　流通ｾﾝﾀｰ,000001,ｵﾈｽﾄ,000001,新木場ﾘｻｲｸﾙ工場,000001,ｵﾈｽﾄ,000562,かねたや家具店,1,紙,,000013,かねたや
2025/01/07(火),2025/01/07(火),2025/01/07(火),004766,JR東日本環境ｱｸｾｽ,1,売上,000001,混合廃棄物A,"1,560","1,560",03,kg,55,"85,800",35818,000001,A（事業）,001,処分費,09:20,09:20,000001,東京資源循環ｾﾝﾀｰ,000001,ｵﾈｽﾄ,000001,新木場ﾘｻｲｸﾙ工場,004766,JR東日本環境ｱｸｾｽ,000426,JR東日本環境ｱｸｾｽ,2,電子,,000002,渡辺
2025/01/07(火),2025/01/07(火),2025/01/07(火),004766,JR東日本環境ｱｸｾｽ,1,売上,000001,混合廃棄物A,"1,610","1,610",03,kg,55,"88,550",35803,000001,A（事業）,001,処分費,08:18,08:18,000001,東京資源循環ｾﾝﾀｰ,000001,ｵﾈｽﾄ,000001,新木場ﾘｻｲｸﾙ工場,004766,JR東日本環境ｱｸｾｽ,000426,JR東日本環境ｱｸｾｽ,2,電子,,000002,渡辺
2025/01/07(火),2025/01/07(火),2025/01/07(火),004892,Assurance,1,売上,000001,混合廃棄物A,340,340,03,kg,65,"22,100",35912,000002,B,001,処分費,17:05,17:05,000000,Assurance,000001,ｵﾈｽﾄ,000001,新木場ﾘｻｲｸﾙ工場,004892,Assurance,000433,Assurance,1,紙,,000006,川部
2025/01/07(火),2025/01/07(火),2025/01/07(火),004892,Assurance,1,売上,000004,混合廃棄物(焼却物),350,350,03,kg,75,"26,250",35912,000002,B,001,処分費,17:05,17:05,000000,Assurance,000001,ｵﾈｽﾄ,000001,新木場ﾘｻｲｸﾙ工場,004892,Assurance,000433,Assurance,1,紙,,000006,川部
2025/01/07(火),2025/01/07(火),2025/01/07(火),004934,社会福祉法人　練馬豊成会,1,売上,000002,混合廃棄物B,"2,530","2,530",03,kg,54,"136,620",35806,000001,A（事業）,001,処分費,08:35,08:35,000001,ﾌﾛｰﾗ石神井公園,000001,ｵﾈｽﾄ,000001,新木場ﾘｻｲｸﾙ工場,000028,五十嵐商会,000025,五十嵐商会,1,紙,,000002,渡辺
2025/01/07(火),2025/01/07(火),2025/01/07(火),005030,ｻｸｼｰﾄﾞ,1,売上,000001,混合廃棄物A,420,420,03,kg,65,"27,300",35798,000001,A（事業）,001,処分費,07:24,07:26,000000,ｻｸｼｰﾄﾞ,000001,ｵﾈｽﾄ,000001,新木場ﾘｻｲｸﾙ工場,000393,栄運輸,000314,栄運輸,1,紙,,000002,渡辺
2025/01/07(火),2025/01/07(火),2025/01/07(火),005099,日本ﾋﾟｰﾏｯｸ,1,売上,000001,混合廃棄物A,40,40,03,kg,65,"2,600",35915,000004,D（建設）,001,処分費,16:51,16:53,000003,ﾗ･ﾄｩｰﾙ芝公園,000001,ｵﾈｽﾄ,000001,新木場ﾘｻｲｸﾙ工場,001051,Y-maxx,000808,Y-maxx,1,紙,,000004,山本
2025/01/07(火),2025/01/07(火),2025/01/07(火),005166,宏基産業,1,売上,000002,混合廃棄物B,320,320,03,kg,70,"22,400",35812,000003,C（解体）,001,処分費,09:02,09:05,000012,川口市安行原1439-1,000001,ｵﾈｽﾄ,000001,新木場ﾘｻｲｸﾙ工場,005166,宏基産業,000424,宏基産業,1,紙,,000002,渡辺
2025/01/07(火),2025/01/07(火),2025/01/07(火),005313,日本ﾎﾃﾙ,1,売上,000001,混合廃棄物A,340,340,03,kg,65,"22,100",35886,000002,B（残置）,001,処分費,14:32,14:38,000003,JR東日本ﾎﾃﾙﾒｯﾂ渋谷,000001,ｵﾈｽﾄ,000001,新木場ﾘｻｲｸﾙ工場,006786,浜屋,001004,浜屋,1,紙,,000004,山本
2025/01/07(火),2025/01/07(火),2025/01/07(火),005313,日本ﾎﾃﾙ,1,売上,000001,混合廃棄物A,"1,120","1,120",03,kg,65,"72,800",35844,000002,B（残置）,001,処分費,11:09,11:32,000003,JR東日本ﾎﾃﾙﾒｯﾂ渋谷,000001,ｵﾈｽﾄ,000001,新木場ﾘｻｲｸﾙ工場,006786,浜屋,001004,浜屋,1,紙,,000004,山本
2025/01/07(火),2025/01/07(火),2025/01/07(火),005313,日本ﾎﾃﾙ,1,売上,000492,混合廃棄物（羽毛物）,320,320,03,kg,250,"80,000",35844,000002,B（残置）,001,処分費,11:09,11:32,000003,JR東日本ﾎﾃﾙﾒｯﾂ渋谷,000001,ｵﾈｽﾄ,000001,新木場ﾘｻｲｸﾙ工場,006786,浜屋,001004,浜屋,1,紙,,000004,山本
2025/01/07(火),2025/01/07(火),2025/01/07(火),005313,日本ﾎﾃﾙ,1,売上,000492,混合廃棄物（羽毛物）,790,790,03,kg,250,"197,500",35886,000002,B（残置）,001,処分費,14:32,14:38,000003,JR東日本ﾎﾃﾙﾒｯﾂ渋谷,000001,ｵﾈｽﾄ,000001,新木場ﾘｻｲｸﾙ工場,006786,浜屋,001004,浜屋,1,紙,,000004,山本
2025/01/07(火),2025/01/07(火),2025/01/07(火),005575,渡辺ﾊﾟｲﾌﾟ,1,売上,000002,混合廃棄物B,850,850,03,kg,70,"59,500",35922,000003,C（解体）,001,処分費,17:35,17:39,000069,ﾘｰﾗ文京本駒込,000001,ｵﾈｽﾄ,000001,新木場ﾘｻｲｸﾙ工場,000362,ﾐﾔ産興,000290,ﾐﾔ産興,1,紙,,000004,山本
2025/01/07(火),2025/01/07(火),2025/01/07(火),005634,ﾎﾟｹｯﾄｶｰﾄﾞ,1,売上,000030,選別,70,70,03,kg,70,"4,900",35826,000002,B（残置）,001,処分費,09:53,09:53,000000,ﾎﾟｹｯﾄｶｰﾄﾞ,000001,ｵﾈｽﾄ,000001,新木場ﾘｻｲｸﾙ工場,000110,ﾃｲｿｳ物流ｻｰﾋﾞｽ,000088,ﾃｲｿｳ物流ｻｰﾋﾞｽ,1,紙,,000002,渡辺
2025/01/07(火),2025/01/07(火),2025/01/07(火),005634,ﾎﾟｹｯﾄｶｰﾄﾞ,1,売上,000030,選別,70,70,03,kg,70,"4,900",35847,000002,B（残置）,001,処分費,11:12,11:12,000000,ﾎﾟｹｯﾄｶｰﾄﾞ,000001,ｵﾈｽﾄ,000001,新木場ﾘｻｲｸﾙ工場,000110,ﾃｲｿｳ物流ｻｰﾋﾞｽ,000088,ﾃｲｿｳ物流ｻｰﾋﾞｽ,1,紙,,000002,渡辺
2025/01/07(火),2025/01/07(火),2025/01/07(火),005699,三井不動産ﾘｱﾙﾃｨ,1,売上,000001,混合廃棄物A,90,90,03,kg,65,"5,850",35910,000002,B（残置）,001,処分費,16:50,16:52,000001,三井不動産ﾘｱﾙﾃｨ(辰巳）,000001,ｵﾈｽﾄ,000001,新木場ﾘｻｲｸﾙ工場,001244,銀座急送,000965,銀座急送,1,紙,,000002,渡辺
2025/01/07(火),2025/01/07(火),2025/01/07(火),005919,ﾄｰﾁｸ,1,売上,000021,軽量物系B(ｸﾞﾗｽｳｰﾙ),"1,850","1,850",03,kg,80,"148,000",35882,000004,D（建設）,001,処分費,14:19,14:19,000001,ﾄｰﾁｸ（所沢置場）,000001,ｵﾈｽﾄ,000001,新木場ﾘｻｲｸﾙ工場,005918,ｷｮｰｴｲｽﾄｯｸ,000343,ｷｮｰｴｲｽﾄｯｸ,1,紙,,000002,渡辺
2025/01/07(火),2025/01/07(火),2025/01/07(火),005954,ﾏﾂﾓﾄｷﾖｼ,1,売上,000001,混合廃棄物A,470,470,03,kg,65,"30,550",35880,000001,A（事業）,001,処分費,14:05,14:05,000001,ﾏﾂﾓﾄｷﾖｼ溜池山王ﾒﾄﾛﾋﾟｱ店,000001,ｵﾈｽﾄ,000001,新木場ﾘｻｲｸﾙ工場,001454,谷津商会,000247,谷津商会,1,紙,,000002,渡辺
2025/01/07(火),2025/01/07(火),2025/01/07(火),006034,新菱冷熱工業都市環境事業部,1,売上,000352,運搬費(2ｔ車),,1,07,台,"24,000","24,000",35816,000004,D（建設）,002,運搬費,09:13,09:13,000007,西新宿六丁目地域冷暖房施設　第1プラント,000001,ｵﾈｽﾄ,000001,新木場ﾘｻｲｸﾙ工場,000001,ｵﾈｽﾄ,000594,新菱冷熱工業都市環境事業部,2,電子,,000006,川部
2025/01/07(火),2025/01/07(火),2025/01/07(火),006034,新菱冷熱工業都市環境事業部,1,売上,000352,運搬費(2ｔ車),,1,07,台,"24,000","24,000",35819,000004,D（建設）,002,運搬費,09:25,09:25,000007,西新宿六丁目地域冷暖房施設　第1プラント,000001,ｵﾈｽﾄ,000001,新木場ﾘｻｲｸﾙ工場,000001,ｵﾈｽﾄ,000594,新菱冷熱工業都市環境事業部,2,電子,,000006,川部
2025/01/07(火),2025/01/07(火),2025/01/07(火),006034,新菱冷熱工業都市環境事業部,1,売上,000352,運搬費(2ｔ車),,1,07,台,"24,000","24,000",35852,000004,D（建設）,002,運搬費,11:40,11:40,000007,西新宿六丁目地域冷暖房施設　第1プラント,000001,ｵﾈｽﾄ,000001,新木場ﾘｻｲｸﾙ工場,000001,ｵﾈｽﾄ,000594,新菱冷熱工業都市環境事業部,1,紙,,000006,川部
2025/01/07(火),2025/01/07(火),2025/01/07(火),006034,新菱冷熱工業都市環境事業部,1,売上,000352,運搬費(2ｔ車),,1,07,台,"24,000","24,000",35853,000004,D（建設）,002,運搬費,11:44,11:44,000007,西新宿六丁目地域冷暖房施設　第1プラント,000001,ｵﾈｽﾄ,000001,新木場ﾘｻｲｸﾙ工場,000001,ｵﾈｽﾄ,000594,新菱冷熱工業都市環境事業部,1,紙,,000006,川部
2025/01/07(火),2025/01/07(火),2025/01/07(火),006034,新菱冷熱工業都市環境事業部,1,売上,000352,運搬費(2ｔ車),,1,07,台,"24,000","24,000",35884,000004,D（建設）,002,運搬費,14:11,14:11,000007,西新宿六丁目地域冷暖房施設　第1プラント,000001,ｵﾈｽﾄ,000001,新木場ﾘｻｲｸﾙ工場,000001,ｵﾈｽﾄ,000594,新菱冷熱工業都市環境事業部,2,電子,,000006,川部
2025/01/07(火),2025/01/07(火),2025/01/07(火),006034,新菱冷熱工業都市環境事業部,1,売上,000352,運搬費(2ｔ車),,1,07,台,"24,000","24,000",35888,000004,D（建設）,002,運搬費,14:24,14:25,000007,【松井】西新宿六丁目地域冷暖房施設　第1,000001,ｵﾈｽﾄ,000001,新木場ﾘｻｲｸﾙ工場,000001,ｵﾈｽﾄ,000594,新菱冷熱工業都市環境事業部,1,紙,,000006,川部
2025/01/07(火),2025/01/07(火),2025/01/07(火),006034,新菱冷熱工業都市環境事業部,2,支払,000068,GC 軽鉄･ｽﾁｰﾙ類,820,820,03,kg,26.5,"21,730",35852,000004,D（建設）,003,有価物,11:40,11:40,000007,西新宿六丁目地域冷暖房施設　第1プラント,000001,ｵﾈｽﾄ,000001,新木場ﾘｻｲｸﾙ工場,000001,ｵﾈｽﾄ,000594,新菱冷熱工業都市環境事業部,1,紙,,000006,川部
2025/01/07(火),2025/01/07(火),2025/01/07(火),006034,新菱冷熱工業都市環境事業部,2,支払,000068,GC 軽鉄･ｽﾁｰﾙ類,980,980,03,kg,26.5,"25,970",35888,000004,D（建設）,003,有価物,14:24,14:25,000007,【松井】西新宿六丁目地域冷暖房施設　第1,000001,ｵﾈｽﾄ,000001,新木場ﾘｻｲｸﾙ工場,000001,ｵﾈｽﾄ,000594,新菱冷熱工業都市環境事業部,1,紙,,000006,川部
2025/01/07(火),2025/01/07(火),2025/01/07(火),006034,新菱冷熱工業都市環境事業部,2,支払,000068,GC 軽鉄･ｽﾁｰﾙ類,"1,580","1,580",03,kg,26.5,"41,870",35884,000004,D（建設）,003,有価物,14:11,14:11,000007,西新宿六丁目地域冷暖房施設　第1プラント,000001,ｵﾈｽﾄ,000001,新木場ﾘｻｲｸﾙ工場,000001,ｵﾈｽﾄ,000594,新菱冷熱工業都市環境事業部,2,電子,,000006,川部
2025/01/07(火),2025/01/07(火),2025/01/07(火),006034,新菱冷熱工業都市環境事業部,2,支払,000068,GC 軽鉄･ｽﾁｰﾙ類,"1,790","1,790",03,kg,26.5,"47,435",35819,000004,D（建設）,003,有価物,09:25,09:25,000007,西新宿六丁目地域冷暖房施設　第1プラント,000001,ｵﾈｽﾄ,000001,新木場ﾘｻｲｸﾙ工場,000001,ｵﾈｽﾄ,000594,新菱冷熱工業都市環境事業部,2,電子,,000006,川部
2025/01/07(火),2025/01/07(火),2025/01/07(火),006034,新菱冷熱工業都市環境事業部,2,支払,000068,GC 軽鉄･ｽﾁｰﾙ類,"1,880","1,880",03,kg,26.5,"49,820",35853,000004,D（建設）,003,有価物,11:44,11:44,000007,西新宿六丁目地域冷暖房施設　第1プラント,000001,ｵﾈｽﾄ,000001,新木場ﾘｻｲｸﾙ工場,000001,ｵﾈｽﾄ,000594,新菱冷熱工業都市環境事業部,1,紙,,000006,川部
2025/01/07(火),2025/01/07(火),2025/01/07(火),006034,新菱冷熱工業都市環境事業部,2,支払,000068,GC 軽鉄･ｽﾁｰﾙ類,"2,270","2,270",03,kg,26.5,"60,155",35816,000004,D（建設）,003,有価物,09:13,09:13,000007,西新宿六丁目地域冷暖房施設　第1プラント,000001,ｵﾈｽﾄ,000001,新木場ﾘｻｲｸﾙ工場,000001,ｵﾈｽﾄ,000594,新菱冷熱工業都市環境事業部,2,電子,,000006,川部
2025/01/07(火),2025/01/07(火),2025/01/07(火),006076,TWC,1,売上,000002,混合廃棄物B,40,40,03,kg,65,"2,600",35885,000003,C（解体）,001,処分費,14:32,14:32,000013,中央区銀座2-13-11,000001,ｵﾈｽﾄ,000001,新木場ﾘｻｲｸﾙ工場,006076,TWC,000904,TWC,1,紙,,000004,山本
2025/01/07(火),2025/01/07(火),2025/01/07(火),006076,TWC,1,売上,000002,混合廃棄物B,130,130,03,kg,65,"8,450",35846,000003,C（解体）,001,処分費,11:45,11:48,000012,東京都西東京市東町3-5-5,000001,ｵﾈｽﾄ,000001,新木場ﾘｻｲｸﾙ工場,006076,TWC,000904,TWC,1,紙,,000004,山本
2025/01/07(火),2025/01/07(火),2025/01/07(火),006076,TWC,1,売上,000017,軽量物系A(ｽﾀｲﾛﾌｫｰﾑ),130,130,03,kg,200,"26,000",35846,000003,C（解体）,001,処分費,11:45,11:48,000012,東京都西東京市東町3-5-5,000001,ｵﾈｽﾄ,000001,新木場ﾘｻｲｸﾙ工場,006076,TWC,000904,TWC,1,紙,,000004,山本
2025/01/07(火),2025/01/07(火),2025/01/07(火),006176,ﾌｨｰﾙｹﾞｰﾄ,1,売上,000001,混合廃棄物A,130,130,03,kg,70,"9,100",35822,000004,D（建設）,001,処分費,09:40,09:44,000000,ﾌｨｰﾙｹﾞｰﾄ,000001,ｵﾈｽﾄ,000001,新木場ﾘｻｲｸﾙ工場,006176,ﾌｨｰﾙｹﾞｰﾄ,001056,ﾌｨｰﾙｹﾞｰﾄ,1,紙,,000012,サン・テクノ
2025/01/07(火),2025/01/07(火),2025/01/07(火),006214,内田工務店,1,売上,000002,混合廃棄物B,"1,540","1,540",03,kg,70,"107,800",35924,000004,D（建設）,001,処分費,17:26,17:30,000000,内田工務店,000001,ｵﾈｽﾄ,000001,新木場ﾘｻｲｸﾙ工場,001225,ｹｲﾖｰｶﾞｰﾍﾞｯﾁﾞ,000949,ｹｲﾖｰｶﾞｰﾍﾞｯﾁﾞ,1,紙,,000002,渡辺
2025/01/07(火),2025/01/07(火),2025/01/07(火),006345,ｸﾛｽｶﾝﾊﾟﾆｰ,1,売上,000001,混合廃棄物A,280,280,03,kg,65,"18,200",35920,000002,B（残置）,001,処分費,17:34,17:45,000000,ｸﾛｽｶﾝﾊﾟﾆｰ,000001,ｵﾈｽﾄ,000001,新木場ﾘｻｲｸﾙ工場,006171,Pasito,000485,Pasito,1,紙,,000007,小林
2025/01/07(火),2025/01/07(火),2025/01/07(火),006345,ｸﾛｽｶﾝﾊﾟﾆｰ,1,売上,000013,混合廃棄物(ｿﾌｧｰ),30,30,03,kg,100,"3,000",35920,000002,B（残置）,001,処分費,17:34,17:45,000000,ｸﾛｽｶﾝﾊﾟﾆｰ,000001,ｵﾈｽﾄ,000001,新木場ﾘｻｲｸﾙ工場,006171,Pasito,000485,Pasito,1,紙,,000007,小林
2025/01/07(火),2025/01/07(火),2025/01/07(火),006345,ｸﾛｽｶﾝﾊﾟﾆｰ,1,売上,000036,ﾏｯﾄﾚｽ(ｼﾝｸﾞﾙ),20,2,11,枚,"6,000","12,000",35920,000002,B（残置）,001,処分費,17:34,17:45,000000,ｸﾛｽｶﾝﾊﾟﾆｰ,000001,ｵﾈｽﾄ,000001,新木場ﾘｻｲｸﾙ工場,006171,Pasito,000485,Pasito,1,紙,,000007,小林
2025/01/07(火),2025/01/07(火),2025/01/07(火),006509,ﾅｲﾃｯｸｽ,1,売上,000028,ﾊﾟｰﾃｰｼｮﾝﾎﾞｰﾄﾞ,800,800,03,kg,60,"48,000",35883,000001,A（事業）,001,処分費,14:21,14:22,000000,ﾅｲﾃｯｸｽ,000001,ｵﾈｽﾄ,000001,新木場ﾘｻｲｸﾙ工場,006509,ﾅｲﾃｯｸｽ,000182,ﾅｲﾃｯｸｽ,1,紙,,000004,山本
2025/01/07(火),2025/01/07(火),2025/01/07(火),006569,お世話や,1,売上,000001,混合廃棄物A,810,810,03,kg,60,"48,600",35909,000002,B（残置）,001,処分費,16:44,16:46,000001,お世話や　初台事務所,000001,ｵﾈｽﾄ,000001,新木場ﾘｻｲｸﾙ工場,001656,真和商事,000055,真和商事,1,紙,,000002,渡辺
2025/01/07(火),2025/01/07(火),2025/01/07(火),006925,(ｻﾝﾃｸﾉ)ﾘｽﾀｰﾄ,1,売上,000001,混合廃棄物A,260,260,03,kg,58,"15,080",35904,000006,F（他）,001,処分費,16:30,16:33,000000,(ｻﾝﾃｸﾉ)ﾘｽﾀｰﾄ,000001,ｵﾈｽﾄ,000001,新木場ﾘｻｲｸﾙ工場,006925,(ｻﾝﾃｸﾉ)ﾘｽﾀｰﾄ,001022,ｻﾝ･ﾃｸﾉ,1,紙,,000012,サン・テクノ
2025/01/07(火),2025/01/07(火),2025/01/07(火),007009,ｱｲ･ﾃｨｰ･ｴｯｸｽ,1,売上,000001,混合廃棄物A,"1,480","1,480",03,kg,54,"79,920",35815,000001,A（事業）,001,処分費,09:12,09:15,000002,ﾄﾞｺﾓｼｮｯﾌﾟ大泉学園店,000001,ｵﾈｽﾄ,000001,新木場ﾘｻｲｸﾙ工場,000028,五十嵐商会,000025,五十嵐商会,1,紙,,000002,渡辺
2025/01/07(火),2025/01/07(火),2025/01/07(火),007327,ﾌﾞﾙｰｲﾝﾃｸﾞ,1,売上,000016,軽量物系A(発泡ｽﾁﾛｰﾙ),60,60,03,kg,200,"12,000",35879,000004,D（建設）,001,処分費,13:59,13:59,000001,北方町資材置場,000001,ｵﾈｽﾄ,000001,新木場ﾘｻｲｸﾙ工場,000305,ｹｲｴｲﾁ･ﾘｻｲｸﾙ,000246,ｹｲｴｲﾁ･ﾘｻｲｸﾙ,1,紙,,000006,川部
2025/01/07(火),2025/01/07(火),2025/01/07(火),007387,ｴｸｼｵｸﾞﾙｰﾌﾟ,1,売上,000004,混合廃棄物(焼却物),300,300,03,kg,75,"22,500",35866,000004,D（建設）,001,処分費,13:06,13:06,000009,千葉支店茂原ｻｰﾋﾞｽ総合工事,000001,ｵﾈｽﾄ,000001,新木場ﾘｻｲｸﾙ工場,003444,上野運輸,000271,上野運輸,1,紙,,000004,山本
2025/01/07(火),2025/01/07(火),2025/01/07(火),007448,ﾗﾝﾄﾞｳｪﾙ,1,売上,000001,混合廃棄物A,670,670,03,kg,60,"40,200",35856,000002,B（残置）,001,処分費,12:03,12:06,000000,ﾗﾝﾄﾞｳｪﾙ,000001,ｵﾈｽﾄ,000001,新木場ﾘｻｲｸﾙ工場,001656,真和商事,000055,真和商事,1,紙,,000002,渡辺
2025/01/07(火),2025/01/07(火),2025/01/07(火),007764,ﾊﾟﾅｿﾆｯｸﾎｰﾑｽﾞ不動産,1,売上,000001,混合廃棄物A,600,6,02,m3,"12,000","72,000",35873,000002,B（残置）,001,処分費,13:36,13:36,000001,【東京】世田谷区　鎌田集積場,000001,ｵﾈｽﾄ,000001,新木場ﾘｻｲｸﾙ工場,000001,ｵﾈｽﾄ,000227,ﾊﾟﾅｿﾆｯｸﾎｰﾑｽﾞ不動産,2,電子,,000004,山本
2025/01/07(火),2025/01/07(火),2025/01/07(火),007764,ﾊﾟﾅｿﾆｯｸﾎｰﾑｽﾞ不動産,1,売上,000109,運搬費,,1,07,台,"24,000","24,000",35873,000002,B（残置）,002,運搬費,13:36,13:36,000001,【東京】世田谷区　鎌田集積場,000001,ｵﾈｽﾄ,000001,新木場ﾘｻｲｸﾙ工場,000001,ｵﾈｽﾄ,000227,ﾊﾟﾅｿﾆｯｸﾎｰﾑｽﾞ不動産,2,電子,,000004,山本
2025/01/07(火),2025/01/07(火),2025/01/07(火),007792,二幸産業東京第二支社,1,売上,000043,ﾀｲﾙｶｰﾍﾟｯﾄ,"2,150","2,150",03,kg,55,"118,250",35876,000002,B（残置）,001,処分費,13:56,14:01,000002,日本女子大学,000001,ｵﾈｽﾄ,000001,新木場ﾘｻｲｸﾙ工場,001308,ｵﾈｽﾄ･ﾜﾝ,001021,ｵﾈｽﾄ･ﾜﾝ,1,紙,,000011,オネスト・ワン
2025/01/07(火),2025/01/07(火),2025/01/07(火),007903,BANDAISPIRITS,1,売上,000004,混合廃棄物(焼却物),960,960,03,kg,58,"55,680",35896,000001,A（事業）,001,処分費,14:39,14:39,000000,BANDAISPIRITS,000001,ｵﾈｽﾄ,000001,新木場ﾘｻｲｸﾙ工場,000302,ﾖｼﾓﾘ,000244,ﾖｼﾓﾘ,1,紙,,000002,渡辺
2025/01/07(火),2025/01/07(火),2025/01/07(火),007917,ﾜｰｸﾏﾝ,1,売上,000001,混合廃棄物A,230,230,03,kg,65,"14,950",35918,000004,D（建設）,001,処分費,17:18,17:23,000000,ﾜｰｸﾏﾝ,000001,ｵﾈｽﾄ,000001,新木場ﾘｻｲｸﾙ工場,001051,Y-maxx,000808,Y-maxx,1,紙,,000004,山本
2025/01/07(火),2025/01/07(火),2025/01/07(火),008449,ﾌﾟﾚｲﾜﾝ,1,売上,000020,軽量物系A(ｳﾚﾀﾝ),60,60,03,kg,200,"12,000",35907,000003,C（解体）,001,処分費,16:40,16:42,000022,神奈川県横浜市鶴見区汐入町3-46-1,000001,ｵﾈｽﾄ,000001,新木場ﾘｻｲｸﾙ工場,008343,JANSTAR,000627,JANSTAR,1,紙,,000006,川部
2025/01/07(火),2025/01/07(火),2025/01/07(火),008449,ﾌﾟﾚｲﾜﾝ,1,売上,000021,軽量物系B(ｸﾞﾗｽｳｰﾙ),10,10,03,kg,80,800,35907,000003,C（解体）,001,処分費,16:40,16:42,000022,神奈川県横浜市鶴見区汐入町3-46-1,000001,ｵﾈｽﾄ,000001,新木場ﾘｻｲｸﾙ工場,008343,JANSTAR,000627,JANSTAR,1,紙,,000006,川部
2025/01/07(火),2025/01/07(火),2025/01/07(火),008510,ｻﾝｸｻﾎﾟｰﾄ,1,売上,000002,混合廃棄物B,30,30,03,kg,70,"2,100",35914,000002,B（残置）,001,処分費,16:29,16:30,000000,ｻﾝｸｻﾎﾟｰﾄ,000001,ｵﾈｽﾄ,000001,新木場ﾘｻｲｸﾙ工場,008510,ｻﾝｸｻﾎﾟｰﾄ,001372,ｻﾝｸｻﾎﾟｰﾄ,1,紙,,000005,今村（紀）
2025/01/07(火),2025/01/07(火),2025/01/07(火),008510,ｻﾝｸｻﾎﾟｰﾄ,1,売上,000102,ﾏﾆﾌｪｽﾄ,,1,11,枚,50,50,35914,000002,B（残置）,001,処分費,16:29,16:30,000000,ｻﾝｸｻﾎﾟｰﾄ,000001,ｵﾈｽﾄ,000001,新木場ﾘｻｲｸﾙ工場,008510,ｻﾝｸｻﾎﾟｰﾄ,001372,ｻﾝｸｻﾎﾟｰﾄ,1,紙,,000005,今村（紀）
2025/01/07(火),2025/01/07(火),2025/01/07(火),008712,ﾊﾟﾗﾚﾙ東京,1,売上,000001,混合廃棄物A,"2,100","2,100",03,kg,63,"132,300",35890,000002,B（残置）,001,処分費,15:13,15:20,000000,ﾊﾟﾗﾚﾙ東京,000001,ｵﾈｽﾄ,000001,新木場ﾘｻｲｸﾙ工場,001308,ｵﾈｽﾄ･ﾜﾝ,001021,ｵﾈｽﾄ･ﾜﾝ,1,紙,,000011,オネスト・ワン
2025/01/07(火),2025/01/07(火),2025/01/07(火),008712,ﾊﾟﾗﾚﾙ東京,1,売上,000030,選別,"1,140","1,140",03,kg,60,"68,400",35906,000002,B（残置）,001,処分費,16:30,16:32,000001,ﾊﾟﾗﾚﾙ東京,000001,ｵﾈｽﾄ,000001,新木場ﾘｻｲｸﾙ工場,001308,ｵﾈｽﾄ･ﾜﾝ,001021,ｵﾈｽﾄ･ﾜﾝ,1,紙,,000011,オネスト・ワン
2025/01/07(火),2025/01/07(火),2025/01/07(火),008712,ﾊﾟﾗﾚﾙ東京,2,支払,000064,ｱﾙﾐ類,20,20,03,kg,150,"3,000",35906,000002,B（残置）,003,有価物,16:30,16:32,000001,ﾊﾟﾗﾚﾙ東京,000001,ｵﾈｽﾄ,000001,新木場ﾘｻｲｸﾙ工場,001308,ｵﾈｽﾄ･ﾜﾝ,001021,ｵﾈｽﾄ･ﾜﾝ,1,紙,,000011,オネスト・ワン
2025/01/07(火),2025/01/07(火),2025/01/07(火),008712,ﾊﾟﾗﾚﾙ東京,2,支払,000068,GC 軽鉄･ｽﾁｰﾙ類,740,740,03,kg,28,"20,720",35906,000002,B（残置）,003,有価物,16:30,16:32,000001,ﾊﾟﾗﾚﾙ東京,000001,ｵﾈｽﾄ,000001,新木場ﾘｻｲｸﾙ工場,001308,ｵﾈｽﾄ･ﾜﾝ,001021,ｵﾈｽﾄ･ﾜﾝ,1,紙,,000011,オネスト・ワン
2025/01/08(水),2025/01/08(水),2025/01/08(水),000010,ｸﾛｻﾜ工業,1,売上,000002,混合廃棄物B,360,360,03,kg,70,"25,200",35953,000003,C（解体）,001,処分費,09:05,09:07,000013,葛飾区立石7-23-14,000001,ｵﾈｽﾄ,000001,新木場ﾘｻｲｸﾙ工場,000010,ｸﾛｻﾜ工業,000009,ｸﾛｻﾜ工業,1,紙,,000004,山本
2025/01/08(水),2025/01/08(水),2025/01/08(水),000026,ｼｰﾒﾝｽﾍﾙｽｹｱ,1,売上,000001,混合廃棄物A,"2,220","2,220",03,kg,60,"133,200",35961,000006,F（他）,001,処分費,10:27,10:44,000001,ｼｰﾒﾝｽﾍﾙｽｹｱ平和島ｾﾝﾀｰ,000001,ｵﾈｽﾄ,000001,新木場ﾘｻｲｸﾙ工場,000243,田端運輸,000097,ｼｰﾒﾝｽﾍﾙｽｹｱ,1,紙,,000003,蛯子
2025/01/08(水),2025/01/08(水),2025/01/08(水),000026,ｼｰﾒﾝｽﾍﾙｽｹｱ,1,売上,000460,GC　軽鉄・ｽﾁｰﾙ類,"2,140","2,140",03,kg,0,0,36008,000006,F（他）,001,処分費,13:04,13:04,000001,ｼｰﾒﾝｽﾍﾙｽｹｱ平和島ｾﾝﾀｰ,000001,ｵﾈｽﾄ,000001,新木場ﾘｻｲｸﾙ工場,000243,田端運輸,000097,ｼｰﾒﾝｽﾍﾙｽｹｱ,1,紙,,000003,蛯子
2025/01/08(水),2025/01/08(水),2025/01/08(水),000074,横田住建,1,売上,000002,混合廃棄物B,330,330,03,kg,70,"23,100",35928,000002,B（残置）,001,処分費,07:05,07:08,000010,練馬区練馬1-10-1,000001,ｵﾈｽﾄ,000001,新木場ﾘｻｲｸﾙ工場,000074,横田住建,000061,横田住建,1,紙,,000007,小林
2025/01/08(水),2025/01/08(水),2025/01/08(水),000081,市川工業,1,売上,000002,混合廃棄物B,390,390,03,kg,70,"27,300",35938,000003,C（解体）,001,処分費,07:11,07:13,000032,六本木協和ﾋﾞﾙ西館改修工事,000001,ｵﾈｽﾄ,000001,新木場ﾘｻｲｸﾙ工場,000081,市川工業,000067,市川工業,1,紙,,000007,小林
2025/01/08(水),2025/01/08(水),2025/01/08(水),000168,ｹｰﾕｰ興業,1,売上,000002,混合廃棄物B,530,530,03,kg,70,"37,100",35939,000003,C（解体）,001,処分費,07:32,07:34,000011,木造2階建解体工事,000001,ｵﾈｽﾄ,000001,新木場ﾘｻｲｸﾙ工場,000168,ｹｰﾕｰ興業,000332,ｹｰﾕｰ興業,1,紙,,000007,小林
2025/01/08(水),2025/01/08(水),2025/01/08(水),000228,社会福祉法人台東区社会福祉事業団,1,売上,000001,混合廃棄物A,"1,160","1,160",03,kg,65,"75,400",35958,000001,A（事業）,001,処分費,09:47,09:49,000002,特別養護老人ﾎｰﾑ谷中,000001,ｵﾈｽﾄ,000001,新木場ﾘｻｲｸﾙ工場,000337,協立輸送,000274,協立輸送,1,紙,,000006,川部
2025/01/08(水),2025/01/08(水),2025/01/08(水),000238,日本貨物鉄道関東支社川崎車両所,1,売上,000001,混合廃棄物A,"2,340","2,340",03,kg,65,"152,100",36022,000004,D（建設）,001,処分費,14:27,14:27,000000,日本貨物鉄道関東支社川崎車両所,000001,ｵﾈｽﾄ,000001,新木場ﾘｻｲｸﾙ工場,000001,ｵﾈｽﾄ,000123,京葉興業,1,紙,,000004,山本
2025/01/08(水),2025/01/08(水),2025/01/08(水),000238,日本貨物鉄道関東支社川崎車両所,1,売上,000349,運搬費(4ｔｺﾝﾃﾅ),,1,07,台,"23,000","23,000",36022,000004,D（建設）,002,運搬費,14:27,14:27,000000,日本貨物鉄道関東支社川崎車両所,000001,ｵﾈｽﾄ,000001,新木場ﾘｻｲｸﾙ工場,000001,ｵﾈｽﾄ,000123,京葉興業,1,紙,,000004,山本
2025/01/08(水),2025/01/08(水),2025/01/08(水),000247,ﾕﾆ商会,1,売上,000001,混合廃棄物A,30,30,03,kg,65,"1,950",36037,000004,D（建設）,001,処分費,15:39,16:17,000000,ﾕﾆ商会,000001,ｵﾈｽﾄ,000001,新木場ﾘｻｲｸﾙ工場,000001,ｵﾈｽﾄ,000203,ﾕﾆ商会,1,紙,,000005,今村（紀）
2025/01/08(水),2025/01/08(水),2025/01/08(水),000247,ﾕﾆ商会,1,売上,000030,選別,50,50,03,kg,70,"3,500",36037,000004,D（建設）,001,処分費,15:39,16:17,000000,ﾕﾆ商会,000001,ｵﾈｽﾄ,000001,新木場ﾘｻｲｸﾙ工場,000001,ｵﾈｽﾄ,000203,ﾕﾆ商会,1,紙,,000005,今村（紀）
2025/01/08(水),2025/01/08(水),2025/01/08(水),000247,ﾕﾆ商会,1,売上,000352,運搬費(2ｔ車),,1,07,台,"20,000","20,000",36037,000004,D（建設）,002,運搬費,15:39,16:17,000000,ﾕﾆ商会,000001,ｵﾈｽﾄ,000001,新木場ﾘｻｲｸﾙ工場,000001,ｵﾈｽﾄ,000203,ﾕﾆ商会,1,紙,,000005,今村（紀）
2025/01/08(水),2025/01/08(水),2025/01/08(水),000247,ﾕﾆ商会,2,支払,000068,GC 軽鉄･ｽﾁｰﾙ類,730,730,03,kg,15.5,"11,315",36037,000004,D（建設）,003,有価物,15:39,16:17,000000,ﾕﾆ商会,000001,ｵﾈｽﾄ,000001,新木場ﾘｻｲｸﾙ工場,000001,ｵﾈｽﾄ,000203,ﾕﾆ商会,1,紙,,000005,今村（紀）
2025/01/08(水),2025/01/08(水),2025/01/08(水),000272,新建産業,1,売上,000001,混合廃棄物A,190,190,03,kg,65,"12,350",35971,000001,A（事業）,001,処分費,11:22,11:25,000000,新建産業,000001,ｵﾈｽﾄ,000001,新木場ﾘｻｲｸﾙ工場,000272,新建産業,000222,新建産業,1,紙,,000006,川部
2025/01/08(水),2025/01/08(水),2025/01/08(水),000281,ﾒﾀｳｫｰﾀｰ,1,売上,000014,混合廃棄物,930,8,02,m3,"10,000","80,000",35967,000004,D（建設）,001,処分費,11:15,11:15,000008,北部流域処理場汚泥焼却設備工事,000001,ｵﾈｽﾄ,000001,新木場ﾘｻｲｸﾙ工場,000001,ｵﾈｽﾄ,000281,ﾒﾀｳｫｰﾀｰ,2,電子,,000010,メタウォーター
2025/01/08(水),2025/01/08(水),2025/01/08(水),000281,ﾒﾀｳｫｰﾀｰ,1,売上,000109,運搬費,,1,07,台,"35,000","35,000",35967,000004,D（建設）,002,運搬費,11:15,11:15,000008,北部流域処理場汚泥焼却設備工事,000001,ｵﾈｽﾄ,000001,新木場ﾘｻｲｸﾙ工場,000001,ｵﾈｽﾄ,000281,ﾒﾀｳｫｰﾀｰ,2,電子,,000010,メタウォーター
2025/01/08(水),2025/01/08(水),2025/01/08(水),000286,ｷﾀｻﾞﾜ引越ｾﾝﾀｰ,1,売上,000001,混合廃棄物A,400,400,03,kg,65,"26,000",35941,000002,B（残置）,001,処分費,08:13,08:18,000000,ｷﾀｻﾞﾜ引越ｾﾝﾀｰ,000001,ｵﾈｽﾄ,000001,新木場ﾘｻｲｸﾙ工場,000286,ｷﾀｻﾞﾜ引越ｾﾝﾀｰ,000230,ｷﾀｻﾞﾜ引越ｾﾝﾀｰ,1,紙,,000006,川部
2025/01/08(水),2025/01/08(水),2025/01/08(水),000312,野口興業,1,売上,000001,混合廃棄物A,650,650,03,kg,45,"29,250",35947,000001,A（事業）,001,処分費,08:34,08:40,000000,野口興業,000001,ｵﾈｽﾄ,000001,新木場ﾘｻｲｸﾙ工場,000312,野口興業,000253,野口興業,1,紙,,000002,渡辺
2025/01/08(水),2025/01/08(水),2025/01/08(水),000313,ｱｰﾙｸﾘｴｲﾄ,1,売上,000001,混合廃棄物A,"2,030","2,030",03,kg,65,"131,950",36006,000003,C（解体）,001,処分費,13:54,14:00,000000,ｱｰﾙｸﾘｴｲﾄ,000001,ｵﾈｽﾄ,000001,新木場ﾘｻｲｸﾙ工場,000313,ｱｰﾙｸﾘｴｲﾄ,000254,ｱｰﾙｸﾘｴｲﾄ,1,紙,,000006,川部
2025/01/08(水),2025/01/08(水),2025/01/08(水),000313,ｱｰﾙｸﾘｴｲﾄ,1,売上,000001,混合廃棄物A,"3,420","3,420",03,kg,65,"222,300",36058,000003,C（解体）,001,処分費,17:25,17:51,000000,ｱｰﾙｸﾘｴｲﾄ,000001,ｵﾈｽﾄ,000001,新木場ﾘｻｲｸﾙ工場,000313,ｱｰﾙｸﾘｴｲﾄ,000254,ｱｰﾙｸﾘｴｲﾄ,1,紙,,000006,川部
2025/01/08(水),2025/01/08(水),2025/01/08(水),000323,雑用社,1,売上,000002,混合廃棄物B,500,500,03,kg,70,"35,000",35944,000002,B（残置）,001,処分費,08:22,08:26,000000,雑用社,000001,ｵﾈｽﾄ,000001,新木場ﾘｻｲｸﾙ工場,000323,雑用社,000260,雑用社,1,紙,,000002,渡辺
2025/01/08(水),2025/01/08(水),2025/01/08(水),000333,坪田運送,1,売上,000001,混合廃棄物A,270,270,03,kg,65,"17,550",35960,000005,E（中・積),001,処分費,10:11,10:11,000000,坪田運送,000001,ｵﾈｽﾄ,000001,新木場ﾘｻｲｸﾙ工場,000333,坪田運送,000270,坪田運送,1,紙,,000002,渡辺
2025/01/08(水),2025/01/08(水),2025/01/08(水),000462,ｽﾀｰﾂCAM,1,売上,000002,混合廃棄物B,120,120,03,kg,70,"8,400",35952,000004,D（建設）,001,処分費,09:07,09:07,000007,湯島2丁目福栄第3ﾋﾞﾙ解体工事,000001,ｵﾈｽﾄ,000001,新木場ﾘｻｲｸﾙ工場,000474,ｱｸﾛﾊﾞｯﾄｱｰﾑｽﾞ,000360,ｱｸﾛﾊﾞｯﾄｱｰﾑｽﾞ,2,電子,,000002,渡辺
2025/01/08(水),2025/01/08(水),2025/01/08(水),000740,ﾌﾛﾝﾃｨｱ,1,売上,000021,軽量物系B(ｸﾞﾗｽｳｰﾙ),650,650,03,kg,65,"42,250",35942,000001,A（事業）,001,処分費,08:22,08:24,000001,ﾌﾛﾝﾃｨｱ入谷ﾘｻｲｸﾙ工場,000001,ｵﾈｽﾄ,000001,新木場ﾘｻｲｸﾙ工場,000740,ﾌﾛﾝﾃｨｱ,000570,ﾌﾛﾝﾃｨｱ（渡辺・足立区）,1,紙,,000002,渡辺
2025/01/08(水),2025/01/08(水),2025/01/08(水),000751,まごのて,1,売上,000001,混合廃棄物A,780,780,03,kg,65,"50,700",36005,000002,B（残置）,001,処分費,13:32,13:46,000000,まごのて,000001,ｵﾈｽﾄ,000001,新木場ﾘｻｲｸﾙ工場,000751,まごのて,000580,まごのて,2,電子,,000006,川部
2025/01/08(水),2025/01/08(水),2025/01/08(水),000809,ﾊｳｽｻﾎﾟｰﾄ ｹｰｲﾝ,1,売上,000029,木くず,490,490,03,kg,35,"17,150",35990,000002,B（残置）,001,処分費,12:46,13:03,000000,ﾊｳｽｻﾎﾟｰﾄ ｹｰｲﾝ,000001,ｵﾈｽﾄ,000001,新木場ﾘｻｲｸﾙ工場,000809,ﾊｳｽｻﾎﾟｰﾄ ｹｰｲﾝ,000631,ﾊｳｽｻﾎﾟｰﾄ ｹｰｲﾝ,1,紙,,000003,蛯子
2025/01/08(水),2025/01/08(水),2025/01/08(水),000847,深禄産業,1,売上,000020,軽量物系A(ｳﾚﾀﾝ),50,50,03,kg,200,"10,000",36059,000003,C（解体）,001,処分費,18:05,18:10,000000,深禄産業,000001,ｵﾈｽﾄ,000001,新木場ﾘｻｲｸﾙ工場,000847,深禄産業,000661,深禄産業,1,紙,,000002,渡辺
2025/01/08(水),2025/01/08(水),2025/01/08(水),000885,ﾏｲﾝﾄﾞｶﾝﾊﾟﾆｰ合同会社,1,売上,000001,混合廃棄物A,500,500,03,kg,65,"32,500",36015,000002,B（残置）,001,処分費,14:33,14:41,000000,ﾏｲﾝﾄﾞｶﾝﾊﾟﾆｰ合同会社,000001,ｵﾈｽﾄ,000001,新木場ﾘｻｲｸﾙ工場,000885,ﾏｲﾝﾄﾞｶﾝﾊﾟﾆｰ合同会社,000685,ﾏｲﾝﾄﾞｶﾝﾊﾟﾆｰ,1,紙,,000005,今村（紀）
2025/01/08(水),2025/01/08(水),2025/01/08(水),000923,港区教育委員会事務局　学校教育部,1,売上,000014,混合廃棄物,40,40,03,kg,45,"1,800",35985,000006,F（他）,001,処分費,11:41,11:41,000006,高輪台小学校,000001,ｵﾈｽﾄ,000001,新木場ﾘｻｲｸﾙ工場,000001,ｵﾈｽﾄ,001311,港区教育委員会事務局　学校教育部,1,紙,,000007,小林
2025/01/08(水),2025/01/08(水),2025/01/08(水),000923,港区教育委員会事務局　学校教育部,1,売上,000014,混合廃棄物,60,60,03,kg,45,"2,700",35976,000006,F（他）,001,処分費,11:39,12:38,000037,南山幼稚園,000001,ｵﾈｽﾄ,000001,新木場ﾘｻｲｸﾙ工場,000001,ｵﾈｽﾄ,001311,港区教育委員会事務局　学校教育部,1,紙,,000007,小林
2025/01/08(水),2025/01/08(水),2025/01/08(水),000923,港区教育委員会事務局　学校教育部,1,売上,000014,混合廃棄物,280,280,03,kg,45,"12,600",36025,000006,F（他）,001,処分費,14:18,14:18,000019,白金の丘学園　白金の丘中学校,000001,ｵﾈｽﾄ,000001,新木場ﾘｻｲｸﾙ工場,000001,ｵﾈｽﾄ,001311,港区教育委員会事務局　学校教育部,1,紙,,000007,小林
2025/01/08(水),2025/01/08(水),2025/01/08(水),000923,港区教育委員会事務局　学校教育部,1,売上,000014,混合廃棄物,460,460,03,kg,45,"20,700",35987,000006,F（他）,001,処分費,16:32,12:37,000035,南山小学校,000001,ｵﾈｽﾄ,000001,新木場ﾘｻｲｸﾙ工場,000001,ｵﾈｽﾄ,001311,港区教育委員会事務局　学校教育部,1,紙,,000007,小林
2025/01/08(水),2025/01/08(水),2025/01/08(水),000923,港区教育委員会事務局　学校教育部,1,売上,000014,混合廃棄物,540,540,03,kg,45,"24,300",35986,000006,F（他）,001,処分費,11:20,12:35,000035,南山小学校,000001,ｵﾈｽﾄ,000001,新木場ﾘｻｲｸﾙ工場,000001,ｵﾈｽﾄ,001311,港区教育委員会事務局　学校教育部,1,紙,,000007,小林
2025/01/08(水),2025/01/08(水),2025/01/08(水),000923,港区教育委員会事務局　学校教育部,1,売上,000014,混合廃棄物,"1,700","1,700",03,kg,45,"76,500",35974,000006,F（他）,001,処分費,11:22,12:44,000020,六本木中学校,000001,ｵﾈｽﾄ,000001,新木場ﾘｻｲｸﾙ工場,000001,ｵﾈｽﾄ,001311,港区教育委員会事務局　学校教育部,1,紙,,000007,小林
2025/01/08(水),2025/01/08(水),2025/01/08(水),000923,港区教育委員会事務局　学校教育部,1,売上,000014,混合廃棄物,"2,770","2,770",03,kg,45,"124,650",36046,000006,F（他）,001,処分費,15:36,15:45,000020,六本木中学校,000001,ｵﾈｽﾄ,000001,新木場ﾘｻｲｸﾙ工場,000001,ｵﾈｽﾄ,001311,港区教育委員会事務局　学校教育部,1,紙,,000007,小林
2025/01/08(水),2025/01/08(水),2025/01/08(水),000988,さくら装建,1,売上,000001,混合廃棄物A,860,860,03,kg,65,"55,900",36024,000002,B（残置）,001,処分費,14:57,14:57,000000,さくら装建,000001,ｵﾈｽﾄ,000001,新木場ﾘｻｲｸﾙ工場,000988,さくら装建,000766,さくら装建,1,紙,,000002,渡辺
2025/01/08(水),2025/01/08(水),2025/01/08(水),001001,杉並区,1,売上,000001,混合廃棄物A,190,190,03,kg,65,"12,350",36003,000002,B（残置）,001,処分費,13:31,14:07,000001,杉並区立高井戸小学校,000001,ｵﾈｽﾄ,000001,新木場ﾘｻｲｸﾙ工場,003139,皆利,000759,永福引越ｾﾝﾀｰ（㈱渡辺興業）,1,紙,,000002,渡辺
2025/01/08(水),2025/01/08(水),2025/01/08(水),001001,杉並区,1,売上,000029,木くず,210,210,03,kg,35,"7,350",36003,000002,B（残置）,001,処分費,13:31,14:07,000001,杉並区立高井戸小学校,000001,ｵﾈｽﾄ,000001,新木場ﾘｻｲｸﾙ工場,003139,皆利,000759,永福引越ｾﾝﾀｰ（㈱渡辺興業）,1,紙,,000002,渡辺
2025/01/08(水),2025/01/08(水),2025/01/08(水),001001,杉並区,1,売上,000029,木くず,250,250,03,kg,35,"8,750",36003,000002,B（残置）,001,処分費,13:31,14:07,000001,杉並区立高井戸小学校,000001,ｵﾈｽﾄ,000001,新木場ﾘｻｲｸﾙ工場,003139,皆利,000759,永福引越ｾﾝﾀｰ（㈱渡辺興業）,1,紙,,000002,渡辺
2025/01/08(水),2025/01/08(水),2025/01/08(水),001001,杉並区,1,売上,000030,選別,30,30,03,kg,70,"2,100",36003,000002,B（残置）,001,処分費,13:31,14:07,000001,杉並区立高井戸小学校,000001,ｵﾈｽﾄ,000001,新木場ﾘｻｲｸﾙ工場,003139,皆利,000759,永福引越ｾﾝﾀｰ（㈱渡辺興業）,1,紙,,000002,渡辺
2025/01/08(水),2025/01/08(水),2025/01/08(水),001001,杉並区,2,支払,000068,GC 軽鉄･ｽﾁｰﾙ類,110,110,03,kg,15.5,"1,705",36003,000002,B（残置）,003,有価物,13:31,14:07,000001,杉並区立高井戸小学校,000001,ｵﾈｽﾄ,000001,新木場ﾘｻｲｸﾙ工場,003139,皆利,000759,永福引越ｾﾝﾀｰ（㈱渡辺興業）,1,紙,,000002,渡辺
2025/01/08(水),2025/01/08(水),2025/01/08(水),001001,杉並区,2,支払,000068,GC 軽鉄･ｽﾁｰﾙ類,290,290,03,kg,15.5,"4,495",36003,000002,B（残置）,003,有価物,13:31,14:07,000001,杉並区立高井戸小学校,000001,ｵﾈｽﾄ,000001,新木場ﾘｻｲｸﾙ工場,003139,皆利,000759,永福引越ｾﾝﾀｰ（㈱渡辺興業）,1,紙,,000002,渡辺
2025/01/08(水),2025/01/08(水),2025/01/08(水),001106,舞浜企画（市川本社）,1,売上,000002,混合廃棄物B,10,10,03,kg,70,700,36017,000003,C（解体）,001,処分費,14:26,14:28,000005,共同住宅ｱｯﾌﾟﾙﾊｲﾂ,000001,ｵﾈｽﾄ,000001,新木場ﾘｻｲｸﾙ工場,005727,富山,000896,富山,1,紙,,000004,山本
2025/01/08(水),2025/01/08(水),2025/01/08(水),001106,舞浜企画（市川本社）,1,売上,000004,混合廃棄物(焼却物),250,250,03,kg,75,"18,750",36063,000003,C（解体）,001,処分費,18:14,18:16,000006,焼き鳥まさや・内装解体工事,000001,ｵﾈｽﾄ,000001,新木場ﾘｻｲｸﾙ工場,005727,富山,000896,富山,1,紙,,000004,山本
2025/01/08(水),2025/01/08(水),2025/01/08(水),001106,舞浜企画（市川本社）,1,売上,000021,軽量物系B(ｸﾞﾗｽｳｰﾙ),110,110,03,kg,80,"8,800",36054,000003,C（解体）,001,処分費,16:52,16:54,000005,共同住宅ｱｯﾌﾟﾙﾊｲﾂ,000001,ｵﾈｽﾄ,000001,新木場ﾘｻｲｸﾙ工場,005727,富山,000896,富山,1,紙,,000004,山本
2025/01/08(水),2025/01/08(水),2025/01/08(水),001106,舞浜企画（市川本社）,1,売上,000021,軽量物系B(ｸﾞﾗｽｳｰﾙ),120,120,03,kg,80,"9,600",36017,000003,C（解体）,001,処分費,14:26,14:28,000005,共同住宅ｱｯﾌﾟﾙﾊｲﾂ,000001,ｵﾈｽﾄ,000001,新木場ﾘｻｲｸﾙ工場,005727,富山,000896,富山,1,紙,,000004,山本
2025/01/08(水),2025/01/08(水),2025/01/08(水),001166,広いｲﾃｹﾞﾙ,1,売上,000002,混合廃棄物B,690,690,03,kg,70,"48,300",36052,000003,C（解体）,001,処分費,16:51,16:56,000009,千葉県八千代市大和田33-5,000001,ｵﾈｽﾄ,000001,新木場ﾘｻｲｸﾙ工場,001166,広いｲﾃｹﾞﾙ,001346,広いｲﾃｹﾞﾙ,1,紙,,000007,小林
2025/01/08(水),2025/01/08(水),2025/01/08(水),001202,ｸﾘｴｲｼｮﾝ,1,売上,000001,混合廃棄物A,860,860,03,kg,65,"55,900",36013,000002,B（残置）,001,処分費,14:18,14:18,000000,ｸﾘｴｲｼｮﾝ,000001,ｵﾈｽﾄ,000001,新木場ﾘｻｲｸﾙ工場,001202,ｸﾘｴｲｼｮﾝ,000933,ｸﾘｴｲｼｮﾝ,1,紙,,000007,小林
2025/01/08(水),2025/01/08(水),2025/01/08(水),001226,ｱｰﾙﾂｰ,1,売上,000001,混合廃棄物A,40,40,03,kg,65,"2,600",36062,000002,B（残置）,001,処分費,18:20,18:22,000000,ｱｰﾙﾂｰ,000001,ｵﾈｽﾄ,000001,新木場ﾘｻｲｸﾙ工場,001226,ｱｰﾙﾂｰ,000950,ｱｰﾙﾂｰ,1,紙,,000006,川部
2025/01/08(水),2025/01/08(水),2025/01/08(水),001244,銀座急送,1,売上,000029,木くず,10,10,03,kg,35,350,36047,000002,B（残置）,001,処分費,16:31,16:56,000001,銀座急送㈱辰巳DS,000001,ｵﾈｽﾄ,000001,新木場ﾘｻｲｸﾙ工場,001244,銀座急送,000965,銀座急送,1,紙,,000002,渡辺
2025/01/08(水),2025/01/08(水),2025/01/08(水),001244,銀座急送,1,売上,000070,室外機,100,100,03,kg,70,"7,000",36047,000002,B（残置）,003,有価物,16:31,16:56,000001,銀座急送㈱辰巳DS,000001,ｵﾈｽﾄ,000001,新木場ﾘｻｲｸﾙ工場,001244,銀座急送,000965,銀座急送,1,紙,,000002,渡辺
2025/01/08(水),2025/01/08(水),2025/01/08(水),001244,銀座急送,1,売上,000108,室内機,60,60,03,kg,70,"4,200",36047,000002,B（残置）,001,処分費,16:31,16:56,000001,銀座急送㈱辰巳DS,000001,ｵﾈｽﾄ,000001,新木場ﾘｻｲｸﾙ工場,001244,銀座急送,000965,銀座急送,1,紙,,000002,渡辺
2025/01/08(水),2025/01/08(水),2025/01/08(水),001254,ﾄｯﾌﾟ,1,売上,000009,混合廃棄物(安定型),"1,000","1,000",03,kg,60,"60,000",36050,000004,D（建設）,001,処分費,16:41,16:46,000001,ﾄｯﾌﾟ　吉川事業所,000001,ｵﾈｽﾄ,000001,新木場ﾘｻｲｸﾙ工場,001254,ﾄｯﾌﾟ,000975,ﾄｯﾌﾟ,1,紙,,000002,渡辺
2025/01/08(水),2025/01/08(水),2025/01/08(水),001323,SUR,1,売上,000001,混合廃棄物A,60,60,03,kg,70,"4,200",36036,000002,B（残置）,001,処分費,16:14,16:20,000000,SUR,000001,ｵﾈｽﾄ,000001,新木場ﾘｻｲｸﾙ工場,001323,SUR,001034,SUR,1,紙,,000012,サン・テクノ
2025/01/08(水),2025/01/08(水),2025/01/08(水),001323,SUR,1,売上,000029,木くず,200,200,03,kg,40,"8,000",36036,000002,B（残置）,001,処分費,16:14,16:20,000000,SUR,000001,ｵﾈｽﾄ,000001,新木場ﾘｻｲｸﾙ工場,001323,SUR,001034,SUR,1,紙,,000012,サン・テクノ
2025/01/08(水),2025/01/08(水),2025/01/08(水),001361,三信ﾃｯｸ,1,売上,000002,混合廃棄物B,100,100,03,kg,70,"7,000",35966,000003,C（解体）,001,処分費,10:58,10:58,000003,高田馬場3丁目木造解体工事,000001,ｵﾈｽﾄ,000001,新木場ﾘｻｲｸﾙ工場,001361,三信ﾃｯｸ,001367,三信ﾃｯｸ,1,紙,,000007,小林
2025/01/08(水),2025/01/08(水),2025/01/08(水),001395,昭和女子大学,1,売上,000001,混合廃棄物A,200,200,03,kg,65,"13,000",36018,000001,A（事業）,001,処分費,14:34,14:36,000000,昭和女子大学,000001,ｵﾈｽﾄ,000001,新木場ﾘｻｲｸﾙ工場,000019,ﾀｹｴｲ,000016,ﾀｹｴｲ,1,紙,,000007,小林
2025/01/08(水),2025/01/08(水),2025/01/08(水),001454,谷津商会,1,売上,000001,混合廃棄物A,940,940,03,kg,65,"61,100",35992,000001,A（事業）,001,処分費,12:24,12:24,000000,谷津商会,000001,ｵﾈｽﾄ,000001,新木場ﾘｻｲｸﾙ工場,001454,谷津商会,000247,谷津商会,1,紙,,000002,渡辺
2025/01/08(水),2025/01/08(水),2025/01/08(水),001497,岩瀬運輸機工,1,売上,000001,混合廃棄物A,700,700,03,kg,65,"45,500",35940,000001,A（事業）,001,処分費,07:51,07:59,000000,岩瀬運輸機工,000001,ｵﾈｽﾄ,000001,新木場ﾘｻｲｸﾙ工場,001497,岩瀬運輸機工,000629,坪野谷紙業,1,紙,,000002,渡辺
2025/01/08(水),2025/01/08(水),2025/01/08(水),001497,岩瀬運輸機工,1,売上,000029,木くず,"1,060","1,060",03,kg,35,"37,100",35940,000001,A（事業）,001,処分費,07:51,07:59,000000,岩瀬運輸機工,000001,ｵﾈｽﾄ,000001,新木場ﾘｻｲｸﾙ工場,001497,岩瀬運輸機工,000629,坪野谷紙業,1,紙,,000002,渡辺
2025/01/08(水),2025/01/08(水),2025/01/08(水),001497,岩瀬運輸機工,1,売上,000029,木くず,"2,510","2,510",03,kg,35,"87,850",35983,000001,A（事業）,001,処分費,12:06,12:35,000000,岩瀬運輸機工,000001,ｵﾈｽﾄ,000001,新木場ﾘｻｲｸﾙ工場,001497,岩瀬運輸機工,000629,坪野谷紙業,1,紙,,000002,渡辺
2025/01/08(水),2025/01/08(水),2025/01/08(水),001500,ｽﾀｰｾﾞﾝﾛｼﾞｽﾃｨｸｽ,1,売上,000001,混合廃棄物A,870,870,03,kg,54,"46,980",35979,000001,A（事業）,001,処分費,12:00,12:00,000000,ｽﾀｰｾﾞﾝﾛｼﾞｽﾃｨｸｽ,000001,ｵﾈｽﾄ,000001,新木場ﾘｻｲｸﾙ工場,000028,五十嵐商会,000025,五十嵐商会,1,紙,,000002,渡辺
2025/01/08(水),2025/01/08(水),2025/01/08(水),001577,ｻﾝﾌﾛﾝﾃｨｱ不動産,1,売上,000001,混合廃棄物A,800,800,03,kg,60,"48,000",35946,000002,B（残置）,001,処分費,08:33,08:42,000001,SOLIX　SHIBUYA,000001,ｵﾈｽﾄ,000001,新木場ﾘｻｲｸﾙ工場,001656,真和商事,000055,真和商事,1,紙,,000002,渡辺
2025/01/08(水),2025/01/08(水),2025/01/08(水),001577,ｻﾝﾌﾛﾝﾃｨｱ不動産,1,売上,000093,混合廃棄物(ﾋﾞﾝ･缶･ﾍﾟｯﾄﾎﾞﾄﾙ),200,200,03,kg,45,"9,000",35946,000002,B（残置）,001,処分費,08:33,08:42,000001,SOLIX　SHIBUYA,000001,ｵﾈｽﾄ,000001,新木場ﾘｻｲｸﾙ工場,001656,真和商事,000055,真和商事,1,紙,,000002,渡辺
2025/01/08(水),2025/01/08(水),2025/01/08(水),001654,ﾌﾟﾘ･ﾃｯｸ,1,売上,000001,混合廃棄物A,"1,540","1,540",03,kg,65,"100,100",35927,000001,A（事業）,001,処分費,06:58,07:00,000000,ﾌﾟﾘ･ﾃｯｸ,000001,ｵﾈｽﾄ,000001,新木場ﾘｻｲｸﾙ工場,001248,東日本ﾊｲｳｪｲ,000969,東日本ﾊｲｳｪｲ,1,紙,,000002,渡辺
2025/01/08(水),2025/01/08(水),2025/01/08(水),001947,ﾁｬｺｰﾙ市野,1,売上,000001,混合廃棄物A,440,440,03,kg,53,"23,320",35964,000001,A（事業）,001,処分費,10:43,10:43,000001,渋谷市野ﾋﾞﾙ,000001,ｵﾈｽﾄ,000001,新木場ﾘｻｲｸﾙ工場,000302,ﾖｼﾓﾘ,000244,ﾖｼﾓﾘ,1,紙,,000002,渡辺
2025/01/08(水),2025/01/08(水),2025/01/08(水),001949,大成建設,1,売上,000001,混合廃棄物A,780,780,03,kg,54,"42,120",35943,000001,A（事業）,001,処分費,08:16,08:16,000002,ﾏｰﾄﾞﾚ松田,000001,ｵﾈｽﾄ,000001,新木場ﾘｻｲｸﾙ工場,000028,五十嵐商会,000025,五十嵐商会,1,紙,,000002,渡辺
2025/01/08(水),2025/01/08(水),2025/01/08(水),001955,ﾄﾓ･ｺｰﾎﾟﾚｰｼｮﾝ,1,売上,000001,混合廃棄物A,780,780,03,kg,53,"41,340",35948,000001,A（事業）,001,処分費,08:46,08:46,000001,ﾄﾓﾋﾞﾙ,000001,ｵﾈｽﾄ,000001,新木場ﾘｻｲｸﾙ工場,000302,ﾖｼﾓﾘ,000244,ﾖｼﾓﾘ,1,紙,,000002,渡辺
2025/01/08(水),2025/01/08(水),2025/01/08(水),001972,第一ﾋﾞﾙﾃﾞｨﾝｸﾞ,1,売上,000001,混合廃棄物A,"1,040","1,040",03,kg,54,"56,160",35957,000001,A（事業）,001,処分費,09:38,09:40,000001,経団連会館,000001,ｵﾈｽﾄ,000001,新木場ﾘｻｲｸﾙ工場,000028,五十嵐商会,000025,五十嵐商会,1,紙,,000002,渡辺
2025/01/08(水),2025/01/08(水),2025/01/08(水),002197,ﾏﾙﾊｳｼﾞﾝｸﾞｻｰﾋﾞｽ,1,売上,000001,混合廃棄物A,610,610,03,kg,65,"39,650",35978,000004,D（建設）,001,処分費,11:52,11:54,000001,ﾏﾙﾊｳｼﾞﾝｸﾞｻｰﾋﾞｽ,000001,ｵﾈｽﾄ,000001,新木場ﾘｻｲｸﾙ工場,000154,京葉興業,000123,京葉興業,1,紙,,000004,山本
2025/01/08(水),2025/01/08(水),2025/01/08(水),002245,三友建設,1,売上,000002,混合廃棄物B,140,140,03,kg,65,"9,100",35962,000003,C（解体）,001,処分費,10:33,10:34,000000,三友建設,000001,ｵﾈｽﾄ,000001,新木場ﾘｻｲｸﾙ工場,002245,三友建設,000658,三友建設,2,電子,,000002,渡辺
2025/01/08(水),2025/01/08(水),2025/01/08(水),002245,三友建設,1,売上,000002,混合廃棄物B,740,740,03,kg,65,"48,100",36020,000003,C（解体）,001,処分費,14:38,14:40,000000,三友建設,000001,ｵﾈｽﾄ,000001,新木場ﾘｻｲｸﾙ工場,002245,三友建設,000658,三友建設,2,電子,,000002,渡辺
2025/01/08(水),2025/01/08(水),2025/01/08(水),002245,三友建設,1,売上,000034,本畳,120,6,11,枚,"1,500","9,000",36020,000003,C（解体）,001,処分費,14:38,14:40,000000,三友建設,000001,ｵﾈｽﾄ,000001,新木場ﾘｻｲｸﾙ工場,002245,三友建設,000658,三友建設,2,電子,,000002,渡辺
2025/01/08(水),2025/01/08(水),2025/01/08(水),002245,三友建設,1,売上,000034,本畳,160,8,11,枚,"1,500","12,000",35962,000003,C（解体）,001,処分費,10:33,10:34,000000,三友建設,000001,ｵﾈｽﾄ,000001,新木場ﾘｻｲｸﾙ工場,002245,三友建設,000658,三友建設,2,電子,,000002,渡辺
2025/01/08(水),2025/01/08(水),2025/01/08(水),002245,三友建設,1,売上,000037,ﾏｯﾄﾚｽ(ﾀﾞﾌﾞﾙ),20,1,11,枚,"5,000","5,000",35962,000003,C（解体）,001,処分費,10:33,10:34,000000,三友建設,000001,ｵﾈｽﾄ,000001,新木場ﾘｻｲｸﾙ工場,002245,三友建設,000658,三友建設,2,電子,,000002,渡辺
2025/01/08(水),2025/01/08(水),2025/01/08(水),002278,三菱地所ﾚｼﾞﾃﾞﾝｽ,1,売上,000001,混合廃棄物A,710,710,03,kg,60,"42,600",36027,000002,B（残置）,001,処分費,14:55,15:08,000013,三菱地所ﾚｼﾞﾃﾞﾝｽ(新宿区),000001,ｵﾈｽﾄ,000001,新木場ﾘｻｲｸﾙ工場,001772,三洋ｴｸｽﾌﾟﾚｽ,000228,三洋ｴｸｽﾌﾟﾚｽ,1,紙,,000002,渡辺
2025/01/08(水),2025/01/08(水),2025/01/08(水),002278,三菱地所ﾚｼﾞﾃﾞﾝｽ,1,売上,000001,混合廃棄物A,920,920,03,kg,60,"55,200",36007,000002,B（残置）,001,処分費,13:34,13:49,000013,三菱地所ﾚｼﾞﾃﾞﾝｽ(新宿区),000001,ｵﾈｽﾄ,000001,新木場ﾘｻｲｸﾙ工場,001772,三洋ｴｸｽﾌﾟﾚｽ,000228,三洋ｴｸｽﾌﾟﾚｽ,1,紙,,000002,渡辺
2025/01/08(水),2025/01/08(水),2025/01/08(水),002278,三菱地所ﾚｼﾞﾃﾞﾝｽ,1,売上,000001,混合廃棄物A,930,930,03,kg,60,"55,800",36043,000002,B（残置）,001,処分費,16:24,16:38,000013,三菱地所ﾚｼﾞﾃﾞﾝｽ(新宿区),000001,ｵﾈｽﾄ,000001,新木場ﾘｻｲｸﾙ工場,001772,三洋ｴｸｽﾌﾟﾚｽ,000228,三洋ｴｸｽﾌﾟﾚｽ,1,紙,,000002,渡辺
2025/01/08(水),2025/01/08(水),2025/01/08(水),002341,東京信技,1,売上,000023,軽量物系B(充填剤）,850,850,03,kg,75,"63,750",35973,000002,B（残置）,001,処分費,11:34,11:34,000008,東京信技(ｱﾘｵ市原店),000001,ｵﾈｽﾄ,000001,新木場ﾘｻｲｸﾙ工場,000001,ｵﾈｽﾄ,001021,ｵﾈｽﾄ･ﾜﾝ,1,紙,,000011,オネスト・ワン
2025/01/08(水),2025/01/08(水),2025/01/08(水),002341,東京信技,1,売上,000109,運搬費,,1,07,台,"30,000","30,000",35973,000002,B（残置）,002,運搬費,11:34,11:34,000008,東京信技(ｱﾘｵ市原店),000001,ｵﾈｽﾄ,000001,新木場ﾘｻｲｸﾙ工場,000001,ｵﾈｽﾄ,001021,ｵﾈｽﾄ･ﾜﾝ,1,紙,,000011,オネスト・ワン
2025/01/08(水),2025/01/08(水),2025/01/08(水),002423,ｼﾓﾑﾗ,1,売上,000001,混合廃棄物A,950,950,03,kg,57,"54,150",35980,000005,E（中・積),001,処分費,11:58,12:04,000024,SKY,000001,ｵﾈｽﾄ,000001,新木場ﾘｻｲｸﾙ工場,000300,丸三松本商事,000242,丸三松本商事,1,紙,,000002,渡辺
2025/01/08(水),2025/01/08(水),2025/01/08(水),002423,ｼﾓﾑﾗ,1,売上,000013,混合廃棄物(ｿﾌｧｰ),30,30,03,kg,100,"3,000",35980,000005,E（中・積),001,処分費,11:58,12:04,000024,SKY,000001,ｵﾈｽﾄ,000001,新木場ﾘｻｲｸﾙ工場,000300,丸三松本商事,000242,丸三松本商事,1,紙,,000002,渡辺
2025/01/08(水),2025/01/08(水),2025/01/08(水),002482,AQ　Group,1,売上,000002,混合廃棄物B,150,150,03,kg,65,"9,750",36014,000003,C（解体）,001,処分費,13:58,13:58,000000,AQ　Group,000001,ｵﾈｽﾄ,000001,新木場ﾘｻｲｸﾙ工場,002245,三友建設,000658,三友建設,2,電子,,000002,渡辺
2025/01/08(水),2025/01/08(水),2025/01/08(水),002482,AQ　Group,1,売上,000021,軽量物系B(ｸﾞﾗｽｳｰﾙ),40,40,03,kg,60,"2,400",36014,000003,C（解体）,001,処分費,13:58,13:58,000000,AQ　Group,000001,ｵﾈｽﾄ,000001,新木場ﾘｻｲｸﾙ工場,002245,三友建設,000658,三友建設,2,電子,,000002,渡辺
2025/01/08(水),2025/01/08(水),2025/01/08(水),002482,AQ　Group,1,売上,000034,本畳,120,6,11,枚,"1,500","9,000",36014,000003,C（解体）,001,処分費,13:58,13:58,000000,AQ　Group,000001,ｵﾈｽﾄ,000001,新木場ﾘｻｲｸﾙ工場,002245,三友建設,000658,三友建設,2,電子,,000002,渡辺
2025/01/08(水),2025/01/08(水),2025/01/08(水),002482,AQ　Group,1,売上,000035,ｽﾀｲﾛ畳,60,6,11,枚,"2,500","15,000",36014,000003,C（解体）,001,処分費,13:58,13:58,000000,AQ　Group,000001,ｵﾈｽﾄ,000001,新木場ﾘｻｲｸﾙ工場,002245,三友建設,000658,三友建設,2,電子,,000002,渡辺
2025/01/08(水),2025/01/08(水),2025/01/08(水),002627,ｻﾃﾗｲﾄｼﾞｬﾊﾟﾝ,1,売上,000001,混合廃棄物A,160,160,03,kg,54,"8,640",35970,000001,A（事業）,001,処分費,11:19,11:19,000001,ﾌｧﾛｼﾃｨﾋﾞﾙ(ﾗ･ﾋﾟｽﾀ新橋),000001,ｵﾈｽﾄ,000001,新木場ﾘｻｲｸﾙ工場,000028,五十嵐商会,000025,五十嵐商会,1,紙,,000002,渡辺
2025/01/08(水),2025/01/08(水),2025/01/08(水),002711,東京ﾃﾞｰﾘｰ,1,売上,000001,混合廃棄物A,200,200,03,kg,60,"12,000",35937,000002,B（残置）,001,処分費,07:06,07:08,000000,東京ﾃﾞｰﾘｰ,000001,ｵﾈｽﾄ,000001,新木場ﾘｻｲｸﾙ工場,000325,ﾀﾞｽﾄ商会,000262,ﾀﾞｽﾄ商会,1,紙,,000002,渡辺
2025/01/08(水),2025/01/08(水),2025/01/08(水),002757,木原造林,1,売上,000002,混合廃棄物B,850,850,03,kg,70,"59,500",36061,000003,C（解体）,001,処分費,18:13,18:17,000044,ﾌﾘｰﾃﾞｨｵ西麻布,000001,ｵﾈｽﾄ,000001,新木場ﾘｻｲｸﾙ工場,000362,ﾐﾔ産興,000290,ﾐﾔ産興,1,紙,,000004,山本
2025/01/08(水),2025/01/08(水),2025/01/08(水),003081,日立建機日本東京東営業所,1,売上,000001,混合廃棄物A,870,870,03,kg,65,"56,550",36019,000004,D（建設）,001,処分費,14:44,14:47,000000,日立建機日本東京東営業所,000001,ｵﾈｽﾄ,000001,新木場ﾘｻｲｸﾙ工場,000001,ｵﾈｽﾄ,000697,日立建機日本東京東営業所,1,紙,,000005,今村（紀）
2025/01/08(水),2025/01/08(水),2025/01/08(水),003081,日立建機日本東京東営業所,1,売上,000349,運搬費(4ｔｺﾝﾃﾅ),,1,07,台,"25,000","25,000",36019,000004,D（建設）,002,運搬費,14:44,14:47,000000,日立建機日本東京東営業所,000001,ｵﾈｽﾄ,000001,新木場ﾘｻｲｸﾙ工場,000001,ｵﾈｽﾄ,000697,日立建機日本東京東営業所,1,紙,,000005,今村（紀）
2025/01/08(水),2025/01/08(水),2025/01/08(水),003180,ｵﾌｨｽ増永,1,売上,000002,混合廃棄物B,660,660,03,kg,70,"46,200",35950,000004,D（建設）,001,処分費,08:47,08:52,000034,滝野川1丁目佐藤様邸アパート,000001,ｵﾈｽﾄ,000001,新木場ﾘｻｲｸﾙ工場,000210,ES産業,000175,ES産業,1,紙,,000002,渡辺
2025/01/08(水),2025/01/08(水),2025/01/08(水),003180,ｵﾌｨｽ増永,1,売上,000021,軽量物系B(ｸﾞﾗｽｳｰﾙ),160,160,03,kg,80,"12,800",35950,000004,D（建設）,001,処分費,08:47,08:52,000034,滝野川1丁目佐藤様邸アパート,000001,ｵﾈｽﾄ,000001,新木場ﾘｻｲｸﾙ工場,000210,ES産業,000175,ES産業,1,紙,,000002,渡辺
2025/01/08(水),2025/01/08(水),2025/01/08(水),003354,月島ｼﾞｪｲﾃｸﾉﾒﾝﾃｻｰﾋﾞｽ,1,売上,000001,混合廃棄物A,"1,450","1,450",03,kg,65,"94,250",35982,000004,D（建設）,001,処分費,12:14,12:19,000005,古利根川水循環ｾﾝﾀｰ焼却設備補修,000001,ｵﾈｽﾄ,000001,新木場ﾘｻｲｸﾙ工場,000361,全公研,000289,全公研,1,紙,,000004,山本
2025/01/08(水),2025/01/08(水),2025/01/08(水),003448,TMES,1,売上,000001,混合廃棄物A,40,40,03,kg,58,"2,320",35981,000004,D（建設）,001,処分費,12:00,12:01,000010,広尾事業所,000001,ｵﾈｽﾄ,000001,新木場ﾘｻｲｸﾙ工場,000016,泉土木,000014,泉土木,1,紙,,000001,矢作
2025/01/08(水),2025/01/08(水),2025/01/08(水),003550,第一綜合,1,売上,000001,混合廃棄物A,650,650,03,kg,65,"42,250",36032,000004,D（建設）,001,処分費,15:09,15:47,000000,第一綜合,000001,ｵﾈｽﾄ,000001,新木場ﾘｻｲｸﾙ工場,000351,那須野興業,000280,那須野興業,1,紙,,000004,山本
2025/01/08(水),2025/01/08(水),2025/01/08(水),003550,第一綜合,1,売上,000030,選別,150,150,03,kg,70,"10,500",36032,000004,D（建設）,001,処分費,15:09,15:47,000000,第一綜合,000001,ｵﾈｽﾄ,000001,新木場ﾘｻｲｸﾙ工場,000351,那須野興業,000280,那須野興業,1,紙,,000004,山本
2025/01/08(水),2025/01/08(水),2025/01/08(水),003550,第一綜合,2,支払,000068,GC 軽鉄･ｽﾁｰﾙ類,50,50,03,kg,26.5,"1,325",36032,000004,D（建設）,003,有価物,15:09,15:47,000000,第一綜合,000001,ｵﾈｽﾄ,000001,新木場ﾘｻｲｸﾙ工場,000351,那須野興業,000280,那須野興業,1,紙,,000004,山本
2025/01/08(水),2025/01/08(水),2025/01/08(水),004008,便利屋ﾌｧﾐﾘｰ江東木場店,1,売上,000001,混合廃棄物A,570,570,03,kg,65,"37,050",36053,000002,B（残置）,001,処分費,16:57,16:57,000000,便利屋ﾌｧﾐﾘｰ江東木場店,000001,ｵﾈｽﾄ,000001,新木場ﾘｻｲｸﾙ工場,004008,便利屋ﾌｧﾐﾘｰ江東木場店,001118,便利屋ﾌｧﾐﾘｰ江東木場店,1,紙,,000012,サン・テクノ
2025/01/08(水),2025/01/08(水),2025/01/08(水),004009,東起業,1,売上,000004,混合廃棄物(焼却物),"1,050","1,050",03,kg,75,"78,750",35959,000002,B（残置）,001,処分費,09:59,10:03,000000,東起業,000001,ｵﾈｽﾄ,000001,新木場ﾘｻｲｸﾙ工場,004009,東起業,001119,東起業,1,紙,,000006,川部
2025/01/08(水),2025/01/08(水),2025/01/08(水),004009,東起業,1,売上,000102,ﾏﾆﾌｪｽﾄ,,5,11,枚,50,250,35959,000002,B（残置）,001,処分費,09:59,10:03,000000,東起業,000001,ｵﾈｽﾄ,000001,新木場ﾘｻｲｸﾙ工場,004009,東起業,001119,東起業,1,紙,,000006,川部
2025/01/08(水),2025/01/08(水),2025/01/08(水),004035,富士古河E&C,1,売上,000001,混合廃棄物A,630,630,03,kg,65,"40,950",35977,000004,D（建設）,001,処分費,11:48,11:48,000017,富士通㈱横浜港北DC2期S系待機UPS更新工事,000001,ｵﾈｽﾄ,000001,新木場ﾘｻｲｸﾙ工場,007918,ｱｰﾙｶﾝﾊﾟﾆｰ,000808,Y-maxx,1,紙,,000004,山本
2025/01/08(水),2025/01/08(水),2025/01/08(水),004039,(ｵﾈﾜﾝ)ﾄｯﾌﾟﾘﾕｰｽ,1,売上,000001,混合廃棄物A,10,10,03,kg,63,630,35999,000002,B（残置）,001,処分費,13:00,13:06,000000,(ｵﾈﾜﾝ)ﾄｯﾌﾟﾘﾕｰｽ,000001,ｵﾈｽﾄ,000001,新木場ﾘｻｲｸﾙ工場,004039,(ｵﾈﾜﾝ)ﾄｯﾌﾟﾘﾕｰｽ,001021,ｵﾈｽﾄ･ﾜﾝ,1,紙,,000011,オネスト・ワン
2025/01/08(水),2025/01/08(水),2025/01/08(水),004039,(ｵﾈﾜﾝ)ﾄｯﾌﾟﾘﾕｰｽ,1,売上,000492,混合廃棄物（羽毛物）,130,130,03,kg,250,"32,500",35999,000002,B（残置）,001,処分費,13:00,13:06,000000,(ｵﾈﾜﾝ)ﾄｯﾌﾟﾘﾕｰｽ,000001,ｵﾈｽﾄ,000001,新木場ﾘｻｲｸﾙ工場,004039,(ｵﾈﾜﾝ)ﾄｯﾌﾟﾘﾕｰｽ,001021,ｵﾈｽﾄ･ﾜﾝ,1,紙,,000011,オネスト・ワン
2025/01/08(水),2025/01/08(水),2025/01/08(水),004071,ｴｽﾃｨｰｱｲ,1,売上,000002,混合廃棄物B,250,250,03,kg,70,"17,500",35969,000003,C（解体）,001,処分費,11:21,11:23,000024,波多野邸工事,000001,ｵﾈｽﾄ,000001,新木場ﾘｻｲｸﾙ工場,004071,ｴｽﾃｨｰｱｲ,000185,ｴｽﾃｨｰｱｲ,1,紙,,000006,川部
2025/01/08(水),2025/01/08(水),2025/01/08(水),004071,ｴｽﾃｨｰｱｲ,1,売上,000002,混合廃棄物B,340,340,03,kg,70,"23,800",36045,000003,C（解体）,001,処分費,16:24,16:27,000024,波多野邸工事,000001,ｵﾈｽﾄ,000001,新木場ﾘｻｲｸﾙ工場,004071,ｴｽﾃｨｰｱｲ,000185,ｴｽﾃｨｰｱｲ,1,紙,,000006,川部
2025/01/08(水),2025/01/08(水),2025/01/08(水),004071,ｴｽﾃｨｰｱｲ,1,売上,000004,混合廃棄物(焼却物),110,110,03,kg,75,"8,250",35969,000003,C（解体）,001,処分費,11:21,11:23,000024,波多野邸工事,000001,ｵﾈｽﾄ,000001,新木場ﾘｻｲｸﾙ工場,004071,ｴｽﾃｨｰｱｲ,000185,ｴｽﾃｨｰｱｲ,1,紙,,000006,川部
2025/01/08(水),2025/01/08(水),2025/01/08(水),004071,ｴｽﾃｨｰｱｲ,1,売上,000492,混合廃棄物（羽毛物）,10,10,03,kg,250,"2,500",36045,000003,C（解体）,001,処分費,16:24,16:27,000024,波多野邸工事,000001,ｵﾈｽﾄ,000001,新木場ﾘｻｲｸﾙ工場,004071,ｴｽﾃｨｰｱｲ,000185,ｴｽﾃｨｰｱｲ,1,紙,,000006,川部
2025/01/08(水),2025/01/08(水),2025/01/08(水),004080,三協立山ﾀﾃﾔﾏｱﾄﾞﾊﾞﾝｽ社,1,売上,000001,混合廃棄物A,70,70,03,kg,50,"3,500",35936,000004,D（建設）,001,処分費,06:33,06:33,000196,成城石井　アトレヴィ巣鴨店,000001,ｵﾈｽﾄ,000001,新木場ﾘｻｲｸﾙ工場,006436,ｻﾜ･ｺｰﾎﾟﾚｰｼｮﾝ,000873,伊藤忠ﾒﾀﾙｽﾞ,1,紙,,000001,矢作
2025/01/08(水),2025/01/08(水),2025/01/08(水),004080,三協立山ﾀﾃﾔﾏｱﾄﾞﾊﾞﾝｽ社,1,売上,000001,混合廃棄物A,110,110,03,kg,50,"5,500",35930,000004,D（建設）,001,処分費,06:28,06:28,000196,成城石井　アトレヴィ巣鴨店,000001,ｵﾈｽﾄ,000001,新木場ﾘｻｲｸﾙ工場,006447,ﾃﾙヰ,000873,伊藤忠ﾒﾀﾙｽﾞ,1,紙,,000001,矢作
2025/01/08(水),2025/01/08(水),2025/01/08(水),004080,三協立山ﾀﾃﾔﾏｱﾄﾞﾊﾞﾝｽ社,1,売上,000001,混合廃棄物A,190,190,03,kg,50,"9,500",35934,000004,D（建設）,001,処分費,06:32,06:32,000196,成城石井　アトレヴィ巣鴨店,000001,ｵﾈｽﾄ,000001,新木場ﾘｻｲｸﾙ工場,006436,ｻﾜ･ｺｰﾎﾟﾚｰｼｮﾝ,000873,伊藤忠ﾒﾀﾙｽﾞ,1,紙,,000001,矢作
2025/01/08(水),2025/01/08(水),2025/01/08(水),004080,三協立山ﾀﾃﾔﾏｱﾄﾞﾊﾞﾝｽ社,1,売上,000001,混合廃棄物A,220,220,03,kg,50,"11,000",35933,000004,D（建設）,001,処分費,06:31,06:31,000196,成城石井　アトレヴィ巣鴨店,000001,ｵﾈｽﾄ,000001,新木場ﾘｻｲｸﾙ工場,006436,ｻﾜ･ｺｰﾎﾟﾚｰｼｮﾝ,000873,伊藤忠ﾒﾀﾙｽﾞ,1,紙,,000001,矢作
2025/01/08(水),2025/01/08(水),2025/01/08(水),004080,三協立山ﾀﾃﾔﾏｱﾄﾞﾊﾞﾝｽ社,1,売上,000001,混合廃棄物A,480,480,03,kg,50,"24,000",35935,000004,D（建設）,001,処分費,06:32,06:32,000196,成城石井　アトレヴィ巣鴨店,000001,ｵﾈｽﾄ,000001,新木場ﾘｻｲｸﾙ工場,006436,ｻﾜ･ｺｰﾎﾟﾚｰｼｮﾝ,000873,伊藤忠ﾒﾀﾙｽﾞ,1,紙,,000001,矢作
2025/01/08(水),2025/01/08(水),2025/01/08(水),004080,三協立山ﾀﾃﾔﾏｱﾄﾞﾊﾞﾝｽ社,1,売上,000030,選別,240,240,03,kg,50,"12,000",35935,000004,D（建設）,001,処分費,06:32,06:32,000196,成城石井　アトレヴィ巣鴨店,000001,ｵﾈｽﾄ,000001,新木場ﾘｻｲｸﾙ工場,006436,ｻﾜ･ｺｰﾎﾟﾚｰｼｮﾝ,000873,伊藤忠ﾒﾀﾙｽﾞ,1,紙,,000001,矢作
2025/01/08(水),2025/01/08(水),2025/01/08(水),004080,三協立山ﾀﾃﾔﾏｱﾄﾞﾊﾞﾝｽ社,1,売上,000030,選別,440,440,03,kg,50,"22,000",35931,000004,D（建設）,001,処分費,06:30,06:30,000196,成城石井　アトレヴィ巣鴨店,000001,ｵﾈｽﾄ,000001,新木場ﾘｻｲｸﾙ工場,006447,ﾃﾙヰ,000873,伊藤忠ﾒﾀﾙｽﾞ,1,紙,,000001,矢作
2025/01/08(水),2025/01/08(水),2025/01/08(水),004080,三協立山ﾀﾃﾔﾏｱﾄﾞﾊﾞﾝｽ社,1,売上,000031,金庫,180,180,03,kg,60,"10,800",35933,000004,D（建設）,001,処分費,06:31,06:31,000196,成城石井　アトレヴィ巣鴨店,000001,ｵﾈｽﾄ,000001,新木場ﾘｻｲｸﾙ工場,006436,ｻﾜ･ｺｰﾎﾟﾚｰｼｮﾝ,000873,伊藤忠ﾒﾀﾙｽﾞ,1,紙,,000001,矢作
2025/01/08(水),2025/01/08(水),2025/01/08(水),004080,三協立山ﾀﾃﾔﾏｱﾄﾞﾊﾞﾝｽ社,2,支払,000068,GC 軽鉄･ｽﾁｰﾙ類,50,50,03,kg,25.5,"1,275",35931,000004,D（建設）,003,有価物,06:30,06:30,000196,成城石井　アトレヴィ巣鴨店,000001,ｵﾈｽﾄ,000001,新木場ﾘｻｲｸﾙ工場,006447,ﾃﾙヰ,000873,伊藤忠ﾒﾀﾙｽﾞ,1,紙,,000001,矢作
2025/01/08(水),2025/01/08(水),2025/01/08(水),004080,三協立山ﾀﾃﾔﾏｱﾄﾞﾊﾞﾝｽ社,2,支払,000068,GC 軽鉄･ｽﾁｰﾙ類,270,270,03,kg,25.5,"6,885",35936,000004,D（建設）,003,有価物,06:33,06:33,000196,成城石井　アトレヴィ巣鴨店,000001,ｵﾈｽﾄ,000001,新木場ﾘｻｲｸﾙ工場,006436,ｻﾜ･ｺｰﾎﾟﾚｰｼｮﾝ,000873,伊藤忠ﾒﾀﾙｽﾞ,1,紙,,000001,矢作
2025/01/08(水),2025/01/08(水),2025/01/08(水),004080,三協立山ﾀﾃﾔﾏｱﾄﾞﾊﾞﾝｽ社,2,支払,000068,GC 軽鉄･ｽﾁｰﾙ類,470,470,03,kg,25.5,"11,985",35935,000004,D（建設）,003,有価物,06:32,06:32,000196,成城石井　アトレヴィ巣鴨店,000001,ｵﾈｽﾄ,000001,新木場ﾘｻｲｸﾙ工場,006436,ｻﾜ･ｺｰﾎﾟﾚｰｼｮﾝ,000873,伊藤忠ﾒﾀﾙｽﾞ,1,紙,,000001,矢作
2025/01/08(水),2025/01/08(水),2025/01/08(水),004080,三協立山ﾀﾃﾔﾏｱﾄﾞﾊﾞﾝｽ社,2,支払,000068,GC 軽鉄･ｽﾁｰﾙ類,740,740,03,kg,25.5,"18,870",35934,000004,D（建設）,003,有価物,06:32,06:32,000196,成城石井　アトレヴィ巣鴨店,000001,ｵﾈｽﾄ,000001,新木場ﾘｻｲｸﾙ工場,006436,ｻﾜ･ｺｰﾎﾟﾚｰｼｮﾝ,000873,伊藤忠ﾒﾀﾙｽﾞ,1,紙,,000001,矢作
2025/01/08(水),2025/01/08(水),2025/01/08(水),004080,三協立山ﾀﾃﾔﾏｱﾄﾞﾊﾞﾝｽ社,2,支払,000068,GC 軽鉄･ｽﾁｰﾙ類,860,860,03,kg,25.5,"21,930",35933,000004,D（建設）,003,有価物,06:31,06:31,000196,成城石井　アトレヴィ巣鴨店,000001,ｵﾈｽﾄ,000001,新木場ﾘｻｲｸﾙ工場,006436,ｻﾜ･ｺｰﾎﾟﾚｰｼｮﾝ,000873,伊藤忠ﾒﾀﾙｽﾞ,1,紙,,000001,矢作
2025/01/08(水),2025/01/08(水),2025/01/08(水),004250,先駆ﾜｰｸｽ,1,売上,000001,混合廃棄物A,270,270,03,kg,65,"17,550",36049,000002,B（残置）,001,処分費,16:42,16:42,000000,先駆ﾜｰｸｽ,000001,ｵﾈｽﾄ,000001,新木場ﾘｻｲｸﾙ工場,004250,先駆ﾜｰｸｽ,000712,先駆ﾜｰｸｽ,1,紙,,000005,今村（紀）
2025/01/08(水),2025/01/08(水),2025/01/08(水),004463,あるくる,1,売上,000001,混合廃棄物A,390,390,03,kg,58,"22,620",36033,000002,B（残置）,001,処分費,15:39,15:39,000077,文京区湯島3丁目ﾋﾞﾙ残置物撤去作業,000001,ｵﾈｽﾄ,000001,新木場ﾘｻｲｸﾙ工場,004463,あるくる,000823,あるくる,1,紙,,000001,矢作
2025/01/08(水),2025/01/08(水),2025/01/08(水),004463,あるくる,1,売上,000029,木くず,240,240,03,kg,48,"11,520",36033,000002,B（残置）,001,処分費,15:39,15:39,000077,文京区湯島3丁目ﾋﾞﾙ残置物撤去作業,000001,ｵﾈｽﾄ,000001,新木場ﾘｻｲｸﾙ工場,004463,あるくる,000823,あるくる,1,紙,,000001,矢作
2025/01/08(水),2025/01/08(水),2025/01/08(水),004534,東海交通機械,1,売上,000001,混合廃棄物A,110,110,03,kg,65,"7,150",36044,000004,D（建設）,001,処分費,15:53,16:32,000005,東海交通機械東京支店,000001,ｵﾈｽﾄ,000001,新木場ﾘｻｲｸﾙ工場,000361,全公研,000289,全公研,2,電子,,000004,山本
2025/01/08(水),2025/01/08(水),2025/01/08(水),004534,東海交通機械,1,売上,000108,室内機,860,860,03,kg,60,"51,600",36044,000004,D（建設）,001,処分費,15:53,16:32,000005,東海交通機械東京支店,000001,ｵﾈｽﾄ,000001,新木場ﾘｻｲｸﾙ工場,000361,全公研,000289,全公研,2,電子,,000004,山本
2025/01/08(水),2025/01/08(水),2025/01/08(水),004766,JR東日本環境ｱｸｾｽ,1,売上,000001,混合廃棄物A,"1,240","1,240",03,kg,55,"68,200",35955,000001,A（事業）,001,処分費,09:30,09:30,000001,東京資源循環ｾﾝﾀｰ,000001,ｵﾈｽﾄ,000001,新木場ﾘｻｲｸﾙ工場,004766,JR東日本環境ｱｸｾｽ,000426,JR東日本環境ｱｸｾｽ,2,電子,,000002,渡辺
2025/01/08(水),2025/01/08(水),2025/01/08(水),004766,JR東日本環境ｱｸｾｽ,1,売上,000001,混合廃棄物A,"1,350","1,350",03,kg,55,"74,250",35945,000001,A（事業）,001,処分費,08:31,08:31,000001,東京資源循環ｾﾝﾀｰ,000001,ｵﾈｽﾄ,000001,新木場ﾘｻｲｸﾙ工場,004766,JR東日本環境ｱｸｾｽ,000426,JR東日本環境ｱｸｾｽ,2,電子,,000002,渡辺
2025/01/08(水),2025/01/08(水),2025/01/08(水),004926,NIPPO東京統括事業所,1,売上,000001,混合廃棄物A,"1,680",8,02,m3,0,0,36041,000004,D（建設）,001,処分費,15:14,15:17,000001,首都高出張所,000001,ｵﾈｽﾄ,000001,新木場ﾘｻｲｸﾙ工場,000001,ｵﾈｽﾄ,000435,NIPPO 東京統括事業所,1,紙,,000002,渡辺
2025/01/08(水),2025/01/08(水),2025/01/08(水),005313,日本ﾎﾃﾙ,1,売上,000001,混合廃棄物A,650,650,03,kg,65,"42,250",36034,000002,B（残置）,001,処分費,16:01,16:07,000003,JR東日本ﾎﾃﾙﾒｯﾂ渋谷,000001,ｵﾈｽﾄ,000001,新木場ﾘｻｲｸﾙ工場,006786,浜屋,001004,浜屋,1,紙,,000004,山本
2025/01/08(水),2025/01/08(水),2025/01/08(水),005313,日本ﾎﾃﾙ,1,売上,000013,混合廃棄物(ｿﾌｧｰ),60,60,03,kg,100,"6,000",36034,000002,B（残置）,001,処分費,16:01,16:07,000003,JR東日本ﾎﾃﾙﾒｯﾂ渋谷,000001,ｵﾈｽﾄ,000001,新木場ﾘｻｲｸﾙ工場,006786,浜屋,001004,浜屋,1,紙,,000004,山本
2025/01/08(水),2025/01/08(水),2025/01/08(水),005313,日本ﾎﾃﾙ,1,売上,000101,ﾏｯﾄﾚｽ,30,2,11,枚,"7,000","14,000",36034,000002,B（残置）,001,処分費,16:01,16:07,000003,JR東日本ﾎﾃﾙﾒｯﾂ渋谷,000001,ｵﾈｽﾄ,000001,新木場ﾘｻｲｸﾙ工場,006786,浜屋,001004,浜屋,1,紙,,000004,山本
2025/01/08(水),2025/01/08(水),2025/01/08(水),005313,日本ﾎﾃﾙ,1,売上,000492,混合廃棄物（羽毛物）,550,550,03,kg,250,"137,500",35968,000002,B（残置）,001,処分費,11:10,11:13,000003,JR東日本ﾎﾃﾙﾒｯﾂ渋谷,000001,ｵﾈｽﾄ,000001,新木場ﾘｻｲｸﾙ工場,006786,浜屋,001004,浜屋,1,紙,,000004,山本
2025/01/08(水),2025/01/08(水),2025/01/08(水),005402,吉野石膏東京支店,1,売上,000001,混合廃棄物A,40,40,03,kg,54,"2,160",35993,000001,A（事業）,001,処分費,12:53,13:27,000000,吉野石膏東京支店,000001,ｵﾈｽﾄ,000001,新木場ﾘｻｲｸﾙ工場,000028,五十嵐商会,000025,五十嵐商会,1,紙,,000002,渡辺
2025/01/08(水),2025/01/08(水),2025/01/08(水),005402,吉野石膏東京支店,1,売上,000001,混合廃棄物A,180,180,03,kg,54,"9,720",35993,000001,A（事業）,001,処分費,12:53,13:27,000000,吉野石膏東京支店,000001,ｵﾈｽﾄ,000001,新木場ﾘｻｲｸﾙ工場,000028,五十嵐商会,000025,五十嵐商会,1,紙,,000002,渡辺
2025/01/08(水),2025/01/08(水),2025/01/08(水),005402,吉野石膏東京支店,1,売上,000030,選別,280,280,03,kg,65,"18,200",35993,000001,A（事業）,001,処分費,12:53,13:27,000000,吉野石膏東京支店,000001,ｵﾈｽﾄ,000001,新木場ﾘｻｲｸﾙ工場,000028,五十嵐商会,000025,五十嵐商会,1,紙,,000002,渡辺
2025/01/08(水),2025/01/08(水),2025/01/08(水),005402,吉野石膏東京支店,2,支払,000068,GC 軽鉄･ｽﾁｰﾙ類,290,290,03,kg,15.5,"4,495",35993,000001,A（事業）,003,有価物,12:53,13:27,000000,吉野石膏東京支店,000001,ｵﾈｽﾄ,000001,新木場ﾘｻｲｸﾙ工場,000028,五十嵐商会,000025,五十嵐商会,1,紙,,000002,渡辺
2025/01/08(水),2025/01/08(水),2025/01/08(水),005427,KCT,1,売上,000004,混合廃棄物(焼却物),170,170,03,kg,75,"12,750",35929,000004,D（建設）,001,処分費,06:27,06:27,000000,KCT,000001,ｵﾈｽﾄ,000001,新木場ﾘｻｲｸﾙ工場,005427,KCT,000454,KCT,1,紙,,000002,渡辺
2025/01/08(水),2025/01/08(水),2025/01/08(水),005585,東京ｾﾝﾄﾗﾙｴｱｺﾝ,1,売上,000001,混合廃棄物A,110,110,03,kg,63,"6,930",36023,000002,B（残置）,001,処分費,14:45,14:53,000002,東京ｾﾝﾄﾗﾙｴｱｺﾝ倉庫,000001,ｵﾈｽﾄ,000001,新木場ﾘｻｲｸﾙ工場,001308,ｵﾈｽﾄ･ﾜﾝ,001021,ｵﾈｽﾄ･ﾜﾝ,1,紙,,000011,オネスト・ワン
2025/01/08(水),2025/01/08(水),2025/01/08(水),006043,ｴｲﾌﾞﾙﾘﾋﾞﾝｸﾞ,1,売上,000002,混合廃棄物B,290,290,03,kg,70,"20,300",36011,000004,D（建設）,001,処分費,13:47,13:48,000020,砧ｺﾝﾃﾅ,000001,ｵﾈｽﾄ,000001,新木場ﾘｻｲｸﾙ工場,000239,石橋商店,000197,石橋商店,1,紙,,000004,山本
2025/01/08(水),2025/01/08(水),2025/01/08(水),006206,ﾚｵ電子,1,売上,000030,選別,220,220,03,kg,70,"15,400",35972,000002,B（残置）,001,処分費,11:03,11:04,000000,ﾚｵ電子,000001,ｵﾈｽﾄ,000001,新木場ﾘｻｲｸﾙ工場,000110,ﾃｲｿｳ物流ｻｰﾋﾞｽ,000088,ﾃｲｿｳ物流ｻｰﾋﾞｽ,1,紙,,000002,渡辺
2025/01/08(水),2025/01/08(水),2025/01/08(水),006538,ﾃｸﾉ菱和,1,売上,000002,混合廃棄物B,240,240,03,kg,70,"16,800",35956,000004,D（建設）,001,処分費,09:30,09:34,000005,4104三菱UFJ銀行多摩ﾋﾞｼﾞﾈｽｾﾝﾀｰO棟空調機更,000001,ｵﾈｽﾄ,000001,新木場ﾘｻｲｸﾙ工場,008089,ｷｭｰﾋﾞｯｸ,000808,Y-maxx,1,紙,,000004,山本
2025/01/08(水),2025/01/08(水),2025/01/08(水),006549,ｼﾅﾈﾝﾓﾋﾞﾘﾃｲ＋,1,売上,000001,混合廃棄物A,60,60,03,kg,65,"3,900",35963,000004,D（建設）,001,処分費,10:15,11:17,000001,ｼﾅﾈﾝﾓﾋﾞﾘﾃｨ＋（稲毛）,000001,ｵﾈｽﾄ,000001,新木場ﾘｻｲｸﾙ工場,000001,ｵﾈｽﾄ,000123,京葉興業,1,紙,,000004,山本
2025/01/08(水),2025/01/08(水),2025/01/08(水),006549,ｼﾅﾈﾝﾓﾋﾞﾘﾃｲ＋,1,売上,000030,選別,130,130,03,kg,70,"9,100",35963,000004,D（建設）,001,処分費,10:15,11:17,000001,ｼﾅﾈﾝﾓﾋﾞﾘﾃｨ＋（稲毛）,000001,ｵﾈｽﾄ,000001,新木場ﾘｻｲｸﾙ工場,000001,ｵﾈｽﾄ,000123,京葉興業,1,紙,,000004,山本
2025/01/08(水),2025/01/08(水),2025/01/08(水),006549,ｼﾅﾈﾝﾓﾋﾞﾘﾃｲ＋,1,売上,000349,運搬費(4ｔｺﾝﾃﾅ),,1,07,台,"28,000","28,000",35963,000004,D（建設）,002,運搬費,10:15,11:17,000001,ｼﾅﾈﾝﾓﾋﾞﾘﾃｨ＋（稲毛）,000001,ｵﾈｽﾄ,000001,新木場ﾘｻｲｸﾙ工場,000001,ｵﾈｽﾄ,000123,京葉興業,1,紙,,000004,山本
2025/01/08(水),2025/01/08(水),2025/01/08(水),006569,お世話や,1,売上,000001,混合廃棄物A,570,570,03,kg,60,"34,200",36057,000002,B（残置）,001,処分費,16:45,16:45,000000,お世話や,000001,ｵﾈｽﾄ,000001,新木場ﾘｻｲｸﾙ工場,001656,真和商事,000055,真和商事,1,紙,,000002,渡辺
2025/01/08(水),2025/01/08(水),2025/01/08(水),006569,お世話や,1,売上,000036,ﾏｯﾄﾚｽ(ｼﾝｸﾞﾙ),10,1,11,枚,"4,000","4,000",36057,000002,B（残置）,001,処分費,16:45,16:45,000000,お世話や,000001,ｵﾈｽﾄ,000001,新木場ﾘｻｲｸﾙ工場,001656,真和商事,000055,真和商事,1,紙,,000002,渡辺
2025/01/08(水),2025/01/08(水),2025/01/08(水),006571,CVC,1,売上,000001,混合廃棄物A,580,9,02,m3,0,0,36028,000003,C（解体）,001,処分費,15:13,15:15,000013,SOLVEST成田工場解体工事,000001,ｵﾈｽﾄ,000001,新木場ﾘｻｲｸﾙ工場,000001,ｵﾈｽﾄ,000801,CVC,1,紙,,000004,山本
2025/01/08(水),2025/01/08(水),2025/01/08(水),006571,CVC,1,売上,000109,運搬費,,1,07,台,0,0,36028,000003,C（解体）,002,運搬費,15:13,15:15,000013,SOLVEST成田工場解体工事,000001,ｵﾈｽﾄ,000001,新木場ﾘｻｲｸﾙ工場,000001,ｵﾈｽﾄ,000801,CVC,1,紙,,000004,山本
2025/01/08(水),2025/01/08(水),2025/01/08(水),006697,日本不動産管理,1,売上,000001,混合廃棄物A,10,10,03,kg,63,630,36035,000002,B（残置）,001,処分費,15:02,15:54,000002,独立行政法人製品評価技術基盤機構,000001,ｵﾈｽﾄ,000001,新木場ﾘｻｲｸﾙ工場,001308,ｵﾈｽﾄ･ﾜﾝ,001021,ｵﾈｽﾄ･ﾜﾝ,1,紙,,000011,オネスト・ワン
2025/01/08(水),2025/01/08(水),2025/01/08(水),006697,日本不動産管理,2,支払,000120,ﾓｰﾀｰ,30,30,03,kg,100,"3,000",36035,000002,B（残置）,003,有価物,15:02,15:54,000002,独立行政法人製品評価技術基盤機構,000001,ｵﾈｽﾄ,000001,新木場ﾘｻｲｸﾙ工場,001308,ｵﾈｽﾄ･ﾜﾝ,001021,ｵﾈｽﾄ･ﾜﾝ,1,紙,,000011,オネスト・ワン
2025/01/08(水),2025/01/08(水),2025/01/08(水),007375,ｳｴｽﾄﾊﾞﾚｰ,1,売上,000002,混合廃棄物B,350,350,03,kg,70,"24,500",35975,000003,C（解体）,001,処分費,11:39,11:39,000055,東京都杉並区荻窪1-57-33,000001,ｵﾈｽﾄ,000001,新木場ﾘｻｲｸﾙ工場,008129,BAT,001152,BAT,1,紙,,000007,小林
2025/01/08(水),2025/01/08(水),2025/01/08(水),007387,ｴｸｼｵｸﾞﾙｰﾌﾟ,1,売上,000001,混合廃棄物A,"1,420","1,420",03,kg,60,"85,200",36055,000004,D（建設）,001,処分費,17:01,17:05,000009,千葉支店茂原ｻｰﾋﾞｽ総合工事,000001,ｵﾈｽﾄ,000001,新木場ﾘｻｲｸﾙ工場,003444,上野運輸,000271,上野運輸,1,紙,,000004,山本
2025/01/08(水),2025/01/08(水),2025/01/08(水),007438,東西建築ｻｰﾋﾞｽ東京支社,2,支払,000068,GC 軽鉄･ｽﾁｰﾙ類,"1,340","1,340",03,kg,24.5,"32,830",35998,000004,D（建設）,003,有価物,12:26,12:26,000039,三井住友銀行都立大学駅前支店　改装工事,000001,ｵﾈｽﾄ,000001,新木場ﾘｻｲｸﾙ工場,000016,泉土木,000014,泉土木,1,紙,,000001,矢作
2025/01/08(水),2025/01/08(水),2025/01/08(水),007568,ﾗｲﾌｻｰﾋﾞｽｼﾞｬﾊﾟﾝ,1,売上,000001,混合廃棄物A,130,130,03,kg,65,"8,450",36042,000002,B（残置）,001,処分費,16:25,16:26,000000,ﾗｲﾌｻｰﾋﾞｽｼﾞｬﾊﾟﾝ,000001,ｵﾈｽﾄ,000001,新木場ﾘｻｲｸﾙ工場,007568,ﾗｲﾌｻｰﾋﾞｽｼﾞｬﾊﾟﾝ,001107,ﾗｲﾌｻｰﾋﾞｽｼﾞｬﾊﾟﾝ,1,紙,,000012,サン・テクノ
2025/01/08(水),2025/01/08(水),2025/01/08(水),007568,ﾗｲﾌｻｰﾋﾞｽｼﾞｬﾊﾟﾝ,1,売上,000106,消火器,40,7,09,本,"1,500","10,500",36042,000002,B（残置）,001,処分費,16:25,16:26,000000,ﾗｲﾌｻｰﾋﾞｽｼﾞｬﾊﾟﾝ,000001,ｵﾈｽﾄ,000001,新木場ﾘｻｲｸﾙ工場,007568,ﾗｲﾌｻｰﾋﾞｽｼﾞｬﾊﾟﾝ,001107,ﾗｲﾌｻｰﾋﾞｽｼﾞｬﾊﾟﾝ,1,紙,,000012,サン・テクノ
2025/01/08(水),2025/01/08(水),2025/01/08(水),007568,ﾗｲﾌｻｰﾋﾞｽｼﾞｬﾊﾟﾝ,1,売上,000492,混合廃棄物（羽毛物）,10,10,03,kg,250,"2,500",36042,000002,B（残置）,001,処分費,16:25,16:26,000000,ﾗｲﾌｻｰﾋﾞｽｼﾞｬﾊﾟﾝ,000001,ｵﾈｽﾄ,000001,新木場ﾘｻｲｸﾙ工場,007568,ﾗｲﾌｻｰﾋﾞｽｼﾞｬﾊﾟﾝ,001107,ﾗｲﾌｻｰﾋﾞｽｼﾞｬﾊﾟﾝ,1,紙,,000012,サン・テクノ
2025/01/08(水),2025/01/08(水),2025/01/08(水),007643,中盛,1,売上,000002,混合廃棄物B,250,250,03,kg,70,"17,500",36060,000003,C（解体）,001,処分費,18:06,18:08,000018,東京都調布市深大寺町4-20-4,000001,ｵﾈｽﾄ,000001,新木場ﾘｻｲｸﾙ工場,007643,中盛,001093,中盛,1,紙,,000004,山本
2025/01/08(水),2025/01/08(水),2025/01/08(水),007707,ﾍﾞｽﾃｨｸﾞﾛｰﾊﾞﾙ,1,売上,000001,混合廃棄物A,650,650,03,kg,65,"42,250",36002,000002,B（残置）,001,処分費,13:01,13:12,000000,ﾍﾞｽﾃｨｸﾞﾛｰﾊﾞﾙ,000001,ｵﾈｽﾄ,000001,新木場ﾘｻｲｸﾙ工場,007489,ﾌｫｰﾒｰｼｮﾝ,001020,ﾌｫｰﾒｰｼｮﾝ,1,紙,,000007,小林
2025/01/08(水),2025/01/08(水),2025/01/08(水),007707,ﾍﾞｽﾃｨｸﾞﾛｰﾊﾞﾙ,1,売上,000024,石膏ﾎﾞｰﾄﾞA,30,30,03,kg,40,"1,200",36002,000002,B（残置）,001,処分費,13:01,13:12,000000,ﾍﾞｽﾃｨｸﾞﾛｰﾊﾞﾙ,000001,ｵﾈｽﾄ,000001,新木場ﾘｻｲｸﾙ工場,007489,ﾌｫｰﾒｰｼｮﾝ,001020,ﾌｫｰﾒｰｼｮﾝ,1,紙,,000007,小林
2025/01/08(水),2025/01/08(水),2025/01/08(水),008011,首都高ﾒﾝﾃﾅﾝｽ西東京,1,売上,000001,混合廃棄物A,650,650,03,kg,65,"42,250",36021,000004,D（建設）,001,処分費,14:45,14:48,000001,【護国寺基地】混廃（事務所共通）,000001,ｵﾈｽﾄ,000001,新木場ﾘｻｲｸﾙ工場,000001,ｵﾈｽﾄ,000213,首都高ﾒﾝﾃﾅﾝｽ西東京,1,紙,,000005,今村（紀）
2025/01/08(水),2025/01/08(水),2025/01/08(水),008011,首都高ﾒﾝﾃﾅﾝｽ西東京,1,売上,000109,運搬費,,1,07,台,"23,000","23,000",36021,000004,D（建設）,002,運搬費,14:45,14:48,000001,【護国寺基地】混廃（事務所共通）,000001,ｵﾈｽﾄ,000001,新木場ﾘｻｲｸﾙ工場,000001,ｵﾈｽﾄ,000213,首都高ﾒﾝﾃﾅﾝｽ西東京,1,紙,,000005,今村（紀）
2025/01/08(水),2025/01/08(水),2025/01/08(水),008059,ﾐﾗｲﾄ･ﾜﾝ,1,売上,000001,混合廃棄物A,"1,060","1,060",03,kg,60,"63,600",35988,000004,D（建設）,001,処分費,12:45,12:51,000001,電気通信工事,000001,ｵﾈｽﾄ,000001,新木場ﾘｻｲｸﾙ工場,003444,上野運輸,000271,上野運輸,1,紙,,000004,山本
2025/01/08(水),2025/01/08(水),2025/01/08(水),008348,UPVillage,1,売上,000001,混合廃棄物A,"1,410","1,410",03,kg,65,"91,650",36056,000002,B（残置）,001,処分費,17:01,17:12,000000,UPVillage,000001,ｵﾈｽﾄ,000001,新木場ﾘｻｲｸﾙ工場,008348,UPVillage,001178,UPVillage,1,紙,,000005,今村（紀）
2025/01/08(水),2025/01/08(水),2025/01/08(水),008462,Sｲﾝﾀﾞｳｴｽﾄ,1,売上,000002,混合廃棄物B,110,110,03,kg,70,"7,700",36064,000002,B（残置）,001,処分費,18:21,18:25,000000,Sｲﾝﾀﾞｳｴｽﾄ,000001,ｵﾈｽﾄ,000001,新木場ﾘｻｲｸﾙ工場,008462,Sｲﾝﾀﾞｳｴｽﾄ,000444,S･ｲﾝﾀﾞ ｳｴｽﾄ,1,紙,,000007,小林
2025/01/08(水),2025/01/08(水),2025/01/08(水),008462,Sｲﾝﾀﾞｳｴｽﾄ,1,売上,000006,混合廃棄物(壁紙・ｸﾛｽ),120,120,03,kg,75,"9,000",36064,000002,B（残置）,001,処分費,18:21,18:25,000000,Sｲﾝﾀﾞｳｴｽﾄ,000001,ｵﾈｽﾄ,000001,新木場ﾘｻｲｸﾙ工場,008462,Sｲﾝﾀﾞｳｴｽﾄ,000444,S･ｲﾝﾀﾞ ｳｴｽﾄ,1,紙,,000007,小林
2025/01/08(水),2025/01/08(水),2025/01/08(水),008672,大岩,1,売上,000002,混合廃棄物B,440,440,03,kg,70,"30,800",35997,000003,C（解体）,001,処分費,13:02,13:02,000001,世田谷区奥沢三丁目所在土地における既存建,000001,ｵﾈｽﾄ,000001,新木場ﾘｻｲｸﾙ工場,001361,三信ﾃｯｸ,001367,三信ﾃｯｸ,2,電子,,000007,小林
2025/01/08(水),2025/01/08(水),2025/01/08(水),008672,大岩,1,売上,000021,軽量物系B(ｸﾞﾗｽｳｰﾙ),30,30,03,kg,80,"2,400",35997,000003,C（解体）,001,処分費,13:02,13:02,000001,世田谷区奥沢三丁目所在土地における既存建,000001,ｵﾈｽﾄ,000001,新木場ﾘｻｲｸﾙ工場,001361,三信ﾃｯｸ,001367,三信ﾃｯｸ,2,電子,,000007,小林
2025/01/08(水),2025/01/08(水),2025/01/08(水),008672,大岩,1,売上,000022,軽量物系B(FRP),100,100,03,kg,80,"8,000",35997,000003,C（解体）,001,処分費,13:02,13:02,000001,世田谷区奥沢三丁目所在土地における既存建,000001,ｵﾈｽﾄ,000001,新木場ﾘｻｲｸﾙ工場,001361,三信ﾃｯｸ,001367,三信ﾃｯｸ,2,電子,,000007,小林
2025/01/08(水),2025/01/08(水),2025/01/08(水),008686,三信工務店,1,売上,000002,混合廃棄物B,40,40,03,kg,70,"2,800",36026,000003,C（解体）,001,処分費,14:54,14:57,000001,（仮称）台東区上野2丁目既存建物解体工事,000001,ｵﾈｽﾄ,000001,新木場ﾘｻｲｸﾙ工場,001014,南都興業,000779,南都興業,1,紙,,000006,川部
2025/01/08(水),2025/01/08(水),2025/01/08(水),008686,三信工務店,1,売上,000002,混合廃棄物B,330,330,03,kg,70,"23,100",35949,000003,C（解体）,001,処分費,08:48,08:51,000001,（仮称）台東区上野2丁目既存建物解体工事,000001,ｵﾈｽﾄ,000001,新木場ﾘｻｲｸﾙ工場,001014,南都興業,000779,南都興業,1,紙,,000006,川部
2025/01/08(水),2025/01/08(水),2025/01/08(水),008686,三信工務店,1,売上,000020,軽量物系A(ｳﾚﾀﾝ),240,240,03,kg,200,"48,000",36000,000003,C（解体）,001,処分費,12:16,12:20,000001,（仮称）台東区上野2丁目既存建物解体工事,000001,ｵﾈｽﾄ,000001,新木場ﾘｻｲｸﾙ工場,001014,南都興業,000779,南都興業,1,紙,,000006,川部
2025/01/08(水),2025/01/08(水),2025/01/08(水),008686,三信工務店,1,売上,000021,軽量物系B(ｸﾞﾗｽｳｰﾙ),370,370,03,kg,80,"29,600",36026,000003,C（解体）,001,処分費,14:54,14:57,000001,（仮称）台東区上野2丁目既存建物解体工事,000001,ｵﾈｽﾄ,000001,新木場ﾘｻｲｸﾙ工場,001014,南都興業,000779,南都興業,1,紙,,000006,川部
2025/01/08(水),2025/01/08(水),2025/01/08(水),008712,ﾊﾟﾗﾚﾙ東京,1,売上,000001,混合廃棄物A,220,220,03,kg,63,"13,860",36001,000002,B（残置）,001,処分費,12:47,13:25,000001,ﾊﾟﾗﾚﾙ東京,000001,ｵﾈｽﾄ,000001,新木場ﾘｻｲｸﾙ工場,001308,ｵﾈｽﾄ･ﾜﾝ,001021,ｵﾈｽﾄ･ﾜﾝ,1,紙,,000011,オネスト・ワン
2025/01/08(水),2025/01/08(水),2025/01/08(水),008712,ﾊﾟﾗﾚﾙ東京,1,売上,000030,選別,270,270,03,kg,60,"16,200",36001,000002,B（残置）,001,処分費,12:47,13:25,000001,ﾊﾟﾗﾚﾙ東京,000001,ｵﾈｽﾄ,000001,新木場ﾘｻｲｸﾙ工場,001308,ｵﾈｽﾄ･ﾜﾝ,001021,ｵﾈｽﾄ･ﾜﾝ,1,紙,,000011,オネスト・ワン
2025/01/08(水),2025/01/08(水),2025/01/08(水),008712,ﾊﾟﾗﾚﾙ東京,2,支払,000068,GC 軽鉄･ｽﾁｰﾙ類,100,100,03,kg,28,"2,800",36001,000002,B（残置）,003,有価物,12:47,13:25,000001,ﾊﾟﾗﾚﾙ東京,000001,ｵﾈｽﾄ,000001,新木場ﾘｻｲｸﾙ工場,001308,ｵﾈｽﾄ･ﾜﾝ,001021,ｵﾈｽﾄ･ﾜﾝ,1,紙,,000011,オネスト・ワン
2025/01/08(水),2025/01/08(水),2025/01/08(水),008750,Youtility,1,売上,000001,混合廃棄物A,40,40,03,kg,65,"2,600",36010,000001,A（事業）,001,処分費,14:07,14:07,000000,Youtility,000001,ｵﾈｽﾄ,000001,新木場ﾘｻｲｸﾙ工場,008750,Youtility,001411,Youtility,1,紙,,000006,川部
2025/01/08(水),2025/01/08(水),2025/01/08(水),008750,Youtility,1,売上,000016,軽量物系A(発泡ｽﾁﾛｰﾙ),40,40,03,kg,200,"8,000",36030,000001,A（事業）,001,処分費,14:56,,000000,Youtility,000001,ｵﾈｽﾄ,000001,新木場ﾘｻｲｸﾙ工場,008750,Youtility,001411,Youtility,1,紙,,000006,川部
2025/01/08(水),2025/01/08(水),2025/01/08(水),008750,Youtility,1,売上,000102,ﾏﾆﾌｪｽﾄ,,1,11,枚,50,50,36030,000001,A（事業）,001,処分費,14:56,,000000,Youtility,000001,ｵﾈｽﾄ,000001,新木場ﾘｻｲｸﾙ工場,008750,Youtility,001411,Youtility,1,紙,,000006,川部
2025/01/08(水),2025/01/08(水),2025/01/08(水),008750,Youtility,1,売上,000102,ﾏﾆﾌｪｽﾄ,,2,11,枚,50,100,36010,000001,A（事業）,001,処分費,14:07,14:07,000000,Youtility,000001,ｵﾈｽﾄ,000001,新木場ﾘｻｲｸﾙ工場,008750,Youtility,001411,Youtility,1,紙,,000006,川部
2025/01/08(水),2025/01/08(水),2025/01/08(水),008765,ｹｰ･ﾕｰ･ｹｰ,1,売上,000001,混合廃棄物A,560,560,03,kg,65,"36,400",35951,000004,D（建設）,001,処分費,09:06,09:06,000000,ｹｰ･ﾕｰ･ｹｰ,000001,ｵﾈｽﾄ,000001,新木場ﾘｻｲｸﾙ工場,000304,ﾊﾏﾀﾞｴﾝﾀｰﾌﾟﾗｲｽﾞ,000245,ﾊﾏﾀﾞｴﾝﾀｰﾌﾟﾗｲｽﾞ,1,紙,,000002,渡辺
2025/01/09(木),2025/01/09(木),2025/01/09(木),000025,学校法人 中央大学,1,売上,000001,混合廃棄物A,"1,380","1,380",03,kg,0,0,36145,000002,B（残置）,001,処分費,13:47,14:23,000000,学校法人 中央大学,000001,ｵﾈｽﾄ,000001,新木場ﾘｻｲｸﾙ工場,000001,ｵﾈｽﾄ,000022,学校法人 中央大学,1,紙,,000002,渡辺
2025/01/09(木),2025/01/09(木),2025/01/09(木),000025,学校法人 中央大学,1,売上,000030,選別,730,730,03,kg,0,0,36145,000002,B（残置）,001,処分費,13:47,14:23,000000,学校法人 中央大学,000001,ｵﾈｽﾄ,000001,新木場ﾘｻｲｸﾙ工場,000001,ｵﾈｽﾄ,000022,学校法人 中央大学,1,紙,,000002,渡辺
2025/01/09(木),2025/01/09(木),2025/01/09(木),000025,学校法人 中央大学,1,売上,000030,選別,"1,050","1,050",03,kg,0,0,36143,000002,B（残置）,001,処分費,13:31,13:31,000000,学校法人 中央大学,000001,ｵﾈｽﾄ,000001,新木場ﾘｻｲｸﾙ工場,000001,ｵﾈｽﾄ,000022,学校法人 中央大学,1,紙,,000002,渡辺
2025/01/09(木),2025/01/09(木),2025/01/09(木),000025,学校法人 中央大学,1,売上,000030,選別,"1,100","1,100",03,kg,0,0,36144,000002,B（残置）,001,処分費,13:44,13:45,000000,学校法人 中央大学,000001,ｵﾈｽﾄ,000001,新木場ﾘｻｲｸﾙ工場,000001,ｵﾈｽﾄ,000022,学校法人 中央大学,1,紙,,000002,渡辺
2025/01/09(木),2025/01/09(木),2025/01/09(木),000025,学校法人 中央大学,1,売上,000032,ﾀｲﾔ(ﾎｲﾙ付),100,5,09,本,0,0,36145,000002,B（残置）,001,処分費,13:47,14:23,000000,学校法人 中央大学,000001,ｵﾈｽﾄ,000001,新木場ﾘｻｲｸﾙ工場,000001,ｵﾈｽﾄ,000022,学校法人 中央大学,1,紙,,000002,渡辺
2025/01/09(木),2025/01/09(木),2025/01/09(木),000025,学校法人 中央大学,1,売上,000033,ﾀｲﾔ(ﾎｲﾙ無),30,3,09,本,0,0,36145,000002,B（残置）,001,処分費,13:47,14:23,000000,学校法人 中央大学,000001,ｵﾈｽﾄ,000001,新木場ﾘｻｲｸﾙ工場,000001,ｵﾈｽﾄ,000022,学校法人 中央大学,1,紙,,000002,渡辺
2025/01/09(木),2025/01/09(木),2025/01/09(木),000025,学校法人 中央大学,1,売上,000086,ﾄﾅｰ,30,30,03,kg,0,0,36145,000002,B（残置）,001,処分費,13:47,14:23,000000,学校法人 中央大学,000001,ｵﾈｽﾄ,000001,新木場ﾘｻｲｸﾙ工場,000001,ｵﾈｽﾄ,000022,学校法人 中央大学,1,紙,,000002,渡辺
2025/01/09(木),2025/01/09(木),2025/01/09(木),000025,学校法人 中央大学,2,支払,000068,GC 軽鉄･ｽﾁｰﾙ類,80,80,03,kg,0,0,36145,000002,B（残置）,003,有価物,13:47,14:23,000000,学校法人 中央大学,000001,ｵﾈｽﾄ,000001,新木場ﾘｻｲｸﾙ工場,000001,ｵﾈｽﾄ,000022,学校法人 中央大学,1,紙,,000002,渡辺
2025/01/09(木),2025/01/09(木),2025/01/09(木),000038,中村鐵工所,1,売上,000001,混合廃棄物A,"2,250",10,02,m3,0,0,36087,000004,D（建設）,001,処分費,09:27,09:32,000000,中村鐵工所,000001,ｵﾈｽﾄ,000001,新木場ﾘｻｲｸﾙ工場,000001,ｵﾈｽﾄ,000034,中村鐵工所,1,紙,,000004,山本
2025/01/09(木),2025/01/09(木),2025/01/09(木),000052,野呂商店（南水元）,1,売上,000002,混合廃棄物B,440,440,03,kg,70,"30,800",36207,000003,C（解体）,001,処分費,17:50,17:54,000002,自社倉庫,000001,ｵﾈｽﾄ,000001,新木場ﾘｻｲｸﾙ工場,000052,野呂商店（南水元）,000044,野呂商店（南水元）,1,紙,,000005,今村（紀）
2025/01/09(木),2025/01/09(木),2025/01/09(木),000063,鈴亀,1,売上,000002,混合廃棄物B,"1,420","1,420",03,kg,70,"99,400",36083,000005,E（中・積),001,処分費,08:48,08:52,000000,鈴亀,000001,ｵﾈｽﾄ,000001,新木場ﾘｻｲｸﾙ工場,000063,鈴亀,000052,鈴亀,1,紙,,000002,渡辺
2025/01/09(木),2025/01/09(木),2025/01/09(木),000121,日本大学豊山高等学校,1,売上,000001,混合廃棄物A,490,490,03,kg,65,"31,850",36130,000001,A（事業）,001,処分費,12:15,12:53,000000,日本大学豊山高等学校,000001,ｵﾈｽﾄ,000001,新木場ﾘｻｲｸﾙ工場,001463,ﾅｺｼﾞ,000170,ﾅｺｼﾞ,1,紙,,000006,川部
2025/01/09(木),2025/01/09(木),2025/01/09(木),000121,日本大学豊山高等学校,1,売上,000013,混合廃棄物(ｿﾌｧｰ),20,20,03,kg,100,"2,000",36130,000001,A（事業）,001,処分費,12:15,12:53,000000,日本大学豊山高等学校,000001,ｵﾈｽﾄ,000001,新木場ﾘｻｲｸﾙ工場,001463,ﾅｺｼﾞ,000170,ﾅｺｼﾞ,1,紙,,000006,川部
2025/01/09(木),2025/01/09(木),2025/01/09(木),000121,日本大学豊山高等学校,1,売上,000030,選別,150,150,03,kg,70,"10,500",36130,000001,A（事業）,001,処分費,12:15,12:53,000000,日本大学豊山高等学校,000001,ｵﾈｽﾄ,000001,新木場ﾘｻｲｸﾙ工場,001463,ﾅｺｼﾞ,000170,ﾅｺｼﾞ,1,紙,,000006,川部
2025/01/09(木),2025/01/09(木),2025/01/09(木),000121,日本大学豊山高等学校,2,支払,000068,GC 軽鉄･ｽﾁｰﾙ類,540,540,03,kg,15.5,"8,370",36130,000001,A（事業）,003,有価物,12:15,12:53,000000,日本大学豊山高等学校,000001,ｵﾈｽﾄ,000001,新木場ﾘｻｲｸﾙ工場,001463,ﾅｺｼﾞ,000170,ﾅｺｼﾞ,1,紙,,000006,川部
2025/01/09(木),2025/01/09(木),2025/01/09(木),000182,月島JFEｱｸｱｿﾘｭｰｼｮﾝ,1,売上,000349,運搬費(4ｔｺﾝﾃﾅ),,1,07,台,"23,000","23,000",36149,000004,D（建設）,002,運搬費,14:06,14:10,000006,【鈴木】令和6・7年度葛西水再生センター,000001,ｵﾈｽﾄ,000001,新木場ﾘｻｲｸﾙ工場,000001,ｵﾈｽﾄ,000149,月島JFEｱｸｱｿﾘｭｰｼｮﾝ（東日本）,1,紙,,000005,今村（紀）
2025/01/09(木),2025/01/09(木),2025/01/09(木),000182,月島JFEｱｸｱｿﾘｭｰｼｮﾝ,1,売上,000376,ｶﾞﾗｽ陶磁器くず,910,9.5,02,m3,"18,000","171,000",36149,000004,D（建設）,001,処分費,14:06,14:10,000006,【鈴木】令和6・7年度葛西水再生センター,000001,ｵﾈｽﾄ,000001,新木場ﾘｻｲｸﾙ工場,000001,ｵﾈｽﾄ,000149,月島JFEｱｸｱｿﾘｭｰｼｮﾝ（東日本）,1,紙,,000005,今村（紀）
2025/01/09(木),2025/01/09(木),2025/01/09(木),000272,新建産業,1,売上,000001,混合廃棄物A,210,210,03,kg,65,"13,650",36097,000001,A（事業）,001,処分費,10:45,10:45,000000,新建産業,000001,ｵﾈｽﾄ,000001,新木場ﾘｻｲｸﾙ工場,000272,新建産業,000222,新建産業,1,紙,,000006,川部
2025/01/09(木),2025/01/09(木),2025/01/09(木),000281,ﾒﾀｳｫｰﾀｰ,1,売上,000014,混合廃棄物,"1,540",15,02,m3,"10,000","150,000",36210,000004,D（建設）,001,処分費,18:09,18:18,000003,森ヶ崎水再生ｾﾝﾀｰ(東)反応槽機械設備再構築,000001,ｵﾈｽﾄ,000001,新木場ﾘｻｲｸﾙ工場,000001,ｵﾈｽﾄ,000281,ﾒﾀｳｫｰﾀｰ,1,紙,,000010,メタウォーター
2025/01/09(木),2025/01/09(木),2025/01/09(木),000281,ﾒﾀｳｫｰﾀｰ,1,売上,000022,軽量物系B(FRP),"1,050",12,02,m3,"18,000","216,000",36106,000004,D（建設）,001,処分費,11:03,11:03,000009,中野水再生ｾﾝﾀｰ反応槽機械設備再構築工事,000001,ｵﾈｽﾄ,000001,新木場ﾘｻｲｸﾙ工場,000001,ｵﾈｽﾄ,000281,ﾒﾀｳｫｰﾀｰ,1,紙,,000010,メタウォーター
2025/01/09(木),2025/01/09(木),2025/01/09(木),000281,ﾒﾀｳｫｰﾀｰ,1,売上,000022,軽量物系B(FRP),"1,090",10,02,m3,"18,000","180,000",36154,000004,D（建設）,001,処分費,14:37,14:37,000009,中野水再生ｾﾝﾀｰ反応槽機械設備再構築工事,000001,ｵﾈｽﾄ,000001,新木場ﾘｻｲｸﾙ工場,000001,ｵﾈｽﾄ,000281,ﾒﾀｳｫｰﾀｰ,2,電子,,000010,メタウォーター
2025/01/09(木),2025/01/09(木),2025/01/09(木),000281,ﾒﾀｳｫｰﾀｰ,1,売上,000109,運搬費,,1,07,台,"21,000","21,000",36106,000004,D（建設）,002,運搬費,11:03,11:03,000009,中野水再生ｾﾝﾀｰ反応槽機械設備再構築工事,000001,ｵﾈｽﾄ,000001,新木場ﾘｻｲｸﾙ工場,000001,ｵﾈｽﾄ,000281,ﾒﾀｳｫｰﾀｰ,1,紙,,000010,メタウォーター
2025/01/09(木),2025/01/09(木),2025/01/09(木),000281,ﾒﾀｳｫｰﾀｰ,1,売上,000109,運搬費,,1,07,台,"21,000","21,000",36154,000004,D（建設）,002,運搬費,14:37,14:37,000009,中野水再生ｾﾝﾀｰ反応槽機械設備再構築工事,000001,ｵﾈｽﾄ,000001,新木場ﾘｻｲｸﾙ工場,000001,ｵﾈｽﾄ,000281,ﾒﾀｳｫｰﾀｰ,2,電子,,000010,メタウォーター
2025/01/09(木),2025/01/09(木),2025/01/09(木),000281,ﾒﾀｳｫｰﾀｰ,1,売上,000350,運搬費(4ｔﾕﾆｯｸ車),,1,07,台,"30,000","30,000",36210,000004,D（建設）,002,運搬費,18:09,18:18,000003,森ヶ崎水再生ｾﾝﾀｰ(東)反応槽機械設備再構築,000001,ｵﾈｽﾄ,000001,新木場ﾘｻｲｸﾙ工場,000001,ｵﾈｽﾄ,000281,ﾒﾀｳｫｰﾀｰ,1,紙,,000010,メタウォーター
2025/01/09(木),2025/01/09(木),2025/01/09(木),000289,ｼﾃｨﾛｼﾞｽﾃｨｯｸｽ,1,売上,000001,混合廃棄物A,50,50,03,kg,65,"3,250",36088,000002,B（残置）,001,処分費,09:45,09:45,000004,丸一運輸,000001,ｵﾈｽﾄ,000001,新木場ﾘｻｲｸﾙ工場,000289,ｼﾃｨﾛｼﾞｽﾃｨｯｸｽ,000232,ｼﾃｨﾛｼﾞｽﾃｨｯｸｽ,1,紙,,000006,川部
2025/01/09(木),2025/01/09(木),2025/01/09(木),000302,ﾖｼﾓﾘ,1,売上,000003,混合廃棄物C,"2,120","2,120",03,kg,58,"122,960",36093,000001,A（事業）,001,処分費,10:16,10:19,000001,ﾖｼﾓﾘ扇ﾘｻｲｸﾙｾﾝﾀｰ,000001,ｵﾈｽﾄ,000001,新木場ﾘｻｲｸﾙ工場,000302,ﾖｼﾓﾘ,000244,ﾖｼﾓﾘ,1,紙,,000002,渡辺
2025/01/09(木),2025/01/09(木),2025/01/09(木),000312,野口興業,1,売上,000001,混合廃棄物A,600,600,03,kg,45,"27,000",36078,000001,A（事業）,001,処分費,08:26,08:29,000000,野口興業,000001,ｵﾈｽﾄ,000001,新木場ﾘｻｲｸﾙ工場,000312,野口興業,000253,野口興業,1,紙,,000002,渡辺
2025/01/09(木),2025/01/09(木),2025/01/09(木),000313,ｱｰﾙｸﾘｴｲﾄ,1,売上,000001,混合廃棄物A,"2,120","2,120",03,kg,65,"137,800",36134,000003,C（解体）,001,処分費,12:37,12:44,000000,ｱｰﾙｸﾘｴｲﾄ,000001,ｵﾈｽﾄ,000001,新木場ﾘｻｲｸﾙ工場,000313,ｱｰﾙｸﾘｴｲﾄ,000254,ｱｰﾙｸﾘｴｲﾄ,1,紙,,000006,川部
2025/01/09(木),2025/01/09(木),2025/01/09(木),000313,ｱｰﾙｸﾘｴｲﾄ,1,売上,000001,混合廃棄物A,"2,270","2,270",03,kg,65,"147,550",36186,000003,C（解体）,001,処分費,16:18,16:26,000000,ｱｰﾙｸﾘｴｲﾄ,000001,ｵﾈｽﾄ,000001,新木場ﾘｻｲｸﾙ工場,000313,ｱｰﾙｸﾘｴｲﾄ,000254,ｱｰﾙｸﾘｴｲﾄ,1,紙,,000006,川部
2025/01/09(木),2025/01/09(木),2025/01/09(木),000313,ｱｰﾙｸﾘｴｲﾄ,1,売上,000013,混合廃棄物(ｿﾌｧｰ),20,20,03,kg,100,"2,000",36134,000003,C（解体）,001,処分費,12:37,12:44,000000,ｱｰﾙｸﾘｴｲﾄ,000001,ｵﾈｽﾄ,000001,新木場ﾘｻｲｸﾙ工場,000313,ｱｰﾙｸﾘｴｲﾄ,000254,ｱｰﾙｸﾘｴｲﾄ,1,紙,,000006,川部
2025/01/09(木),2025/01/09(木),2025/01/09(木),000313,ｱｰﾙｸﾘｴｲﾄ,1,売上,000031,金庫,50,50,03,kg,80,"4,000",36186,000003,C（解体）,001,処分費,16:18,16:26,000000,ｱｰﾙｸﾘｴｲﾄ,000001,ｵﾈｽﾄ,000001,新木場ﾘｻｲｸﾙ工場,000313,ｱｰﾙｸﾘｴｲﾄ,000254,ｱｰﾙｸﾘｴｲﾄ,1,紙,,000006,川部
2025/01/09(木),2025/01/09(木),2025/01/09(木),000392,亀田,1,売上,000002,混合廃棄物B,360,360,03,kg,63,"22,680",36075,000005,E（中・積),001,処分費,08:15,08:16,000000,亀田,000001,ｵﾈｽﾄ,000001,新木場ﾘｻｲｸﾙ工場,000392,亀田,000313,亀田,1,紙,,000002,渡辺
2025/01/09(木),2025/01/09(木),2025/01/09(木),000450,ﾘﾄﾙﾘｰｸﾞ,1,売上,000001,混合廃棄物A,890,890,03,kg,65,"57,850",36135,000001,A（事業）,001,処分費,12:55,12:56,000001,新光第一ﾋﾞﾙ,000001,ｵﾈｽﾄ,000001,新木場ﾘｻｲｸﾙ工場,001546,江栄,000013,江栄,1,紙,,000002,渡辺
2025/01/09(木),2025/01/09(木),2025/01/09(木),000462,ｽﾀｰﾂCAM,1,売上,000002,混合廃棄物B,430,430,03,kg,70,"30,100",36105,000004,D（建設）,001,処分費,10:47,10:49,000002,(仮称)神田錦町三丁目設備工事に伴う,000001,ｵﾈｽﾄ,000001,新木場ﾘｻｲｸﾙ工場,000474,ｱｸﾛﾊﾞｯﾄｱｰﾑｽﾞ,000360,ｱｸﾛﾊﾞｯﾄｱｰﾑｽﾞ,2,電子,,000002,渡辺
2025/01/09(木),2025/01/09(木),2025/01/09(木),000678,三井住建道路開発環境事業部,1,売上,000017,軽量物系A(ｽﾀｲﾛﾌｫｰﾑ),250,250,03,kg,200,"50,000",36150,000003,C（解体）,001,処分費,14:15,14:19,000002,（仮称）港区六本木四丁目計画解体工事,000001,ｵﾈｽﾄ,000001,新木場ﾘｻｲｸﾙ工場,000042,翼工業,000037,翼工業,2,電子,,000004,山本
2025/01/09(木),2025/01/09(木),2025/01/09(木),000691,Re建装,1,売上,000001,混合廃棄物A,70,70,03,kg,65,"4,550",36098,000003,C（解体）,001,処分費,10:39,10:43,000000,Re建装,000001,ｵﾈｽﾄ,000001,新木場ﾘｻｲｸﾙ工場,000691,Re建装,001275,Re建装,1,紙,,000007,小林
2025/01/09(木),2025/01/09(木),2025/01/09(木),000691,Re建装,1,売上,000006,混合廃棄物(壁紙・ｸﾛｽ),50,50,03,kg,75,"3,750",36098,000003,C（解体）,001,処分費,10:39,10:43,000000,Re建装,000001,ｵﾈｽﾄ,000001,新木場ﾘｻｲｸﾙ工場,000691,Re建装,001275,Re建装,1,紙,,000007,小林
2025/01/09(木),2025/01/09(木),2025/01/09(木),000736,(ｻﾝﾃｸﾉ)ｲﾝ･ｻﾎﾟｰﾄ,1,売上,000002,混合廃棄物B,410,410,03,kg,63,"25,830",36065,000006,F（他）,001,処分費,06:23,06:23,000000,(ｻﾝﾃｸﾉ)ｲﾝ･ｻﾎﾟｰﾄ,000001,ｵﾈｽﾄ,000001,新木場ﾘｻｲｸﾙ工場,001748,(ｻﾝﾃｸﾉ)ｽﾀｰﾀﾞｽﾄ社,001022,ｻﾝ･ﾃｸﾉ,1,紙,,000012,サン・テクノ
2025/01/09(木),2025/01/09(木),2025/01/09(木),000923,港区教育委員会事務局　学校教育部,1,売上,000014,混合廃棄物,10,10,03,kg,45,450,36151,000006,F（他）,001,処分費,14:17,14:17,000025,赤羽幼稚園,000001,ｵﾈｽﾄ,000001,新木場ﾘｻｲｸﾙ工場,000001,ｵﾈｽﾄ,001311,港区教育委員会事務局　学校教育部,1,紙,,000007,小林
2025/01/09(木),2025/01/09(木),2025/01/09(木),000923,港区教育委員会事務局　学校教育部,1,売上,000014,混合廃棄物,150,150,03,kg,45,"6,750",36164,000006,F（他）,001,処分費,15:28,15:28,000030,麻布幼稚園,000001,ｵﾈｽﾄ,000001,新木場ﾘｻｲｸﾙ工場,000001,ｵﾈｽﾄ,001311,港区教育委員会事務局　学校教育部,1,紙,,000007,小林
2025/01/09(木),2025/01/09(木),2025/01/09(木),000923,港区教育委員会事務局　学校教育部,1,売上,000014,混合廃棄物,220,220,03,kg,45,"9,900",36153,000006,F（他）,001,処分費,14:18,14:41,000003,赤羽小学校,000001,ｵﾈｽﾄ,000001,新木場ﾘｻｲｸﾙ工場,000001,ｵﾈｽﾄ,001311,港区教育委員会事務局　学校教育部,1,紙,,000007,小林
2025/01/09(木),2025/01/09(木),2025/01/09(木),000923,港区教育委員会事務局　学校教育部,1,売上,000014,混合廃棄物,310,310,03,kg,45,"13,950",36091,000006,F（他）,001,処分費,10:17,10:17,000017,三田中学校,000001,ｵﾈｽﾄ,000001,新木場ﾘｻｲｸﾙ工場,000001,ｵﾈｽﾄ,001311,港区教育委員会事務局　学校教育部,1,紙,,000007,小林
2025/01/09(木),2025/01/09(木),2025/01/09(木),001203,ﾏﾙﾐﾔ社,1,売上,000001,混合廃棄物A,150,150,03,kg,65,"9,750",36162,000002,B（残置）,001,処分費,15:05,15:09,000000,ﾏﾙﾐﾔ社,000001,ｵﾈｽﾄ,000001,新木場ﾘｻｲｸﾙ工場,001203,ﾏﾙﾐﾔ社,000934,ﾏﾙﾐﾔ社,1,紙,,000002,渡辺
2025/01/09(木),2025/01/09(木),2025/01/09(木),001203,ﾏﾙﾐﾔ社,1,売上,000001,混合廃棄物A,220,220,03,kg,65,"14,300",36142,000002,B（残置）,001,処分費,13:36,13:43,000000,ﾏﾙﾐﾔ社,000001,ｵﾈｽﾄ,000001,新木場ﾘｻｲｸﾙ工場,001203,ﾏﾙﾐﾔ社,000934,ﾏﾙﾐﾔ社,1,紙,,000002,渡辺
2025/01/09(木),2025/01/09(木),2025/01/09(木),001286,Netforce,1,売上,000002,混合廃棄物B,"1,650","1,650",03,kg,65,"107,250",36189,000001,A（事業）,001,処分費,16:48,16:52,000000,Netforce,000001,ｵﾈｽﾄ,000001,新木場ﾘｻｲｸﾙ工場,000332,吉野商会,000269,吉野商会,1,紙,,000006,川部
2025/01/09(木),2025/01/09(木),2025/01/09(木),001434,(ｻﾝﾃｸﾉ)東和ｴﾝｼﾞﾆｱﾘﾝｸﾞ,1,売上,000001,混合廃棄物A,520,520,03,kg,58,"30,160",36158,000006,F（他）,001,処分費,15:04,15:08,000099,司法研修所,000001,ｵﾈｽﾄ,000001,新木場ﾘｻｲｸﾙ工場,000001,ｵﾈｽﾄ,001022,ｻﾝ･ﾃｸﾉ,1,紙,,000012,サン・テクノ
2025/01/09(木),2025/01/09(木),2025/01/09(木),001434,(ｻﾝﾃｸﾉ)東和ｴﾝｼﾞﾆｱﾘﾝｸﾞ,1,売上,000030,選別,10,10,03,kg,50,500,36158,000006,F（他）,001,処分費,15:04,15:08,000099,司法研修所,000001,ｵﾈｽﾄ,000001,新木場ﾘｻｲｸﾙ工場,000001,ｵﾈｽﾄ,001022,ｻﾝ･ﾃｸﾉ,1,紙,,000012,サン・テクノ
2025/01/09(木),2025/01/09(木),2025/01/09(木),001434,(ｻﾝﾃｸﾉ)東和ｴﾝｼﾞﾆｱﾘﾝｸﾞ,1,売上,000109,運搬費(4t),,1,07,台,"18,000","18,000",36158,000006,F（他）,002,運搬費,15:04,15:08,000099,司法研修所,000001,ｵﾈｽﾄ,000001,新木場ﾘｻｲｸﾙ工場,000001,ｵﾈｽﾄ,001022,ｻﾝ･ﾃｸﾉ,1,紙,,000012,サン・テクノ
2025/01/09(木),2025/01/09(木),2025/01/09(木),001446,東京大学,1,売上,000001,混合廃棄物A,"1,570","1,570",03,kg,65,"102,050",36200,000002,B（残置）,001,処分費,17:00,17:05,000006,東京大学工学部,000001,ｵﾈｽﾄ,000001,新木場ﾘｻｲｸﾙ工場,000013,東京商産業,000011,東京商産業,1,紙,,000004,山本
2025/01/09(木),2025/01/09(木),2025/01/09(木),001446,東京大学,1,売上,000032,ﾀｲﾔ(ﾎｲﾙ付),10,1,09,本,"3,500","3,500",36200,000002,B（残置）,001,処分費,17:00,17:05,000006,東京大学工学部,000001,ｵﾈｽﾄ,000001,新木場ﾘｻｲｸﾙ工場,000013,東京商産業,000011,東京商産業,1,紙,,000004,山本
2025/01/09(木),2025/01/09(木),2025/01/09(木),001446,東京大学,1,売上,000033,ﾀｲﾔ(ﾎｲﾙ無),60,10,09,本,"2,500","25,000",36200,000002,B（残置）,001,処分費,17:00,17:05,000006,東京大学工学部,000001,ｵﾈｽﾄ,000001,新木場ﾘｻｲｸﾙ工場,000013,東京商産業,000011,東京商産業,1,紙,,000004,山本
2025/01/09(木),2025/01/09(木),2025/01/09(木),001480,新生紙ﾊﾟﾙﾌﾟ商事,1,売上,000001,混合廃棄物A,160,160,03,kg,65,"10,400",36068,000001,A（事業）,001,処分費,07:04,07:06,000001,OPﾋﾞﾙﾃﾞｨﾝｸﾞ,000001,ｵﾈｽﾄ,000001,新木場ﾘｻｲｸﾙ工場,001463,ﾅｺｼﾞ,000170,ﾅｺｼﾞ,1,紙,,000006,川部
2025/01/09(木),2025/01/09(木),2025/01/09(木),001543,坂口,1,売上,000001,混合廃棄物A,240,240,03,kg,65,"15,600",36077,000001,A（事業）,001,処分費,08:30,08:30,000000,坂口,000001,ｵﾈｽﾄ,000001,新木場ﾘｻｲｸﾙ工場,001258,ﾎｿﾔ,000979,ﾎｿﾔ,1,紙,,000005,今村（紀）
2025/01/09(木),2025/01/09(木),2025/01/09(木),001635,大阪ｼｰﾘﾝｸﾞ印刷,1,売上,000001,混合廃棄物A,"1,130","1,130",03,kg,68,"76,840",36084,000001,A（事業）,001,処分費,08:46,08:46,000001,大阪ｼｰﾘﾝｸﾞ印刷㈱配送ｾﾝﾀｰ,000001,ｵﾈｽﾄ,000001,新木場ﾘｻｲｸﾙ工場,000001,ｵﾈｽﾄ,001211,大阪ｼｰﾘﾝｸﾞ印刷,1,紙,,000002,渡辺
2025/01/09(木),2025/01/09(木),2025/01/09(木),001635,大阪ｼｰﾘﾝｸﾞ印刷,1,売上,000109,運搬費,,1,07,台,"23,000","23,000",36084,000001,A（事業）,002,運搬費,08:46,08:46,000001,大阪ｼｰﾘﾝｸﾞ印刷㈱配送ｾﾝﾀｰ,000001,ｵﾈｽﾄ,000001,新木場ﾘｻｲｸﾙ工場,000001,ｵﾈｽﾄ,001211,大阪ｼｰﾘﾝｸﾞ印刷,1,紙,,000002,渡辺
2025/01/09(木),2025/01/09(木),2025/01/09(木),001659,東京東武工業,1,売上,000001,混合廃棄物A,290,290,03,kg,60,"17,400",36109,000002,B（残置）,001,処分費,11:02,11:05,000000,東京東武工業,000001,ｵﾈｽﾄ,000001,新木場ﾘｻｲｸﾙ工場,001656,真和商事,000055,真和商事,1,紙,,000002,渡辺
2025/01/09(木),2025/01/09(木),2025/01/09(木),001659,東京東武工業,1,売上,000030,選別,30,30,03,kg,60,"1,800",36109,000002,B（残置）,001,処分費,11:02,11:05,000000,東京東武工業,000001,ｵﾈｽﾄ,000001,新木場ﾘｻｲｸﾙ工場,001656,真和商事,000055,真和商事,1,紙,,000002,渡辺
2025/01/09(木),2025/01/09(木),2025/01/09(木),001706,菅原工芸,1,売上,000002,混合廃棄物B,820,820,03,kg,65,"53,300",36196,000001,A（事業）,001,処分費,16:55,16:55,000001,八潮工場,000001,ｵﾈｽﾄ,000001,新木場ﾘｻｲｸﾙ工場,000332,吉野商会,000269,吉野商会,1,紙,,000006,川部
2025/01/09(木),2025/01/09(木),2025/01/09(木),001739,三機工業（八丁堀）,1,売上,000001,混合廃棄物A,120,120,03,kg,58,"6,960",36119,000004,D（建設）,001,処分費,11:43,12:01,000023,【NWS】MCDR　NRT10,000001,ｵﾈｽﾄ,000001,新木場ﾘｻｲｸﾙ工場,000016,泉土木,000014,泉土木,2,電子,,000001,矢作
2025/01/09(木),2025/01/09(木),2025/01/09(木),001739,三機工業（八丁堀）,1,売上,000030,選別,20,20,03,kg,55,"1,100",36121,000004,D（建設）,001,処分費,12:02,12:02,000023,【NWS】MCDR　NRT10,000001,ｵﾈｽﾄ,000001,新木場ﾘｻｲｸﾙ工場,000016,泉土木,000014,泉土木,2,電子,,000001,矢作
2025/01/09(木),2025/01/09(木),2025/01/09(木),001739,三機工業（八丁堀）,1,売上,000030,選別,70,70,03,kg,55,"3,850",36185,000004,D（建設）,001,処分費,16:11,16:11,000023,【NWS】MCDR　NRT10,000001,ｵﾈｽﾄ,000001,新木場ﾘｻｲｸﾙ工場,000016,泉土木,000014,泉土木,2,電子,,000001,矢作
2025/01/09(木),2025/01/09(木),2025/01/09(木),001739,三機工業（八丁堀）,1,売上,000030,選別,120,120,03,kg,55,"6,600",36125,000004,D（建設）,001,処分費,12:11,12:11,000023,【NWS】MCDR　NRT10,000001,ｵﾈｽﾄ,000001,新木場ﾘｻｲｸﾙ工場,000016,泉土木,000014,泉土木,2,電子,,000001,矢作
2025/01/09(木),2025/01/09(木),2025/01/09(木),001739,三機工業（八丁堀）,1,売上,000046,ﾀﾞﾝﾎﾞｰﾙ,20,20,03,kg,0,0,36119,000004,D（建設）,001,処分費,11:43,12:01,000023,【NWS】MCDR　NRT10,000001,ｵﾈｽﾄ,000001,新木場ﾘｻｲｸﾙ工場,000016,泉土木,000014,泉土木,2,電子,,000001,矢作
2025/01/09(木),2025/01/09(木),2025/01/09(木),001739,三機工業（八丁堀）,2,支払,000068,GC 軽鉄･ｽﾁｰﾙ類,240,240,03,kg,24.5,"5,880",36119,000004,D（建設）,003,有価物,11:43,12:01,000023,【NWS】MCDR　NRT10,000001,ｵﾈｽﾄ,000001,新木場ﾘｻｲｸﾙ工場,000016,泉土木,000014,泉土木,2,電子,,000001,矢作
2025/01/09(木),2025/01/09(木),2025/01/09(木),001739,三機工業（八丁堀）,2,支払,000068,GC 軽鉄･ｽﾁｰﾙ類,240,240,03,kg,24.5,"5,880",36183,000004,D（建設）,003,有価物,16:10,16:11,000023,【NWS】MCDR　NRT10,000001,ｵﾈｽﾄ,000001,新木場ﾘｻｲｸﾙ工場,000016,泉土木,000014,泉土木,1,紙,,000001,矢作
2025/01/09(木),2025/01/09(木),2025/01/09(木),001739,三機工業（八丁堀）,2,支払,000068,GC 軽鉄･ｽﾁｰﾙ類,250,250,03,kg,24.5,"6,125",36185,000004,D（建設）,003,有価物,16:11,16:11,000023,【NWS】MCDR　NRT10,000001,ｵﾈｽﾄ,000001,新木場ﾘｻｲｸﾙ工場,000016,泉土木,000014,泉土木,2,電子,,000001,矢作
2025/01/09(木),2025/01/09(木),2025/01/09(木),001739,三機工業（八丁堀）,2,支払,000068,GC 軽鉄･ｽﾁｰﾙ類,250,250,03,kg,24.5,"6,125",36188,000004,D（建設）,003,有価物,16:24,16:24,000023,【NWS】MCDR　NRT10,000001,ｵﾈｽﾄ,000001,新木場ﾘｻｲｸﾙ工場,000016,泉土木,000014,泉土木,1,紙,,000001,矢作
2025/01/09(木),2025/01/09(木),2025/01/09(木),001739,三機工業（八丁堀）,2,支払,000068,GC 軽鉄･ｽﾁｰﾙ類,290,290,03,kg,24.5,"7,105",36124,000004,D（建設）,003,有価物,12:07,12:07,000023,【NWS】MCDR　NRT10,000001,ｵﾈｽﾄ,000001,新木場ﾘｻｲｸﾙ工場,000016,泉土木,000014,泉土木,2,電子,,000001,矢作
2025/01/09(木),2025/01/09(木),2025/01/09(木),001739,三機工業（八丁堀）,2,支払,000068,GC 軽鉄･ｽﾁｰﾙ類,300,300,03,kg,24.5,"7,350",36187,000004,D（建設）,003,有価物,16:22,16:23,000023,【NWS】MCDR　NRT10,000001,ｵﾈｽﾄ,000001,新木場ﾘｻｲｸﾙ工場,000016,泉土木,000014,泉土木,2,電子,,000001,矢作
2025/01/09(木),2025/01/09(木),2025/01/09(木),001739,三機工業（八丁堀）,2,支払,000068,GC 軽鉄･ｽﾁｰﾙ類,340,340,03,kg,24.5,"8,330",36125,000004,D（建設）,003,有価物,12:11,12:11,000023,【NWS】MCDR　NRT10,000001,ｵﾈｽﾄ,000001,新木場ﾘｻｲｸﾙ工場,000016,泉土木,000014,泉土木,2,電子,,000001,矢作
2025/01/09(木),2025/01/09(木),2025/01/09(木),001739,三機工業（八丁堀）,2,支払,000068,GC 軽鉄･ｽﾁｰﾙ類,420,420,03,kg,24.5,"10,290",36121,000004,D（建設）,003,有価物,12:02,12:02,000023,【NWS】MCDR　NRT10,000001,ｵﾈｽﾄ,000001,新木場ﾘｻｲｸﾙ工場,000016,泉土木,000014,泉土木,2,電子,,000001,矢作
2025/01/09(木),2025/01/09(木),2025/01/09(木),001739,三機工業（八丁堀）,2,支払,000068,GC 軽鉄･ｽﾁｰﾙ類,710,710,03,kg,24.5,"17,395",36163,000004,D（建設）,003,有価物,15:27,15:27,000023,【NWS】MCDR　NRT10,000001,ｵﾈｽﾄ,000001,新木場ﾘｻｲｸﾙ工場,000016,泉土木,000014,泉土木,2,電子,,000001,矢作
2025/01/09(木),2025/01/09(木),2025/01/09(木),001739,三機工業（八丁堀）,2,支払,000068,GC 軽鉄･ｽﾁｰﾙ類,920,920,03,kg,24.5,"22,540",36113,000004,D（建設）,003,有価物,11:27,11:43,000023,【NWS】MCDR　NRT10,000001,ｵﾈｽﾄ,000001,新木場ﾘｻｲｸﾙ工場,000016,泉土木,000014,泉土木,2,電子,,000001,矢作
2025/01/09(木),2025/01/09(木),2025/01/09(木),001739,三機工業（八丁堀）,2,支払,000068,GC 軽鉄･ｽﾁｰﾙ類,"1,080","1,080",03,kg,24.5,"26,460",36171,000004,D（建設）,003,有価物,15:41,15:41,000023,【NWS】MCDR　NRT10,000001,ｵﾈｽﾄ,000001,新木場ﾘｻｲｸﾙ工場,000016,泉土木,000014,泉土木,2,電子,,000001,矢作
2025/01/09(木),2025/01/09(木),2025/01/09(木),001739,三機工業（八丁堀）,2,支払,000068,GC 軽鉄･ｽﾁｰﾙ類,"1,630","1,630",03,kg,24.5,"39,935",36116,000004,D（建設）,003,有価物,11:54,11:54,000023,【NWS】MCDR　NRT10,000001,ｵﾈｽﾄ,000001,新木場ﾘｻｲｸﾙ工場,000016,泉土木,000014,泉土木,2,電子,,000001,矢作
2025/01/09(木),2025/01/09(木),2025/01/09(木),001739,三機工業（八丁堀）,2,支払,000069,GD,120,120,03,kg,14,"1,680",36187,000004,D（建設）,003,有価物,16:22,16:23,000023,【NWS】MCDR　NRT10,000001,ｵﾈｽﾄ,000001,新木場ﾘｻｲｸﾙ工場,000016,泉土木,000014,泉土木,2,電子,,000001,矢作
2025/01/09(木),2025/01/09(木),2025/01/09(木),001853,ｸﾞﾛﾘｱｽ･ｼﾞｬﾊﾟﾝ,1,売上,000001,混合廃棄物A,670,670,03,kg,65,"43,550",36108,000002,B（残置）,001,処分費,10:57,11:09,000001,ｸﾞﾛﾘｱｽ･ｼﾞｬﾊﾟﾝ,000001,ｵﾈｽﾄ,000001,新木場ﾘｻｲｸﾙ工場,001853,ｸﾞﾛﾘｱｽ･ｼﾞｬﾊﾟﾝ,000148,ｸﾞﾛﾘｱｽ･ｼﾞｬﾊﾟﾝ,1,紙,,000006,川部
2025/01/09(木),2025/01/09(木),2025/01/09(木),001853,ｸﾞﾛﾘｱｽ･ｼﾞｬﾊﾟﾝ,1,売上,000031,金庫,50,50,03,kg,80,"4,000",36108,000002,B（残置）,001,処分費,10:57,11:09,000001,ｸﾞﾛﾘｱｽ･ｼﾞｬﾊﾟﾝ,000001,ｵﾈｽﾄ,000001,新木場ﾘｻｲｸﾙ工場,001853,ｸﾞﾛﾘｱｽ･ｼﾞｬﾊﾟﾝ,000148,ｸﾞﾛﾘｱｽ･ｼﾞｬﾊﾟﾝ,1,紙,,000006,川部
2025/01/09(木),2025/01/09(木),2025/01/09(木),001911,お花茶屋商店街振興組合,1,売上,000001,混合廃棄物A,370,370,03,kg,65,"24,050",36114,000001,A（事業）,001,処分費,11:29,11:29,000000,お花茶屋商店街振興組合,000001,ｵﾈｽﾄ,000001,新木場ﾘｻｲｸﾙ工場,000071,服部運輸,000058,服部運輸,1,紙,,000006,川部
2025/01/09(木),2025/01/09(木),2025/01/09(木),001947,ﾁｬｺｰﾙ市野,1,売上,000001,混合廃棄物A,640,640,03,kg,53,"33,920",36096,000001,A（事業）,001,処分費,10:38,10:40,000001,渋谷市野ﾋﾞﾙ,000001,ｵﾈｽﾄ,000001,新木場ﾘｻｲｸﾙ工場,000302,ﾖｼﾓﾘ,000244,ﾖｼﾓﾘ,1,紙,,000002,渡辺
2025/01/09(木),2025/01/09(木),2025/01/09(木),001955,ﾄﾓ･ｺｰﾎﾟﾚｰｼｮﾝ,1,売上,000001,混合廃棄物A,750,750,03,kg,53,"39,750",36071,000001,A（事業）,001,処分費,07:16,07:18,000001,ﾄﾓﾋﾞﾙ,000001,ｵﾈｽﾄ,000001,新木場ﾘｻｲｸﾙ工場,000302,ﾖｼﾓﾘ,000244,ﾖｼﾓﾘ,1,紙,,000002,渡辺
2025/01/09(木),2025/01/09(木),2025/01/09(木),001966,ｴﾇ･ﾃｨ･ﾃｨ都市開発,1,売上,000001,混合廃棄物A,610,610,03,kg,54,"32,940",36090,000001,A（事業）,001,処分費,10:01,10:01,000008,ｱｰﾊﾞﾝﾈｯﾄ内幸町ﾋﾞﾙ,000001,ｵﾈｽﾄ,000001,新木場ﾘｻｲｸﾙ工場,000028,五十嵐商会,000025,五十嵐商会,1,紙,,000002,渡辺
2025/01/09(木),2025/01/09(木),2025/01/09(木),002197,ﾏﾙﾊｳｼﾞﾝｸﾞ,1,売上,000026,石膏ﾎﾞｰﾄﾞC,"1,220","1,220",03,kg,80,"97,600",36092,000004,D（建設）,001,処分費,10:15,10:18,000001,ﾏﾙﾊｳｼﾞﾝｸﾞｻｰﾋﾞｽ,000001,ｵﾈｽﾄ,000001,新木場ﾘｻｲｸﾙ工場,000154,京葉興業,000123,京葉興業,1,紙,,000004,山本
2025/01/09(木),2025/01/09(木),2025/01/09(木),002212,ｼｬﾝﾃｨｰ国際ﾎﾞﾗﾝﾃｨｱ会,1,売上,000001,混合廃棄物A,260,260,03,kg,65,"16,900",36155,000002,B（残置）,001,処分費,14:44,14:48,000000,ｼｬﾝﾃｨｰ国際ﾎﾞﾗﾝﾃｨｱ会,000001,ｵﾈｽﾄ,000001,新木場ﾘｻｲｸﾙ工場,001976,ｼﾐｽﾞｵｸﾄ,000202,ｼﾐｽﾞｵｸﾄ,1,紙,,000005,今村（紀）
2025/01/09(木),2025/01/09(木),2025/01/09(木),002259,Vision(ｳﾞｨｼﾞｮﾝ),1,売上,000002,混合廃棄物B,330,330,03,kg,70,"23,100",36107,000004,D（建設）,001,処分費,10:56,10:58,000000,Vision(ｳﾞｨｼﾞｮﾝ),000001,ｵﾈｽﾄ,000001,新木場ﾘｻｲｸﾙ工場,000076,上田紙業,000063,上田紙業,1,紙,,000006,川部
2025/01/09(木),2025/01/09(木),2025/01/09(木),002278,三菱地所ﾚｼﾞﾃﾞﾝｽ,1,売上,000001,混合廃棄物A,650,650,03,kg,60,"39,000",36140,000002,B（残置）,001,処分費,13:35,13:35,000013,三菱地所ﾚｼﾞﾃﾞﾝｽ(新宿区),000001,ｵﾈｽﾄ,000001,新木場ﾘｻｲｸﾙ工場,001772,三洋ｴｸｽﾌﾟﾚｽ,000228,三洋ｴｸｽﾌﾟﾚｽ,1,紙,,000002,渡辺
2025/01/09(木),2025/01/09(木),2025/01/09(木),002278,三菱地所ﾚｼﾞﾃﾞﾝｽ,1,売上,000004,混合廃棄物(焼却物),20,20,03,kg,75,"1,500",36182,000002,B（残置）,001,処分費,15:54,16:07,000013,三菱地所ﾚｼﾞﾃﾞﾝｽ(新宿区),000001,ｵﾈｽﾄ,000001,新木場ﾘｻｲｸﾙ工場,001772,三洋ｴｸｽﾌﾟﾚｽ,000228,三洋ｴｸｽﾌﾟﾚｽ,1,紙,,000002,渡辺
2025/01/09(木),2025/01/09(木),2025/01/09(木),002278,三菱地所ﾚｼﾞﾃﾞﾝｽ,1,売上,000029,木くず,870,870,03,kg,35,"30,450",36182,000002,B（残置）,001,処分費,15:54,16:07,000013,三菱地所ﾚｼﾞﾃﾞﾝｽ(新宿区),000001,ｵﾈｽﾄ,000001,新木場ﾘｻｲｸﾙ工場,001772,三洋ｴｸｽﾌﾟﾚｽ,000228,三洋ｴｸｽﾌﾟﾚｽ,1,紙,,000002,渡辺
2025/01/09(木),2025/01/09(木),2025/01/09(木),002278,三菱地所ﾚｼﾞﾃﾞﾝｽ,1,売上,000030,選別,400,400,03,kg,40,"16,000",36112,000002,B（残置）,001,処分費,11:25,11:26,000013,三菱地所ﾚｼﾞﾃﾞﾝｽ(新宿区),000001,ｵﾈｽﾄ,000001,新木場ﾘｻｲｸﾙ工場,001772,三洋ｴｸｽﾌﾟﾚｽ,000228,三洋ｴｸｽﾌﾟﾚｽ,1,紙,,000002,渡辺
2025/01/09(木),2025/01/09(木),2025/01/09(木),002278,三菱地所ﾚｼﾞﾃﾞﾝｽ,2,支払,000068,GC 軽鉄･ｽﾁｰﾙ類,660,660,03,kg,15.5,"10,230",36112,000002,B（残置）,003,有価物,11:25,11:26,000013,三菱地所ﾚｼﾞﾃﾞﾝｽ(新宿区),000001,ｵﾈｽﾄ,000001,新木場ﾘｻｲｸﾙ工場,001772,三洋ｴｸｽﾌﾟﾚｽ,000228,三洋ｴｸｽﾌﾟﾚｽ,1,紙,,000002,渡辺
2025/01/09(木),2025/01/09(木),2025/01/09(木),002292,三菱地所,1,売上,000030,選別,60,60,03,kg,40,"2,400",36184,000002,B（残置）,001,処分費,16:19,16:19,000002,三菱地所(千代田区),000001,ｵﾈｽﾄ,000001,新木場ﾘｻｲｸﾙ工場,001772,三洋ｴｸｽﾌﾟﾚｽ,000228,三洋ｴｸｽﾌﾟﾚｽ,1,紙,,000002,渡辺
2025/01/09(木),2025/01/09(木),2025/01/09(木),002361,ﾔﾏﾀﾞﾃﾞﾝｷ,1,売上,000002,混合廃棄物B,710,710,03,kg,70,"49,700",36074,000004,D（建設）,001,処分費,07:56,07:58,000110,秋種九様,000001,ｵﾈｽﾄ,000001,新木場ﾘｻｲｸﾙ工場,000229,ｱｽﾏ･ｸﾘｰﾝ,000191,ｱｽﾏ･ｸﾘｰﾝ,1,紙,,000002,渡辺
2025/01/09(木),2025/01/09(木),2025/01/09(木),002371,中央宣伝企画,1,売上,000001,混合廃棄物A,140,140,03,kg,65,"9,100",36212,000002,B（残置）,001,処分費,18:05,18:05,000005,ｻﾝﾘｵﾋﾟｭｰﾛﾗﾝﾄﾞ,000001,ｵﾈｽﾄ,000001,新木場ﾘｻｲｸﾙ工場,002202,宮坂運送,000268,宮坂運送,1,紙,,000004,山本
2025/01/09(木),2025/01/09(木),2025/01/09(木),002380,築地場外市場商店街(振),1,売上,000002,混合廃棄物B,400,400,03,kg,65,"26,000",36080,000002,B（残置）,001,処分費,08:37,08:37,000000,築地場外市場商店街(振),000001,ｵﾈｽﾄ,000001,新木場ﾘｻｲｸﾙ工場,001415,山口興業,001238,山口興業（BOND）,,,,000005,今村（紀）
2025/01/09(木),2025/01/09(木),2025/01/09(木),002402,高砂熱学工業,1,売上,000001,混合廃棄物A,170,170,03,kg,58,"9,860",36204,000004,D（建設）,001,処分費,17:22,17:38,000009,三菱UFJ銀行多摩ﾋﾞｼﾞﾈｽｾﾝﾀｰ　C棟外調機,000001,ｵﾈｽﾄ,000001,新木場ﾘｻｲｸﾙ工場,000016,泉土木,000014,泉土木,1,紙,,000001,矢作
2025/01/09(木),2025/01/09(木),2025/01/09(木),002402,高砂熱学工業,1,売上,000021,軽量物系B(ｸﾞﾗｽｳｰﾙ),50,50,03,kg,55,"2,750",36204,000004,D（建設）,001,処分費,17:22,17:38,000009,三菱UFJ銀行多摩ﾋﾞｼﾞﾈｽｾﾝﾀｰ　C棟外調機,000001,ｵﾈｽﾄ,000001,新木場ﾘｻｲｸﾙ工場,000016,泉土木,000014,泉土木,1,紙,,000001,矢作
2025/01/09(木),2025/01/09(木),2025/01/09(木),002402,高砂熱学工業,1,売上,000029,木くず,50,50,03,kg,25,"1,250",36204,000004,D（建設）,001,処分費,17:22,17:38,000009,三菱UFJ銀行多摩ﾋﾞｼﾞﾈｽｾﾝﾀｰ　C棟外調機,000001,ｵﾈｽﾄ,000001,新木場ﾘｻｲｸﾙ工場,000016,泉土木,000014,泉土木,1,紙,,000001,矢作
2025/01/09(木),2025/01/09(木),2025/01/09(木),002402,高砂熱学工業,1,売上,000046,ﾀﾞﾝﾎﾞｰﾙ,30,30,03,kg,0,0,36204,000004,D（建設）,001,処分費,17:22,17:38,000009,三菱UFJ銀行多摩ﾋﾞｼﾞﾈｽｾﾝﾀｰ　C棟外調機,000001,ｵﾈｽﾄ,000001,新木場ﾘｻｲｸﾙ工場,000016,泉土木,000014,泉土木,1,紙,,000001,矢作
2025/01/09(木),2025/01/09(木),2025/01/09(木),002402,高砂熱学工業,2,支払,000055,ﾗｼﾞｴﾀｰ,40,40,03,kg,460,"18,400",36178,000004,D（建設）,003,有価物,16:05,16:07,000009,三菱UFJ銀行多摩ﾋﾞｼﾞﾈｽｾﾝﾀｰ　C棟外調機,000001,ｵﾈｽﾄ,000001,新木場ﾘｻｲｸﾙ工場,000016,泉土木,000014,泉土木,1,紙,,000001,矢作
2025/01/09(木),2025/01/09(木),2025/01/09(木),002402,高砂熱学工業,2,支払,000068,GC 軽鉄･ｽﾁｰﾙ類,290,290,03,kg,24.5,"7,105",36204,000004,D（建設）,003,有価物,17:22,17:38,000009,三菱UFJ銀行多摩ﾋﾞｼﾞﾈｽｾﾝﾀｰ　C棟外調機,000001,ｵﾈｽﾄ,000001,新木場ﾘｻｲｸﾙ工場,000016,泉土木,000014,泉土木,1,紙,,000001,矢作
2025/01/09(木),2025/01/09(木),2025/01/09(木),002402,高砂熱学工業,2,支払,000068,GC 軽鉄･ｽﾁｰﾙ類,"1,370","1,370",03,kg,24.5,"33,565",36178,000004,D（建設）,003,有価物,16:05,16:07,000009,三菱UFJ銀行多摩ﾋﾞｼﾞﾈｽｾﾝﾀｰ　C棟外調機,000001,ｵﾈｽﾄ,000001,新木場ﾘｻｲｸﾙ工場,000016,泉土木,000014,泉土木,1,紙,,000001,矢作
2025/01/09(木),2025/01/09(木),2025/01/09(木),002457,ﾄｰﾀﾙﾒﾃﾞｨｱ開発研究所,1,売上,000001,混合廃棄物A,640,640,03,kg,65,"41,600",36132,000001,A（事業）,001,処分費,12:44,12:44,000002,文芸春秋ﾋﾞﾙ,000001,ｵﾈｽﾄ,000001,新木場ﾘｻｲｸﾙ工場,001454,谷津商会,000247,谷津商会,1,紙,,000002,渡辺
2025/01/09(木),2025/01/09(木),2025/01/09(木),002627,ｻﾃﾗｲﾄｼﾞｬﾊﾟﾝ,1,売上,000001,混合廃棄物A,140,140,03,kg,54,"7,560",36085,000001,A（事業）,001,処分費,09:03,09:03,000001,ﾌｧﾛｼﾃｨﾋﾞﾙ(ﾗ･ﾋﾟｽﾀ新橋),000001,ｵﾈｽﾄ,000001,新木場ﾘｻｲｸﾙ工場,000028,五十嵐商会,000025,五十嵐商会,1,紙,,000002,渡辺
2025/01/09(木),2025/01/09(木),2025/01/09(木),002845,TOKYO MOVE.com,1,売上,000001,混合廃棄物A,100,100,03,kg,65,"6,500",36209,000002,B（残置）,001,処分費,17:57,18:00,000001,TOKYO MOVE.com,000001,ｵﾈｽﾄ,000001,新木場ﾘｻｲｸﾙ工場,002845,TOKYO MOVE.com,000862,TOKYO MOVE.com,1,紙,,000004,山本
2025/01/09(木),2025/01/09(木),2025/01/09(木),002919,ｱﾙﾌｧﾌﾟﾗﾝﾆﾝｸﾞ,1,売上,000002,混合廃棄物B,510,510,03,kg,70,"35,700",36110,000003,C（解体）,001,処分費,11:16,11:16,000000,ｱﾙﾌｧﾌﾟﾗﾝﾆﾝｸﾞ,000001,ｵﾈｽﾄ,000001,新木場ﾘｻｲｸﾙ工場,004451,ｱｸﾃｨﾌﾞ,000406,ｱｸﾃｨﾌﾞ,1,紙,,000007,小林
2025/01/09(木),2025/01/09(木),2025/01/09(木),003088,日本ﾍﾞｸﾄﾝ･ﾃﾞｨｯｷﾝｿﾝ,1,売上,000001,混合廃棄物A,20,20,03,kg,65,"1,300",36118,000002,B（残置）,001,処分費,11:50,12:08,000000,日本ﾍﾞｸﾄﾝ･ﾃﾞｨｯｷﾝｿﾝ,000001,ｵﾈｽﾄ,000001,新木場ﾘｻｲｸﾙ工場,000998,ﾁｰﾑﾌｫｰ,000774,ﾁｰﾑﾌｫｰ,1,紙,,000006,川部
2025/01/09(木),2025/01/09(木),2025/01/09(木),003088,日本ﾍﾞｸﾄﾝ･ﾃﾞｨｯｷﾝｿﾝ,1,売上,000030,選別,40,40,03,kg,70,"2,800",36118,000002,B（残置）,001,処分費,11:50,12:08,000000,日本ﾍﾞｸﾄﾝ･ﾃﾞｨｯｷﾝｿﾝ,000001,ｵﾈｽﾄ,000001,新木場ﾘｻｲｸﾙ工場,000998,ﾁｰﾑﾌｫｰ,000774,ﾁｰﾑﾌｫｰ,1,紙,,000006,川部
2025/01/09(木),2025/01/09(木),2025/01/09(木),003128,高橋監理管理本部,1,売上,000002,混合廃棄物B,600,600,03,kg,70,"42,000",36214,000003,C（解体）,001,処分費,18:06,18:08,000028,王子2丁目計画,000001,ｵﾈｽﾄ,000001,新木場ﾘｻｲｸﾙ工場,000362,ﾐﾔ産興,000290,ﾐﾔ産興,1,紙,,000004,山本
2025/01/09(木),2025/01/09(木),2025/01/09(木),003212,中川製作所,1,売上,000001,混合廃棄物A,470,470,03,kg,63,"29,610",36176,000002,B（残置）,001,処分費,15:57,16:15,000000,中川製作所,000001,ｵﾈｽﾄ,000001,新木場ﾘｻｲｸﾙ工場,001308,ｵﾈｽﾄ･ﾜﾝ,001021,ｵﾈｽﾄ･ﾜﾝ,1,紙,,000011,オネスト・ワン
2025/01/09(木),2025/01/09(木),2025/01/09(木),003212,中川製作所,1,売上,000030,選別,300,300,03,kg,60,"18,000",36176,000002,B（残置）,001,処分費,15:57,16:15,000000,中川製作所,000001,ｵﾈｽﾄ,000001,新木場ﾘｻｲｸﾙ工場,001308,ｵﾈｽﾄ･ﾜﾝ,001021,ｵﾈｽﾄ･ﾜﾝ,1,紙,,000011,オネスト・ワン
2025/01/09(木),2025/01/09(木),2025/01/09(木),003303,TANK,1,売上,000001,混合廃棄物A,230,230,03,kg,65,"14,950",36117,000004,D（建設）,001,処分費,11:38,11:38,000000,TANK,000001,ｵﾈｽﾄ,000001,新木場ﾘｻｲｸﾙ工場,001027,MINO,000787,MINO,1,紙,,000004,山本
2025/01/09(木),2025/01/09(木),2025/01/09(木),003475,宇部情報ｼｽﾃﾑ,1,売上,000030,選別,30,30,03,kg,60,"1,800",36101,000002,B（残置）,001,処分費,10:34,10:35,000001,宇部情報ｼｽﾃﾑ（港区）,000001,ｵﾈｽﾄ,000001,新木場ﾘｻｲｸﾙ工場,001308,ｵﾈｽﾄ･ﾜﾝ,001021,ｵﾈｽﾄ･ﾜﾝ,1,紙,,000011,オネスト・ワン
2025/01/09(木),2025/01/09(木),2025/01/09(木),003475,宇部情報ｼｽﾃﾑ,2,支払,000063,配線,10,10,03,kg,110,"1,100",36101,000002,B（残置）,003,有価物,10:34,10:35,000001,宇部情報ｼｽﾃﾑ（港区）,000001,ｵﾈｽﾄ,000001,新木場ﾘｻｲｸﾙ工場,001308,ｵﾈｽﾄ･ﾜﾝ,001021,ｵﾈｽﾄ･ﾜﾝ,1,紙,,000011,オネスト・ワン
2025/01/09(木),2025/01/09(木),2025/01/09(木),003492,東ｲﾝ,1,売上,000001,混合廃棄物A,530,530,03,kg,60,"31,800",36086,000002,B（残置）,001,処分費,09:06,09:12,000001,東ｲﾝ,000001,ｵﾈｽﾄ,000001,新木場ﾘｻｲｸﾙ工場,007489,ﾌｫｰﾒｰｼｮﾝ,001020,ﾌｫｰﾒｰｼｮﾝ,1,紙,,000007,小林
2025/01/09(木),2025/01/09(木),2025/01/09(木),003492,東ｲﾝ,1,売上,000001,混合廃棄物A,540,540,03,kg,60,"32,400",36072,000002,B（残置）,001,処分費,07:21,07:25,000000,東ｲﾝ,000001,ｵﾈｽﾄ,000001,新木場ﾘｻｲｸﾙ工場,007489,ﾌｫｰﾒｰｼｮﾝ,001020,ﾌｫｰﾒｰｼｮﾝ,1,紙,,000007,小林
2025/01/09(木),2025/01/09(木),2025/01/09(木),003494,ﾛｼｭ･ﾀﾞｲｱｸﾞﾉｽﾃｨｯｸｽ,1,売上,000001,混合廃棄物A,590,590,03,kg,54,"31,860",36139,000001,A（事業）,001,処分費,13:16,14:02,000001,品川ｼｰｽﾞﾝﾃﾗｽ,000001,ｵﾈｽﾄ,000001,新木場ﾘｻｲｸﾙ工場,000028,五十嵐商会,000025,五十嵐商会,1,紙,,000002,渡辺
2025/01/09(木),2025/01/09(木),2025/01/09(木),003494,ﾛｼｭ･ﾀﾞｲｱｸﾞﾉｽﾃｨｯｸｽ,1,売上,000030,選別,20,20,03,kg,65,"1,300",36139,000001,A（事業）,001,処分費,13:16,14:02,000001,品川ｼｰｽﾞﾝﾃﾗｽ,000001,ｵﾈｽﾄ,000001,新木場ﾘｻｲｸﾙ工場,000028,五十嵐商会,000025,五十嵐商会,1,紙,,000002,渡辺
2025/01/09(木),2025/01/09(木),2025/01/09(木),003494,ﾛｼｭ･ﾀﾞｲｱｸﾞﾉｽﾃｨｯｸｽ,1,売上,000030,選別,370,370,03,kg,65,"24,050",36139,000001,A（事業）,001,処分費,13:16,14:02,000001,品川ｼｰｽﾞﾝﾃﾗｽ,000001,ｵﾈｽﾄ,000001,新木場ﾘｻｲｸﾙ工場,000028,五十嵐商会,000025,五十嵐商会,1,紙,,000002,渡辺
2025/01/09(木),2025/01/09(木),2025/01/09(木),003744,篠原　照和,1,売上,000016,軽量物系A(発泡ｽﾁﾛｰﾙ),130,130,03,kg,200,"26,000",36094,000001,A（事業）,001,処分費,10:32,10:32,000001,浅草寺境内観音裏,000001,ｵﾈｽﾄ,000001,新木場ﾘｻｲｸﾙ工場,000053,小早川運輸,000045,小早川運輸,1,紙,,000002,渡辺
2025/01/09(木),2025/01/09(木),2025/01/09(木),003879,あきんどｽｼﾛｰ,1,売上,000001,混合廃棄物A,510,510,03,kg,60,"30,600",36076,000002,B（残置）,001,処分費,08:25,08:37,000001,（871）ｽｼﾛｰ方南町店,000001,ｵﾈｽﾄ,000001,新木場ﾘｻｲｸﾙ工場,001656,真和商事,000055,真和商事,1,紙,,000002,渡辺
2025/01/09(木),2025/01/09(木),2025/01/09(木),003879,あきんどｽｼﾛｰ,1,売上,000093,混合廃棄物(ﾋﾞﾝ･缶･ﾍﾟｯﾄﾎﾞﾄﾙ),130,130,03,kg,45,"5,850",36076,000002,B（残置）,001,処分費,08:25,08:37,000001,（871）ｽｼﾛｰ方南町店,000001,ｵﾈｽﾄ,000001,新木場ﾘｻｲｸﾙ工場,001656,真和商事,000055,真和商事,1,紙,,000002,渡辺
2025/01/09(木),2025/01/09(木),2025/01/09(木),003964,そば処平井,1,売上,000001,混合廃棄物A,380,380,03,kg,65,"24,700",36069,000001,A（事業）,001,処分費,07:05,07:07,000000,そば処平井,000001,ｵﾈｽﾄ,000001,新木場ﾘｻｲｸﾙ工場,000393,栄運輸,000314,栄運輸,1,紙,,000002,渡辺
2025/01/09(木),2025/01/09(木),2025/01/09(木),003964,そば処平井,1,売上,000086,ﾄﾅｰ,10,10,03,kg,150,"1,500",36069,000001,A（事業）,001,処分費,07:05,07:07,000000,そば処平井,000001,ｵﾈｽﾄ,000001,新木場ﾘｻｲｸﾙ工場,000393,栄運輸,000314,栄運輸,1,紙,,000002,渡辺
2025/01/09(木),2025/01/09(木),2025/01/09(木),003992,ﾓﾘﾃｯｸ,1,売上,000001,混合廃棄物A,"1,100","1,100",03,kg,65,"71,500",36082,000005,E,001,処分費,08:42,08:44,000000,ﾓﾘﾃｯｸ,000001,ｵﾈｽﾄ,000001,新木場ﾘｻｲｸﾙ工場,000001,ｵﾈｽﾄ,000707,ﾓﾘﾃｯｸ,1,紙,,000005,今村（紀）
2025/01/09(木),2025/01/09(木),2025/01/09(木),003992,ﾓﾘﾃｯｸ,1,売上,000349,運搬費(4ｔｺﾝﾃﾅ),,1,07,台,"16,000","16,000",36082,000005,E,002,運搬費,08:42,08:44,000000,ﾓﾘﾃｯｸ,000001,ｵﾈｽﾄ,000001,新木場ﾘｻｲｸﾙ工場,000001,ｵﾈｽﾄ,000707,ﾓﾘﾃｯｸ,1,紙,,000005,今村（紀）
2025/01/09(木),2025/01/09(木),2025/01/09(木),004019,ﾋﾞｸﾄﾘｰ解体工業,1,売上,000021,軽量物系B(ｸﾞﾗｽｳｰﾙ),170,170,03,kg,80,"13,600",36089,000003,C（解体）,001,処分費,09:54,09:54,000002,置場,000001,ｵﾈｽﾄ,000001,新木場ﾘｻｲｸﾙ工場,004019,ﾋﾞｸﾄﾘｰ解体工業,001037,ﾋﾞｸﾄﾘｰ解体工業,1,紙,,000012,サン・テクノ
2025/01/09(木),2025/01/09(木),2025/01/09(木),004035,富士古河E&C,1,売上,000004,混合廃棄物(焼却物),440,440,03,kg,75,"33,000",36146,000004,D（建設）,001,処分費,14:10,14:10,000026,量子･AI融合処理向け大規模ｸﾗｳﾄﾞ基盤付付帯,000001,ｵﾈｽﾄ,000001,新木場ﾘｻｲｸﾙ工場,001051,Y-maxx,000808,Y-maxx,1,紙,,000004,山本
2025/01/09(木),2025/01/09(木),2025/01/09(木),004035,富士古河E&C,1,売上,000048,生木,50,50,03,kg,45,"2,250",36146,000004,D（建設）,001,処分費,14:10,14:10,000026,量子･AI融合処理向け大規模ｸﾗｳﾄﾞ基盤付付帯,000001,ｵﾈｽﾄ,000001,新木場ﾘｻｲｸﾙ工場,001051,Y-maxx,000808,Y-maxx,1,紙,,000004,山本
2025/01/09(木),2025/01/09(木),2025/01/09(木),004039,(ｵﾈﾜﾝ)ﾄｯﾌﾟﾘﾕｰｽ,1,売上,000001,混合廃棄物A,210,210,03,kg,63,"13,230",36206,000002,B,001,処分費,17:23,17:28,000000,(ｵﾈﾜﾝ)ﾄｯﾌﾟﾘﾕｰｽ,000001,ｵﾈｽﾄ,000001,新木場ﾘｻｲｸﾙ工場,004039,(ｵﾈﾜﾝ)ﾄｯﾌﾟﾘﾕｰｽ,001021,ｵﾈｽﾄ･ﾜﾝ,1,紙,,000011,オネスト・ワン
2025/01/09(木),2025/01/09(木),2025/01/09(木),004039,(ｵﾈﾜﾝ)ﾄｯﾌﾟﾘﾕｰｽ,1,売上,000004,混合廃棄物(焼却物),210,210,03,kg,68,"14,280",36206,000002,B,001,処分費,17:23,17:28,000000,(ｵﾈﾜﾝ)ﾄｯﾌﾟﾘﾕｰｽ,000001,ｵﾈｽﾄ,000001,新木場ﾘｻｲｸﾙ工場,004039,(ｵﾈﾜﾝ)ﾄｯﾌﾟﾘﾕｰｽ,001021,ｵﾈｽﾄ･ﾜﾝ,1,紙,,000011,オネスト・ワン
2025/01/09(木),2025/01/09(木),2025/01/09(木),004074,東武ﾃﾞﾘﾊﾞﾘｰ,1,売上,000030,選別,200,200,03,kg,60,"12,000",36066,000004,D（建設）,001,処分費,07:22,07:23,000000,東武ﾃﾞﾘﾊﾞﾘｰ,000001,ｵﾈｽﾄ,000001,新木場ﾘｻｲｸﾙ工場,000033,富士商事,000029,富士商事,1,紙,,000004,山本
2025/01/09(木),2025/01/09(木),2025/01/09(木),004074,東武ﾃﾞﾘﾊﾞﾘｰ,2,支払,000069,GD,"2,750","2,750",03,kg,1,"2,750",36066,000004,D（建設）,003,有価物,07:22,07:23,000000,東武ﾃﾞﾘﾊﾞﾘｰ,000001,ｵﾈｽﾄ,000001,新木場ﾘｻｲｸﾙ工場,000033,富士商事,000029,富士商事,1,紙,,000004,山本
2025/01/09(木),2025/01/09(木),2025/01/09(木),004108,ﾊﾟﾅｿﾆｯｸ産機ｼｽﾃﾑｽﾞ,1,売上,000001,混合廃棄物A,190,190,03,kg,50,"9,500",36193,000004,D（建設）,001,処分費,15:57,16:01,000122,ヤマト運輸中央林間,000001,ｵﾈｽﾄ,000001,新木場ﾘｻｲｸﾙ工場,006436,ｻﾜ･ｺｰﾎﾟﾚｰｼｮﾝ,000873,伊藤忠ﾒﾀﾙｽﾞ,2,電子,,000001,矢作
2025/01/09(木),2025/01/09(木),2025/01/09(木),004108,ﾊﾟﾅｿﾆｯｸ産機ｼｽﾃﾑｽﾞ,2,支払,000438,ﾀﾞﾝﾎﾞｰﾙ,20,20,03,kg,5,100,36193,000004,D（建設）,003,有価物,15:57,16:01,000122,ヤマト運輸中央林間,000001,ｵﾈｽﾄ,000001,新木場ﾘｻｲｸﾙ工場,006436,ｻﾜ･ｺｰﾎﾟﾚｰｼｮﾝ,000873,伊藤忠ﾒﾀﾙｽﾞ,2,電子,,000001,矢作
2025/01/09(木),2025/01/09(木),2025/01/09(木),004151,ｼﾞｰｴｽ,1,売上,000001,混合廃棄物A,330,330,03,kg,65,"21,450",36102,000001,A（事業）,001,処分費,10:40,10:42,000001,ｼﾞｰｴｽ京浜島工場,000001,ｵﾈｽﾄ,000001,新木場ﾘｻｲｸﾙ工場,004151,ｼﾞｰｴｽ,000391,ｼﾞｰ･ｴｽ 京浜島工場,1,紙,,000002,渡辺
2025/01/09(木),2025/01/09(木),2025/01/09(木),004343,S-tro,1,売上,000001,混合廃棄物A,290,290,03,kg,65,"18,850",36211,000002,B（残置）,001,処分費,17:58,18:04,000000,S-tro,000001,ｵﾈｽﾄ,000001,新木場ﾘｻｲｸﾙ工場,004343,S-tro,000402,S-tro,1,紙,,000007,小林
2025/01/09(木),2025/01/09(木),2025/01/09(木),004463,あるくる,1,売上,000001,混合廃棄物A,590,590,03,kg,58,"34,220",36191,000002,B（残置）,001,処分費,16:36,16:36,000077,文京区湯島3丁目ﾋﾞﾙ残置物撤去作業,000001,ｵﾈｽﾄ,000001,新木場ﾘｻｲｸﾙ工場,004463,あるくる,000823,あるくる,1,紙,,000001,矢作
2025/01/09(木),2025/01/09(木),2025/01/09(木),004463,あるくる,1,売上,000029,木くず,190,190,03,kg,48,"9,120",36191,000002,B（残置）,001,処分費,16:36,16:36,000077,文京区湯島3丁目ﾋﾞﾙ残置物撤去作業,000001,ｵﾈｽﾄ,000001,新木場ﾘｻｲｸﾙ工場,004463,あるくる,000823,あるくる,1,紙,,000001,矢作
2025/01/09(木),2025/01/09(木),2025/01/09(木),004857,ﾀﾐﾔﾎｰﾑ,1,売上,000002,混合廃棄物B,350,350,03,kg,70,"24,500",36070,000003,C（解体）,001,処分費,07:15,07:18,000035,葛飾区亀有5丁目解体工事,000001,ｵﾈｽﾄ,000001,新木場ﾘｻｲｸﾙ工場,007123,ﾓﾝﾎﾞﾙﾄﾞ,000462,ﾓﾝﾎﾞﾙﾄﾞ,1,紙,,000007,小林
2025/01/09(木),2025/01/09(木),2025/01/09(木),005011,ﾊﾙﾊﾟｴﾔ,1,売上,000001,混合廃棄物A,590,590,03,kg,65,"38,350",36205,000002,B（残置）,001,処分費,17:33,17:47,000000,ﾊﾙﾊﾟｴﾔ,000001,ｵﾈｽﾄ,000001,新木場ﾘｻｲｸﾙ工場,005011,ﾊﾙﾊﾟｴﾔ,000718,ﾊﾙﾊﾟｴﾔ,1,紙,,000005,今村（紀）
2025/01/09(木),2025/01/09(木),2025/01/09(木),005011,ﾊﾙﾊﾟｴﾔ,1,売上,000029,木くず,50,50,03,kg,35,"1,750",36205,000002,B（残置）,001,処分費,17:33,17:47,000000,ﾊﾙﾊﾟｴﾔ,000001,ｵﾈｽﾄ,000001,新木場ﾘｻｲｸﾙ工場,005011,ﾊﾙﾊﾟｴﾔ,000718,ﾊﾙﾊﾟｴﾔ,1,紙,,000005,今村（紀）
2025/01/09(木),2025/01/09(木),2025/01/09(木),005140,精工化学,1,売上,000021,軽量物系B(ｸﾞﾗｽｳｰﾙ),140,140,03,kg,60,"8,400",36081,000004,D（建設）,001,処分費,08:41,08:45,000001,精工化学川口工場,000001,ｵﾈｽﾄ,000001,新木場ﾘｻｲｸﾙ工場,004864,市川産業,000430,市川産業,2,電子,,000002,渡辺
2025/01/09(木),2025/01/09(木),2025/01/09(木),005271,(ｻﾝﾃｸﾉ)白羽電気,1,売上,000001,混合廃棄物A,10,10,03,kg,58,580,36179,000006,F（他）,001,処分費,15:48,15:52,000010,令和6年度都立東高等学校外1か所太陽光発,000001,ｵﾈｽﾄ,000001,新木場ﾘｻｲｸﾙ工場,005271,白羽電気,001022,ｻﾝ･ﾃｸﾉ,2,電子,,000012,サン・テクノ
2025/01/09(木),2025/01/09(木),2025/01/09(木),005271,(ｻﾝﾃｸﾉ)白羽電気,1,売上,000001,混合廃棄物A,60,60,03,kg,58,"3,480",36179,000006,F（他）,001,処分費,15:48,15:52,000010,令和6年度都立東高等学校外1か所太陽光発,000001,ｵﾈｽﾄ,000001,新木場ﾘｻｲｸﾙ工場,005271,白羽電気,001022,ｻﾝ･ﾃｸﾉ,2,電子,,000012,サン・テクノ
2025/01/09(木),2025/01/09(木),2025/01/09(木),005546,ﾓﾝｷｰﾎﾟｯﾄﾞ,1,売上,000001,混合廃棄物A,"1,030","1,030",03,kg,54,"55,620",36095,000001,A（事業）,001,処分費,10:14,10:14,000001,ｼﾞｬﾝﾋﾟﾝｸﾞﾊﾟﾝﾀﾞ,000001,ｵﾈｽﾄ,000001,新木場ﾘｻｲｸﾙ工場,000028,五十嵐商会,000025,五十嵐商会,1,紙,,000002,渡辺
2025/01/09(木),2025/01/09(木),2025/01/09(木),005884,(ｻﾝﾃｸﾉ)ｻﾝﾄﾗｽﾄ,1,売上,000001,混合廃棄物A,760,760,03,kg,58,"44,080",36137,000006,F（他）,001,処分費,13:20,13:20,000087,帆苅ﾋﾞﾙ,000001,ｵﾈｽﾄ,000001,新木場ﾘｻｲｸﾙ工場,005884,(ｻﾝﾃｸﾉ)ｻﾝﾄﾗｽﾄ,001022,ｻﾝ･ﾃｸﾉ,1,紙,,000012,サン・テクノ
2025/01/09(木),2025/01/09(木),2025/01/09(木),005919,ﾄｰﾁｸ,1,売上,000021,軽量物系B(ｸﾞﾗｽｳｰﾙ),770,770,03,kg,80,"61,600",36148,000004,D（建設）,001,処分費,14:04,14:09,000001,ﾄｰﾁｸ（所沢置場）,000001,ｵﾈｽﾄ,000001,新木場ﾘｻｲｸﾙ工場,005918,ｷｮｰｴｲｽﾄｯｸ,000343,ｷｮｰｴｲｽﾄｯｸ,1,紙,,000002,渡辺
2025/01/09(木),2025/01/09(木),2025/01/09(木),005951,雄飛,1,売上,000002,混合廃棄物B,"1,050","1,050",03,kg,70,"73,500",36067,000003,C（解体）,001,処分費,06:58,07:01,000012,埼玉県川口市赤井3-10,000001,ｵﾈｽﾄ,000001,新木場ﾘｻｲｸﾙ工場,005951,雄飛,000903,雄飛,1,紙,,000004,山本
2025/01/09(木),2025/01/09(木),2025/01/09(木),006176,ﾌｨｰﾙｹﾞｰﾄ,1,売上,000001,混合廃棄物A,100,100,03,kg,70,"7,000",36208,000004,D（建設）,001,処分費,17:34,17:37,000000,ﾌｨｰﾙｹﾞｰﾄ,000001,ｵﾈｽﾄ,000001,新木場ﾘｻｲｸﾙ工場,006176,ﾌｨｰﾙｹﾞｰﾄ,001056,ﾌｨｰﾙｹﾞｰﾄ,1,紙,,000012,サン・テクノ
2025/01/09(木),2025/01/09(木),2025/01/09(木),006466,青木ｻｰﾋﾞｽ（入沢勝）,1,売上,000001,混合廃棄物A,180,180,03,kg,65,"11,700",36201,000002,B（残置）,001,処分費,17:03,17:07,000037,狛江市猪方1-13,000001,ｵﾈｽﾄ,000001,新木場ﾘｻｲｸﾙ工場,006466,青木ｻｰﾋﾞｽ（入沢勝）,000509,青木ｻｰﾋﾞｽ(入沢勝),1,紙,,000002,渡辺
2025/01/09(木),2025/01/09(木),2025/01/09(木),006538,ﾃｸﾉ菱和,1,売上,000001,混合廃棄物A,70,70,03,kg,65,"4,550",36161,000004,D（建設）,001,処分費,14:46,14:48,000001,3XO3㈱KOKUSAN ELECTRIC,000001,ｵﾈｽﾄ,000001,新木場ﾘｻｲｸﾙ工場,001051,Y-maxx,000808,Y-maxx,1,紙,,000004,山本
2025/01/09(木),2025/01/09(木),2025/01/09(木),006569,お世話や,1,売上,000001,混合廃棄物A,"1,660","1,660",03,kg,60,"99,600",36173,000002,B（残置）,001,処分費,15:31,15:35,000001,お世話や　初台事務所,000001,ｵﾈｽﾄ,000001,新木場ﾘｻｲｸﾙ工場,001656,真和商事,000055,真和商事,1,紙,,000002,渡辺
2025/01/09(木),2025/01/09(木),2025/01/09(木),006738,村上通信工業,1,売上,000001,混合廃棄物A,90,90,03,kg,65,"5,850",36172,000004,D（建設）,001,処分費,15:24,15:29,000001,倉庫,000001,ｵﾈｽﾄ,000001,新木場ﾘｻｲｸﾙ工場,000351,那須野興業,000280,那須野興業,1,紙,,000004,山本
2025/01/09(木),2025/01/09(木),2025/01/09(木),007600,雲龍工業,1,売上,000002,混合廃棄物B,330,330,03,kg,70,"23,100",36174,000003,C（解体）,001,処分費,15:32,15:38,000008,三鷹市井の頭2-32-4,000001,ｵﾈｽﾄ,000001,新木場ﾘｻｲｸﾙ工場,007600,雲龍工業,001100,雲龍工業,1,紙,,000007,小林
2025/01/09(木),2025/01/09(木),2025/01/09(木),007858,F's,1,売上,000002,混合廃棄物B,430,430,03,kg,70,"30,100",36194,000003,C（解体）,001,処分費,16:49,16:54,000017,葛飾区四ツ木5-18-19,000001,ｵﾈｽﾄ,000001,新木場ﾘｻｲｸﾙ工場,007858,F's,001269,F's（ｴﾌｽﾞ）,1,紙,,000004,山本
2025/01/09(木),2025/01/09(木),2025/01/09(木),007915,歌舞伎座舞台,1,売上,000001,混合廃棄物A,950,950,03,kg,65,"61,750",36136,000002,B（残置）,001,処分費,13:04,13:12,000001,歌舞伎座舞台北松戸工場,000001,ｵﾈｽﾄ,000001,新木場ﾘｻｲｸﾙ工場,002202,宮坂運送,000268,宮坂運送,1,紙,,000004,山本
2025/01/09(木),2025/01/09(木),2025/01/09(木),007915,歌舞伎座舞台,1,売上,000001,混合廃棄物A,"1,520","1,520",03,kg,65,"98,800",36131,000002,B（残置）,001,処分費,12:26,12:33,000001,歌舞伎座舞台北松戸工場,000001,ｵﾈｽﾄ,000001,新木場ﾘｻｲｸﾙ工場,002202,宮坂運送,000268,宮坂運送,1,紙,,000004,山本
2025/01/09(木),2025/01/09(木),2025/01/09(木),008083,結城運輸倉庫,1,売上,000001,混合廃棄物A,820,820,03,kg,60,"49,200",36159,000004,D（建設）,001,処分費,14:45,14:50,000001,船橋市港湾内荷役作業所,000001,ｵﾈｽﾄ,000001,新木場ﾘｻｲｸﾙ工場,003444,上野運輸,000271,上野運輸,1,紙,,000004,山本
2025/01/09(木),2025/01/09(木),2025/01/09(木),008083,結城運輸倉庫,1,売上,000030,選別,210,210,03,kg,70,"14,700",36159,000004,D（建設）,001,処分費,14:45,14:50,000001,船橋市港湾内荷役作業所,000001,ｵﾈｽﾄ,000001,新木場ﾘｻｲｸﾙ工場,003444,上野運輸,000271,上野運輸,1,紙,,000004,山本
2025/01/09(木),2025/01/09(木),2025/01/09(木),008214,藤木工務店東京支店,1,売上,000002,混合廃棄物B,300,300,03,kg,70,"21,000",36167,000004,D（建設）,001,処分費,15:17,15:19,000002,市ヶ谷寮解体工事,000001,ｵﾈｽﾄ,000001,新木場ﾘｻｲｸﾙ工場,000474,ｱｸﾛﾊﾞｯﾄｱｰﾑｽﾞ,000360,ｱｸﾛﾊﾞｯﾄｱｰﾑｽﾞ,2,電子,,000002,渡辺
2025/01/09(木),2025/01/09(木),2025/01/09(木),008290,日本通運㈱,1,売上,000029,木くず,"1,550","1,550",03,kg,35,"54,250",36157,000001,A（事業）,001,処分費,16:14,16:17,000002,羽田京浜島航空貨物ｾﾝﾀｰ,000001,ｵﾈｽﾄ,000001,新木場ﾘｻｲｸﾙ工場,000001,ｵﾈｽﾄ,000095,日本通運,2,電子,,000007,小林
2025/01/09(木),2025/01/09(木),2025/01/09(木),008290,日本通運㈱,1,売上,000038,廃ﾌﾟﾗｽﾁｯｸ類,170,170,03,kg,60,"10,200",36157,000001,A（事業）,001,処分費,16:14,16:17,000002,羽田京浜島航空貨物ｾﾝﾀｰ,000001,ｵﾈｽﾄ,000001,新木場ﾘｻｲｸﾙ工場,000001,ｵﾈｽﾄ,000095,日本通運,2,電子,,000007,小林
2025/01/09(木),2025/01/09(木),2025/01/09(木),008290,日本通運㈱,1,売上,000038,廃ﾌﾟﾗｽﾁｯｸ類,460,460,03,kg,60,"27,600",36111,000001,A（事業）,001,処分費,11:21,11:21,000002,羽田京浜島航空貨物ｾﾝﾀｰ,000001,ｵﾈｽﾄ,000001,新木場ﾘｻｲｸﾙ工場,000001,ｵﾈｽﾄ,000095,日本通運,2,電子,,000007,小林
2025/01/09(木),2025/01/09(木),2025/01/09(木),008290,日本通運㈱,1,売上,000078,ｶﾞﾗｽ･ｺﾝｸﾘｰﾄ･陶磁器くず,20,20,03,kg,60,"1,200",36157,000001,A（事業）,001,処分費,16:14,16:17,000002,羽田京浜島航空貨物ｾﾝﾀｰ,000001,ｵﾈｽﾄ,000001,新木場ﾘｻｲｸﾙ工場,000001,ｵﾈｽﾄ,000095,日本通運,2,電子,,000007,小林
2025/01/09(木),2025/01/09(木),2025/01/09(木),008290,日本通運㈱,1,売上,000109,運搬費,,1,07,台,"21,000","21,000",36111,000001,A（事業）,002,運搬費,11:21,11:21,000002,羽田京浜島航空貨物ｾﾝﾀｰ,000001,ｵﾈｽﾄ,000001,新木場ﾘｻｲｸﾙ工場,000001,ｵﾈｽﾄ,000095,日本通運,2,電子,,000007,小林
2025/01/09(木),2025/01/09(木),2025/01/09(木),008290,日本通運㈱,1,売上,000109,運搬費,,1,07,台,"21,000","21,000",36157,000001,A（事業）,002,運搬費,16:14,16:17,000002,羽田京浜島航空貨物ｾﾝﾀｰ,000001,ｵﾈｽﾄ,000001,新木場ﾘｻｲｸﾙ工場,000001,ｵﾈｽﾄ,000095,日本通運,2,電子,,000007,小林
2025/01/09(木),2025/01/09(木),2025/01/09(木),008290,日本通運㈱,1,売上,000210,混合廃棄物(金属くず･廃ﾌﾟﾗ),20,20,03,kg,70,"1,400",36157,000001,A（事業）,001,処分費,16:14,16:17,000002,羽田京浜島航空貨物ｾﾝﾀｰ,000001,ｵﾈｽﾄ,000001,新木場ﾘｻｲｸﾙ工場,000001,ｵﾈｽﾄ,000095,日本通運,2,電子,,000007,小林
2025/01/09(木),2025/01/09(木),2025/01/09(木),008290,日本通運㈱,1,売上,000211,混合廃棄物(木くず･廃ﾌﾟﾗ),20,20,03,kg,70,"1,400",36157,000001,A（事業）,001,処分費,16:14,16:17,000002,羽田京浜島航空貨物ｾﾝﾀｰ,000001,ｵﾈｽﾄ,000001,新木場ﾘｻｲｸﾙ工場,000001,ｵﾈｽﾄ,000095,日本通運,2,電子,,000007,小林
2025/01/09(木),2025/01/09(木),2025/01/09(木),008290,日本通運㈱,2,支払,000068,GC 軽鉄･ｽﾁｰﾙ類,120,120,03,kg,3,360,36157,000001,A（事業）,003,有価物,16:14,16:17,000002,羽田京浜島航空貨物ｾﾝﾀｰ,000001,ｵﾈｽﾄ,000001,新木場ﾘｻｲｸﾙ工場,000001,ｵﾈｽﾄ,000095,日本通運,2,電子,,000007,小林
2025/01/09(木),2025/01/09(木),2025/01/09(木),008343,JANSTAR,1,売上,000020,軽量物系A(ｳﾚﾀﾝ),120,120,03,kg,200,"24,000",36168,000003,C（解体）,001,処分費,15:16,15:20,000031,相模原市中央区富士見4-10-7,000001,ｵﾈｽﾄ,000001,新木場ﾘｻｲｸﾙ工場,008343,JANSTAR,000627,JANSTAR,1,紙,,000006,川部
2025/01/09(木),2025/01/09(木),2025/01/09(木),008449,ﾌﾟﾚｲﾜﾝ,1,売上,000002,混合廃棄物B,270,270,03,kg,70,"18,900",36170,000003,C（解体）,001,処分費,15:24,15:27,000021,神奈川県横浜市南区睦町1-20-4,000001,ｵﾈｽﾄ,000001,新木場ﾘｻｲｸﾙ工場,008343,JANSTAR,000627,JANSTAR,1,紙,,000006,川部
2025/01/09(木),2025/01/09(木),2025/01/09(木),008672,大岩,1,売上,000017,軽量物系A(ｽﾀｲﾛﾌｫｰﾑ),140,140,03,kg,200,"28,000",36169,000003,C（解体）,001,処分費,15:25,15:25,000001,世田谷区奥沢三丁目所在土地における既存建,000001,ｵﾈｽﾄ,000001,新木場ﾘｻｲｸﾙ工場,001361,三信ﾃｯｸ,001367,三信ﾃｯｸ,2,電子,,000007,小林
2025/01/09(木),2025/01/09(木),2025/01/09(木),008750,Youtility,1,売上,000001,混合廃棄物A,80,80,03,kg,65,"5,200",36165,000001,A（事業）,001,処分費,15:17,,000000,Youtility,000001,ｵﾈｽﾄ,000001,新木場ﾘｻｲｸﾙ工場,008750,Youtility,001411,Youtility,1,紙,,000006,川部
2025/01/09(木),2025/01/09(木),2025/01/09(木),008750,Youtility,1,売上,000102,ﾏﾆﾌｪｽﾄ,,1,11,枚,50,50,36165,000001,A（事業）,001,処分費,15:17,,000000,Youtility,000001,ｵﾈｽﾄ,000001,新木場ﾘｻｲｸﾙ工場,008750,Youtility,001411,Youtility,1,紙,,000006,川部
2025/01/09(木),2025/01/09(木),2025/01/09(木),008770,在日ﾍﾞﾙｷﾞｰ王国大使館,1,売上,000001,混合廃棄物A,760,760,03,kg,57,"43,320",36141,000005,E（中・積),001,処分費,13:28,13:32,000000,在日ﾍﾞﾙｷﾞｰ王国大使館,000001,ｵﾈｽﾄ,000001,新木場ﾘｻｲｸﾙ工場,000300,丸三松本商事,000242,丸三松本商事,1,紙,,000002,渡辺
2025/01/09(木),2025/01/09(木),2025/01/09(木),008771,柏綜合法律事務所,1,売上,000001,混合廃棄物A,300,300,03,kg,63,"18,900",36166,000002,B（残置）,001,処分費,15:33,15:47,000001,小畑建設,000001,ｵﾈｽﾄ,000001,新木場ﾘｻｲｸﾙ工場,001308,ｵﾈｽﾄ･ﾜﾝ,001021,ｵﾈｽﾄ･ﾜﾝ,1,紙,,000011,オネスト・ワン
2025/01/09(木),2025/01/09(木),2025/01/09(木),008771,柏綜合法律事務所,1,売上,000030,選別,30,30,03,kg,60,"1,800",36166,000002,B（残置）,001,処分費,15:33,15:47,000001,小畑建設,000001,ｵﾈｽﾄ,000001,新木場ﾘｻｲｸﾙ工場,001308,ｵﾈｽﾄ･ﾜﾝ,001021,ｵﾈｽﾄ･ﾜﾝ,1,紙,,000011,オネスト・ワン
2025/01/10(金),2025/01/10(金),2025/01/10(金),000026,ｼｰﾒﾝｽﾍﾙｽｹｱ,1,売上,000001,混合廃棄物A,"1,400","1,400",03,kg,60,"84,000",36233,000006,F（他）,001,処分費,09:33,09:39,000001,ｼｰﾒﾝｽﾍﾙｽｹｱ平和島ｾﾝﾀｰ,000001,ｵﾈｽﾄ,000001,新木場ﾘｻｲｸﾙ工場,000243,田端運輸,000097,ｼｰﾒﾝｽﾍﾙｽｹｱ,1,紙,,000003,蛯子
2025/01/10(金),2025/01/10(金),2025/01/10(金),000026,ｼｰﾒﾝｽﾍﾙｽｹｱ,1,売上,000001,混合廃棄物A,"1,720","1,720",03,kg,60,"103,200",36272,000006,F（他）,001,処分費,12:29,12:49,000001,ｼｰﾒﾝｽﾍﾙｽｹｱ平和島ｾﾝﾀｰ,000001,ｵﾈｽﾄ,000001,新木場ﾘｻｲｸﾙ工場,000243,田端運輸,000097,ｼｰﾒﾝｽﾍﾙｽｹｱ,1,紙,,000003,蛯子
2025/01/10(金),2025/01/10(金),2025/01/10(金),000026,ｼｰﾒﾝｽﾍﾙｽｹｱ,1,売上,000001,混合廃棄物A,"2,370","2,370",03,kg,60,"142,200",36238,000006,F（他）,001,処分費,09:49,09:58,000001,ｼｰﾒﾝｽﾍﾙｽｹｱ平和島ｾﾝﾀｰ,000001,ｵﾈｽﾄ,000001,新木場ﾘｻｲｸﾙ工場,000243,田端運輸,000097,ｼｰﾒﾝｽﾍﾙｽｹｱ,1,紙,,000003,蛯子
2025/01/10(金),2025/01/10(金),2025/01/10(金),000026,ｼｰﾒﾝｽﾍﾙｽｹｱ,1,売上,000001,混合廃棄物A,"2,380","2,380",03,kg,60,"142,800",36268,000006,F（他）,001,処分費,11:44,11:55,000001,ｼｰﾒﾝｽﾍﾙｽｹｱ平和島ｾﾝﾀｰ,000001,ｵﾈｽﾄ,000001,新木場ﾘｻｲｸﾙ工場,000243,田端運輸,000097,ｼｰﾒﾝｽﾍﾙｽｹｱ,1,紙,,000003,蛯子
2025/01/10(金),2025/01/10(金),2025/01/10(金),000182,月島JFEｱｸｱｿﾘｭｰｼｮﾝ,1,売上,000011,混合廃棄物(処理困難物),980,1,02,m3,"28,000","28,000",36253,000004,D（建設）,001,処分費,11:31,11:40,000003,【井上】千葉市南部浄化センター　下水汚泥,000001,ｵﾈｽﾄ,000001,新木場ﾘｻｲｸﾙ工場,000001,ｵﾈｽﾄ,000149,月島JFEｱｸｱｿﾘｭｰｼｮﾝ（東日本）,1,紙,,000005,今村（紀）
2025/01/10(金),2025/01/10(金),2025/01/10(金),000182,月島JFEｱｸｱｿﾘｭｰｼｮﾝ,1,売上,000014,混合廃棄物,,4,02,m3,"10,000","40,000",36253,000004,D（建設）,001,処分費,11:31,11:40,000003,【井上】千葉市南部浄化センター　下水汚泥,000001,ｵﾈｽﾄ,000001,新木場ﾘｻｲｸﾙ工場,000001,ｵﾈｽﾄ,000149,月島JFEｱｸｱｿﾘｭｰｼｮﾝ（東日本）,1,紙,,000005,今村（紀）
2025/01/10(金),2025/01/10(金),2025/01/10(金),000182,月島JFEｱｸｱｿﾘｭｰｼｮﾝ,1,売上,000014,混合廃棄物,"1,100",8,02,m3,"10,000","80,000",36254,000004,D（建設）,001,処分費,11:33,11:33,000003,【井上】千葉市南部浄化センター　下水汚泥,000001,ｵﾈｽﾄ,000001,新木場ﾘｻｲｸﾙ工場,000001,ｵﾈｽﾄ,000149,月島JFEｱｸｱｿﾘｭｰｼｮﾝ（東日本）,1,紙,,000005,今村（紀）
2025/01/10(金),2025/01/10(金),2025/01/10(金),000182,月島JFEｱｸｱｿﾘｭｰｼｮﾝ,1,売上,000349,運搬費(4ｔｺﾝﾃﾅ),,1,07,台,"21,000","21,000",36254,000004,D（建設）,002,運搬費,11:33,11:33,000003,【井上】千葉市南部浄化センター　下水汚泥,000001,ｵﾈｽﾄ,000001,新木場ﾘｻｲｸﾙ工場,000001,ｵﾈｽﾄ,000149,月島JFEｱｸｱｿﾘｭｰｼｮﾝ（東日本）,1,紙,,000005,今村（紀）
2025/01/10(金),2025/01/10(金),2025/01/10(金),000182,月島JFEｱｸｱｿﾘｭｰｼｮﾝ,1,売上,000349,運搬費(4ｔｺﾝﾃﾅ),,1,07,台,"23,000","23,000",36294,000004,D（建設）,002,運搬費,13:29,13:33,000006,【鈴木】令和6・7年度葛西水再生センター,000001,ｵﾈｽﾄ,000001,新木場ﾘｻｲｸﾙ工場,000001,ｵﾈｽﾄ,000149,月島JFEｱｸｱｿﾘｭｰｼｮﾝ（東日本）,1,紙,,000005,今村（紀）
2025/01/10(金),2025/01/10(金),2025/01/10(金),000182,月島JFEｱｸｱｿﾘｭｰｼｮﾝ,1,売上,000350,運搬費(4ｔﾕﾆｯｸ車),,1,07,台,"28,000","28,000",36253,000004,D（建設）,002,運搬費,11:31,11:40,000003,【井上】千葉市南部浄化センター　下水汚泥,000001,ｵﾈｽﾄ,000001,新木場ﾘｻｲｸﾙ工場,000001,ｵﾈｽﾄ,000149,月島JFEｱｸｱｿﾘｭｰｼｮﾝ（東日本）,1,紙,,000005,今村（紀）
2025/01/10(金),2025/01/10(金),2025/01/10(金),000182,月島JFEｱｸｱｿﾘｭｰｼｮﾝ,1,売上,000376,ｶﾞﾗｽ陶磁器くず,720,8,02,m3,"18,000","144,000",36294,000004,D（建設）,001,処分費,13:29,13:33,000006,【鈴木】令和6・7年度葛西水再生センター,000001,ｵﾈｽﾄ,000001,新木場ﾘｻｲｸﾙ工場,000001,ｵﾈｽﾄ,000149,月島JFEｱｸｱｿﾘｭｰｼｮﾝ（東日本）,1,紙,,000005,今村（紀）
2025/01/10(金),2025/01/10(金),2025/01/10(金),000182,月島JFEｱｸｱｿﾘｭｰｼｮﾝ,1,売上,000550,混合廃棄物（石膏ﾎﾞｰﾄﾞ）,,1,02,m3,"18,000","18,000",36253,000004,D（建設）,001,処分費,11:31,11:40,000003,【井上】千葉市南部浄化センター　下水汚泥,000001,ｵﾈｽﾄ,000001,新木場ﾘｻｲｸﾙ工場,000001,ｵﾈｽﾄ,000149,月島JFEｱｸｱｿﾘｭｰｼｮﾝ（東日本）,1,紙,,000005,今村（紀）
2025/01/10(金),2025/01/10(金),2025/01/10(金),000233,袖山興業,1,売上,000004,混合廃棄物(焼却物),520,520,03,kg,75,"39,000",36306,000003,C（解体）,001,処分費,14:13,14:17,000000,袖山興業,000001,ｵﾈｽﾄ,000001,新木場ﾘｻｲｸﾙ工場,000233,袖山興業,001335,袖山興業,1,紙,,000006,川部
2025/01/10(金),2025/01/10(金),2025/01/10(金),000272,新建産業,1,売上,000001,混合廃棄物A,270,270,03,kg,65,"17,550",36256,000001,A（事業）,001,処分費,11:40,11:40,000000,新建産業,000001,ｵﾈｽﾄ,000001,新木場ﾘｻｲｸﾙ工場,000272,新建産業,000222,新建産業,1,紙,,000006,川部
2025/01/10(金),2025/01/10(金),2025/01/10(金),000281,ﾒﾀｳｫｰﾀｰ,1,売上,000014,混合廃棄物,420,5,02,m3,"10,000","50,000",36284,000004,D（建設）,001,処分費,13:02,13:02,000003,森ヶ崎水再生ｾﾝﾀｰ(東)反応槽機械設備再構築,000001,ｵﾈｽﾄ,000001,新木場ﾘｻｲｸﾙ工場,000001,ｵﾈｽﾄ,000281,ﾒﾀｳｫｰﾀｰ,1,紙,,000010,メタウォーター
2025/01/10(金),2025/01/10(金),2025/01/10(金),000281,ﾒﾀｳｫｰﾀｰ,1,売上,000022,軽量物系B(FRP),880,13,02,m3,"18,000","234,000",36243,000004,D（建設）,001,処分費,10:37,10:37,000009,中野水再生ｾﾝﾀｰ反応槽機械設備再構築工事,000001,ｵﾈｽﾄ,000001,新木場ﾘｻｲｸﾙ工場,000001,ｵﾈｽﾄ,000281,ﾒﾀｳｫｰﾀｰ,1,紙,,000010,メタウォーター
2025/01/10(金),2025/01/10(金),2025/01/10(金),000281,ﾒﾀｳｫｰﾀｰ,1,売上,000109,運搬費,,1,07,台,"21,000","21,000",36243,000004,D（建設）,002,運搬費,10:37,10:37,000009,中野水再生ｾﾝﾀｰ反応槽機械設備再構築工事,000001,ｵﾈｽﾄ,000001,新木場ﾘｻｲｸﾙ工場,000001,ｵﾈｽﾄ,000281,ﾒﾀｳｫｰﾀｰ,1,紙,,000010,メタウォーター
2025/01/10(金),2025/01/10(金),2025/01/10(金),000281,ﾒﾀｳｫｰﾀｰ,1,売上,000352,運搬費(2ｔ車),,1,07,台,"20,000","20,000",36284,000004,D（建設）,002,運搬費,13:02,13:02,000003,森ヶ崎水再生ｾﾝﾀｰ(東)反応槽機械設備再構築,000001,ｵﾈｽﾄ,000001,新木場ﾘｻｲｸﾙ工場,000001,ｵﾈｽﾄ,000281,ﾒﾀｳｫｰﾀｰ,1,紙,,000010,メタウォーター
2025/01/10(金),2025/01/10(金),2025/01/10(金),000286,ｷﾀｻﾞﾜ引越ｾﾝﾀｰ,1,売上,000001,混合廃棄物A,620,620,03,kg,65,"40,300",36305,000002,B（残置）,001,処分費,14:07,14:20,000000,ｷﾀｻﾞﾜ引越ｾﾝﾀｰ,000001,ｵﾈｽﾄ,000001,新木場ﾘｻｲｸﾙ工場,000286,ｷﾀｻﾞﾜ引越ｾﾝﾀｰ,000230,ｷﾀｻﾞﾜ引越ｾﾝﾀｰ,1,紙,,000006,川部
2025/01/10(金),2025/01/10(金),2025/01/10(金),000286,ｷﾀｻﾞﾜ引越ｾﾝﾀｰ,1,売上,000029,木くず,270,270,03,kg,35,"9,450",36305,000002,B（残置）,001,処分費,14:07,14:20,000000,ｷﾀｻﾞﾜ引越ｾﾝﾀｰ,000001,ｵﾈｽﾄ,000001,新木場ﾘｻｲｸﾙ工場,000286,ｷﾀｻﾞﾜ引越ｾﾝﾀｰ,000230,ｷﾀｻﾞﾜ引越ｾﾝﾀｰ,1,紙,,000006,川部
2025/01/10(金),2025/01/10(金),2025/01/10(金),000286,ｷﾀｻﾞﾜ引越ｾﾝﾀｰ,1,売上,000101,ﾏｯﾄﾚｽ,30,30,03,kg,100,"3,000",36305,000002,B（残置）,001,処分費,14:07,14:20,000000,ｷﾀｻﾞﾜ引越ｾﾝﾀｰ,000001,ｵﾈｽﾄ,000001,新木場ﾘｻｲｸﾙ工場,000286,ｷﾀｻﾞﾜ引越ｾﾝﾀｰ,000230,ｷﾀｻﾞﾜ引越ｾﾝﾀｰ,1,紙,,000006,川部
2025/01/10(金),2025/01/10(金),2025/01/10(金),000312,野口興業,1,売上,000001,混合廃棄物A,290,290,03,kg,45,"13,050",36224,000001,A（事業）,001,処分費,08:11,08:16,000000,野口興業,000001,ｵﾈｽﾄ,000001,新木場ﾘｻｲｸﾙ工場,000312,野口興業,000253,野口興業,1,紙,,000002,渡辺
2025/01/10(金),2025/01/10(金),2025/01/10(金),000312,野口興業,1,売上,000001,混合廃棄物A,590,590,03,kg,45,"26,550",36223,000001,A（事業）,001,処分費,07:34,07:36,000000,野口興業,000001,ｵﾈｽﾄ,000001,新木場ﾘｻｲｸﾙ工場,000312,野口興業,000253,野口興業,1,紙,,000002,渡辺
2025/01/10(金),2025/01/10(金),2025/01/10(金),000395,ﾗｲｵﾝｽﾞﾌﾟﾗｻﾞ新宿組合法人,1,売上,000001,混合廃棄物A,250,250,03,kg,63,"15,750",36360,000002,B（残置）,001,処分費,17:10,17:30,000000,ﾗｲｵﾝｽﾞﾌﾟﾗｻﾞ新宿組合法人,000001,ｵﾈｽﾄ,000001,新木場ﾘｻｲｸﾙ工場,001308,ｵﾈｽﾄ･ﾜﾝ,001021,ｵﾈｽﾄ･ﾜﾝ,1,紙,,000011,オネスト・ワン
2025/01/10(金),2025/01/10(金),2025/01/10(金),000395,ﾗｲｵﾝｽﾞﾌﾟﾗｻﾞ新宿組合法人,1,売上,000030,選別,90,90,03,kg,60,"5,400",36360,000002,B（残置）,001,処分費,17:10,17:30,000000,ﾗｲｵﾝｽﾞﾌﾟﾗｻﾞ新宿組合法人,000001,ｵﾈｽﾄ,000001,新木場ﾘｻｲｸﾙ工場,001308,ｵﾈｽﾄ･ﾜﾝ,001021,ｵﾈｽﾄ･ﾜﾝ,1,紙,,000011,オネスト・ワン
2025/01/10(金),2025/01/10(金),2025/01/10(金),000395,ﾗｲｵﾝｽﾞﾌﾟﾗｻﾞ新宿組合法人,1,売上,000036,ﾏｯﾄﾚｽ(ｼﾝｸﾞﾙ),30,1,11,枚,"5,500","5,500",36360,000002,B（残置）,001,処分費,17:10,17:30,000000,ﾗｲｵﾝｽﾞﾌﾟﾗｻﾞ新宿組合法人,000001,ｵﾈｽﾄ,000001,新木場ﾘｻｲｸﾙ工場,001308,ｵﾈｽﾄ･ﾜﾝ,001021,ｵﾈｽﾄ･ﾜﾝ,1,紙,,000011,オネスト・ワン
2025/01/10(金),2025/01/10(金),2025/01/10(金),000395,ﾗｲｵﾝｽﾞﾌﾟﾗｻﾞ新宿組合法人,2,支払,000068,GC 軽鉄･ｽﾁｰﾙ類,30,30,03,kg,28,840,36360,000002,B（残置）,003,有価物,17:10,17:30,000000,ﾗｲｵﾝｽﾞﾌﾟﾗｻﾞ新宿組合法人,000001,ｵﾈｽﾄ,000001,新木場ﾘｻｲｸﾙ工場,001308,ｵﾈｽﾄ･ﾜﾝ,001021,ｵﾈｽﾄ･ﾜﾝ,1,紙,,000011,オネスト・ワン
2025/01/10(金),2025/01/10(金),2025/01/10(金),000521,岩尾磁器工業,1,売上,000014,混合廃棄物,"1,610",8,02,m3,"12,000","96,000",36320,000004,D（建設）,001,処分費,15:24,15:28,000001,南多摩水再生センター反応槽機械設備再構築,000001,ｵﾈｽﾄ,000001,新木場ﾘｻｲｸﾙ工場,000001,ｵﾈｽﾄ,001235,岩尾磁器工業,2,電子,,000004,山本
2025/01/10(金),2025/01/10(金),2025/01/10(金),000521,岩尾磁器工業,1,売上,000349,運搬費(4ｔｺﾝﾃﾅ),,1,07,台,"23,000","23,000",36320,000004,D（建設）,002,運搬費,15:24,15:28,000001,南多摩水再生センター反応槽機械設備再構築,000001,ｵﾈｽﾄ,000001,新木場ﾘｻｲｸﾙ工場,000001,ｵﾈｽﾄ,001235,岩尾磁器工業,2,電子,,000004,山本
2025/01/10(金),2025/01/10(金),2025/01/10(金),000678,三井住建道路開発環境事業部,1,売上,000017,軽量物系A(ｽﾀｲﾛﾌｫｰﾑ),260,260,03,kg,200,"52,000",36267,000003,C（解体）,001,処分費,12:04,12:08,000002,（仮称）港区六本木四丁目計画解体工事,000001,ｵﾈｽﾄ,000001,新木場ﾘｻｲｸﾙ工場,000042,翼工業,000037,翼工業,2,電子,,000004,山本
2025/01/10(金),2025/01/10(金),2025/01/10(金),000678,三井住建道路開発環境事業部,1,売上,000020,軽量物系A(ｳﾚﾀﾝ),240,240,03,kg,200,"48,000",36313,000003,C（解体）,001,処分費,15:06,15:06,000002,（仮称）港区六本木四丁目計画解体工事,000001,ｵﾈｽﾄ,000001,新木場ﾘｻｲｸﾙ工場,000042,翼工業,000037,翼工業,2,電子,,000004,山本
2025/01/10(金),2025/01/10(金),2025/01/10(金),000736,(ｻﾝﾃｸﾉ)ｲﾝ･ｻﾎﾟｰﾄ,1,売上,000002,混合廃棄物B,"1,180","1,180",03,kg,63,"74,340",36219,000006,F（他）,001,処分費,06:23,06:23,000000,(ｻﾝﾃｸﾉ)ｲﾝ･ｻﾎﾟｰﾄ,000001,ｵﾈｽﾄ,000001,新木場ﾘｻｲｸﾙ工場,001748,(ｻﾝﾃｸﾉ)ｽﾀｰﾀﾞｽﾄ社,001022,ｻﾝ･ﾃｸﾉ,1,紙,,000012,サン・テクノ
2025/01/10(金),2025/01/10(金),2025/01/10(金),000828,ﾆｯﾀｴｱｿﾘｭｰｼｮﾝｽﾞ,1,売上,000004,混合廃棄物(焼却物),660,660,03,kg,75,"49,500",36259,000004,D（建設）,001,処分費,11:48,11:48,000002,横浜技術ｾﾝﾀｰ,000001,ｵﾈｽﾄ,000001,新木場ﾘｻｲｸﾙ工場,000001,ｵﾈｽﾄ,000648,ﾆｯﾀｴｱｿﾘｭｰｼｮﾝｽﾞ,1,紙,,000005,今村（紀）
2025/01/10(金),2025/01/10(金),2025/01/10(金),000828,ﾆｯﾀｴｱｿﾘｭｰｼｮﾝｽﾞ,1,売上,000349,運搬費(4ｔｺﾝﾃﾅ),,1,07,台,"23,000","23,000",36259,000004,D（建設）,002,運搬費,11:48,11:48,000002,横浜技術ｾﾝﾀｰ,000001,ｵﾈｽﾄ,000001,新木場ﾘｻｲｸﾙ工場,000001,ｵﾈｽﾄ,000648,ﾆｯﾀｴｱｿﾘｭｰｼｮﾝｽﾞ,1,紙,,000005,今村（紀）
2025/01/10(金),2025/01/10(金),2025/01/10(金),000882,双葉ﾗｲﾝ,1,売上,000029,木くず,140,140,03,kg,35,"4,900",36240,000004,D（建設）,001,処分費,10:28,10:28,000000,双葉ﾗｲﾝ,000001,ｵﾈｽﾄ,000001,新木場ﾘｻｲｸﾙ工場,000882,双葉ﾗｲﾝ,000684,双葉ﾗｲﾝ,1,紙,,000005,今村（紀）
2025/01/10(金),2025/01/10(金),2025/01/10(金),000923,港区教育委員会事務局　学校教育部,1,売上,000014,混合廃棄物,30,30,03,kg,45,"1,350",36235,000006,F（他）,001,処分費,09:54,09:55,000001,御成門学園　御成門小学校,000001,ｵﾈｽﾄ,000001,新木場ﾘｻｲｸﾙ工場,000001,ｵﾈｽﾄ,001311,港区教育委員会事務局　学校教育部,1,紙,,000007,小林
2025/01/10(金),2025/01/10(金),2025/01/10(金),000923,港区教育委員会事務局　学校教育部,1,売上,000014,混合廃棄物,50,50,03,kg,45,"2,250",36279,000006,F（他）,001,処分費,11:59,12:01,000031,本村幼稚園,000001,ｵﾈｽﾄ,000001,新木場ﾘｻｲｸﾙ工場,000001,ｵﾈｽﾄ,001311,港区教育委員会事務局　学校教育部,1,紙,,000007,小林
2025/01/10(金),2025/01/10(金),2025/01/10(金),000923,港区教育委員会事務局　学校教育部,1,売上,000014,混合廃棄物,120,120,03,kg,45,"5,400",36977,000006,F（他）,001,処分費,14:28,14:28,000022,赤坂学園　赤坂中学校,000001,ｵﾈｽﾄ,000001,新木場ﾘｻｲｸﾙ工場,000001,ｵﾈｽﾄ,001311,港区教育委員会事務局　学校教育部,1,紙,,000007,小林
2025/01/10(金),2025/01/10(金),2025/01/10(金),000923,港区教育委員会事務局　学校教育部,1,売上,000014,混合廃棄物,200,200,03,kg,45,"9,000",36340,000006,F（他）,001,処分費,16:41,16:41,000021,高陵中学校,000001,ｵﾈｽﾄ,000001,新木場ﾘｻｲｸﾙ工場,000001,ｵﾈｽﾄ,001311,港区教育委員会事務局　学校教育部,1,紙,,000007,小林
2025/01/10(金),2025/01/10(金),2025/01/10(金),000923,港区教育委員会事務局　学校教育部,1,売上,000014,混合廃棄物,620,620,03,kg,45,"27,900",36974,000006,F（他）,001,処分費,14:15,14:15,000010,本村小学校,000001,ｵﾈｽﾄ,000001,新木場ﾘｻｲｸﾙ工場,000001,ｵﾈｽﾄ,001311,港区教育委員会事務局　学校教育部,1,紙,,000007,小林
2025/01/10(金),2025/01/10(金),2025/01/10(金),000923,港区教育委員会事務局　学校教育部,1,売上,000014,混合廃棄物,860,860,03,kg,45,"38,700",36244,000006,F（他）,001,処分費,10:46,10:47,000010,本村小学校,000001,ｵﾈｽﾄ,000001,新木場ﾘｻｲｸﾙ工場,000001,ｵﾈｽﾄ,001311,港区教育委員会事務局　学校教育部,1,紙,,000007,小林
2025/01/10(金),2025/01/10(金),2025/01/10(金),001055,ﾓﾉﾚｰﾙｴﾝｼﾞﾆｱﾘﾝｸﾞ,2,支払,000068,GC 軽鉄･ｽﾁｰﾙ類,760,760,03,kg,24.5,"18,620",36275,000004,D（建設）,003,有価物,11:46,11:46,000001,東京ﾓﾉﾚｰﾙ羽田線保守作業,000001,ｵﾈｽﾄ,000001,新木場ﾘｻｲｸﾙ工場,000016,泉土木,000014,泉土木,1,紙,,000001,矢作
2025/01/10(金),2025/01/10(金),2025/01/10(金),001055,ﾓﾉﾚｰﾙｴﾝｼﾞﾆｱﾘﾝｸﾞ,2,支払,000068,GC 軽鉄･ｽﾁｰﾙ類,790,790,03,kg,24.5,"19,355",36252,000004,D（建設）,003,有価物,10:59,10:59,000001,東京ﾓﾉﾚｰﾙ羽田線保守作業,000001,ｵﾈｽﾄ,000001,新木場ﾘｻｲｸﾙ工場,000016,泉土木,000014,泉土木,1,紙,,000001,矢作
2025/01/10(金),2025/01/10(金),2025/01/10(金),001198,修美堂,1,売上,000001,混合廃棄物A,500,500,03,kg,65,"32,500",36348,,,001,処分費,16:46,16:53,000000,修美堂,000001,ｵﾈｽﾄ,000001,新木場ﾘｻｲｸﾙ工場,001198,修美堂,001353,修美堂,1,紙,,000007,小林
2025/01/10(金),2025/01/10(金),2025/01/10(金),001230,ﾊﾘｰｽﾞﾀﾞｲﾅﾐｯｸｽ,1,売上,000001,混合廃棄物A,650,650,03,kg,65,"42,250",36218,000002,B（残置）,001,処分費,06:23,06:23,000001,ﾊﾘｰｽﾞ畑倉庫,000001,ｵﾈｽﾄ,000001,新木場ﾘｻｲｸﾙ工場,001230,ﾊﾘｰｽﾞﾀﾞｲﾅﾐｯｸｽ,00954X,【売掛】ﾊﾘｰｽﾞﾀﾞｲﾅﾐｯｸｽ,1,紙,,000007,小林
2025/01/10(金),2025/01/10(金),2025/01/10(金),001244,銀座急送,1,売上,000001,混合廃棄物A,380,380,03,kg,65,"24,700",36358,000002,B（残置）,001,処分費,17:25,17:34,000001,銀座急送㈱辰巳DS,000001,ｵﾈｽﾄ,000001,新木場ﾘｻｲｸﾙ工場,001244,銀座急送,000965,銀座急送,1,紙,,000002,渡辺
2025/01/10(金),2025/01/10(金),2025/01/10(金),001244,銀座急送,1,売上,000001,混合廃棄物A,600,600,03,kg,65,"39,000",36363,000002,B（残置）,001,処分費,17:36,17:47,000001,銀座急送㈱辰巳DS,000001,ｵﾈｽﾄ,000001,新木場ﾘｻｲｸﾙ工場,001244,銀座急送,000965,銀座急送,1,紙,,000002,渡辺
2025/01/10(金),2025/01/10(金),2025/01/10(金),001244,銀座急送,1,売上,000001,混合廃棄物A,770,770,03,kg,65,"50,050",36353,000002,B（残置）,001,処分費,17:11,17:21,000001,銀座急送㈱辰巳DS,000001,ｵﾈｽﾄ,000001,新木場ﾘｻｲｸﾙ工場,001244,銀座急送,000965,銀座急送,1,紙,,000002,渡辺
2025/01/10(金),2025/01/10(金),2025/01/10(金),001244,銀座急送,1,売上,000029,木くず,100,100,03,kg,35,"3,500",36358,000002,B（残置）,001,処分費,17:25,17:34,000001,銀座急送㈱辰巳DS,000001,ｵﾈｽﾄ,000001,新木場ﾘｻｲｸﾙ工場,001244,銀座急送,000965,銀座急送,1,紙,,000002,渡辺
2025/01/10(金),2025/01/10(金),2025/01/10(金),001244,銀座急送,1,売上,000036,ﾏｯﾄﾚｽ(ｼﾝｸﾞﾙ),20,2,11,枚,"6,000","12,000",36363,000002,B（残置）,001,処分費,17:36,17:47,000001,銀座急送㈱辰巳DS,000001,ｵﾈｽﾄ,000001,新木場ﾘｻｲｸﾙ工場,001244,銀座急送,000965,銀座急送,1,紙,,000002,渡辺
2025/01/10(金),2025/01/10(金),2025/01/10(金),001318,丸伍産業,1,売上,000004,混合廃棄物(焼却物),580,580,03,kg,80,"46,400",36296,000004,D（建設）,001,処分費,13:37,13:40,000028,(株)むさし商事付帯撤去工事,000001,ｵﾈｽﾄ,000001,新木場ﾘｻｲｸﾙ工場,001318,丸伍産業,001030,丸伍産業,1,紙,,000012,サン・テクノ
2025/01/10(金),2025/01/10(金),2025/01/10(金),001395,昭和女子大学,1,売上,000001,混合廃棄物A,180,180,03,kg,65,"11,700",36226,000001,A（事業）,001,処分費,08:23,08:23,000000,昭和女子大学,000001,ｵﾈｽﾄ,000001,新木場ﾘｻｲｸﾙ工場,000019,ﾀｹｴｲ,000016,ﾀｹｴｲ,1,紙,,000007,小林
2025/01/10(金),2025/01/10(金),2025/01/10(金),001427,千代田装備,1,売上,000001,混合廃棄物A,140,140,03,kg,65,"9,100",36301,000001,A（事業）,001,処分費,14:05,14:05,000001,KSﾋﾞﾙ,000001,ｵﾈｽﾄ,000001,新木場ﾘｻｲｸﾙ工場,001546,江栄,000013,江栄,1,紙,,000002,渡辺
2025/01/10(金),2025/01/10(金),2025/01/10(金),001434,(ｻﾝﾃｸﾉ)東和ｴﾝｼﾞﾆｱﾘﾝｸﾞ,1,売上,000001,混合廃棄物A,110,110,03,kg,58,"6,380",36326,000006,F（他）,001,処分費,15:36,15:37,000056,明治大学ｸﾞﾛｰﾊﾞﾙﾌﾛﾝﾄ,000001,ｵﾈｽﾄ,000001,新木場ﾘｻｲｸﾙ工場,000226,ｽﾃｱ,001022,ｻﾝ･ﾃｸﾉ,1,紙,,000012,サン・テクノ
2025/01/10(金),2025/01/10(金),2025/01/10(金),001434,(ｻﾝﾃｸﾉ)東和ｴﾝｼﾞﾆｱﾘﾝｸﾞ,1,売上,000030,選別,530,530,03,kg,50,"26,500",36335,000006,F（他）,001,処分費,16:24,16:24,000056,明治大学ｸﾞﾛｰﾊﾞﾙﾌﾛﾝﾄ,000001,ｵﾈｽﾄ,000001,新木場ﾘｻｲｸﾙ工場,000226,ｽﾃｱ,001022,ｻﾝ･ﾃｸﾉ,1,紙,,000012,サン・テクノ
2025/01/10(金),2025/01/10(金),2025/01/10(金),001434,(ｻﾝﾃｸﾉ)東和ｴﾝｼﾞﾆｱﾘﾝｸﾞ,1,売上,000046,ﾀﾞﾝﾎﾞｰﾙ,10,10,03,kg,15,150,36326,000006,F（他）,001,処分費,15:36,15:37,000056,明治大学ｸﾞﾛｰﾊﾞﾙﾌﾛﾝﾄ,000001,ｵﾈｽﾄ,000001,新木場ﾘｻｲｸﾙ工場,000226,ｽﾃｱ,001022,ｻﾝ･ﾃｸﾉ,1,紙,,000012,サン・テクノ
2025/01/10(金),2025/01/10(金),2025/01/10(金),001446,東京大学,1,売上,000001,混合廃棄物A,"1,570","1,570",03,kg,65,"102,050",36322,000002,B（残置）,001,処分費,15:37,15:46,000004,東京大学医学部,000001,ｵﾈｽﾄ,000001,新木場ﾘｻｲｸﾙ工場,000013,東京商産業,000011,東京商産業,1,紙,,000004,山本
2025/01/10(金),2025/01/10(金),2025/01/10(金),001446,東京大学,1,売上,000028,ﾊﾟｰﾃｰｼｮﾝﾎﾞｰﾄﾞ,280,280,03,kg,60,"16,800",36322,000002,B（残置）,001,処分費,15:37,15:46,000004,東京大学医学部,000001,ｵﾈｽﾄ,000001,新木場ﾘｻｲｸﾙ工場,000013,東京商産業,000011,東京商産業,1,紙,,000004,山本
2025/01/10(金),2025/01/10(金),2025/01/10(金),001454,谷津商会,1,売上,000001,混合廃棄物A,410,410,03,kg,65,"26,650",36250,000001,A（事業）,001,処分費,10:56,11:25,000000,谷津商会,000001,ｵﾈｽﾄ,000001,新木場ﾘｻｲｸﾙ工場,001454,谷津商会,000247,谷津商会,1,紙,,000002,渡辺
2025/01/10(金),2025/01/10(金),2025/01/10(金),001454,谷津商会,2,支払,000068,GC 軽鉄･ｽﾁｰﾙ類,360,360,03,kg,15.5,"5,580",36250,000001,A（事業）,003,有価物,10:56,11:25,000000,谷津商会,000001,ｵﾈｽﾄ,000001,新木場ﾘｻｲｸﾙ工場,001454,谷津商会,000247,谷津商会,1,紙,,000002,渡辺
2025/01/10(金),2025/01/10(金),2025/01/10(金),001491,ｺﾏﾃﾞﾝ,1,売上,000001,混合廃棄物A,420,420,03,kg,65,"27,300",36291,000002,B（残置）,001,処分費,13:28,13:28,000001,ｺﾏﾃﾞﾝ,000001,ｵﾈｽﾄ,000001,新木場ﾘｻｲｸﾙ工場,000106,中央急送,000085,中央急送,1,紙,,000006,川部
2025/01/10(金),2025/01/10(金),2025/01/10(金),001500,ｽﾀｰｾﾞﾝﾛｼﾞｽﾃｨｸｽ,1,売上,000001,混合廃棄物A,660,660,03,kg,54,"35,640",36265,000001,A（事業）,001,処分費,11:50,11:50,000000,ｽﾀｰｾﾞﾝﾛｼﾞｽﾃｨｸｽ,000001,ｵﾈｽﾄ,000001,新木場ﾘｻｲｸﾙ工場,000028,五十嵐商会,000025,五十嵐商会,1,紙,,000002,渡辺
2025/01/10(金),2025/01/10(金),2025/01/10(金),001595,希松,1,売上,000001,混合廃棄物A,450,450,03,kg,65,"29,250",36304,000002,B（残置）,001,処分費,14:21,14:21,000001,事業本部工場（ﾅﾁｭﾗﾙﾌｧｸﾄﾘｰ東京）,000001,ｵﾈｽﾄ,000001,新木場ﾘｻｲｸﾙ工場,000001,ｵﾈｽﾄ,000569,希松,1,紙,,000005,今村（紀）
2025/01/10(金),2025/01/10(金),2025/01/10(金),001595,希松,1,売上,000349,運搬費(4ｔｺﾝﾃﾅ),,1,07,台,"20,000","20,000",36304,000002,B（残置）,002,運搬費,14:21,14:21,000001,事業本部工場（ﾅﾁｭﾗﾙﾌｧｸﾄﾘｰ東京）,000001,ｵﾈｽﾄ,000001,新木場ﾘｻｲｸﾙ工場,000001,ｵﾈｽﾄ,000569,希松,1,紙,,000005,今村（紀）
2025/01/10(金),2025/01/10(金),2025/01/10(金),001630,ﾌｼﾞﾎｰﾑ,1,売上,000002,混合廃棄物B,"1,210","1,210",03,kg,70,"84,700",36217,000004,D（建設）,001,処分費,07:13,07:15,000000,ﾌｼﾞﾎｰﾑ,000001,ｵﾈｽﾄ,000001,新木場ﾘｻｲｸﾙ工場,000083,政湖商運,000069,政湖商運,2,電子,,000002,渡辺
2025/01/10(金),2025/01/10(金),2025/01/10(金),001651,四季,1,売上,000001,混合廃棄物A,"1,190","1,190",03,kg,65,"77,350",36216,000001,A（事業）,001,処分費,06:58,07:00,000006,四季劇場　春・秋,000001,ｵﾈｽﾄ,000001,新木場ﾘｻｲｸﾙ工場,001248,東日本ﾊｲｳｪｲ,000969,東日本ﾊｲｳｪｲ,1,紙,,000002,渡辺
2025/01/10(金),2025/01/10(金),2025/01/10(金),001704,ひまわり総合ｻｰﾋﾞｽ,1,売上,000001,混合廃棄物A,"1,450","1,450",03,kg,65,"94,250",36236,000001,A（事業）,001,処分費,09:40,09:40,000000,ひまわり総合ｻｰﾋﾞｽ,000001,ｵﾈｽﾄ,000001,新木場ﾘｻｲｸﾙ工場,001494,坪野谷紙業,000629,坪野谷紙業,1,紙,,000002,渡辺
2025/01/10(金),2025/01/10(金),2025/01/10(金),001704,ひまわり総合ｻｰﾋﾞｽ,1,売上,000029,木くず,"1,080","1,080",03,kg,35,"37,800",36315,000001,A（事業）,001,処分費,14:56,14:59,000000,ひまわり総合ｻｰﾋﾞｽ,000001,ｵﾈｽﾄ,000001,新木場ﾘｻｲｸﾙ工場,001494,坪野谷紙業,000629,坪野谷紙業,1,紙,,000002,渡辺
2025/01/10(金),2025/01/10(金),2025/01/10(金),001739,三機工業（八丁堀）,1,売上,000030,選別,30,30,03,kg,55,"1,650",36359,000004,D（建設）,001,処分費,17:02,17:03,000023,【NWS】MCDR　NRT10,000001,ｵﾈｽﾄ,000001,新木場ﾘｻｲｸﾙ工場,000016,泉土木,000014,泉土木,1,紙,,000001,矢作
2025/01/10(金),2025/01/10(金),2025/01/10(金),001739,三機工業（八丁堀）,2,支払,000068,GC 軽鉄･ｽﾁｰﾙ類,240,240,03,kg,24.5,"5,880",36283,000004,D（建設）,003,有価物,12:06,12:06,000023,【NWS】MCDR　NRT10,000001,ｵﾈｽﾄ,000001,新木場ﾘｻｲｸﾙ工場,000016,泉土木,000014,泉土木,1,紙,,000001,矢作
2025/01/10(金),2025/01/10(金),2025/01/10(金),001739,三機工業（八丁堀）,2,支払,000068,GC 軽鉄･ｽﾁｰﾙ類,250,250,03,kg,24.5,"6,125",36278,000004,D（建設）,003,有価物,11:50,11:50,000023,【NWS】MCDR　NRT10,000001,ｵﾈｽﾄ,000001,新木場ﾘｻｲｸﾙ工場,000016,泉土木,000014,泉土木,1,紙,,000001,矢作
2025/01/10(金),2025/01/10(金),2025/01/10(金),001739,三機工業（八丁堀）,2,支払,000068,GC 軽鉄･ｽﾁｰﾙ類,250,250,03,kg,24.5,"6,125",36336,000004,D（建設）,003,有価物,16:16,16:16,000023,【NWS】MCDR　NRT10,000001,ｵﾈｽﾄ,000001,新木場ﾘｻｲｸﾙ工場,000016,泉土木,000014,泉土木,1,紙,,000001,矢作
2025/01/10(金),2025/01/10(金),2025/01/10(金),001739,三機工業（八丁堀）,2,支払,000068,GC 軽鉄･ｽﾁｰﾙ類,270,270,03,kg,24.5,"6,615",36346,000004,D（建設）,003,有価物,16:46,16:46,000023,【NWS】MCDR　NRT10,000001,ｵﾈｽﾄ,000001,新木場ﾘｻｲｸﾙ工場,000016,泉土木,000014,泉土木,1,紙,,000001,矢作
2025/01/10(金),2025/01/10(金),2025/01/10(金),001739,三機工業（八丁堀）,2,支払,000068,GC 軽鉄･ｽﾁｰﾙ類,280,280,03,kg,24.5,"6,860",36347,000004,D（建設）,003,有価物,16:46,16:46,000023,【NWS】MCDR　NRT10,000001,ｵﾈｽﾄ,000001,新木場ﾘｻｲｸﾙ工場,000016,泉土木,000014,泉土木,1,紙,,000001,矢作
2025/01/10(金),2025/01/10(金),2025/01/10(金),001739,三機工業（八丁堀）,2,支払,000068,GC 軽鉄･ｽﾁｰﾙ類,390,390,03,kg,24.5,"9,555",36359,000004,D（建設）,003,有価物,17:02,17:03,000023,【NWS】MCDR　NRT10,000001,ｵﾈｽﾄ,000001,新木場ﾘｻｲｸﾙ工場,000016,泉土木,000014,泉土木,1,紙,,000001,矢作
2025/01/10(金),2025/01/10(金),2025/01/10(金),001739,三機工業（八丁堀）,2,支払,000068,GC 軽鉄･ｽﾁｰﾙ類,430,430,03,kg,24.5,"10,535",36271,000004,D（建設）,003,有価物,11:27,11:27,000023,【NWS】MCDR　NRT10,000001,ｵﾈｽﾄ,000001,新木場ﾘｻｲｸﾙ工場,000016,泉土木,000014,泉土木,2,電子,,000001,矢作
2025/01/10(金),2025/01/10(金),2025/01/10(金),001739,三機工業（八丁堀）,2,支払,000068,GC 軽鉄･ｽﾁｰﾙ類,450,450,03,kg,24.5,"11,025",36276,000004,D（建設）,003,有価物,11:43,11:43,000023,【NWS】MCDR　NRT10,000001,ｵﾈｽﾄ,000001,新木場ﾘｻｲｸﾙ工場,000016,泉土木,000014,泉土木,1,紙,,000001,矢作
2025/01/10(金),2025/01/10(金),2025/01/10(金),001739,三機工業（八丁堀）,2,支払,000068,GC 軽鉄･ｽﾁｰﾙ類,760,760,03,kg,24.5,"18,620",36330,000004,D（建設）,003,有価物,15:53,15:53,000023,【NWS】MCDR　NRT10,000001,ｵﾈｽﾄ,000001,新木場ﾘｻｲｸﾙ工場,000016,泉土木,000014,泉土木,2,電子,,000001,矢作
2025/01/10(金),2025/01/10(金),2025/01/10(金),001739,三機工業（八丁堀）,2,支払,000068,GC 軽鉄･ｽﾁｰﾙ類,760,760,03,kg,24.5,"18,620",36331,000004,D（建設）,003,有価物,16:04,16:05,000023,【NWS】MCDR　NRT10,000001,ｵﾈｽﾄ,000001,新木場ﾘｻｲｸﾙ工場,000016,泉土木,000014,泉土木,1,紙,,000001,矢作
2025/01/10(金),2025/01/10(金),2025/01/10(金),001739,三機工業（八丁堀）,2,支払,000068,GC 軽鉄･ｽﾁｰﾙ類,960,960,03,kg,24.5,"23,520",36255,000004,D（建設）,003,有価物,11:14,11:14,000023,【NWS】MCDR　NRT10,000001,ｵﾈｽﾄ,000001,新木場ﾘｻｲｸﾙ工場,000016,泉土木,000014,泉土木,1,紙,,000001,矢作
2025/01/10(金),2025/01/10(金),2025/01/10(金),001739,三機工業（八丁堀）,2,支払,000068,GC 軽鉄･ｽﾁｰﾙ類,"1,040","1,040",03,kg,24.5,"25,480",36258,000004,D（建設）,003,有価物,11:21,11:21,000023,【NWS】MCDR　NRT10,000001,ｵﾈｽﾄ,000001,新木場ﾘｻｲｸﾙ工場,000016,泉土木,000014,泉土木,1,紙,,000001,矢作
2025/01/10(金),2025/01/10(金),2025/01/10(金),001739,三機工業（八丁堀）,2,支払,000069,GD,180,180,03,kg,14,"2,520",36336,000004,D（建設）,003,有価物,16:16,16:16,000023,【NWS】MCDR　NRT10,000001,ｵﾈｽﾄ,000001,新木場ﾘｻｲｸﾙ工場,000016,泉土木,000014,泉土木,1,紙,,000001,矢作
2025/01/10(金),2025/01/10(金),2025/01/10(金),001739,三機工業（八丁堀）,2,支払,000069,GD,"1,890","1,890",03,kg,14,"26,460",36331,000004,D（建設）,003,有価物,16:04,16:05,000023,【NWS】MCDR　NRT10,000001,ｵﾈｽﾄ,000001,新木場ﾘｻｲｸﾙ工場,000016,泉土木,000014,泉土木,1,紙,,000001,矢作
2025/01/10(金),2025/01/10(金),2025/01/10(金),001739,三機工業（八丁堀）,2,支払,000069,GD,"2,470","2,470",03,kg,14,"34,580",36330,000004,D（建設）,003,有価物,15:53,15:53,000023,【NWS】MCDR　NRT10,000001,ｵﾈｽﾄ,000001,新木場ﾘｻｲｸﾙ工場,000016,泉土木,000014,泉土木,2,電子,,000001,矢作
2025/01/10(金),2025/01/10(金),2025/01/10(金),001756,田沢製作所,1,売上,000002,混合廃棄物B,"2,330","2,330",03,kg,63,"146,790",36230,000006,F（他）,001,処分費,09:04,09:07,000000,田沢製作所,000001,ｵﾈｽﾄ,000001,新木場ﾘｻｲｸﾙ工場,001371,(ｻﾝﾃｸﾉ)一不二総業,001022,ｻﾝ･ﾃｸﾉ,1,紙,,000012,サン・テクノ
2025/01/10(金),2025/01/10(金),2025/01/10(金),001783,光陽ｵｰﾄ,1,売上,000001,混合廃棄物A,860,860,03,kg,60,"51,600",36349,000002,B（残置）,001,処分費,16:47,16:51,000000,光陽ｵｰﾄ,000001,ｵﾈｽﾄ,000001,新木場ﾘｻｲｸﾙ工場,001772,三洋ｴｸｽﾌﾟﾚｽ,000228,三洋ｴｸｽﾌﾟﾚｽ,1,紙,,000002,渡辺
2025/01/10(金),2025/01/10(金),2025/01/10(金),001947,ﾁｬｺｰﾙ市野,1,売上,000001,混合廃棄物A,420,420,03,kg,53,"22,260",36251,000001,A（事業）,001,処分費,11:05,11:05,000001,渋谷市野ﾋﾞﾙ,000001,ｵﾈｽﾄ,000001,新木場ﾘｻｲｸﾙ工場,000302,ﾖｼﾓﾘ,000244,ﾖｼﾓﾘ,1,紙,,000002,渡辺
2025/01/10(金),2025/01/10(金),2025/01/10(金),001955,ﾄﾓ･ｺｰﾎﾟﾚｰｼｮﾝ,1,売上,000001,混合廃棄物A,930,930,03,kg,53,"49,290",36227,000001,A（事業）,001,処分費,08:40,08:40,000001,ﾄﾓﾋﾞﾙ,000001,ｵﾈｽﾄ,000001,新木場ﾘｻｲｸﾙ工場,000302,ﾖｼﾓﾘ,000244,ﾖｼﾓﾘ,1,紙,,000002,渡辺
2025/01/10(金),2025/01/10(金),2025/01/10(金),001971,NTTｱｰﾊﾞﾝﾊﾞﾘｭｰｻﾎﾟｰﾄ,1,売上,000001,混合廃棄物A,940,940,03,kg,54,"50,760",36234,000001,A（事業）,001,処分費,09:36,09:35,000003,日経ﾋﾞﾙ･JAﾋﾞﾙ･経団連会館全体共用部,000001,ｵﾈｽﾄ,000001,新木場ﾘｻｲｸﾙ工場,000028,五十嵐商会,000025,五十嵐商会,1,紙,,000002,渡辺
2025/01/10(金),2025/01/10(金),2025/01/10(金),002034,東京ﾊﾞﾌ,1,売上,000001,混合廃棄物A,"1,450","1,450",03,kg,65,"94,250",36295,000001,A（事業）,001,処分費,13:34,13:34,000000,東京ﾊﾞﾌ,000001,ｵﾈｽﾄ,000001,新木場ﾘｻｲｸﾙ工場,000053,小早川運輸,000045,小早川運輸,1,紙,,000002,渡辺
2025/01/10(金),2025/01/10(金),2025/01/10(金),002152,木内工務店,1,売上,000002,混合廃棄物B,540,540,03,kg,70,"37,800",36321,000004,D（建設）,001,処分費,15:05,15:08,000000,木内工務店,000001,ｵﾈｽﾄ,000001,新木場ﾘｻｲｸﾙ工場,001217,鈴木環境,000943,鈴木環境,1,紙,,000002,渡辺
2025/01/10(金),2025/01/10(金),2025/01/10(金),002246,東ｿｰ物流,1,売上,000001,混合廃棄物A,800,800,03,kg,60,"48,000",36297,000002,B（残置）,001,処分費,13:44,13:46,000000,東ｿｰ物流,000001,ｵﾈｽﾄ,000001,新木場ﾘｻｲｸﾙ工場,001772,三洋ｴｸｽﾌﾟﾚｽ,000228,三洋ｴｸｽﾌﾟﾚｽ,1,紙,,000002,渡辺
2025/01/10(金),2025/01/10(金),2025/01/10(金),002323,りそな銀行,1,売上,000001,混合廃棄物A,"1,140","1,140",03,kg,65,"74,100",36299,000001,A（事業）,001,処分費,13:43,13:43,000002,いちご神保町ﾋﾞﾙ,000001,ｵﾈｽﾄ,000001,新木場ﾘｻｲｸﾙ工場,001454,谷津商会,000247,谷津商会,1,紙,,000002,渡辺
2025/01/10(金),2025/01/10(金),2025/01/10(金),002361,ﾔﾏﾀﾞﾃﾞﾝｷ,1,売上,000002,混合廃棄物B,740,740,03,kg,70,"51,800",36222,000004,D（建設）,001,処分費,07:24,07:26,000111,平林様,000001,ｵﾈｽﾄ,000001,新木場ﾘｻｲｸﾙ工場,000229,ｱｽﾏ･ｸﾘｰﾝ,000191,ｱｽﾏ･ｸﾘｰﾝ,1,紙,,000002,渡辺
2025/01/10(金),2025/01/10(金),2025/01/10(金),002445,ﾒﾝﾃﾜｰｸｽ,1,売上,000001,混合廃棄物A,780,780,03,kg,65,"50,700",36257,000004,D（建設）,001,処分費,11:33,11:40,000000,ﾒﾝﾃﾜｰｸｽ,000001,ｵﾈｽﾄ,000001,新木場ﾘｻｲｸﾙ工場,000361,全公研,000289,全公研,1,紙,,000004,山本
2025/01/10(金),2025/01/10(金),2025/01/10(金),002445,ﾒﾝﾃﾜｰｸｽ,1,売上,000036,ﾏｯﾄﾚｽ(ｼﾝｸﾞﾙ),10,1,11,枚,"6,000","6,000",36257,000004,D（建設）,001,処分費,11:33,11:40,000000,ﾒﾝﾃﾜｰｸｽ,000001,ｵﾈｽﾄ,000001,新木場ﾘｻｲｸﾙ工場,000361,全公研,000289,全公研,1,紙,,000004,山本
2025/01/10(金),2025/01/10(金),2025/01/10(金),002678,ﾌｼﾞｹﾝ,1,売上,000021,軽量物系B(ｸﾞﾗｽｳｰﾙ),370,370,03,kg,80,"29,600",36221,000004,D（建設）,001,処分費,07:19,07:21,000001,ﾌｪﾘｽ梅里2丁目長屋,000001,ｵﾈｽﾄ,000001,新木場ﾘｻｲｸﾙ工場,000226,ｽﾃｱ,000188,ｽﾃｱ,1,紙,,000004,山本
2025/01/10(金),2025/01/10(金),2025/01/10(金),002689,三機ﾃｸﾉｻﾎﾟｰﾄ,1,売上,000001,混合廃棄物A,440,440,03,kg,58,"25,520",36332,000004,D（建設）,001,処分費,16:05,16:05,000008,東急不動前ビル,000001,ｵﾈｽﾄ,000001,新木場ﾘｻｲｸﾙ工場,000016,泉土木,000014,泉土木,1,紙,,000001,矢作
2025/01/10(金),2025/01/10(金),2025/01/10(金),002809,ｻﾄｰ運送,1,売上,000001,混合廃棄物A,540,540,03,kg,65,"35,100",36266,000002,B（残置）,001,処分費,11:59,12:10,000000,ｻﾄｰ運送,000001,ｵﾈｽﾄ,000001,新木場ﾘｻｲｸﾙ工場,002809,ｻﾄｰ運送,000012,ｻﾄｰ運送,1,紙,,000007,小林
2025/01/10(金),2025/01/10(金),2025/01/10(金),002809,ｻﾄｰ運送,1,売上,000492,混合廃棄物（羽毛物）,20,20,03,kg,250,"5,000",36266,000002,B（残置）,001,処分費,11:59,12:10,000000,ｻﾄｰ運送,000001,ｵﾈｽﾄ,000001,新木場ﾘｻｲｸﾙ工場,002809,ｻﾄｰ運送,000012,ｻﾄｰ運送,1,紙,,000007,小林
2025/01/10(金),2025/01/10(金),2025/01/10(金),003079,ｴﾑｼｰﾌﾟﾗﾝﾅｰｽ,1,売上,000001,混合廃棄物A,720,720,03,kg,65,"46,800",36249,000002,B（残置）,001,処分費,11:14,11:15,000000,ｴﾑｼｰﾌﾟﾗﾝﾅｰｽ,000001,ｵﾈｽﾄ,000001,新木場ﾘｻｲｸﾙ工場,001212,永田興業,000939,永田興業,1,紙,,000007,小林
2025/01/10(金),2025/01/10(金),2025/01/10(金),003079,ｴﾑｼｰﾌﾟﾗﾝﾅｰｽ,1,売上,000013,混合廃棄物(ｿﾌｧｰ),20,20,03,kg,100,"2,000",36249,000002,B（残置）,001,処分費,11:14,11:15,000000,ｴﾑｼｰﾌﾟﾗﾝﾅｰｽ,000001,ｵﾈｽﾄ,000001,新木場ﾘｻｲｸﾙ工場,001212,永田興業,000939,永田興業,1,紙,,000007,小林
2025/01/10(金),2025/01/10(金),2025/01/10(金),003147,中央建物,1,売上,000001,混合廃棄物A,140,140,03,kg,54,"7,560",36246,000001,A（事業）,001,処分費,10:52,10:52,000001,大倉本館,000001,ｵﾈｽﾄ,000001,新木場ﾘｻｲｸﾙ工場,000028,五十嵐商会,000025,五十嵐商会,1,紙,,000002,渡辺
2025/01/10(金),2025/01/10(金),2025/01/10(金),003580,大京穴吹建設,2,支払,000068,GC 軽鉄･ｽﾁｰﾙ類,"1,340","1,340",03,kg,24.5,"32,830",36317,000004,D（建設）,003,有価物,15:22,15:23,000000,大京穴吹建設,000001,ｵﾈｽﾄ,000001,新木場ﾘｻｲｸﾙ工場,000016,泉土木,000014,泉土木,1,紙,,000001,矢作
2025/01/10(金),2025/01/10(金),2025/01/10(金),003580,大京穴吹建設,2,支払,000120,ﾓｰﾀｰ,100,100,03,kg,100,"10,000",36317,000004,D（建設）,003,有価物,15:22,15:23,000000,大京穴吹建設,000001,ｵﾈｽﾄ,000001,新木場ﾘｻｲｸﾙ工場,000016,泉土木,000014,泉土木,1,紙,,000001,矢作
2025/01/10(金),2025/01/10(金),2025/01/10(金),003661,東邦液化ｶﾞｽ,1,売上,000001,混合廃棄物A,"1,580",8,02,m3,"11,000","88,000",36308,000004,D（建設）,001,処分費,14:25,14:30,000001,結城運輸倉庫株式会社,000001,ｵﾈｽﾄ,000001,新木場ﾘｻｲｸﾙ工場,003444,上野運輸,000271,上野運輸,2,電子,,000004,山本
2025/01/10(金),2025/01/10(金),2025/01/10(金),003742,大成有楽不動産（ﾚｿﾞﾝﾃﾞｨﾚｸｼｮﾝ）,1,売上,000001,混合廃棄物A,560,560,03,kg,54,"30,240",36225,000001,A（事業）,001,処分費,08:14,08:14,000001,日比谷潁川ﾋﾞﾙ,000001,ｵﾈｽﾄ,000001,新木場ﾘｻｲｸﾙ工場,000028,五十嵐商会,000025,五十嵐商会,1,紙,,000002,渡辺
2025/01/10(金),2025/01/10(金),2025/01/10(金),003839,前川製作所,1,売上,000001,混合廃棄物A,"1,730","1,730",03,kg,65,"112,450",36285,000004,D（建設）,001,処分費,13:10,13:12,000002,前川製作所関東支店,000001,ｵﾈｽﾄ,000001,新木場ﾘｻｲｸﾙ工場,000361,全公研,000289,全公研,1,紙,,000004,山本
2025/01/10(金),2025/01/10(金),2025/01/10(金),003863,ｸﾛﾀﾞ,1,売上,000021,軽量物系B(ｸﾞﾗｽｳｰﾙ),490,490,03,kg,80,"39,200",36324,000004,D（建設）,001,処分費,15:14,15:18,000000,ｸﾛﾀﾞ,000001,ｵﾈｽﾄ,000001,新木場ﾘｻｲｸﾙ工場,003863,ｸﾛﾀﾞ,000374,ｸﾛﾀﾞ,1,紙,,000002,渡辺
2025/01/10(金),2025/01/10(金),2025/01/10(金),003910,高匠,1,売上,000002,混合廃棄物B,400,400,03,kg,70,"28,000",36364,000003,C（解体）,001,処分費,17:37,17:39,000028,東京ﾂｲﾝﾊﾟｰｸｽﾚﾌﾄｳｨﾝｸﾞ,000001,ｵﾈｽﾄ,000001,新木場ﾘｻｲｸﾙ工場,000362,ﾐﾔ産興,000290,ﾐﾔ産興,1,紙,,000004,山本
2025/01/10(金),2025/01/10(金),2025/01/10(金),004008,便利屋ﾌｧﾐﾘｰ江東木場店,1,売上,000001,混合廃棄物A,680,680,03,kg,65,"44,200",36343,000002,B（残置）,001,処分費,16:46,16:46,000000,便利屋ﾌｧﾐﾘｰ江東木場店,000001,ｵﾈｽﾄ,000001,新木場ﾘｻｲｸﾙ工場,004008,便利屋ﾌｧﾐﾘｰ江東木場店,001118,便利屋ﾌｧﾐﾘｰ江東木場店,1,紙,,000012,サン・テクノ
2025/01/10(金),2025/01/10(金),2025/01/10(金),004071,ｴｽﾃｨｰｱｲ,1,売上,000002,混合廃棄物B,420,420,03,kg,70,"29,400",36302,000003,C（解体）,001,処分費,14:04,14:09,000025,東京都杉並区堀之内2-16-22,000001,ｵﾈｽﾄ,000001,新木場ﾘｻｲｸﾙ工場,004071,ｴｽﾃｨｰｱｲ,000185,ｴｽﾃｨｰｱｲ,1,紙,,000006,川部
2025/01/10(金),2025/01/10(金),2025/01/10(金),004080,三協立山ﾀﾃﾔﾏｱﾄﾞﾊﾞﾝｽ社,1,売上,000001,混合廃棄物A,140,140,03,kg,50,"7,000",36220,000004,D（建設）,001,処分費,06:24,06:24,000197,サンドラッグ岡津店,000001,ｵﾈｽﾄ,000001,新木場ﾘｻｲｸﾙ工場,008280,エコフォレスト,000873,伊藤忠ﾒﾀﾙｽﾞ,1,紙,,000001,矢作
2025/01/10(金),2025/01/10(金),2025/01/10(金),004080,三協立山ﾀﾃﾔﾏｱﾄﾞﾊﾞﾝｽ社,2,支払,000068,GC 軽鉄･ｽﾁｰﾙ類,540,540,03,kg,25.5,"13,770",36220,000004,D（建設）,003,有価物,06:24,06:24,000197,サンドラッグ岡津店,000001,ｵﾈｽﾄ,000001,新木場ﾘｻｲｸﾙ工場,008280,エコフォレスト,000873,伊藤忠ﾒﾀﾙｽﾞ,1,紙,,000001,矢作
2025/01/10(金),2025/01/10(金),2025/01/10(金),004110,大野工業,1,売上,000021,軽量物系B(ｸﾞﾗｽｳｰﾙ),170,170,03,kg,80,"13,600",36229,000003,C（解体）,001,処分費,08:58,08:59,000015,東京都中野区中央4-12-11,000001,ｵﾈｽﾄ,000001,新木場ﾘｻｲｸﾙ工場,004110,大野工業,000265,大野工業,1,紙,,000006,川部
2025/01/10(金),2025/01/10(金),2025/01/10(金),004463,あるくる,1,売上,000001,混合廃棄物A,850,850,03,kg,58,"49,300",36319,000002,B（残置）,001,処分費,15:23,15:39,000077,文京区湯島3丁目ﾋﾞﾙ残置物撤去作業,000001,ｵﾈｽﾄ,000001,新木場ﾘｻｲｸﾙ工場,004463,あるくる,000823,あるくる,1,紙,,000001,矢作
2025/01/10(金),2025/01/10(金),2025/01/10(金),004463,あるくる,1,売上,000029,木くず,140,140,03,kg,48,"6,720",36319,000002,B（残置）,001,処分費,15:23,15:39,000077,文京区湯島3丁目ﾋﾞﾙ残置物撤去作業,000001,ｵﾈｽﾄ,000001,新木場ﾘｻｲｸﾙ工場,004463,あるくる,000823,あるくる,1,紙,,000001,矢作
2025/01/10(金),2025/01/10(金),2025/01/10(金),004463,あるくる,1,売上,000038,廃ﾌﾟﾗｽﾁｯｸ類,100,100,03,kg,48,"4,800",36319,000002,B（残置）,001,処分費,15:23,15:39,000077,文京区湯島3丁目ﾋﾞﾙ残置物撤去作業,000001,ｵﾈｽﾄ,000001,新木場ﾘｻｲｸﾙ工場,004463,あるくる,000823,あるくる,1,紙,,000001,矢作
2025/01/10(金),2025/01/10(金),2025/01/10(金),004534,東海交通機械,1,売上,000001,混合廃棄物A,100,100,03,kg,65,"6,500",36274,000004,D（建設）,001,処分費,11:38,12:31,000003,東海交通機械大井駐在,000001,ｵﾈｽﾄ,000001,新木場ﾘｻｲｸﾙ工場,000361,全公研,000289,全公研,1,紙,,000004,山本
2025/01/10(金),2025/01/10(金),2025/01/10(金),004534,東海交通機械,2,支払,000064,ｱﾙﾐ類,150,150,03,kg,108,"16,200",36274,000004,D（建設）,003,有価物,11:38,12:31,000003,東海交通機械大井駐在,000001,ｵﾈｽﾄ,000001,新木場ﾘｻｲｸﾙ工場,000361,全公研,000289,全公研,1,紙,,000004,山本
2025/01/10(金),2025/01/10(金),2025/01/10(金),004534,東海交通機械,2,支払,000068,GC 軽鉄･ｽﾁｰﾙ類,540,540,03,kg,26,"14,040",36274,000004,D（建設）,003,有価物,11:38,12:31,000003,東海交通機械大井駐在,000001,ｵﾈｽﾄ,000001,新木場ﾘｻｲｸﾙ工場,000361,全公研,000289,全公研,1,紙,,000004,山本
2025/01/10(金),2025/01/10(金),2025/01/10(金),004596,ﾀﾏｶﾞﾜ,1,売上,000001,混合廃棄物A,90,90,03,kg,65,"5,850",36325,000004,D（建設）,001,処分費,15:30,15:47,000032,ﾚｰﾍﾞﾝﾊｲﾑ和光ﾋﾙｽﾞ弐番館,000001,ｵﾈｽﾄ,000001,新木場ﾘｻｲｸﾙ工場,000351,那須野興業,000280,那須野興業,1,紙,,000004,山本
2025/01/10(金),2025/01/10(金),2025/01/10(金),004596,ﾀﾏｶﾞﾜ,2,支払,000068,GC 軽鉄･ｽﾁｰﾙ類,520,520,03,kg,26.5,"13,780",36325,000004,D（建設）,003,有価物,15:30,15:47,000032,ﾚｰﾍﾞﾝﾊｲﾑ和光ﾋﾙｽﾞ弐番館,000001,ｵﾈｽﾄ,000001,新木場ﾘｻｲｸﾙ工場,000351,那須野興業,000280,那須野興業,1,紙,,000004,山本
2025/01/10(金),2025/01/10(金),2025/01/10(金),004702,柿本商会,1,売上,000046,ﾀﾞﾝﾎﾞｰﾙ,230,230,03,kg,0,0,36318,000004,D（建設）,001,処分費,14:57,15:27,000003,東京大学（駒場Ⅰ）1号館改修機械設備工事,000001,ｵﾈｽﾄ,000001,新木場ﾘｻｲｸﾙ工場,000016,泉土木,000014,泉土木,1,紙,,000001,矢作
2025/01/10(金),2025/01/10(金),2025/01/10(金),004702,柿本商会,2,支払,000068,GC 軽鉄･ｽﾁｰﾙ類,680,680,03,kg,24.5,"16,660",36318,000004,D（建設）,003,有価物,14:57,15:27,000003,東京大学（駒場Ⅰ）1号館改修機械設備工事,000001,ｵﾈｽﾄ,000001,新木場ﾘｻｲｸﾙ工場,000016,泉土木,000014,泉土木,1,紙,,000001,矢作
2025/01/10(金),2025/01/10(金),2025/01/10(金),004833,ﾘｰﾄﾞ,1,売上,000001,混合廃棄物A,80,80,03,kg,70,"5,600",36310,000004,D,001,処分費,14:37,,000000,ﾘｰﾄﾞ,000001,ｵﾈｽﾄ,000001,新木場ﾘｻｲｸﾙ工場,004833,ﾘｰﾄﾞ,001043,ﾘｰﾄﾞ,1,紙,,000012,サン・テクノ
2025/01/10(金),2025/01/10(金),2025/01/10(金),004833,ﾘｰﾄﾞ,1,売上,000102,ﾏﾆﾌｪｽﾄ,,1,11,枚,50,50,36310,000004,D,001,処分費,14:37,,000000,ﾘｰﾄﾞ,000001,ｵﾈｽﾄ,000001,新木場ﾘｻｲｸﾙ工場,004833,ﾘｰﾄﾞ,001043,ﾘｰﾄﾞ,1,紙,,000012,サン・テクノ
2025/01/10(金),2025/01/10(金),2025/01/10(金),004833,ﾘｰﾄﾞ,1,売上,000492,混合廃棄物（羽毛物）,20,20,03,kg,250,"5,000",36310,000004,D,001,処分費,14:37,,000000,ﾘｰﾄﾞ,000001,ｵﾈｽﾄ,000001,新木場ﾘｻｲｸﾙ工場,004833,ﾘｰﾄﾞ,001043,ﾘｰﾄﾞ,1,紙,,000012,サン・テクノ
2025/01/10(金),2025/01/10(金),2025/01/10(金),005956,富国生命保険相互会社,1,売上,000030,選別,230,230,03,kg,60,"13,800",36303,000002,B（残置）,001,処分費,14:19,14:19,000001,富国生命保険相互会社(江東区),000001,ｵﾈｽﾄ,000001,新木場ﾘｻｲｸﾙ工場,005955,中丸産業運輸,001021,ｵﾈｽﾄ･ﾜﾝ,1,紙,,000011,オネスト・ワン
2025/01/10(金),2025/01/10(金),2025/01/10(金),006509,ﾅｲﾃｯｸｽ,1,売上,000001,混合廃棄物A,340,340,03,kg,65,"22,100",36341,000001,A（事業）,001,処分費,16:22,16:21,000000,ﾅｲﾃｯｸｽ,000001,ｵﾈｽﾄ,000001,新木場ﾘｻｲｸﾙ工場,006509,ﾅｲﾃｯｸｽ,000182,ﾅｲﾃｯｸｽ,1,紙,,000004,山本
2025/01/10(金),2025/01/10(金),2025/01/10(金),006509,ﾅｲﾃｯｸｽ,1,売上,000001,混合廃棄物A,"1,460","1,460",03,kg,65,"94,900",36309,000001,A（事業）,001,処分費,14:42,14:42,000000,ﾅｲﾃｯｸｽ,000001,ｵﾈｽﾄ,000001,新木場ﾘｻｲｸﾙ工場,006509,ﾅｲﾃｯｸｽ,000182,ﾅｲﾃｯｸｽ,1,紙,,000004,山本
2025/01/10(金),2025/01/10(金),2025/01/10(金),006509,ﾅｲﾃｯｸｽ,1,売上,000028,ﾊﾟｰﾃｰｼｮﾝﾎﾞｰﾄﾞ,250,250,03,kg,60,"15,000",36341,000001,A（事業）,001,処分費,16:22,16:21,000000,ﾅｲﾃｯｸｽ,000001,ｵﾈｽﾄ,000001,新木場ﾘｻｲｸﾙ工場,006509,ﾅｲﾃｯｸｽ,000182,ﾅｲﾃｯｸｽ,1,紙,,000004,山本
2025/01/10(金),2025/01/10(金),2025/01/10(金),006561,日本ﾃﾚﾋﾞ放送網,1,売上,000001,混合廃棄物A,"1,670","1,670",03,kg,75,"125,250",36248,000002,B（残置）,001,処分費,11:01,11:09,000001,日本ﾃﾚﾋﾞﾀﾜｰ,000001,ｵﾈｽﾄ,000001,新木場ﾘｻｲｸﾙ工場,002202,宮坂運送,000918,日本ﾃﾚﾋﾞ放送網,1,紙,,000004,山本
2025/01/10(金),2025/01/10(金),2025/01/10(金),006586,WIT,1,売上,000001,混合廃棄物A,390,390,03,kg,65,"25,350",36293,000002,B（残置）,001,処分費,13:19,13:19,000009,藤野邸,000001,ｵﾈｽﾄ,000001,新木場ﾘｻｲｸﾙ工場,006586,WIT,001147,WIT,1,紙,,000012,サン・テクノ
2025/01/10(金),2025/01/10(金),2025/01/10(金),006594,ｾｲｺｰﾋﾞﾙｼｽﾃﾑ　,1,売上,000001,混合廃棄物A,300,300,03,kg,60,"18,000",36261,000002,B（残置）,001,処分費,11:35,11:38,000001,渋谷公会堂,000001,ｵﾈｽﾄ,000001,新木場ﾘｻｲｸﾙ工場,001656,真和商事,000055,真和商事,1,紙,,000002,渡辺
2025/01/10(金),2025/01/10(金),2025/01/10(金),006658,富士住建,1,売上,000002,混合廃棄物B,220,220,03,kg,65,"14,300",36323,000003,C（解体）,001,処分費,15:06,15:10,000000,富士住建,000001,ｵﾈｽﾄ,000001,新木場ﾘｻｲｸﾙ工場,002245,三友建設,000658,三友建設,2,電子,,000002,渡辺
2025/01/10(金),2025/01/10(金),2025/01/10(金),006658,富士住建,1,売上,000034,本畳,110,5.5,11,枚,"1,500","8,250",36323,000003,C（解体）,001,処分費,15:06,15:10,000000,富士住建,000001,ｵﾈｽﾄ,000001,新木場ﾘｻｲｸﾙ工場,002245,三友建設,000658,三友建設,2,電子,,000002,渡辺
2025/01/10(金),2025/01/10(金),2025/01/10(金),007123,ﾓﾝﾎﾞﾙﾄﾞ,1,売上,000002,混合廃棄物B,240,240,03,kg,70,"16,800",36228,000003,C（解体）,001,処分費,08:39,08:41,000065,埼玉県桶川市末広3-8-4,000001,ｵﾈｽﾄ,000001,新木場ﾘｻｲｸﾙ工場,007123,ﾓﾝﾎﾞﾙﾄﾞ,000462,ﾓﾝﾎﾞﾙﾄﾞ,1,紙,,000007,小林
2025/01/10(金),2025/01/10(金),2025/01/10(金),007123,ﾓﾝﾎﾞﾙﾄﾞ,1,売上,000021,軽量物系B(ｸﾞﾗｽｳｰﾙ),20,20,03,kg,80,"1,600",36228,000003,C（解体）,001,処分費,08:39,08:41,000065,埼玉県桶川市末広3-8-4,000001,ｵﾈｽﾄ,000001,新木場ﾘｻｲｸﾙ工場,007123,ﾓﾝﾎﾞﾙﾄﾞ,000462,ﾓﾝﾎﾞﾙﾄﾞ,1,紙,,000007,小林
2025/01/10(金),2025/01/10(金),2025/01/10(金),007162,ｸﾚｽﾄ城南,1,売上,000001,混合廃棄物A,100,100,03,kg,60,"6,000",36339,000004,D（建設）,001,処分費,16:21,16:26,000017,(有)栄健,000001,ｵﾈｽﾄ,000001,新木場ﾘｻｲｸﾙ工場,007162,ｸﾚｽﾄ城南,001073,ｸﾚｽﾄ城南,1,紙,,000012,サン・テクノ
2025/01/10(金),2025/01/10(金),2025/01/10(金),007187,東央建設,1,売上,000002,混合廃棄物B,450,450,03,kg,70,"31,500",36350,000002,B（残置）,001,処分費,16:58,17:05,000004,東京都北区中十条3-20-17,000001,ｵﾈｽﾄ,000001,新木場ﾘｻｲｸﾙ工場,007767,ﾀﾆｶﾜ,001061,ﾀﾆｶﾜ,1,紙,,000012,サン・テクノ
2025/01/10(金),2025/01/10(金),2025/01/10(金),007194,高岡電気工業,1,売上,000009,混合廃棄物(安定型),940,940,03,kg,60,"56,400",36270,000004,D（建設）,001,処分費,11:58,12:01,000000,高岡電気工業,000001,ｵﾈｽﾄ,000001,新木場ﾘｻｲｸﾙ工場,000001,ｵﾈｽﾄ,000808,Y-maxx,1,紙,,000004,山本
2025/01/10(金),2025/01/10(金),2025/01/10(金),007194,高岡電気工業,1,売上,000109,運搬費,,1,07,台,"23,000","23,000",36270,000004,D（建設）,002,運搬費,11:58,12:01,000000,高岡電気工業,000001,ｵﾈｽﾄ,000001,新木場ﾘｻｲｸﾙ工場,000001,ｵﾈｽﾄ,000808,Y-maxx,1,紙,,000004,山本
2025/01/10(金),2025/01/10(金),2025/01/10(金),007447,日本ｴﾚﾍﾞｰﾀｰ製造,2,支払,000068,GC 軽鉄･ｽﾁｰﾙ類,"1,950","1,950",03,kg,24.5,"47,775",36338,000004,D（建設）,003,有価物,16:36,16:36,000012,都営小松川二丁目第2ｱﾊﾟｰﾄ昇降機ﾘﾆｭｰｱﾙ工事,000001,ｵﾈｽﾄ,000001,新木場ﾘｻｲｸﾙ工場,000016,泉土木,000014,泉土木,1,紙,,000001,矢作
2025/01/10(金),2025/01/10(金),2025/01/10(金),007705,fm,1,売上,000001,混合廃棄物A,230,230,03,kg,65,"14,950",36311,000002,B（残置）,001,処分費,14:38,14:46,000008,fm(世田谷区),000001,ｵﾈｽﾄ,000001,新木場ﾘｻｲｸﾙ工場,007489,ﾌｫｰﾒｰｼｮﾝ,001020,ﾌｫｰﾒｰｼｮﾝ,1,紙,,000007,小林
2025/01/10(金),2025/01/10(金),2025/01/10(金),007705,fm,1,売上,000025,石膏ﾎﾞｰﾄﾞB,30,30,03,kg,50,"1,500",36311,000002,B（残置）,001,処分費,14:38,14:46,000008,fm(世田谷区),000001,ｵﾈｽﾄ,000001,新木場ﾘｻｲｸﾙ工場,007489,ﾌｫｰﾒｰｼｮﾝ,001020,ﾌｫｰﾒｰｼｮﾝ,1,紙,,000007,小林
2025/01/10(金),2025/01/10(金),2025/01/10(金),007705,fm,1,売上,000036,ﾏｯﾄﾚｽ(ｼﾝｸﾞﾙ),10,1,11,枚,"6,000","6,000",36311,000002,B（残置）,001,処分費,14:38,14:46,000008,fm(世田谷区),000001,ｵﾈｽﾄ,000001,新木場ﾘｻｲｸﾙ工場,007489,ﾌｫｰﾒｰｼｮﾝ,001020,ﾌｫｰﾒｰｼｮﾝ,1,紙,,000007,小林
2025/01/10(金),2025/01/10(金),2025/01/10(金),007903,BANDAISPIRITS,1,売上,000004,混合廃棄物(焼却物),"1,050","1,050",03,kg,58,"60,900",36316,000001,A（事業）,001,処分費,14:50,14:50,000001,BANDAISPIRITS(三田43MTﾋﾞﾙ）,000001,ｵﾈｽﾄ,000001,新木場ﾘｻｲｸﾙ工場,000302,ﾖｼﾓﾘ,000244,ﾖｼﾓﾘ,1,紙,,000002,渡辺
2025/01/10(金),2025/01/10(金),2025/01/10(金),007917,ﾜｰｸﾏﾝ,1,売上,000001,混合廃棄物A,180,180,03,kg,65,"11,700",36344,000004,D（建設）,001,処分費,16:38,16:42,000000,ﾜｰｸﾏﾝ,000001,ｵﾈｽﾄ,000001,新木場ﾘｻｲｸﾙ工場,001051,Y-maxx,000808,Y-maxx,2,電子,,000004,山本
2025/01/10(金),2025/01/10(金),2025/01/10(金),007990,大喜商事,1,売上,000002,混合廃棄物B,470,470,03,kg,70,"32,900",36280,000003,C（解体）,001,処分費,12:49,12:49,000025,市川市菅野1-17-23,000001,ｵﾈｽﾄ,000001,新木場ﾘｻｲｸﾙ工場,007990,大喜商事,000894,大喜商事,1,紙,,000004,山本
2025/01/10(金),2025/01/10(金),2025/01/10(金),007990,大喜商事,1,売上,000013,混合廃棄物(ｿﾌｧｰ),30,30,03,kg,100,"3,000",36280,000003,C（解体）,001,処分費,12:49,12:49,000025,市川市菅野1-17-23,000001,ｵﾈｽﾄ,000001,新木場ﾘｻｲｸﾙ工場,007990,大喜商事,000894,大喜商事,1,紙,,000004,山本
2025/01/10(金),2025/01/10(金),2025/01/10(金),007990,大喜商事,1,売上,000021,軽量物系B(ｸﾞﾗｽｳｰﾙ),40,40,03,kg,80,"3,200",36280,000003,C（解体）,001,処分費,12:49,12:49,000025,市川市菅野1-17-23,000001,ｵﾈｽﾄ,000001,新木場ﾘｻｲｸﾙ工場,007990,大喜商事,000894,大喜商事,1,紙,,000004,山本
2025/01/10(金),2025/01/10(金),2025/01/10(金),008031,ｲｰｽﾞ,1,売上,000001,混合廃棄物A,320,320,03,kg,65,"20,800",36300,000004,D（建設）,001,処分費,13:55,13:57,000023,成田市立大栄みらい学園,000001,ｵﾈｽﾄ,000001,新木場ﾘｻｲｸﾙ工場,000001,ｵﾈｽﾄ,001159,関東空調設備,1,紙,,000006,川部
2025/01/10(金),2025/01/10(金),2025/01/10(金),008031,ｲｰｽﾞ,1,売上,000349,運搬費(4ｔｺﾝﾃﾅ),,1,07,台,"41,000","41,000",36300,000004,D（建設）,002,運搬費,13:55,13:57,000023,成田市立大栄みらい学園,000001,ｵﾈｽﾄ,000001,新木場ﾘｻｲｸﾙ工場,000001,ｵﾈｽﾄ,001159,関東空調設備,1,紙,,000006,川部
2025/01/10(金),2025/01/10(金),2025/01/10(金),008083,結城運輸倉庫,1,売上,000001,混合廃棄物A,"1,720","1,720",03,kg,60,"103,200",36242,000004,D（建設）,001,処分費,10:29,10:34,000001,船橋市港湾内荷役作業所,000001,ｵﾈｽﾄ,000001,新木場ﾘｻｲｸﾙ工場,003444,上野運輸,000271,上野運輸,1,紙,,000004,山本
2025/01/10(金),2025/01/10(金),2025/01/10(金),008163,太陽工業,1,売上,000048,生木,"1,970","1,970",03,kg,55,"108,350",36231,000003,C（解体）,001,処分費,09:48,09:48,000002,内宮運輸機工㈱本社機械ｾﾝﾀｰ第一倉庫（市川,000001,ｵﾈｽﾄ,000001,新木場ﾘｻｲｸﾙ工場,000001,ｵﾈｽﾄ,001156,太陽工業,1,紙,,000007,小林
2025/01/10(金),2025/01/10(金),2025/01/10(金),008163,太陽工業,1,売上,000109,運搬費,,1,07,台,"25,000","25,000",36231,000003,C（解体）,002,運搬費,09:48,09:48,000002,内宮運輸機工㈱本社機械ｾﾝﾀｰ第一倉庫（市川,000001,ｵﾈｽﾄ,000001,新木場ﾘｻｲｸﾙ工場,000001,ｵﾈｽﾄ,001156,太陽工業,1,紙,,000007,小林
2025/01/10(金),2025/01/10(金),2025/01/10(金),008163,太陽工業,1,売上,000109,運搬費,,1,07,台,"25,000","25,000",36237,000003,C（解体）,002,運搬費,09:45,09:45,000002,内宮運輸機工㈱本社機械ｾﾝﾀｰ第一倉庫（市川,000001,ｵﾈｽﾄ,000001,新木場ﾘｻｲｸﾙ工場,000001,ｵﾈｽﾄ,001156,太陽工業,1,紙,,000007,小林
2025/01/10(金),2025/01/10(金),2025/01/10(金),008163,太陽工業,1,売上,000313,生木(根含む),720,720,03,kg,75,"54,000",36237,000003,C（解体）,001,処分費,09:45,09:45,000002,内宮運輸機工㈱本社機械ｾﾝﾀｰ第一倉庫（市川,000001,ｵﾈｽﾄ,000001,新木場ﾘｻｲｸﾙ工場,000001,ｵﾈｽﾄ,001156,太陽工業,1,紙,,000007,小林
2025/01/10(金),2025/01/10(金),2025/01/10(金),008214,藤木工務店東京支店,1,売上,000002,混合廃棄物B,380,380,03,kg,70,"26,600",36247,000004,D（建設）,001,処分費,10:50,10:53,000002,市ヶ谷寮解体工事,000001,ｵﾈｽﾄ,000001,新木場ﾘｻｲｸﾙ工場,000474,ｱｸﾛﾊﾞｯﾄｱｰﾑｽﾞ,000360,ｱｸﾛﾊﾞｯﾄｱｰﾑｽﾞ,2,電子,,000002,渡辺
2025/01/10(金),2025/01/10(金),2025/01/10(金),008290,日本通運㈱,1,売上,000029,木くず,370,370,03,kg,35,"12,950",36245,000001,A（事業）,001,処分費,10:50,10:52,000001,江東辰巳航空貨物ｾﾝﾀｰ,000001,ｵﾈｽﾄ,000001,新木場ﾘｻｲｸﾙ工場,000001,ｵﾈｽﾄ,000095,日本通運,2,電子,,000007,小林
2025/01/10(金),2025/01/10(金),2025/01/10(金),008290,日本通運㈱,1,売上,000038,廃ﾌﾟﾗｽﾁｯｸ類,230,230,03,kg,60,"13,800",36307,000001,A（事業）,001,処分費,14:21,14:21,000005,原木ｲﾝﾀｰﾅｼｮﾅﾙﾛｼﾞｽﾃｨｸｽﾀｳﾝNO.2,000001,ｵﾈｽﾄ,000001,新木場ﾘｻｲｸﾙ工場,000001,ｵﾈｽﾄ,000095,日本通運,2,電子,,000007,小林
2025/01/10(金),2025/01/10(金),2025/01/10(金),008290,日本通運㈱,1,売上,000038,廃ﾌﾟﾗｽﾁｯｸ類,240,240,03,kg,60,"14,400",36245,000001,A（事業）,001,処分費,10:50,10:52,000001,江東辰巳航空貨物ｾﾝﾀｰ,000001,ｵﾈｽﾄ,000001,新木場ﾘｻｲｸﾙ工場,000001,ｵﾈｽﾄ,000095,日本通運,2,電子,,000007,小林
2025/01/10(金),2025/01/10(金),2025/01/10(金),008290,日本通運㈱,1,売上,000109,運搬費,,1,07,台,"16,000","16,000",36245,000001,A（事業）,002,運搬費,10:50,10:52,000001,江東辰巳航空貨物ｾﾝﾀｰ,000001,ｵﾈｽﾄ,000001,新木場ﾘｻｲｸﾙ工場,000001,ｵﾈｽﾄ,000095,日本通運,2,電子,,000007,小林
2025/01/10(金),2025/01/10(金),2025/01/10(金),008290,日本通運㈱,1,売上,000109,運搬費,,1,07,台,"21,000","21,000",36307,000001,A（事業）,002,運搬費,14:21,14:21,000005,原木ｲﾝﾀｰﾅｼｮﾅﾙﾛｼﾞｽﾃｨｸｽﾀｳﾝNO.2,000001,ｵﾈｽﾄ,000001,新木場ﾘｻｲｸﾙ工場,000001,ｵﾈｽﾄ,000095,日本通運,2,電子,,000007,小林
2025/01/10(金),2025/01/10(金),2025/01/10(金),008346,ｱｰﾋﾞｯｸ,1,売上,000001,混合廃棄物A,"1,060","1,060",03,kg,58,"61,480",36232,000004,D（建設）,001,処分費,09:20,09:22,000001,建築資材置場,000001,ｵﾈｽﾄ,000001,新木場ﾘｻｲｸﾙ工場,000016,泉土木,000014,泉土木,1,紙,,000001,矢作
2025/01/10(金),2025/01/10(金),2025/01/10(金),008383,ﾋﾉｷﾔｸﾞﾙｰﾌﾟ,1,売上,000002,混合廃棄物B,100,100,03,kg,65,"6,500",36239,000003,C（解体）,001,処分費,10:22,10:22,000000,ﾋﾉｷﾔｸﾞﾙｰﾌﾟ,000001,ｵﾈｽﾄ,000001,新木場ﾘｻｲｸﾙ工場,002245,三友建設,000658,三友建設,2,電子,,000002,渡辺
2025/01/10(金),2025/01/10(金),2025/01/10(金),008383,ﾋﾉｷﾔｸﾞﾙｰﾌﾟ,1,売上,000021,軽量物系B(ｸﾞﾗｽｳｰﾙ),390,390,03,kg,60,"23,400",36239,000003,C（解体）,001,処分費,10:22,10:22,000000,ﾋﾉｷﾔｸﾞﾙｰﾌﾟ,000001,ｵﾈｽﾄ,000001,新木場ﾘｻｲｸﾙ工場,002245,三友建設,000658,三友建設,2,電子,,000002,渡辺
2025/01/10(金),2025/01/10(金),2025/01/10(金),008449,ﾌﾟﾚｲﾜﾝ,1,売上,000002,混合廃棄物B,270,270,03,kg,70,"18,900",36298,000003,C（解体）,001,処分費,14:00,14:00,000022,神奈川県横浜市鶴見区汐入町3-46-1,000001,ｵﾈｽﾄ,000001,新木場ﾘｻｲｸﾙ工場,008343,JANSTAR,000627,JANSTAR,1,紙,,000006,川部
2025/01/10(金),2025/01/10(金),2025/01/10(金),008449,ﾌﾟﾚｲﾜﾝ,1,売上,000021,軽量物系B(ｸﾞﾗｽｳｰﾙ),110,110,03,kg,80,"8,800",36298,000003,C（解体）,001,処分費,14:00,14:00,000022,神奈川県横浜市鶴見区汐入町3-46-1,000001,ｵﾈｽﾄ,000001,新木場ﾘｻｲｸﾙ工場,008343,JANSTAR,000627,JANSTAR,1,紙,,000006,川部
2025/01/10(金),2025/01/10(金),2025/01/10(金),008713,ｸﾛｽ･ｵﾌﾞ･ｼﾞｬﾊﾟﾝ,1,売上,000001,混合廃棄物A,800,800,03,kg,65,"52,000",36337,000001,A（事業）,001,処分費,16:06,16:12,000001,醍醐倉庫,000001,ｵﾈｽﾄ,000001,新木場ﾘｻｲｸﾙ工場,007031,渋谷商店,000620,渋谷商店,1,紙,,000006,川部
2025/01/10(金),2025/01/10(金),2025/01/10(金),008713,ｸﾛｽ･ｵﾌﾞ･ｼﾞｬﾊﾟﾝ,1,売上,000001,混合廃棄物A,"1,520","1,520",03,kg,65,"98,800",36290,000001,A（事業）,001,処分費,13:28,13:38,000001,醍醐倉庫,000001,ｵﾈｽﾄ,000001,新木場ﾘｻｲｸﾙ工場,007031,渋谷商店,000620,渋谷商店,1,紙,,000006,川部
2025/01/10(金),2025/01/10(金),2025/01/10(金),008713,ｸﾛｽ･ｵﾌﾞ･ｼﾞｬﾊﾟﾝ,1,売上,000001,混合廃棄物A,"2,010","2,010",03,kg,65,"130,650",36288,000001,A（事業）,001,処分費,13:20,13:25,000001,醍醐倉庫,000001,ｵﾈｽﾄ,000001,新木場ﾘｻｲｸﾙ工場,007031,渋谷商店,000620,渋谷商店,1,紙,,000006,川部
2025/01/10(金),2025/01/10(金),2025/01/10(金),008730,月島JFEｱｸｱｿﾘｭｰｼｮﾝ建設部,1,売上,000004,混合廃棄物(焼却物),250,2,02,m3,"15,000","30,000",36327,000004,D（建設）,001,処分費,15:58,16:03,000001,【花田】松ヶ島終末処理場下水汚泥固形燃料,000001,ｵﾈｽﾄ,000001,新木場ﾘｻｲｸﾙ工場,000001,ｵﾈｽﾄ,001217,月島JFEｱｸｱｿﾘｭｰｼｮﾝ（横浜）,1,紙,,000005,今村（紀）
2025/01/10(金),2025/01/10(金),2025/01/10(金),008730,月島JFEｱｸｱｿﾘｭｰｼｮﾝ建設部,1,売上,000014,混合廃棄物,710,6,02,m3,"10,000","60,000",36327,000004,D（建設）,001,処分費,15:58,16:03,000001,【花田】松ヶ島終末処理場下水汚泥固形燃料,000001,ｵﾈｽﾄ,000001,新木場ﾘｻｲｸﾙ工場,000001,ｵﾈｽﾄ,001217,月島JFEｱｸｱｿﾘｭｰｼｮﾝ（横浜）,1,紙,,000005,今村（紀）
2025/01/10(金),2025/01/10(金),2025/01/10(金),008730,月島JFEｱｸｱｿﾘｭｰｼｮﾝ建設部,1,売上,000350,運搬費(4ｔﾕﾆｯｸ車),,1,07,台,"35,000","35,000",36327,000004,D（建設）,002,運搬費,15:58,16:03,000001,【花田】松ヶ島終末処理場下水汚泥固形燃料,000001,ｵﾈｽﾄ,000001,新木場ﾘｻｲｸﾙ工場,000001,ｵﾈｽﾄ,001217,月島JFEｱｸｱｿﾘｭｰｼｮﾝ（横浜）,1,紙,,000005,今村（紀）
2025/01/10(金),2025/01/10(金),2025/01/10(金),008739,めぐりあい,1,売上,000001,混合廃棄物A,550,550,03,kg,65,"35,750",36334,000002,B（残置）,001,処分費,16:27,16:27,000000,めぐりあい,000001,ｵﾈｽﾄ,000001,新木場ﾘｻｲｸﾙ工場,008739,めぐりあい,001409,めぐりあい,1,紙,,000012,サン・テクノ
2025/01/10(金),2025/01/10(金),2025/01/10(金),008739,めぐりあい,1,売上,000004,混合廃棄物(焼却物),100,100,03,kg,75,"7,500",36334,000002,B（残置）,001,処分費,16:27,16:27,000000,めぐりあい,000001,ｵﾈｽﾄ,000001,新木場ﾘｻｲｸﾙ工場,008739,めぐりあい,001409,めぐりあい,1,紙,,000012,サン・テクノ
2025/01/10(金),2025/01/10(金),2025/01/10(金),008739,めぐりあい,1,売上,000013,混合廃棄物(ｿﾌｧｰ),30,30,03,kg,100,"3,000",36334,000002,B（残置）,001,処分費,16:27,16:27,000000,めぐりあい,000001,ｵﾈｽﾄ,000001,新木場ﾘｻｲｸﾙ工場,008739,めぐりあい,001409,めぐりあい,1,紙,,000012,サン・テクノ
2025/01/10(金),2025/01/10(金),2025/01/10(金),008739,めぐりあい,1,売上,000102,ﾏﾆﾌｪｽﾄ,,1,11,枚,50,50,36334,000002,B（残置）,001,処分費,16:27,16:27,000000,めぐりあい,000001,ｵﾈｽﾄ,000001,新木場ﾘｻｲｸﾙ工場,008739,めぐりあい,001409,めぐりあい,1,紙,,000012,サン・テクノ
2025/01/10(金),2025/01/16(木),2025/01/16(木),000251,三機工業（明石町）,1,売上,000014,混合廃棄物,"1,030",6,02,m3,"10,000","60,000",36314,000004,D（建設）,001,処分費,14:45,14:47,000023,【尾久】葛西水再生ｾﾝﾀｰ北系反応槽機械設備,000001,ｵﾈｽﾄ,000001,新木場ﾘｻｲｸﾙ工場,000001,ｵﾈｽﾄ,000206,三機工業,1,紙,,000005,今村（紀）
2025/01/10(金),2025/01/16(木),2025/01/16(木),000251,三機工業（明石町）,1,売上,000349,運搬費(4ｔｺﾝﾃﾅ),,1,07,台,"21,000","21,000",36314,000004,D（建設）,002,運搬費,14:45,14:47,000023,【尾久】葛西水再生ｾﾝﾀｰ北系反応槽機械設備,000001,ｵﾈｽﾄ,000001,新木場ﾘｻｲｸﾙ工場,000001,ｵﾈｽﾄ,000206,三機工業,1,紙,,000005,今村（紀）
2025/01/11(土),2025/01/11(土),2025/01/11(土),000026,ｼｰﾒﾝｽﾍﾙｽｹｱ,1,売上,000001,混合廃棄物A,"1,010","1,010",03,kg,60,"60,600",36407,000006,F（他）,001,処分費,09:48,09:53,000001,ｼｰﾒﾝｽﾍﾙｽｹｱ平和島ｾﾝﾀｰ,000001,ｵﾈｽﾄ,000001,新木場ﾘｻｲｸﾙ工場,000243,田端運輸,000097,ｼｰﾒﾝｽﾍﾙｽｹｱ,1,紙,,000003,蛯子
2025/01/11(土),2025/01/11(土),2025/01/11(土),000026,ｼｰﾒﾝｽﾍﾙｽｹｱ,1,売上,000001,混合廃棄物A,"1,160","1,160",03,kg,60,"69,600",36431,000006,F（他）,001,処分費,11:28,11:34,000001,ｼｰﾒﾝｽﾍﾙｽｹｱ平和島ｾﾝﾀｰ,000001,ｵﾈｽﾄ,000001,新木場ﾘｻｲｸﾙ工場,000243,田端運輸,000097,ｼｰﾒﾝｽﾍﾙｽｹｱ,1,紙,,000003,蛯子
2025/01/11(土),2025/01/11(土),2025/01/11(土),000026,ｼｰﾒﾝｽﾍﾙｽｹｱ,1,売上,000001,混合廃棄物A,"1,670","1,670",03,kg,60,"100,200",36416,000006,F（他）,001,処分費,10:37,10:48,000001,ｼｰﾒﾝｽﾍﾙｽｹｱ平和島ｾﾝﾀｰ,000001,ｵﾈｽﾄ,000001,新木場ﾘｻｲｸﾙ工場,000243,田端運輸,000097,ｼｰﾒﾝｽﾍﾙｽｹｱ,1,紙,,000003,蛯子
2025/01/11(土),2025/01/11(土),2025/01/11(土),000110,ﾃｲｿｳ物流ｻｰﾋﾞｽ,1,売上,000001,混合廃棄物A,90,90,03,kg,65,"5,850",36454,000002,B（残置）,001,処分費,14:44,14:47,000000,ﾃｲｿｳ物流ｻｰﾋﾞｽ,000001,ｵﾈｽﾄ,000001,新木場ﾘｻｲｸﾙ工場,000110,ﾃｲｿｳ物流ｻｰﾋﾞｽ,000088,ﾃｲｿｳ物流ｻｰﾋﾞｽ,1,紙,,000002,渡辺
2025/01/11(土),2025/01/11(土),2025/01/11(土),000113,中村商店,1,売上,000001,混合廃棄物A,550,550,03,kg,65,"35,750",36447,000002,B（残置）,001,処分費,14:17,14:17,000000,中村商店,000001,ｵﾈｽﾄ,000001,新木場ﾘｻｲｸﾙ工場,000113,中村商店,000089,中村商店,1,紙,,000006,川部
2025/01/11(土),2025/01/11(土),2025/01/11(土),000133,ﾀﾞｲｲﾁ興業,1,売上,000001,混合廃棄物A,100,100,03,kg,65,"6,500",36404,000004,D（建設）,001,処分費,09:17,09:18,000001,㈱ﾛｼﾞﾊﾟﾙｴｸｽﾌﾟﾚｽ,000001,ｵﾈｽﾄ,000001,新木場ﾘｻｲｸﾙ工場,000133,ﾀﾞｲｲﾁ興業,000105,ﾀﾞｲｲﾁ興業,1,紙,,000004,山本
2025/01/11(土),2025/01/11(土),2025/01/11(土),000138,On Earth,1,売上,000021,軽量物系B(ｸﾞﾗｽｳｰﾙ),160,160,03,kg,80,"12,800",36377,000002,B（残置）,001,処分費,06:44,06:44,000012,杉並区和泉3-54-2,000001,ｵﾈｽﾄ,000001,新木場ﾘｻｲｸﾙ工場,000138,On Earth,00600X,【売掛】On Earth,1,紙,,000007,小林
2025/01/11(土),2025/01/11(土),2025/01/11(土),000147,ﾘﾎｰﾑｻｰﾋﾞｽさの,1,売上,000001,混合廃棄物A,780,780,03,kg,65,"50,700",36410,000004,D（建設）,001,処分費,10:16,10:18,000001,ﾊﾛｰｺﾝﾃﾅ青木4丁目,000001,ｵﾈｽﾄ,000001,新木場ﾘｻｲｸﾙ工場,000001,ｵﾈｽﾄ,001194,ﾘﾎｰﾑｻｰﾋﾞｽさの,1,紙,,000002,渡辺
2025/01/11(土),2025/01/11(土),2025/01/11(土),000147,ﾘﾎｰﾑｻｰﾋﾞｽさの,1,売上,000026,石膏ﾎﾞｰﾄﾞC,140,140,03,kg,80,"11,200",36410,000004,D（建設）,001,処分費,10:16,10:18,000001,ﾊﾛｰｺﾝﾃﾅ青木4丁目,000001,ｵﾈｽﾄ,000001,新木場ﾘｻｲｸﾙ工場,000001,ｵﾈｽﾄ,001194,ﾘﾎｰﾑｻｰﾋﾞｽさの,1,紙,,000002,渡辺
2025/01/11(土),2025/01/11(土),2025/01/11(土),000147,ﾘﾎｰﾑｻｰﾋﾞｽさの,1,売上,000109,運搬費,,1,07,台,"28,000","28,000",36410,000004,D（建設）,002,運搬費,10:16,10:18,000001,ﾊﾛｰｺﾝﾃﾅ青木4丁目,000001,ｵﾈｽﾄ,000001,新木場ﾘｻｲｸﾙ工場,000001,ｵﾈｽﾄ,001194,ﾘﾎｰﾑｻｰﾋﾞｽさの,1,紙,,000002,渡辺
2025/01/11(土),2025/01/11(土),2025/01/11(土),000173,荒井商店,1,売上,000001,混合廃棄物A,580,580,03,kg,65,"37,700",36392,000004,D（建設）,001,処分費,08:13,08:15,000001,荒井商店,000001,ｵﾈｽﾄ,000001,新木場ﾘｻｲｸﾙ工場,000173,荒井商店,000141,荒井商店,1,紙,,000006,川部
2025/01/11(土),2025/01/11(土),2025/01/11(土),000203,ﾈｽﾗｯﾌ,1,売上,000001,混合廃棄物A,140,140,03,kg,65,"9,100",36428,000002,B（残置）,001,処分費,11:11,11:15,000000,ﾈｽﾗｯﾌ,000001,ｵﾈｽﾄ,000001,新木場ﾘｻｲｸﾙ工場,000203,ﾈｽﾗｯﾌ,000168,ﾈｽﾗｯﾌ,1,紙,,000007,小林
2025/01/11(土),2025/01/11(土),2025/01/11(土),000203,ﾈｽﾗｯﾌ,1,売上,000029,木くず,30,30,03,kg,35,"1,050",36428,000002,B（残置）,001,処分費,11:11,11:15,000000,ﾈｽﾗｯﾌ,000001,ｵﾈｽﾄ,000001,新木場ﾘｻｲｸﾙ工場,000203,ﾈｽﾗｯﾌ,000168,ﾈｽﾗｯﾌ,1,紙,,000007,小林
2025/01/11(土),2025/01/11(土),2025/01/11(土),000214,近藤土木,1,売上,000002,混合廃棄物B,230,230,03,kg,70,"16,100",36380,000003,C（解体）,001,処分費,07:05,07:07,000001,資材置き場,000001,ｵﾈｽﾄ,000001,新木場ﾘｻｲｸﾙ工場,000214,近藤土木,000179,近藤土木,1,紙,,000005,今村（紀）
2025/01/11(土),2025/01/11(土),2025/01/11(土),000302,ﾖｼﾓﾘ,1,売上,000003,混合廃棄物C,"2,520","2,520",03,kg,58,"146,160",36397,000001,A（事業）,001,処分費,08:30,08:32,000001,ﾖｼﾓﾘ扇ﾘｻｲｸﾙｾﾝﾀｰ,000001,ｵﾈｽﾄ,000001,新木場ﾘｻｲｸﾙ工場,000302,ﾖｼﾓﾘ,000244,ﾖｼﾓﾘ,1,紙,,000002,渡辺
2025/01/11(土),2025/01/11(土),2025/01/11(土),000312,野口興業,1,売上,000001,混合廃棄物A,600,600,03,kg,45,"27,000",36403,000001,A（事業）,001,処分費,09:16,09:21,000000,野口興業,000001,ｵﾈｽﾄ,000001,新木場ﾘｻｲｸﾙ工場,000312,野口興業,000253,野口興業,1,紙,,000002,渡辺
2025/01/11(土),2025/01/11(土),2025/01/11(土),000392,亀田,1,売上,000002,混合廃棄物B,"2,720","2,720",03,kg,63,"171,360",36393,000005,E（中・積),001,処分費,08:14,08:16,000000,亀田,000001,ｵﾈｽﾄ,000001,新木場ﾘｻｲｸﾙ工場,000392,亀田,000313,亀田,1,紙,,000002,渡辺
2025/01/11(土),2025/01/11(土),2025/01/11(土),000392,亀田,1,売上,000020,軽量物系A(ｳﾚﾀﾝ),70,70,03,kg,200,"14,000",36405,000005,E（中・積),001,処分費,09:39,09:39,000000,亀田,000001,ｵﾈｽﾄ,000001,新木場ﾘｻｲｸﾙ工場,000392,亀田,000313,亀田,1,紙,,000002,渡辺
2025/01/11(土),2025/01/11(土),2025/01/11(土),000450,ﾘﾄﾙﾘｰｸﾞ,1,売上,000001,混合廃棄物A,530,530,03,kg,65,"34,450",36437,000001,A（事業）,001,処分費,12:52,12:58,000002,新光第二ﾋﾞﾙ,000001,ｵﾈｽﾄ,000001,新木場ﾘｻｲｸﾙ工場,001546,江栄,000013,江栄,1,紙,,000002,渡辺
2025/01/11(土),2025/01/11(土),2025/01/11(土),000499,ｴﾇ･ｹｲ･ｺﾐｭﾆｹｰｼｮﾝｽﾞ,1,売上,000001,混合廃棄物A,150,150,03,kg,60,"9,000",36388,000004,D（建設）,001,処分費,07:57,08:01,000001,電気通信設備工事,000001,ｵﾈｽﾄ,000001,新木場ﾘｻｲｸﾙ工場,003444,上野運輸,000271,上野運輸,1,紙,,000004,山本
2025/01/11(土),2025/01/11(土),2025/01/11(土),000874,ﾄｼｴﾝｼﾞﾆｱﾘﾝｸﾞ,1,売上,000001,混合廃棄物A,220,220,03,kg,65,"14,300",36396,000002,B（残置）,001,処分費,08:29,08:34,000001,坂浜事業所,000001,ｵﾈｽﾄ,000001,新木場ﾘｻｲｸﾙ工場,000874,ﾄｼｴﾝｼﾞﾆｱﾘﾝｸﾞ,000679,ﾄｼｴﾝｼﾞﾆｱﾘﾝｸﾞ,1,紙,,000005,今村（紀）
2025/01/11(土),2025/01/11(土),2025/01/11(土),000885,ﾏｲﾝﾄﾞｶﾝﾊﾟﾆｰ合同会社,1,売上,000001,混合廃棄物A,370,370,03,kg,65,"24,050",36455,000002,B（残置）,001,処分費,14:44,14:47,000000,ﾏｲﾝﾄﾞｶﾝﾊﾟﾆｰ合同会社,000001,ｵﾈｽﾄ,000001,新木場ﾘｻｲｸﾙ工場,000885,ﾏｲﾝﾄﾞｶﾝﾊﾟﾆｰ合同会社,000685,ﾏｲﾝﾄﾞｶﾝﾊﾟﾆｰ,1,紙,,000005,今村（紀）
2025/01/11(土),2025/01/11(土),2025/01/11(土),000898,ﾄﾗｽﾄ,1,売上,000001,混合廃棄物A,540,540,03,kg,58,"31,320",36458,000006,F（他）,001,処分費,15:10,15:24,000000,ﾄﾗｽﾄ,000001,ｵﾈｽﾄ,000001,新木場ﾘｻｲｸﾙ工場,000898,ﾄﾗｽﾄ,001022,ｻﾝ･ﾃｸﾉ,1,紙,,000012,サン・テクノ
2025/01/11(土),2025/01/11(土),2025/01/11(土),000923,港区教育委員会事務局　学校教育部,1,売上,000014,混合廃棄物,"1,070","1,070",03,kg,45,"48,150",36453,000006,F（他）,001,処分費,14:52,14:53,000018,高松中学校,000001,ｵﾈｽﾄ,000001,新木場ﾘｻｲｸﾙ工場,000001,ｵﾈｽﾄ,001311,港区教育委員会事務局　学校教育部,1,紙,,000007,小林
2025/01/11(土),2025/01/11(土),2025/01/11(土),000923,港区教育委員会事務局　学校教育部,1,売上,000014,混合廃棄物,"1,090","1,090",03,kg,45,"49,050",36451,000006,F（他）,001,処分費,15:02,15:02,000018,高松中学校,000001,ｵﾈｽﾄ,000001,新木場ﾘｻｲｸﾙ工場,000001,ｵﾈｽﾄ,001311,港区教育委員会事務局　学校教育部,1,紙,,000007,小林
2025/01/11(土),2025/01/11(土),2025/01/11(土),000926,おかたづけ田中くん,1,売上,000001,混合廃棄物A,170,170,03,kg,65,"11,050",36473,000002,B（残置）,001,処分費,16:45,16:49,000000,おかたづけ田中くん,000001,ｵﾈｽﾄ,000001,新木場ﾘｻｲｸﾙ工場,000926,おかたづけ田中くん,001312,おかたづけ田中くん,1,紙,,000002,渡辺
2025/01/11(土),2025/01/11(土),2025/01/11(土),000999,ﾐﾔｷﾞ,1,売上,000030,選別,10,10,03,kg,60,600,36421,000002,B（残置）,001,処分費,10:52,10:52,000018,ｸﾛｽｷｬｯﾄ,000001,ｵﾈｽﾄ,000001,新木場ﾘｻｲｸﾙ工場,001308,ｵﾈｽﾄ･ﾜﾝ,001021,ｵﾈｽﾄ･ﾜﾝ,1,紙,,000011,オネスト・ワン
2025/01/11(土),2025/01/11(土),2025/01/11(土),000999,ﾐﾔｷﾞ,2,支払,000068,GC 軽鉄･ｽﾁｰﾙ類,510,510,03,kg,28,"14,280",36421,000002,B（残置）,003,有価物,10:52,10:52,000018,ｸﾛｽｷｬｯﾄ,000001,ｵﾈｽﾄ,000001,新木場ﾘｻｲｸﾙ工場,001308,ｵﾈｽﾄ･ﾜﾝ,001021,ｵﾈｽﾄ･ﾜﾝ,1,紙,,000011,オネスト・ワン
2025/01/11(土),2025/01/11(土),2025/01/11(土),001106,舞浜企画（市川本社）,1,売上,000021,軽量物系B(ｸﾞﾗｽｳｰﾙ),50,50,03,kg,80,"4,000",36462,000003,C（解体）,001,処分費,15:53,15:56,000005,共同住宅ｱｯﾌﾟﾙﾊｲﾂ,000001,ｵﾈｽﾄ,000001,新木場ﾘｻｲｸﾙ工場,005727,富山,000896,富山,1,紙,,000004,山本
2025/01/11(土),2025/01/11(土),2025/01/11(土),001141,ｷｬﾌﾟﾃｨｴﾝｼﾞﾆｱﾘﾝｸﾞ,1,売上,000001,混合廃棄物A,410,410,03,kg,65,"26,650",36418,000004,D（建設）,001,処分費,10:56,11:01,000003,ＴＧ川崎ビル,000001,ｵﾈｽﾄ,000001,新木場ﾘｻｲｸﾙ工場,000001,ｵﾈｽﾄ,000113,ｷｬﾌﾟﾃｨｴﾝｼﾞﾆｱﾘﾝｸﾞ,1,紙,,000006,川部
2025/01/11(土),2025/01/11(土),2025/01/11(土),001141,ｷｬﾌﾟﾃｨｴﾝｼﾞﾆｱﾘﾝｸﾞ,1,売上,000026,石膏ﾎﾞｰﾄﾞC,40,40,03,kg,80,"3,200",36418,000004,D（建設）,001,処分費,10:56,11:01,000003,ＴＧ川崎ビル,000001,ｵﾈｽﾄ,000001,新木場ﾘｻｲｸﾙ工場,000001,ｵﾈｽﾄ,000113,ｷｬﾌﾟﾃｨｴﾝｼﾞﾆｱﾘﾝｸﾞ,1,紙,,000006,川部
2025/01/11(土),2025/01/11(土),2025/01/11(土),001141,ｷｬﾌﾟﾃｨｴﾝｼﾞﾆｱﾘﾝｸﾞ,1,売上,000352,運搬費(2ｔ車),,1,07,台,"24,000","24,000",36418,000004,D（建設）,002,運搬費,10:56,11:01,000003,ＴＧ川崎ビル,000001,ｵﾈｽﾄ,000001,新木場ﾘｻｲｸﾙ工場,000001,ｵﾈｽﾄ,000113,ｷｬﾌﾟﾃｨｴﾝｼﾞﾆｱﾘﾝｸﾞ,1,紙,,000006,川部
2025/01/11(土),2025/01/11(土),2025/01/11(土),001159,ﾂﾊﾞｻ建業,1,売上,000002,混合廃棄物B,10,10,03,kg,70,700,36427,000003,C（解体）,001,処分費,11:12,11:13,000003,（仮称）千葉県印西店解体撤去工事,000001,ｵﾈｽﾄ,000001,新木場ﾘｻｲｸﾙ工場,000042,翼工業,000037,翼工業,1,紙,,000004,山本
2025/01/11(土),2025/01/11(土),2025/01/11(土),001159,ﾂﾊﾞｻ建業,1,売上,000017,軽量物系A(ｽﾀｲﾛﾌｫｰﾑ),90,90,03,kg,200,"18,000",36427,000003,C（解体）,001,処分費,11:12,11:13,000003,（仮称）千葉県印西店解体撤去工事,000001,ｵﾈｽﾄ,000001,新木場ﾘｻｲｸﾙ工場,000042,翼工業,000037,翼工業,1,紙,,000004,山本
2025/01/11(土),2025/01/11(土),2025/01/11(土),001226,ｱｰﾙﾂｰ,1,売上,000001,混合廃棄物A,260,260,03,kg,65,"16,900",36465,000002,B（残置）,001,処分費,15:59,16:07,000000,ｱｰﾙﾂｰ,000001,ｵﾈｽﾄ,000001,新木場ﾘｻｲｸﾙ工場,001226,ｱｰﾙﾂｰ,000950,ｱｰﾙﾂｰ,1,紙,,000006,川部
2025/01/11(土),2025/01/11(土),2025/01/11(土),001226,ｱｰﾙﾂｰ,1,売上,000036,ﾏｯﾄﾚｽ(ｼﾝｸﾞﾙ),10,1,11,枚,"6,000","6,000",36465,000002,B（残置）,001,処分費,15:59,16:07,000000,ｱｰﾙﾂｰ,000001,ｵﾈｽﾄ,000001,新木場ﾘｻｲｸﾙ工場,001226,ｱｰﾙﾂｰ,000950,ｱｰﾙﾂｰ,1,紙,,000006,川部
2025/01/11(土),2025/01/11(土),2025/01/11(土),001226,ｱｰﾙﾂｰ,1,売上,000492,混合廃棄物（羽毛物）,10,10,03,kg,250,"2,500",36465,000002,B（残置）,001,処分費,15:59,16:07,000000,ｱｰﾙﾂｰ,000001,ｵﾈｽﾄ,000001,新木場ﾘｻｲｸﾙ工場,001226,ｱｰﾙﾂｰ,000950,ｱｰﾙﾂｰ,1,紙,,000006,川部
2025/01/11(土),2025/01/11(土),2025/01/11(土),001480,新生紙ﾊﾟﾙﾌﾟ商事,1,売上,000001,混合廃棄物A,100,100,03,kg,65,"6,500",36384,000001,A（事業）,001,処分費,07:23,07:28,000001,OPﾋﾞﾙﾃﾞｨﾝｸﾞ,000001,ｵﾈｽﾄ,000001,新木場ﾘｻｲｸﾙ工場,001463,ﾅｺｼﾞ,000170,ﾅｺｼﾞ,1,紙,,000006,川部
2025/01/11(土),2025/01/11(土),2025/01/11(土),001656,真和商事,1,売上,000001,混合廃棄物A,320,320,03,kg,60,"19,200",36466,000002,B（残置）,001,処分費,16:00,16:05,000001,真和商事　杉並営業所,000001,ｵﾈｽﾄ,000001,新木場ﾘｻｲｸﾙ工場,001656,真和商事,000055,真和商事,1,紙,,000002,渡辺
2025/01/11(土),2025/01/11(土),2025/01/11(土),001656,真和商事,1,売上,000001,混合廃棄物A,550,550,03,kg,60,"33,000",36386,000002,B（残置）,001,処分費,07:43,07:47,000001,真和商事　杉並営業所,000001,ｵﾈｽﾄ,000001,新木場ﾘｻｲｸﾙ工場,001656,真和商事,000055,真和商事,1,紙,,000002,渡辺
2025/01/11(土),2025/01/11(土),2025/01/11(土),001656,真和商事,1,売上,000030,選別,10,10,03,kg,60,600,36386,000002,B（残置）,001,処分費,07:43,07:47,000001,真和商事　杉並営業所,000001,ｵﾈｽﾄ,000001,新木場ﾘｻｲｸﾙ工場,001656,真和商事,000055,真和商事,1,紙,,000002,渡辺
2025/01/11(土),2025/01/11(土),2025/01/11(土),001739,三機工業（八丁堀）,1,売上,000001,混合廃棄物A,220,220,03,kg,58,"12,760",36468,000004,D（建設）,001,処分費,16:15,16:17,000071,【NWS】神谷町トラストタワー,000001,ｵﾈｽﾄ,000001,新木場ﾘｻｲｸﾙ工場,000016,泉土木,000014,泉土木,1,紙,,000001,矢作
2025/01/11(土),2025/01/11(土),2025/01/11(土),001739,三機工業（八丁堀）,1,売上,000001,混合廃棄物A,230,230,03,kg,58,"13,340",36460,000004,D（建設）,001,処分費,15:41,15:47,000071,【NWS】神谷町トラストタワー,000001,ｵﾈｽﾄ,000001,新木場ﾘｻｲｸﾙ工場,000016,泉土木,000014,泉土木,1,紙,,000001,矢作
2025/01/11(土),2025/01/11(土),2025/01/11(土),001739,三機工業（八丁堀）,1,売上,000001,混合廃棄物A,270,270,03,kg,58,"15,660",36472,000004,D（建設）,001,処分費,16:48,16:48,000071,【NWS】神谷町トラストタワー,000001,ｵﾈｽﾄ,000001,新木場ﾘｻｲｸﾙ工場,000016,泉土木,000014,泉土木,1,紙,,000001,矢作
2025/01/11(土),2025/01/11(土),2025/01/11(土),001819,ﾗｲｶﾏｲｸﾛｼｽﾃﾑｽﾞ,1,売上,000001,混合廃棄物A,200,200,03,kg,60,"12,000",36435,000001,A（事業）,001,処分費,12:30,12:32,000001,ﾗｲｶﾏｲｸﾛｼｽﾃﾑｽﾞ(横浜市),000001,ｵﾈｽﾄ,000001,新木場ﾘｻｲｸﾙ工場,001856,SUN-K,000261,SUNｰK,1,紙,,000006,川部
2025/01/11(土),2025/01/11(土),2025/01/11(土),001906,月島物流ｻｰﾋﾞｽ,2,支払,000068,GC 軽鉄･ｽﾁｰﾙ類,370,370,03,kg,15.5,"5,735",36414,000001,A（事業）,003,有価物,10:25,10:25,000001,月島物流ｻｰﾋﾞｽ(新木場),000001,ｵﾈｽﾄ,000001,新木場ﾘｻｲｸﾙ工場,001906,月島物流ｻｰﾋﾞｽ,000255,月島物流ｻｰﾋﾞｽ(新木場),1,紙,,000006,川部
2025/01/11(土),2025/01/11(土),2025/01/11(土),001947,ﾁｬｺｰﾙ市野,1,売上,000001,混合廃棄物A,600,600,03,kg,53,"31,800",36420,000001,A（事業）,001,処分費,10:56,10:59,000001,渋谷市野ﾋﾞﾙ,000001,ｵﾈｽﾄ,000001,新木場ﾘｻｲｸﾙ工場,000302,ﾖｼﾓﾘ,000244,ﾖｼﾓﾘ,1,紙,,000002,渡辺
2025/01/11(土),2025/01/11(土),2025/01/11(土),001971,NTTｱｰﾊﾞﾝﾊﾞﾘｭｰｻﾎﾟｰﾄ,1,売上,000001,混合廃棄物A,790,790,03,kg,54,"42,660",36411,000001,A（事業）,001,処分費,10:19,10:19,000006,ﾄﾗｯﾄﾞ目白,000001,ｵﾈｽﾄ,000001,新木場ﾘｻｲｸﾙ工場,000028,五十嵐商会,000025,五十嵐商会,1,紙,,000002,渡辺
2025/01/11(土),2025/01/11(土),2025/01/11(土),001989,関東ﾛｯｸｳｰﾙ,1,売上,000001,混合廃棄物A,270,270,03,kg,65,"17,550",36445,000004,D（建設）,001,処分費,13:52,13:55,000000,関東ﾛｯｸｳｰﾙ,000001,ｵﾈｽﾄ,000001,新木場ﾘｻｲｸﾙ工場,001988,鈴木運輸,000057,鈴木運輸,1,紙,,000002,渡辺
2025/01/11(土),2025/01/11(土),2025/01/11(土),001989,関東ﾛｯｸｳｰﾙ,1,売上,000035,ｽﾀｲﾛ畳,10,1,11,枚,"3,500","3,500",36445,000004,D（建設）,001,処分費,13:52,13:55,000000,関東ﾛｯｸｳｰﾙ,000001,ｵﾈｽﾄ,000001,新木場ﾘｻｲｸﾙ工場,001988,鈴木運輸,000057,鈴木運輸,1,紙,,000002,渡辺
2025/01/11(土),2025/01/11(土),2025/01/11(土),001995,勝田印刷,1,売上,000001,混合廃棄物A,800,800,03,kg,53,"42,400",36395,000001,A（事業）,001,処分費,08:27,08:27,000000,勝田印刷,000001,ｵﾈｽﾄ,000001,新木場ﾘｻｲｸﾙ工場,000302,ﾖｼﾓﾘ,000244,ﾖｼﾓﾘ,1,紙,,000002,渡辺
2025/01/11(土),2025/01/11(土),2025/01/11(土),002006,三菱地所ﾌﾟﾛﾊﾟﾃｨﾏﾈｼﾞﾒﾝﾄ,1,売上,000001,混合廃棄物A,"1,040","1,040",03,kg,54,"56,160",36413,000001,A（事業）,001,処分費,10:35,10:35,000001,JAﾋﾞﾙ,000001,ｵﾈｽﾄ,000001,新木場ﾘｻｲｸﾙ工場,000028,五十嵐商会,000025,五十嵐商会,1,紙,,000002,渡辺
2025/01/11(土),2025/01/11(土),2025/01/11(土),002056,東広,1,売上,000001,混合廃棄物A,910,910,03,kg,65,"59,150",36430,000002,B（残置）,001,処分費,11:21,11:25,000000,東広,000001,ｵﾈｽﾄ,000001,新木場ﾘｻｲｸﾙ工場,001976,ｼﾐｽﾞｵｸﾄ,000202,ｼﾐｽﾞｵｸﾄ,1,紙,,000005,今村（紀）
2025/01/11(土),2025/01/11(土),2025/01/11(土),002056,東広,1,売上,000015,混合廃棄物(反物),390,390,03,kg,100,"39,000",36430,000002,B（残置）,001,処分費,11:21,11:25,000000,東広,000001,ｵﾈｽﾄ,000001,新木場ﾘｻｲｸﾙ工場,001976,ｼﾐｽﾞｵｸﾄ,000202,ｼﾐｽﾞｵｸﾄ,1,紙,,000005,今村（紀）
2025/01/11(土),2025/01/11(土),2025/01/11(土),002076,ｱｲﾎｰ東京支店,1,売上,000001,混合廃棄物A,110,110,03,kg,65,"7,150",36378,000003,C（解体）,001,処分費,06:45,06:47,000000,ｱｲﾎｰ東京支店,000001,ｵﾈｽﾄ,000001,新木場ﾘｻｲｸﾙ工場,000052,野呂商店（南水元）,000044,野呂商店（南水元）,1,紙,,000005,今村（紀）
2025/01/11(土),2025/01/11(土),2025/01/11(土),002076,ｱｲﾎｰ東京支店,1,売上,000029,木くず,200,200,03,kg,35,"7,000",36378,000003,C（解体）,001,処分費,06:45,06:47,000000,ｱｲﾎｰ東京支店,000001,ｵﾈｽﾄ,000001,新木場ﾘｻｲｸﾙ工場,000052,野呂商店（南水元）,000044,野呂商店（南水元）,1,紙,,000005,今村（紀）
2025/01/11(土),2025/01/11(土),2025/01/11(土),002076,ｱｲﾎｰ東京支店,1,売上,000046,ﾀﾞﾝﾎﾞｰﾙ,290,290,03,kg,10,"2,900",36378,000003,C（解体）,001,処分費,06:45,06:47,000000,ｱｲﾎｰ東京支店,000001,ｵﾈｽﾄ,000001,新木場ﾘｻｲｸﾙ工場,000052,野呂商店（南水元）,000044,野呂商店（南水元）,1,紙,,000005,今村（紀）
2025/01/11(土),2025/01/11(土),2025/01/11(土),002197,ﾏﾙﾊｳｼﾞﾝｸﾞｻｰﾋﾞｽ,1,売上,000001,混合廃棄物A,560,560,03,kg,65,"36,400",36409,000004,D（建設）,001,処分費,10:04,,000001,ﾏﾙﾊｳｼﾞﾝｸﾞｻｰﾋﾞｽ,000001,ｵﾈｽﾄ,000001,新木場ﾘｻｲｸﾙ工場,000154,京葉興業,000123,京葉興業,1,紙,,000004,山本
2025/01/11(土),2025/01/11(土),2025/01/11(土),002197,ﾏﾙﾊｳｼﾞﾝｸﾞｻｰﾋﾞｽ,1,売上,000029,木くず,60,60,03,kg,35,"2,100",36409,000004,D（建設）,001,処分費,10:04,,000001,ﾏﾙﾊｳｼﾞﾝｸﾞｻｰﾋﾞｽ,000001,ｵﾈｽﾄ,000001,新木場ﾘｻｲｸﾙ工場,000154,京葉興業,000123,京葉興業,1,紙,,000004,山本
2025/01/11(土),2025/01/11(土),2025/01/11(土),002211,ｱﾃﾅ,1,売上,000001,混合廃棄物A,80,80,03,kg,60,"4,800",36434,000002,B（残置）,001,処分費,12:15,12:18,000000,ｱﾃﾅ,000001,ｵﾈｽﾄ,000001,新木場ﾘｻｲｸﾙ工場,001772,三洋ｴｸｽﾌﾟﾚｽ,000228,三洋ｴｸｽﾌﾟﾚｽ,1,紙,,000002,渡辺
2025/01/11(土),2025/01/11(土),2025/01/11(土),002245,三友建設,1,売上,000002,混合廃棄物B,250,250,03,kg,65,"16,250",36402,000003,C（解体）,001,処分費,09:03,09:08,000089,池田様･寺田様邸解体工事,000001,ｵﾈｽﾄ,000001,新木場ﾘｻｲｸﾙ工場,002245,三友建設,000658,三友建設,2,電子,,000002,渡辺
2025/01/11(土),2025/01/11(土),2025/01/11(土),002245,三友建設,1,売上,000002,混合廃棄物B,300,300,03,kg,65,"19,500",36385,000003,C（解体）,001,処分費,07:32,07:34,000090,及川様邸解体工事,000001,ｵﾈｽﾄ,000001,新木場ﾘｻｲｸﾙ工場,002245,三友建設,000658,三友建設,2,電子,,000002,渡辺
2025/01/11(土),2025/01/11(土),2025/01/11(土),002245,三友建設,1,売上,000034,本畳,300,15,11,枚,"1,500","22,500",36402,000003,C（解体）,001,処分費,09:03,09:08,000089,池田様･寺田様邸解体工事,000001,ｵﾈｽﾄ,000001,新木場ﾘｻｲｸﾙ工場,002245,三友建設,000658,三友建設,2,電子,,000002,渡辺
2025/01/11(土),2025/01/11(土),2025/01/11(土),002361,ﾔﾏﾀﾞﾃﾞﾝｷ,1,売上,000002,混合廃棄物B,890,890,03,kg,70,"62,300",36390,000004,D（建設）,001,処分費,08:05,08:08,000010,ﾃｯｸﾗﾝﾄﾞ平和台駅前店,000001,ｵﾈｽﾄ,000001,新木場ﾘｻｲｸﾙ工場,000229,ｱｽﾏ･ｸﾘｰﾝ,000191,ｱｽﾏ･ｸﾘｰﾝ,1,紙,,000002,渡辺
2025/01/11(土),2025/01/11(土),2025/01/11(土),002371,中央宣伝企画,1,売上,000001,混合廃棄物A,490,490,03,kg,65,"31,850",36401,000002,B（残置）,001,処分費,09:03,09:07,000002,中央宣伝企画川口製作所,000001,ｵﾈｽﾄ,000001,新木場ﾘｻｲｸﾙ工場,002202,宮坂運送,000268,宮坂運送,1,紙,,000004,山本
2025/01/11(土),2025/01/11(土),2025/01/11(土),002380,築地場外市場商店街(振),1,売上,000002,混合廃棄物B,310,310,03,kg,65,"20,150",36391,000002,B（残置）,001,処分費,08:15,08:15,000000,築地場外市場商店街(振),000001,ｵﾈｽﾄ,000001,新木場ﾘｻｲｸﾙ工場,001415,山口興業,001238,山口興業（BOND）,,,,000005,今村（紀）
2025/01/11(土),2025/01/11(土),2025/01/11(土),002390,上組東京支店,1,売上,000001,混合廃棄物A,"1,720","1,720",03,kg,65,"111,800",36382,000004,D（建設）,001,処分費,07:13,07:15,000002,㈱上組大井物流ｾﾝﾀｰ,000001,ｵﾈｽﾄ,000001,新木場ﾘｻｲｸﾙ工場,000133,ﾀﾞｲｲﾁ興業,000105,ﾀﾞｲｲﾁ興業,1,紙,,000004,山本
2025/01/11(土),2025/01/11(土),2025/01/11(土),002845,TOKYO MOVE.com,1,売上,000004,混合廃棄物(焼却物),110,110,03,kg,75,"8,250",36477,000002,B（残置）,001,処分費,17:25,17:29,000001,TOKYO MOVE.com,000001,ｵﾈｽﾄ,000001,新木場ﾘｻｲｸﾙ工場,002845,TOKYO MOVE.com,000862,TOKYO MOVE.com,1,紙,,000004,山本
2025/01/11(土),2025/01/11(土),2025/01/11(土),002845,TOKYO MOVE.com,1,売上,000029,木くず,50,50,03,kg,35,"1,750",36477,000002,B（残置）,001,処分費,17:25,17:29,000001,TOKYO MOVE.com,000001,ｵﾈｽﾄ,000001,新木場ﾘｻｲｸﾙ工場,002845,TOKYO MOVE.com,000862,TOKYO MOVE.com,1,紙,,000004,山本
2025/01/11(土),2025/01/11(土),2025/01/11(土),003028,ﾀﾞｲﾘﾝ,1,売上,000002,混合廃棄物B,550,550,03,kg,70,"38,500",36479,000003,C（解体）,001,処分費,17:37,17:40,000001,ﾀﾞｲﾘﾝ置場,000001,ｵﾈｽﾄ,000001,新木場ﾘｻｲｸﾙ工場,000362,ﾐﾔ産興,000290,ﾐﾔ産興,1,紙,,000004,山本
2025/01/11(土),2025/01/11(土),2025/01/11(土),003147,中央建物,1,売上,000001,混合廃棄物A,120,120,03,kg,54,"6,480",36400,000001,A（事業）,001,処分費,08:50,08:52,000001,大倉本館,000001,ｵﾈｽﾄ,000001,新木場ﾘｻｲｸﾙ工場,000028,五十嵐商会,000025,五十嵐商会,1,紙,,000002,渡辺
2025/01/11(土),2025/01/11(土),2025/01/11(土),003280,西川,1,売上,000001,混合廃棄物A,890,890,03,kg,65,"57,850",36376,000002,B（残置）,001,処分費,06:42,06:43,000000,西川,000001,ｵﾈｽﾄ,000001,新木場ﾘｻｲｸﾙ工場,000354,泉商店,000283,泉商店,1,紙,,000006,川部
2025/01/11(土),2025/01/11(土),2025/01/11(土),003280,西川,2,支払,000068,GC 軽鉄･ｽﾁｰﾙ類,370,370,03,kg,15.5,"5,735",36376,000002,B（残置）,003,有価物,06:42,06:43,000000,西川,000001,ｵﾈｽﾄ,000001,新木場ﾘｻｲｸﾙ工場,000354,泉商店,000283,泉商店,1,紙,,000006,川部
2025/01/11(土),2025/01/11(土),2025/01/11(土),003423,ﾘｺｰｼﾞｬﾊﾟﾝ,1,売上,000001,混合廃棄物A,120,120,03,kg,58,"6,960",36476,000004,D（建設）,001,処分費,17:21,17:23,000000,ﾘｺｰｼﾞｬﾊﾟﾝ,000001,ｵﾈｽﾄ,000001,新木場ﾘｻｲｸﾙ工場,000016,泉土木,000014,泉土木,1,紙,,000001,矢作
2025/01/11(土),2025/01/11(土),2025/01/11(土),003580,大京穴吹建設,1,売上,000001,混合廃棄物A,80,80,03,kg,58,"4,640",36475,000004,D（建設）,001,処分費,17:08,17:26,000000,大京穴吹建設,000001,ｵﾈｽﾄ,000001,新木場ﾘｻｲｸﾙ工場,000016,泉土木,000014,泉土木,1,紙,,000001,矢作
2025/01/11(土),2025/01/11(土),2025/01/11(土),003580,大京穴吹建設,2,支払,000063,配線,40,40,03,kg,185,"7,400",36475,000004,D（建設）,003,有価物,17:08,17:26,000000,大京穴吹建設,000001,ｵﾈｽﾄ,000001,新木場ﾘｻｲｸﾙ工場,000016,泉土木,000014,泉土木,1,紙,,000001,矢作
2025/01/11(土),2025/01/11(土),2025/01/11(土),003580,大京穴吹建設,2,支払,000068,GC 軽鉄･ｽﾁｰﾙ類,750,750,03,kg,24.5,"18,375",36383,000004,D（建設）,003,有価物,07:44,07:44,000000,大京穴吹建設,000001,ｵﾈｽﾄ,000001,新木場ﾘｻｲｸﾙ工場,000016,泉土木,000014,泉土木,1,紙,,000001,矢作
2025/01/11(土),2025/01/11(土),2025/01/11(土),003580,大京穴吹建設,2,支払,000068,GC 軽鉄･ｽﾁｰﾙ類,"1,450","1,450",03,kg,24.5,"35,525",36475,000004,D（建設）,003,有価物,17:08,17:26,000000,大京穴吹建設,000001,ｵﾈｽﾄ,000001,新木場ﾘｻｲｸﾙ工場,000016,泉土木,000014,泉土木,1,紙,,000001,矢作
2025/01/11(土),2025/01/11(土),2025/01/11(土),004039,(ｵﾈﾜﾝ)ﾄｯﾌﾟﾘﾕｰｽ,1,売上,000001,混合廃棄物A,200,200,03,kg,63,"12,600",36450,000002,B（残置）,001,処分費,14:42,14:42,000000,(ｵﾈﾜﾝ)ﾄｯﾌﾟﾘﾕｰｽ,000001,ｵﾈｽﾄ,000001,新木場ﾘｻｲｸﾙ工場,004039,(ｵﾈﾜﾝ)ﾄｯﾌﾟﾘﾕｰｽ,001021,ｵﾈｽﾄ･ﾜﾝ,1,紙,,000011,オネスト・ワン
2025/01/11(土),2025/01/11(土),2025/01/11(土),004071,ｴｽﾃｨｰｱｲ,1,売上,000002,混合廃棄物B,350,350,03,kg,70,"24,500",36440,000003,C（解体）,001,処分費,13:22,13:24,000025,東京都杉並区堀之内2-16-22,000001,ｵﾈｽﾄ,000001,新木場ﾘｻｲｸﾙ工場,004071,ｴｽﾃｨｰｱｲ,000185,ｴｽﾃｨｰｱｲ,1,紙,,000006,川部
2025/01/11(土),2025/01/11(土),2025/01/11(土),004108,ﾊﾟﾅｿﾆｯｸ産機ｼｽﾃﾑｽﾞ,1,売上,000001,混合廃棄物A,110,110,03,kg,50,"5,500",36415,000004,D（建設）,001,処分費,10:35,10:59,000136,クリエイトエス・ディー港北新吉田店,000001,ｵﾈｽﾄ,000001,新木場ﾘｻｲｸﾙ工場,006436,ｻﾜ･ｺｰﾎﾟﾚｰｼｮﾝ,000873,伊藤忠ﾒﾀﾙｽﾞ,1,紙,,000001,矢作
2025/01/11(土),2025/01/11(土),2025/01/11(土),004108,ﾊﾟﾅｿﾆｯｸ産機ｼｽﾃﾑｽﾞ,1,売上,000001,混合廃棄物A,120,120,03,kg,50,"6,000",36463,000004,D（建設）,001,処分費,15:54,15:57,000131,コープ幕張駅北口店,000001,ｵﾈｽﾄ,000001,新木場ﾘｻｲｸﾙ工場,006436,ｻﾜ･ｺｰﾎﾟﾚｰｼｮﾝ,000873,伊藤忠ﾒﾀﾙｽﾞ,1,紙,,000001,矢作
2025/01/11(土),2025/01/11(土),2025/01/11(土),004108,ﾊﾟﾅｿﾆｯｸ産機ｼｽﾃﾑｽﾞ,1,売上,000030,選別,260,260,03,kg,50,"13,000",36415,000004,D（建設）,001,処分費,10:35,10:59,000136,クリエイトエス・ディー港北新吉田店,000001,ｵﾈｽﾄ,000001,新木場ﾘｻｲｸﾙ工場,006436,ｻﾜ･ｺｰﾎﾟﾚｰｼｮﾝ,000873,伊藤忠ﾒﾀﾙｽﾞ,1,紙,,000001,矢作
2025/01/11(土),2025/01/11(土),2025/01/11(土),004108,ﾊﾟﾅｿﾆｯｸ産機ｼｽﾃﾑｽﾞ,2,支払,000068,GC 軽鉄･ｽﾁｰﾙ類,10,10,03,kg,25.5,255,36415,000004,D（建設）,003,有価物,10:35,10:59,000136,クリエイトエス・ディー港北新吉田店,000001,ｵﾈｽﾄ,000001,新木場ﾘｻｲｸﾙ工場,006436,ｻﾜ･ｺｰﾎﾟﾚｰｼｮﾝ,000873,伊藤忠ﾒﾀﾙｽﾞ,1,紙,,000001,矢作
2025/01/11(土),2025/01/11(土),2025/01/11(土),004108,ﾊﾟﾅｿﾆｯｸ産機ｼｽﾃﾑｽﾞ,2,支払,000438,ﾀﾞﾝﾎﾞｰﾙ,30,30,03,kg,5,150,36463,000004,D（建設）,003,有価物,15:54,15:57,000131,コープ幕張駅北口店,000001,ｵﾈｽﾄ,000001,新木場ﾘｻｲｸﾙ工場,006436,ｻﾜ･ｺｰﾎﾟﾚｰｼｮﾝ,000873,伊藤忠ﾒﾀﾙｽﾞ,1,紙,,000001,矢作
2025/01/11(土),2025/01/11(土),2025/01/11(土),004130,住友商事,1,売上,000001,混合廃棄物A,160,160,03,kg,54,"8,640",36417,000001,A（事業）,001,処分費,10:54,10:57,000000,住友商事,000001,ｵﾈｽﾄ,000001,新木場ﾘｻｲｸﾙ工場,000028,五十嵐商会,000025,五十嵐商会,2,電子,,000002,渡辺
2025/01/11(土),2025/01/11(土),2025/01/11(土),004399,ｷﾚｲﾈ,1,売上,000001,混合廃棄物A,230,230,03,kg,65,"14,950",36432,000003,C（解体）,001,処分費,11:48,11:53,000000,ｷﾚｲﾈ,000001,ｵﾈｽﾄ,000001,新木場ﾘｻｲｸﾙ工場,004399,ｷﾚｲﾈ,001265,ｷﾚｲﾈ,1,紙,,000007,小林
2025/01/11(土),2025/01/11(土),2025/01/11(土),004399,ｷﾚｲﾈ,1,売上,000001,混合廃棄物A,240,240,03,kg,65,"15,600",36461,000003,C（解体）,001,処分費,15:43,15:48,000000,ｷﾚｲﾈ,000001,ｵﾈｽﾄ,000001,新木場ﾘｻｲｸﾙ工場,004399,ｷﾚｲﾈ,001265,ｷﾚｲﾈ,1,紙,,000007,小林
2025/01/11(土),2025/01/11(土),2025/01/11(土),004463,あるくる,1,売上,000001,混合廃棄物A,420,420,03,kg,58,"24,360",36470,000002,B（残置）,001,処分費,16:25,16:38,000077,文京区湯島3丁目ﾋﾞﾙ残置物撤去作業,000001,ｵﾈｽﾄ,000001,新木場ﾘｻｲｸﾙ工場,004463,あるくる,000823,あるくる,1,紙,,000001,矢作
2025/01/11(土),2025/01/11(土),2025/01/11(土),004463,あるくる,1,売上,000029,木くず,450,450,03,kg,48,"21,600",36470,000002,B（残置）,001,処分費,16:25,16:38,000077,文京区湯島3丁目ﾋﾞﾙ残置物撤去作業,000001,ｵﾈｽﾄ,000001,新木場ﾘｻｲｸﾙ工場,004463,あるくる,000823,あるくる,1,紙,,000001,矢作
2025/01/11(土),2025/01/11(土),2025/01/11(土),004639,ｱｸｾｽ有明,1,売上,000001,混合廃棄物A,290,290,03,kg,65,"18,850",36422,000004,D（建設）,001,処分費,11:02,11:06,000000,ｱｸｾｽ有明,000001,ｵﾈｽﾄ,000001,新木場ﾘｻｲｸﾙ工場,004639,ｱｸｾｽ有明,000419,ｱｸｾｽ有明,1,紙,,000002,渡辺
2025/01/11(土),2025/01/11(土),2025/01/11(土),004766,JR東日本環境ｱｸｾｽ,1,売上,000001,混合廃棄物A,"1,300","1,300",03,kg,55,"71,500",36406,000001,A（事業）,001,処分費,09:47,09:47,000001,東京資源循環ｾﾝﾀｰ,000001,ｵﾈｽﾄ,000001,新木場ﾘｻｲｸﾙ工場,004766,JR東日本環境ｱｸｾｽ,000426,JR東日本環境ｱｸｾｽ,2,電子,,000002,渡辺
2025/01/11(土),2025/01/11(土),2025/01/11(土),004766,JR東日本環境ｱｸｾｽ,1,売上,000001,混合廃棄物A,"1,350","1,350",03,kg,55,"74,250",36398,000001,A（事業）,001,処分費,08:49,08:49,000001,東京資源循環ｾﾝﾀｰ,000001,ｵﾈｽﾄ,000001,新木場ﾘｻｲｸﾙ工場,004766,JR東日本環境ｱｸｾｽ,000426,JR東日本環境ｱｸｾｽ,2,電子,,000002,渡辺
2025/01/11(土),2025/01/11(土),2025/01/11(土),005011,ﾊﾙﾊﾟｴﾔ,1,売上,000001,混合廃棄物A,490,490,03,kg,65,"31,850",36471,000002,B（残置）,001,処分費,16:40,16:51,000000,ﾊﾙﾊﾟｴﾔ,000001,ｵﾈｽﾄ,000001,新木場ﾘｻｲｸﾙ工場,005011,ﾊﾙﾊﾟｴﾔ,000718,ﾊﾙﾊﾟｴﾔ,1,紙,,000005,今村（紀）
2025/01/11(土),2025/01/11(土),2025/01/11(土),005011,ﾊﾙﾊﾟｴﾔ,1,売上,000029,木くず,50,50,03,kg,35,"1,750",36471,000002,B（残置）,001,処分費,16:40,16:51,000000,ﾊﾙﾊﾟｴﾔ,000001,ｵﾈｽﾄ,000001,新木場ﾘｻｲｸﾙ工場,005011,ﾊﾙﾊﾟｴﾔ,000718,ﾊﾙﾊﾟｴﾔ,1,紙,,000005,今村（紀）
2025/01/11(土),2025/01/11(土),2025/01/11(土),005011,ﾊﾙﾊﾟｴﾔ,1,売上,000492,混合廃棄物（羽毛物）,10,10,03,kg,250,"2,500",36471,000002,B（残置）,001,処分費,16:40,16:51,000000,ﾊﾙﾊﾟｴﾔ,000001,ｵﾈｽﾄ,000001,新木場ﾘｻｲｸﾙ工場,005011,ﾊﾙﾊﾟｴﾔ,000718,ﾊﾙﾊﾟｴﾔ,1,紙,,000005,今村（紀）
2025/01/11(土),2025/01/11(土),2025/01/11(土),005179,ｷｬｯﾄﾊﾝｽﾞ,1,売上,000001,混合廃棄物A,70,70,03,kg,65,"4,550",36436,000002,B（残置）,001,処分費,12:43,12:46,000009,ﾌﾚﾝﾄﾞﾜｰｸｽ様,000001,ｵﾈｽﾄ,000001,新木場ﾘｻｲｸﾙ工場,005179,ｷｬｯﾄﾊﾝｽﾞ,000446,ｷｬｯﾄﾊﾝｽﾞ,1,紙,,000007,小林
2025/01/11(土),2025/01/11(土),2025/01/11(土),005229,JHAT,1,売上,000001,混合廃棄物A,350,350,03,kg,65,"22,750",36425,000001,A（事業）,001,処分費,11:06,11:06,000002,ICIHOTELE浅草橋,000001,ｵﾈｽﾄ,000001,新木場ﾘｻｲｸﾙ工場,001454,谷津商会,000247,谷津商会,1,紙,,000002,渡辺
2025/01/11(土),2025/01/11(土),2025/01/11(土),005425,ｼﾞｰｴｽｱｰﾙ,1,売上,000002,混合廃棄物B,730,730,03,kg,70,"51,100",36373,000004,D（建設）,001,処分費,06:58,07:02,000011,がってん食堂大島屋新座店,000001,ｵﾈｽﾄ,000001,新木場ﾘｻｲｸﾙ工場,001250,ｱﾝﾃﾞｽ,000971,ｱﾝﾃﾞｽ,1,紙,,000002,渡辺
2025/01/11(土),2025/01/11(土),2025/01/11(土),005427,KCT,1,売上,000001,混合廃棄物A,400,400,03,kg,65,"26,000",36375,000004,D（建設）,001,処分費,06:41,06:41,000000,KCT,000001,ｵﾈｽﾄ,000001,新木場ﾘｻｲｸﾙ工場,005427,KCT,000454,KCT,1,紙,,000002,渡辺
2025/01/11(土),2025/01/11(土),2025/01/11(土),005427,KCT,1,売上,000029,木くず,400,400,03,kg,35,"14,000",36375,000004,D（建設）,001,処分費,06:41,06:41,000000,KCT,000001,ｵﾈｽﾄ,000001,新木場ﾘｻｲｸﾙ工場,005427,KCT,000454,KCT,1,紙,,000002,渡辺
2025/01/11(土),2025/01/11(土),2025/01/11(土),005535,武友工業,1,売上,000009,混合廃棄物(安定型),490,490,03,kg,60,"29,400",36408,000004,D（建設）,001,処分費,10:15,10:17,000000,武友工業,000001,ｵﾈｽﾄ,000001,新木場ﾘｻｲｸﾙ工場,000304,ﾊﾏﾀﾞｴﾝﾀｰﾌﾟﾗｲｽﾞ,000245,ﾊﾏﾀﾞｴﾝﾀｰﾌﾟﾗｲｽﾞ,1,紙,,000002,渡辺
2025/01/11(土),2025/01/11(土),2025/01/11(土),005575,渡辺ﾊﾟｲﾌﾟ,1,売上,000002,混合廃棄物B,740,740,03,kg,70,"51,800",36459,000003,C（解体）,001,処分費,15:27,15:30,000061,狛江ﾘﾘｴﾝﾊｲﾑ,000001,ｵﾈｽﾄ,000001,新木場ﾘｻｲｸﾙ工場,000362,ﾐﾔ産興,000290,ﾐﾔ産興,1,紙,,000004,山本
2025/01/11(土),2025/01/11(土),2025/01/11(土),005742,ﾃﾞﾝｷｮｳﾌﾟﾗﾝﾆﾝｸﾞ,1,売上,000001,混合廃棄物A,60,60,03,kg,65,"3,900",36442,000002,B（残置）,001,処分費,13:34,13:36,000000,ﾃﾞﾝｷｮｳﾌﾟﾗﾝﾆﾝｸﾞ,000001,ｵﾈｽﾄ,000001,新木場ﾘｻｲｸﾙ工場,005742,ﾃﾞﾝｷｮｳﾌﾟﾗﾝﾆﾝｸﾞ,000464,ﾃﾞﾝｷｮｳﾌﾟﾗﾝﾆﾝｸﾞ,1,紙,,000007,小林
2025/01/11(土),2025/01/11(土),2025/01/11(土),005884,(ｻﾝﾃｸﾉ)ｻﾝﾄﾗｽﾄ,1,売上,000001,混合廃棄物A,"1,380","1,380",03,kg,58,"80,040",36449,000006,F（他）,001,処分費,14:31,14:31,000088,小野邸,000001,ｵﾈｽﾄ,000001,新木場ﾘｻｲｸﾙ工場,005884,(ｻﾝﾃｸﾉ)ｻﾝﾄﾗｽﾄ,001022,ｻﾝ･ﾃｸﾉ,1,紙,,000012,サン・テクノ
2025/01/11(土),2025/01/11(土),2025/01/11(土),005884,(ｻﾝﾃｸﾉ)ｻﾝﾄﾗｽﾄ,1,売上,000492,混合廃棄物（羽毛物）,10,10,03,kg,200,"2,000",36449,000006,F（他）,001,処分費,14:31,14:31,000088,小野邸,000001,ｵﾈｽﾄ,000001,新木場ﾘｻｲｸﾙ工場,005884,(ｻﾝﾃｸﾉ)ｻﾝﾄﾗｽﾄ,001022,ｻﾝ･ﾃｸﾉ,1,紙,,000012,サン・テクノ
2025/01/11(土),2025/01/11(土),2025/01/11(土),005967,岡潮,1,売上,000001,混合廃棄物A,780,780,03,kg,65,"50,700",36452,000002,B（残置）,001,処分費,14:24,14:24,000000,岡潮,000001,ｵﾈｽﾄ,000001,新木場ﾘｻｲｸﾙ工場,000001,ｵﾈｽﾄ,000861,岡潮,1,紙,,000004,山本
2025/01/11(土),2025/01/11(土),2025/01/11(土),005967,岡潮,1,売上,000349,運搬費(4ｔｺﾝﾃﾅ),,1,07,台,"23,000","23,000",36452,000002,B（残置）,002,運搬費,14:24,14:24,000000,岡潮,000001,ｵﾈｽﾄ,000001,新木場ﾘｻｲｸﾙ工場,000001,ｵﾈｽﾄ,000861,岡潮,1,紙,,000004,山本
2025/01/11(土),2025/01/11(土),2025/01/11(土),006345,ｸﾛｽｶﾝﾊﾟﾆｰ,1,売上,000001,混合廃棄物A,450,450,03,kg,65,"29,250",36444,000002,B（残置）,001,処分費,13:51,14:03,000000,ｸﾛｽｶﾝﾊﾟﾆｰ,000001,ｵﾈｽﾄ,000001,新木場ﾘｻｲｸﾙ工場,006171,Pasito,000485,Pasito,1,紙,,000007,小林
2025/01/11(土),2025/01/11(土),2025/01/11(土),006345,ｸﾛｽｶﾝﾊﾟﾆｰ,1,売上,000492,混合廃棄物（羽毛物）,10,10,03,kg,250,"2,500",36444,000002,B（残置）,001,処分費,13:51,14:03,000000,ｸﾛｽｶﾝﾊﾟﾆｰ,000001,ｵﾈｽﾄ,000001,新木場ﾘｻｲｸﾙ工場,006171,Pasito,000485,Pasito,1,紙,,000007,小林
2025/01/11(土),2025/01/11(土),2025/01/11(土),006509,ﾅｲﾃｯｸｽ,1,売上,000030,選別,660,660,03,kg,70,"46,200",36464,000001,A（事業）,001,処分費,16:00,16:01,000000,ﾅｲﾃｯｸｽ,000001,ｵﾈｽﾄ,000001,新木場ﾘｻｲｸﾙ工場,006509,ﾅｲﾃｯｸｽ,000182,ﾅｲﾃｯｸｽ,1,紙,,000004,山本
2025/01/11(土),2025/01/11(土),2025/01/11(土),006569,お世話や,1,売上,000001,混合廃棄物A,"1,350","1,350",03,kg,60,"81,000",36394,000002,B（残置）,001,処分費,08:20,08:22,000000,お世話や,000001,ｵﾈｽﾄ,000001,新木場ﾘｻｲｸﾙ工場,001656,真和商事,000055,真和商事,1,紙,,000002,渡辺
2025/01/11(土),2025/01/11(土),2025/01/11(土),006569,お世話や,1,売上,000001,混合廃棄物A,"1,350","1,350",03,kg,60,"81,000",36439,000002,B（残置）,001,処分費,13:08,13:10,000001,お世話や　初台事務所,000001,ｵﾈｽﾄ,000001,新木場ﾘｻｲｸﾙ工場,001656,真和商事,000055,真和商事,1,紙,,000002,渡辺
2025/01/11(土),2025/01/11(土),2025/01/11(土),006569,お世話や,1,売上,000036,ﾏｯﾄﾚｽ(ｼﾝｸﾞﾙ),20,2,11,枚,"4,000","8,000",36394,000002,B（残置）,001,処分費,08:20,08:22,000000,お世話や,000001,ｵﾈｽﾄ,000001,新木場ﾘｻｲｸﾙ工場,001656,真和商事,000055,真和商事,1,紙,,000002,渡辺
2025/01/11(土),2025/01/11(土),2025/01/11(土),006626,TMEIC,1,売上,000001,混合廃棄物A,"1,410","1,410",03,kg,63,"88,830",36367,000002,B（残置）,001,処分費,06:30,06:31,000000,TMEIC,000001,ｵﾈｽﾄ,000001,新木場ﾘｻｲｸﾙ工場,001308,ｵﾈｽﾄ･ﾜﾝ,001021,ｵﾈｽﾄ･ﾜﾝ,2,電子,,000011,オネスト・ワン
2025/01/11(土),2025/01/11(土),2025/01/11(土),006626,TMEIC,1,売上,000030,選別,670,670,03,kg,60,"40,200",36367,000002,B（残置）,001,処分費,06:30,06:31,000000,TMEIC,000001,ｵﾈｽﾄ,000001,新木場ﾘｻｲｸﾙ工場,001308,ｵﾈｽﾄ･ﾜﾝ,001021,ｵﾈｽﾄ･ﾜﾝ,2,電子,,000011,オネスト・ワン
2025/01/11(土),2025/01/11(土),2025/01/11(土),006626,TMEIC,2,支払,000068,GC 軽鉄･ｽﾁｰﾙ類,440,440,03,kg,28,"12,320",36369,000002,B（残置）,003,有価物,06:34,06:34,000000,TMEIC,000001,ｵﾈｽﾄ,000001,新木場ﾘｻｲｸﾙ工場,001308,ｵﾈｽﾄ･ﾜﾝ,001021,ｵﾈｽﾄ･ﾜﾝ,2,電子,,000011,オネスト・ワン
2025/01/11(土),2025/01/11(土),2025/01/11(土),006626,TMEIC,2,支払,000068,GC 軽鉄･ｽﾁｰﾙ類,640,640,03,kg,28,"17,920",36367,000002,B（残置）,003,有価物,06:30,06:31,000000,TMEIC,000001,ｵﾈｽﾄ,000001,新木場ﾘｻｲｸﾙ工場,001308,ｵﾈｽﾄ･ﾜﾝ,001021,ｵﾈｽﾄ･ﾜﾝ,2,電子,,000011,オネスト・ワン
2025/01/11(土),2025/01/11(土),2025/01/11(土),006867,便利屋BACK UP,1,売上,000001,混合廃棄物A,60,60,03,kg,60,"3,600",36381,000002,B（残置）,001,処分費,06:51,06:51,000000,便利屋BACK UP,000001,ｵﾈｽﾄ,000001,新木場ﾘｻｲｸﾙ工場,006076,TWC,00537X,便利屋BACK UP,1,紙,,000007,小林
2025/01/11(土),2025/01/11(土),2025/01/11(土),007122,ﾀｽｶﾙ,1,売上,000029,木くず,890,890,03,kg,35,"31,150",36469,000002,B（残置）,001,処分費,16:24,16:37,000001,ﾀｽｶﾙ,000001,ｵﾈｽﾄ,000001,新木場ﾘｻｲｸﾙ工場,007122,ﾀｽｶﾙ,000534,ﾀｽｶﾙ,1,紙,,000007,小林
2025/01/11(土),2025/01/11(土),2025/01/11(土),007444,日本ｺﾑｼｽ,1,売上,000001,混合廃棄物A,460,460,03,kg,60,"27,600",36443,000004,D（建設）,001,処分費,13:35,13:39,000004,電気通信設備総合工事,000001,ｵﾈｽﾄ,000001,新木場ﾘｻｲｸﾙ工場,003444,上野運輸,000271,上野運輸,1,紙,,000004,山本
2025/01/11(土),2025/01/11(土),2025/01/11(土),007568,ﾗｲﾌｻｰﾋﾞｽｼﾞｬﾊﾟﾝ,1,売上,000001,混合廃棄物A,480,480,03,kg,65,"31,200",36474,000002,B（残置）,001,処分費,17:06,17:18,000000,ﾗｲﾌｻｰﾋﾞｽｼﾞｬﾊﾟﾝ,000001,ｵﾈｽﾄ,000001,新木場ﾘｻｲｸﾙ工場,007568,ﾗｲﾌｻｰﾋﾞｽｼﾞｬﾊﾟﾝ,001107,ﾗｲﾌｻｰﾋﾞｽｼﾞｬﾊﾟﾝ,1,紙,,000012,サン・テクノ
2025/01/11(土),2025/01/11(土),2025/01/11(土),007568,ﾗｲﾌｻｰﾋﾞｽｼﾞｬﾊﾟﾝ,1,売上,000029,木くず,210,210,03,kg,35,"7,350",36474,000002,B（残置）,001,処分費,17:06,17:18,000000,ﾗｲﾌｻｰﾋﾞｽｼﾞｬﾊﾟﾝ,000001,ｵﾈｽﾄ,000001,新木場ﾘｻｲｸﾙ工場,007568,ﾗｲﾌｻｰﾋﾞｽｼﾞｬﾊﾟﾝ,001107,ﾗｲﾌｻｰﾋﾞｽｼﾞｬﾊﾟﾝ,1,紙,,000012,サン・テクノ
2025/01/11(土),2025/01/11(土),2025/01/11(土),007600,雲龍工業,1,売上,000002,混合廃棄物B,150,150,03,kg,70,"10,500",36389,000003,C（解体）,001,処分費,07:58,08:03,000008,三鷹市井の頭2-32-4,000001,ｵﾈｽﾄ,000001,新木場ﾘｻｲｸﾙ工場,007600,雲龍工業,001100,雲龍工業,1,紙,,000007,小林
2025/01/11(土),2025/01/11(土),2025/01/11(土),007643,中盛,1,売上,000021,軽量物系B(ｸﾞﾗｽｳｰﾙ),240,240,03,kg,80,"19,200",36374,000003,C（解体）,001,処分費,06:59,07:00,000018,東京都調布市深大寺町4-20-4,000001,ｵﾈｽﾄ,000001,新木場ﾘｻｲｸﾙ工場,007643,中盛,001093,中盛,1,紙,,000004,山本
2025/01/11(土),2025/01/11(土),2025/01/11(土),007648,ﾊﾞﾝﾄﾞｰﾃｸﾆｶﾙｻｰﾋﾞｽ,1,売上,000001,混合廃棄物A,80,80,03,kg,65,"5,200",36438,000002,B（残置）,001,処分費,13:00,13:01,000000,ﾊﾞﾝﾄﾞｰﾃｸﾆｶﾙｻｰﾋﾞｽ,000001,ｵﾈｽﾄ,000001,新木場ﾘｻｲｸﾙ工場,007489,ﾌｫｰﾒｰｼｮﾝ,001020,ﾌｫｰﾒｰｼｮﾝ,1,紙,,000007,小林
2025/01/11(土),2025/01/11(土),2025/01/11(土),007820,ｺｽﾓ石油ﾌﾟﾛﾊﾟﾃｨｻｰﾋﾞｽ,1,売上,000001,混合廃棄物A,180,180,03,kg,63,"11,340",36365,000002,B（残置）,001,処分費,06:27,06:27,000001,ｺｽﾓ石油ﾌﾟﾛﾊﾟﾃｨｻｰﾋﾞｽ,000001,ｵﾈｽﾄ,000001,新木場ﾘｻｲｸﾙ工場,001308,ｵﾈｽﾄ･ﾜﾝ,001021,ｵﾈｽﾄ･ﾜﾝ,1,紙,,000011,オネスト・ワン
2025/01/11(土),2025/01/11(土),2025/01/11(土),007820,ｺｽﾓ石油ﾌﾟﾛﾊﾟﾃｨｻｰﾋﾞｽ,1,売上,000030,選別,500,500,03,kg,60,"30,000",36371,000002,B（残置）,001,処分費,06:36,06:36,000001,ｺｽﾓ石油ﾌﾟﾛﾊﾟﾃｨｻｰﾋﾞｽ,000001,ｵﾈｽﾄ,000001,新木場ﾘｻｲｸﾙ工場,001308,ｵﾈｽﾄ･ﾜﾝ,001021,ｵﾈｽﾄ･ﾜﾝ,1,紙,,000011,オネスト・ワン
2025/01/11(土),2025/01/11(土),2025/01/11(土),007820,ｺｽﾓ石油ﾌﾟﾛﾊﾟﾃｨｻｰﾋﾞｽ,1,売上,000030,選別,850,850,03,kg,60,"51,000",36365,000002,B（残置）,001,処分費,06:27,06:27,000001,ｺｽﾓ石油ﾌﾟﾛﾊﾟﾃｨｻｰﾋﾞｽ,000001,ｵﾈｽﾄ,000001,新木場ﾘｻｲｸﾙ工場,001308,ｵﾈｽﾄ･ﾜﾝ,001021,ｵﾈｽﾄ･ﾜﾝ,1,紙,,000011,オネスト・ワン
2025/01/11(土),2025/01/11(土),2025/01/11(土),007820,ｺｽﾓ石油ﾌﾟﾛﾊﾟﾃｨｻｰﾋﾞｽ,2,支払,000068,GC 軽鉄･ｽﾁｰﾙ類,"1,430","1,430",03,kg,28,"40,040",36371,000002,B（残置）,003,有価物,06:36,06:36,000001,ｺｽﾓ石油ﾌﾟﾛﾊﾟﾃｨｻｰﾋﾞｽ,000001,ｵﾈｽﾄ,000001,新木場ﾘｻｲｸﾙ工場,001308,ｵﾈｽﾄ･ﾜﾝ,001021,ｵﾈｽﾄ･ﾜﾝ,1,紙,,000011,オネスト・ワン
2025/01/11(土),2025/01/11(土),2025/01/11(土),008011,首都高ﾒﾝﾃﾅﾝｽ西東京,1,売上,000001,混合廃棄物A,"1,110","1,110",03,kg,65,"72,150",36441,000004,D（建設）,001,処分費,13:22,13:25,000003,【浦和南基地】混廃・ガラ・木くず等（事務,000001,ｵﾈｽﾄ,000001,新木場ﾘｻｲｸﾙ工場,000001,ｵﾈｽﾄ,000213,首都高ﾒﾝﾃﾅﾝｽ西東京,1,紙,,000005,今村（紀）
2025/01/11(土),2025/01/11(土),2025/01/11(土),008011,首都高ﾒﾝﾃﾅﾝｽ西東京,1,売上,000083,がれき類,"1,180","1,180",03,kg,30,"35,400",36412,000004,D（建設）,001,処分費,10:07,10:07,000006,【浦和南基地】がれき類,000001,ｵﾈｽﾄ,000001,新木場ﾘｻｲｸﾙ工場,000001,ｵﾈｽﾄ,000213,首都高ﾒﾝﾃﾅﾝｽ西東京,2,電子,,000005,今村（紀）
2025/01/11(土),2025/01/11(土),2025/01/11(土),008011,首都高ﾒﾝﾃﾅﾝｽ西東京,1,売上,000109,運搬費,,1,07,台,"23,000","23,000",36441,000004,D（建設）,002,運搬費,13:22,13:25,000003,【浦和南基地】混廃・ガラ・木くず等（事務,000001,ｵﾈｽﾄ,000001,新木場ﾘｻｲｸﾙ工場,000001,ｵﾈｽﾄ,000213,首都高ﾒﾝﾃﾅﾝｽ西東京,1,紙,,000005,今村（紀）
2025/01/11(土),2025/01/11(土),2025/01/11(土),008011,首都高ﾒﾝﾃﾅﾝｽ西東京,1,売上,000350,運搬費(4ｔﾕﾆｯｸ車),,1,07,台,"28,000","28,000",36412,000004,D（建設）,002,運搬費,10:07,10:07,000006,【浦和南基地】がれき類,000001,ｵﾈｽﾄ,000001,新木場ﾘｻｲｸﾙ工場,000001,ｵﾈｽﾄ,000213,首都高ﾒﾝﾃﾅﾝｽ西東京,2,電子,,000005,今村（紀）
2025/01/11(土),2025/01/11(土),2025/01/11(土),008103,しなの,1,売上,000002,混合廃棄物B,760,760,03,kg,70,"53,200",36379,000003,C（解体）,001,処分費,07:06,07:09,000009,貫井邸,000001,ｵﾈｽﾄ,000001,新木場ﾘｻｲｸﾙ工場,008103,しなの,001059,しなの,1,紙,,000012,サン・テクノ
2025/01/11(土),2025/01/11(土),2025/01/11(土),008343,JANSTAR,1,売上,000002,混合廃棄物B,650,650,03,kg,70,"45,500",36448,000003,C（解体）,001,処分費,14:16,14:18,000032,東京都品川区東品川4-1-3,000001,ｵﾈｽﾄ,000001,新木場ﾘｻｲｸﾙ工場,008343,JANSTAR,000627,JANSTAR,1,紙,,000006,川部
2025/01/11(土),2025/01/11(土),2025/01/11(土),008753,東洋不動産,1,売上,000001,混合廃棄物A,"1,930","1,930",03,kg,54,"104,220",36433,000001,A（事業）,001,処分費,11:57,11:59,000001,板橋本町ﾋﾞﾙ,000001,ｵﾈｽﾄ,000001,新木場ﾘｻｲｸﾙ工場,000028,五十嵐商会,000025,五十嵐商会,1,紙,,000002,渡辺
2025/01/11(土),2025/01/16(木),2025/01/16(木),007764,ﾊﾟﾅｿﾆｯｸﾎｰﾑｽﾞ不動産,1,売上,000001,混合廃棄物A,500,6,02,m3,"12,000","72,000",36446,000002,B（残置）,001,処分費,14:09,14:09,000001,【東京】世田谷区　鎌田集積場,000001,ｵﾈｽﾄ,000001,新木場ﾘｻｲｸﾙ工場,000001,ｵﾈｽﾄ,000227,ﾊﾟﾅｿﾆｯｸﾎｰﾑｽﾞ不動産,2,電子,,000004,山本
2025/01/11(土),2025/01/16(木),2025/01/16(木),007764,ﾊﾟﾅｿﾆｯｸﾎｰﾑｽﾞ不動産,1,売上,000001,混合廃棄物A,"1,110",5.5,02,m3,"12,000","66,000",36424,000002,B（残置）,001,処分費,11:09,11:24,000002,【神奈川】高田西2丁目507事務所・倉庫1階,000001,ｵﾈｽﾄ,000001,新木場ﾘｻｲｸﾙ工場,000001,ｵﾈｽﾄ,000227,ﾊﾟﾅｿﾆｯｸﾎｰﾑｽﾞ不動産,2,電子,,000004,山本
2025/01/11(土),2025/01/16(木),2025/01/16(木),007764,ﾊﾟﾅｿﾆｯｸﾎｰﾑｽﾞ不動産,1,売上,000006,混合廃棄物(壁紙・ｸﾛｽ),,4,02,m3,"12,000","48,000",36424,000002,B（残置）,001,処分費,11:09,11:24,000002,【神奈川】高田西2丁目507事務所・倉庫1階,000001,ｵﾈｽﾄ,000001,新木場ﾘｻｲｸﾙ工場,000001,ｵﾈｽﾄ,000227,ﾊﾟﾅｿﾆｯｸﾎｰﾑｽﾞ不動産,2,電子,,000004,山本
2025/01/11(土),2025/01/16(木),2025/01/16(木),007764,ﾊﾟﾅｿﾆｯｸﾎｰﾑｽﾞ不動産,1,売上,000026,石膏ﾎﾞｰﾄﾞC,,0.5,02,m3,"18,000","9,000",36424,000002,B（残置）,001,処分費,11:09,11:24,000002,【神奈川】高田西2丁目507事務所・倉庫1階,000001,ｵﾈｽﾄ,000001,新木場ﾘｻｲｸﾙ工場,000001,ｵﾈｽﾄ,000227,ﾊﾟﾅｿﾆｯｸﾎｰﾑｽﾞ不動産,2,電子,,000004,山本
2025/01/11(土),2025/01/16(木),2025/01/16(木),007764,ﾊﾟﾅｿﾆｯｸﾎｰﾑｽﾞ不動産,1,売上,000030,選別,90,1,02,m3,"12,000","12,000",36424,000002,B（残置）,001,処分費,11:09,11:24,000002,【神奈川】高田西2丁目507事務所・倉庫1階,000001,ｵﾈｽﾄ,000001,新木場ﾘｻｲｸﾙ工場,000001,ｵﾈｽﾄ,000227,ﾊﾟﾅｿﾆｯｸﾎｰﾑｽﾞ不動産,2,電子,,000004,山本
2025/01/11(土),2025/01/16(木),2025/01/16(木),007764,ﾊﾟﾅｿﾆｯｸﾎｰﾑｽﾞ不動産,1,売上,000109,運搬費,,1,07,台,"24,000","24,000",36446,000002,B（残置）,002,運搬費,14:09,14:09,000001,【東京】世田谷区　鎌田集積場,000001,ｵﾈｽﾄ,000001,新木場ﾘｻｲｸﾙ工場,000001,ｵﾈｽﾄ,000227,ﾊﾟﾅｿﾆｯｸﾎｰﾑｽﾞ不動産,2,電子,,000004,山本
2025/01/11(土),2025/01/16(木),2025/01/16(木),007764,ﾊﾟﾅｿﾆｯｸﾎｰﾑｽﾞ不動産,1,売上,000349,運搬費(4ｔｺﾝﾃﾅ),,1,07,台,"24,000","24,000",36424,000002,B（残置）,002,運搬費,11:09,11:24,000002,【神奈川】高田西2丁目507事務所・倉庫1階,000001,ｵﾈｽﾄ,000001,新木場ﾘｻｲｸﾙ工場,000001,ｵﾈｽﾄ,000227,ﾊﾟﾅｿﾆｯｸﾎｰﾑｽﾞ不動産,2,電子,,000004,山本
2025/01/12(日),2025/01/12(日),2025/01/12(日),000740,ﾌﾛﾝﾃｨｱ,1,売上,000001,混合廃棄物A,910,910,03,kg,60,"54,600",36481,000001,A（事業）,001,処分費,10:10,10:16,000001,ﾌﾛﾝﾃｨｱ入谷ﾘｻｲｸﾙ工場,000001,ｵﾈｽﾄ,000001,新木場ﾘｻｲｸﾙ工場,000740,ﾌﾛﾝﾃｨｱ,000570,ﾌﾛﾝﾃｨｱ（渡辺・足立区）,1,紙,,000002,渡辺
2025/01/12(日),2025/01/12(日),2025/01/12(日),000740,ﾌﾛﾝﾃｨｱ,1,売上,000001,混合廃棄物A,"1,720","1,720",03,kg,60,"103,200",36496,000001,A（事業）,001,処分費,13:01,13:03,000001,ﾌﾛﾝﾃｨｱ入谷ﾘｻｲｸﾙ工場,000001,ｵﾈｽﾄ,000001,新木場ﾘｻｲｸﾙ工場,000740,ﾌﾛﾝﾃｨｱ,000570,ﾌﾛﾝﾃｨｱ（渡辺・足立区）,1,紙,,000002,渡辺
2025/01/12(日),2025/01/12(日),2025/01/12(日),000751,まごのて,1,売上,000001,混合廃棄物A,550,550,03,kg,65,"35,750",36511,000002,B（残置）,001,処分費,16:43,16:55,000000,まごのて,000001,ｵﾈｽﾄ,000001,新木場ﾘｻｲｸﾙ工場,000751,まごのて,000580,まごのて,2,電子,,000006,川部
2025/01/12(日),2025/01/12(日),2025/01/12(日),000751,まごのて,1,売上,000036,ﾏｯﾄﾚｽ(ｼﾝｸﾞﾙ),20,2,11,枚,"6,000","12,000",36511,000002,B（残置）,001,処分費,16:43,16:55,000000,まごのて,000001,ｵﾈｽﾄ,000001,新木場ﾘｻｲｸﾙ工場,000751,まごのて,000580,まごのて,2,電子,,000006,川部
2025/01/12(日),2025/01/12(日),2025/01/12(日),001434,(ｻﾝﾃｸﾉ)東和ｴﾝｼﾞﾆｱﾘﾝｸﾞ,1,売上,000001,混合廃棄物A,150,150,03,kg,58,"8,700",36506,000006,F（他）,001,処分費,16:02,16:23,000026,赤坂ｲﾝﾀｰｼﾃｨｶﾝﾌｧﾚﾝｽ,000001,ｵﾈｽﾄ,000001,新木場ﾘｻｲｸﾙ工場,005884,(ｻﾝﾃｸﾉ)ｻﾝﾄﾗｽﾄ,001022,ｻﾝ･ﾃｸﾉ,1,紙,,000012,サン・テクノ
2025/01/12(日),2025/01/12(日),2025/01/12(日),001434,(ｻﾝﾃｸﾉ)東和ｴﾝｼﾞﾆｱﾘﾝｸﾞ,1,売上,000030,選別,390,390,03,kg,50,"19,500",36506,000006,F（他）,001,処分費,16:02,16:23,000026,赤坂ｲﾝﾀｰｼﾃｨｶﾝﾌｧﾚﾝｽ,000001,ｵﾈｽﾄ,000001,新木場ﾘｻｲｸﾙ工場,005884,(ｻﾝﾃｸﾉ)ｻﾝﾄﾗｽﾄ,001022,ｻﾝ･ﾃｸﾉ,1,紙,,000012,サン・テクノ
2025/01/12(日),2025/01/12(日),2025/01/12(日),001434,(ｻﾝﾃｸﾉ)東和ｴﾝｼﾞﾆｱﾘﾝｸﾞ,2,支払,000068,GC 軽鉄･ｽﾁｰﾙ類,100,100,03,kg,21.5,"2,150",36506,000006,F（他）,003,有価物,16:02,16:23,000026,赤坂ｲﾝﾀｰｼﾃｨｶﾝﾌｧﾚﾝｽ,000001,ｵﾈｽﾄ,000001,新木場ﾘｻｲｸﾙ工場,005884,(ｻﾝﾃｸﾉ)ｻﾝﾄﾗｽﾄ,001022,ｻﾝ･ﾃｸﾉ,1,紙,,000012,サン・テクノ
2025/01/12(日),2025/01/12(日),2025/01/12(日),001454,谷津商会,1,売上,000001,混合廃棄物A,610,610,03,kg,65,"39,650",36483,000001,A（事業）,001,処分費,10:30,10:32,000000,谷津商会,000001,ｵﾈｽﾄ,000001,新木場ﾘｻｲｸﾙ工場,001454,谷津商会,000247,谷津商会,1,紙,,000002,渡辺
2025/01/12(日),2025/01/12(日),2025/01/12(日),001739,三機工業（八丁堀）,1,売上,000001,混合廃棄物A,140,140,03,kg,58,"8,120",36503,000004,D（建設）,001,処分費,14:42,14:44,000071,【NWS】神谷町トラストタワー,000001,ｵﾈｽﾄ,000001,新木場ﾘｻｲｸﾙ工場,000016,泉土木,000014,泉土木,1,紙,,000001,矢作
2025/01/12(日),2025/01/12(日),2025/01/12(日),001739,三機工業（八丁堀）,1,売上,000001,混合廃棄物A,290,290,03,kg,58,"16,820",36502,000004,D（建設）,001,処分費,14:16,14:17,000071,【NWS】神谷町トラストタワー,000001,ｵﾈｽﾄ,000001,新木場ﾘｻｲｸﾙ工場,000016,泉土木,000014,泉土木,1,紙,,000001,矢作
2025/01/12(日),2025/01/12(日),2025/01/12(日),001901,東京ﾄﾞｰﾑﾎﾃﾙ,1,売上,000001,混合廃棄物A,"1,050","1,050",03,kg,60,"63,000",36489,000001,A（事業）,001,処分費,10:56,10:59,000000,東京ﾄﾞｰﾑﾎﾃﾙ,000001,ｵﾈｽﾄ,000001,新木場ﾘｻｲｸﾙ工場,001246,三美社,000967,三美社,1,紙,,000002,渡辺
2025/01/12(日),2025/01/12(日),2025/01/12(日),002132,ﾓﾃﾞﾙ･ﾗﾝｹﾞｰｼﾞ･ｽﾀｼﾞｵ,1,売上,000001,混合廃棄物A,190,190,03,kg,65,"12,350",36501,000003,C（解体）,001,処分費,14:11,14:14,000000,ﾓﾃﾞﾙ･ﾗﾝｹﾞｰｼﾞ･ｽﾀｼﾞｵ,000001,ｵﾈｽﾄ,000001,新木場ﾘｻｲｸﾙ工場,000853,つばさ産業,000666,つばさ産業,1,紙,,000007,小林
2025/01/12(日),2025/01/12(日),2025/01/12(日),002398,東京ﾄﾞｰﾑ,1,売上,000001,混合廃棄物A,930,930,03,kg,60,"55,800",36480,000001,A（事業）,001,処分費,10:00,10:02,000001,東京ﾄﾞｰﾑﾗｸｰｱﾋﾞﾙ,000001,ｵﾈｽﾄ,000001,新木場ﾘｻｲｸﾙ工場,001246,三美社,000967,三美社,1,紙,,000002,渡辺
2025/01/12(日),2025/01/12(日),2025/01/12(日),002689,三機ﾃｸﾉｻﾎﾟｰﾄ,1,売上,000001,混合廃棄物A,60,60,03,kg,58,"3,480",36507,000004,D（建設）,001,処分費,16:03,16:04,000008,東急不動前ビル,000001,ｵﾈｽﾄ,000001,新木場ﾘｻｲｸﾙ工場,000016,泉土木,000014,泉土木,1,紙,,000001,矢作
2025/01/12(日),2025/01/12(日),2025/01/12(日),003023,竹中工務店東京本店安全環境部,2,支払,000068,GC 軽鉄･ｽﾁｰﾙ類,"1,500","1,500",03,kg,24.5,"36,750",36484,000004,D（建設）,003,有価物,10:17,10:17,000041,ＴＯＣ空調機機械室裏配管更新２０２４年,000001,ｵﾈｽﾄ,000001,新木場ﾘｻｲｸﾙ工場,000016,泉土木,000014,泉土木,1,紙,,000001,矢作
2025/01/12(日),2025/01/12(日),2025/01/12(日),003023,竹中工務店東京本店安全環境部,2,支払,000069,GD,640,640,03,kg,14,"8,960",36484,000004,D（建設）,003,有価物,10:17,10:17,000041,ＴＯＣ空調機機械室裏配管更新２０２４年,000001,ｵﾈｽﾄ,000001,新木場ﾘｻｲｸﾙ工場,000016,泉土木,000014,泉土木,1,紙,,000001,矢作
2025/01/12(日),2025/01/12(日),2025/01/12(日),003023,竹中工務店東京本店安全環境部,2,支払,000070,室外機,"1,970","1,970",03,kg,30,"59,100",36488,000004,D（建設）,003,有価物,11:07,11:07,000000,竹中工務店東京本店安全環境部,000001,ｵﾈｽﾄ,000001,新木場ﾘｻｲｸﾙ工場,000016,泉土木,000014,泉土木,1,紙,,000001,矢作
2025/01/12(日),2025/01/12(日),2025/01/12(日),004520,ｺﾞﾝ,1,売上,000001,混合廃棄物A,380,380,03,kg,65,"24,700",36482,000002,B（残置）,001,処分費,10:18,10:22,000000,ｺﾞﾝ,000001,ｵﾈｽﾄ,000001,新木場ﾘｻｲｸﾙ工場,004520,ｺﾞﾝ,000354,ｺﾞﾝ,1,紙,,000002,渡辺
2025/01/12(日),2025/01/12(日),2025/01/12(日),004663,かねたや家具店,1,売上,000208,混合廃棄物(ｿﾌｧｰ･家具類),"3,680","3,680",03,kg,65,"239,200",36678,000006,F（他）,001,処分費,12:38,12:38,000001,かねたや家具店　流通ｾﾝﾀｰ,000001,ｵﾈｽﾄ,000001,新木場ﾘｻｲｸﾙ工場,000001,ｵﾈｽﾄ,000562,かねたや家具店,1,紙,,000013,かねたや
2025/01/12(日),2025/01/12(日),2025/01/12(日),004663,かねたや家具店,1,売上,000405,収集運搬費(10ｔｱｰﾑﾛｰﾙ車),,1,07,台,"32,000","32,000",36678,000006,F（他）,002,運搬費,12:38,12:38,000001,かねたや家具店　流通ｾﾝﾀｰ,000001,ｵﾈｽﾄ,000001,新木場ﾘｻｲｸﾙ工場,000001,ｵﾈｽﾄ,000562,かねたや家具店,1,紙,,000013,かねたや
2025/01/12(日),2025/01/12(日),2025/01/12(日),005011,ﾊﾙﾊﾟｴﾔ,1,売上,000001,混合廃棄物A,240,240,03,kg,65,"15,600",36500,000002,B（残置）,001,処分費,13:38,13:46,000000,ﾊﾙﾊﾟｴﾔ,000001,ｵﾈｽﾄ,000001,新木場ﾘｻｲｸﾙ工場,005011,ﾊﾙﾊﾟｴﾔ,000718,ﾊﾙﾊﾟｴﾔ,1,紙,,000005,今村（紀）
2025/01/12(日),2025/01/12(日),2025/01/12(日),005011,ﾊﾙﾊﾟｴﾔ,1,売上,000029,木くず,160,160,03,kg,35,"5,600",36500,000002,B（残置）,001,処分費,13:38,13:46,000000,ﾊﾙﾊﾟｴﾔ,000001,ｵﾈｽﾄ,000001,新木場ﾘｻｲｸﾙ工場,005011,ﾊﾙﾊﾟｴﾔ,000718,ﾊﾙﾊﾟｴﾔ,1,紙,,000005,今村（紀）
2025/01/12(日),2025/01/12(日),2025/01/12(日),005515,ｷｬﾌﾟﾃｨｿﾘｭｰｼｮﾝｽﾞ,1,売上,000001,混合廃棄物A,"1,150","1,150",03,kg,65,"74,750",36491,000004,D（建設）,001,処分費,11:13,11:18,000047,東和病院旧館空調熱源改修工事,000001,ｵﾈｽﾄ,000001,新木場ﾘｻｲｸﾙ工場,000001,ｵﾈｽﾄ,001144,ｷｬﾌﾟﾃｨｿﾘｭｰｼｮﾝｽﾞ,1,紙,,000006,川部
2025/01/12(日),2025/01/12(日),2025/01/12(日),005515,ｷｬﾌﾟﾃｨｿﾘｭｰｼｮﾝｽﾞ,1,売上,000029,木くず,100,100,03,kg,35,"3,500",36491,000004,D（建設）,001,処分費,11:13,11:18,000047,東和病院旧館空調熱源改修工事,000001,ｵﾈｽﾄ,000001,新木場ﾘｻｲｸﾙ工場,000001,ｵﾈｽﾄ,001144,ｷｬﾌﾟﾃｨｿﾘｭｰｼｮﾝｽﾞ,1,紙,,000006,川部
2025/01/12(日),2025/01/12(日),2025/01/12(日),005515,ｷｬﾌﾟﾃｨｿﾘｭｰｼｮﾝｽﾞ,1,売上,000030,選別,"1,590","1,590",03,kg,70,"111,300",36493,000004,D（建設）,001,処分費,11:58,12:00,000047,東和病院旧館空調熱源改修工事,000001,ｵﾈｽﾄ,000001,新木場ﾘｻｲｸﾙ工場,000001,ｵﾈｽﾄ,001144,ｷｬﾌﾟﾃｨｿﾘｭｰｼｮﾝｽﾞ,1,紙,,000006,川部
2025/01/12(日),2025/01/12(日),2025/01/12(日),005515,ｷｬﾌﾟﾃｨｿﾘｭｰｼｮﾝｽﾞ,1,売上,000349,運搬費(4ｔｺﾝﾃﾅ),,1,07,台,"25,000","25,000",36493,000004,D（建設）,002,運搬費,11:58,12:00,000047,東和病院旧館空調熱源改修工事,000001,ｵﾈｽﾄ,000001,新木場ﾘｻｲｸﾙ工場,000001,ｵﾈｽﾄ,001144,ｷｬﾌﾟﾃｨｿﾘｭｰｼｮﾝｽﾞ,1,紙,,000006,川部
2025/01/12(日),2025/01/12(日),2025/01/12(日),005515,ｷｬﾌﾟﾃｨｿﾘｭｰｼｮﾝｽﾞ,1,売上,000350,運搬費(4ｔﾕﾆｯｸ車),,1,07,台,"30,000","30,000",36491,000004,D（建設）,002,運搬費,11:13,11:18,000047,東和病院旧館空調熱源改修工事,000001,ｵﾈｽﾄ,000001,新木場ﾘｻｲｸﾙ工場,000001,ｵﾈｽﾄ,001144,ｷｬﾌﾟﾃｨｿﾘｭｰｼｮﾝｽﾞ,1,紙,,000006,川部
2025/01/12(日),2025/01/12(日),2025/01/12(日),005515,ｷｬﾌﾟﾃｨｿﾘｭｰｼｮﾝｽﾞ,1,売上,000414,休日割増,,1,07,台,"10,000","10,000",36491,000004,D（建設）,002,運搬費,11:13,11:18,000047,東和病院旧館空調熱源改修工事,000001,ｵﾈｽﾄ,000001,新木場ﾘｻｲｸﾙ工場,000001,ｵﾈｽﾄ,001144,ｷｬﾌﾟﾃｨｿﾘｭｰｼｮﾝｽﾞ,1,紙,,000006,川部
2025/01/12(日),2025/01/12(日),2025/01/12(日),005515,ｷｬﾌﾟﾃｨｿﾘｭｰｼｮﾝｽﾞ,1,売上,000414,休日割増,,1,07,台,"10,000","10,000",36493,000004,D（建設）,002,運搬費,11:58,12:00,000047,東和病院旧館空調熱源改修工事,000001,ｵﾈｽﾄ,000001,新木場ﾘｻｲｸﾙ工場,000001,ｵﾈｽﾄ,001144,ｷｬﾌﾟﾃｨｿﾘｭｰｼｮﾝｽﾞ,1,紙,,000006,川部
2025/01/12(日),2025/01/12(日),2025/01/12(日),005515,ｷｬﾌﾟﾃｨｿﾘｭｰｼｮﾝｽﾞ,2,支払,000068,GC 軽鉄･ｽﾁｰﾙ類,390,390,03,kg,15.5,"6,045",36493,000004,D（建設）,003,有価物,11:58,12:00,000047,東和病院旧館空調熱源改修工事,000001,ｵﾈｽﾄ,000001,新木場ﾘｻｲｸﾙ工場,000001,ｵﾈｽﾄ,001144,ｷｬﾌﾟﾃｨｿﾘｭｰｼｮﾝｽﾞ,1,紙,,000006,川部
2025/01/12(日),2025/01/12(日),2025/01/12(日),006107,大京穴吹不動産,1,売上,000001,混合廃棄物A,160,160,03,kg,55,"8,800",36504,000002,B（残置）,001,処分費,15:41,15:46,000000,大京穴吹不動産,000001,ｵﾈｽﾄ,000001,新木場ﾘｻｲｸﾙ工場,004463,あるくる,000823,あるくる,1,紙,,000001,矢作
2025/01/12(日),2025/01/12(日),2025/01/12(日),006107,大京穴吹不動産,1,売上,000029,木くず,200,200,03,kg,42,"8,400",36504,000002,B（残置）,001,処分費,15:41,15:46,000000,大京穴吹不動産,000001,ｵﾈｽﾄ,000001,新木場ﾘｻｲｸﾙ工場,004463,あるくる,000823,あるくる,1,紙,,000001,矢作
2025/01/12(日),2025/01/12(日),2025/01/12(日),006812,MAｸﾘｰﾝ,1,売上,000001,混合廃棄物A,500,500,03,kg,65,"32,500",36499,000003,C（解体）,001,処分費,13:25,13:33,000000,MAｸﾘｰﾝ,000001,ｵﾈｽﾄ,000001,新木場ﾘｻｲｸﾙ工場,006812,MAｸﾘｰﾝ,000755,M.Aｸﾘｰﾝ,1,紙,,000005,今村（紀）
2025/01/12(日),2025/01/12(日),2025/01/12(日),006812,MAｸﾘｰﾝ,1,売上,000029,木くず,190,190,03,kg,35,"6,650",36499,000003,C（解体）,001,処分費,13:25,13:33,000000,MAｸﾘｰﾝ,000001,ｵﾈｽﾄ,000001,新木場ﾘｻｲｸﾙ工場,006812,MAｸﾘｰﾝ,000755,M.Aｸﾘｰﾝ,1,紙,,000005,今村（紀）
2025/01/12(日),2025/01/12(日),2025/01/12(日),007122,ﾀｽｶﾙ,1,売上,000001,混合廃棄物A,470,470,03,kg,65,"30,550",36509,000002,B（残置）,001,処分費,16:22,16:33,000001,ﾀｽｶﾙ,000001,ｵﾈｽﾄ,000001,新木場ﾘｻｲｸﾙ工場,007122,ﾀｽｶﾙ,000534,ﾀｽｶﾙ,1,紙,,000007,小林
2025/01/12(日),2025/01/12(日),2025/01/12(日),007122,ﾀｽｶﾙ,1,売上,000029,木くず,100,100,03,kg,35,"3,500",36509,000002,B（残置）,001,処分費,16:22,16:33,000001,ﾀｽｶﾙ,000001,ｵﾈｽﾄ,000001,新木場ﾘｻｲｸﾙ工場,007122,ﾀｽｶﾙ,000534,ﾀｽｶﾙ,1,紙,,000007,小林
2025/01/12(日),2025/01/12(日),2025/01/12(日),007122,ﾀｽｶﾙ,1,売上,000029,木くず,730,730,03,kg,35,"25,550",36508,000002,B（残置）,001,処分費,16:08,16:18,000001,ﾀｽｶﾙ,000001,ｵﾈｽﾄ,000001,新木場ﾘｻｲｸﾙ工場,007122,ﾀｽｶﾙ,000534,ﾀｽｶﾙ,1,紙,,000007,小林
2025/01/12(日),2025/01/12(日),2025/01/12(日),007568,ﾗｲﾌｻｰﾋﾞｽｼﾞｬﾊﾟﾝ,1,売上,000001,混合廃棄物A,"1,000","1,000",03,kg,65,"65,000",36512,000002,B（残置）,001,処分費,16:44,16:59,000000,ﾗｲﾌｻｰﾋﾞｽｼﾞｬﾊﾟﾝ,000001,ｵﾈｽﾄ,000001,新木場ﾘｻｲｸﾙ工場,007568,ﾗｲﾌｻｰﾋﾞｽｼﾞｬﾊﾟﾝ,001107,ﾗｲﾌｻｰﾋﾞｽｼﾞｬﾊﾟﾝ,1,紙,,000012,サン・テクノ
2025/01/12(日),2025/01/12(日),2025/01/12(日),007568,ﾗｲﾌｻｰﾋﾞｽｼﾞｬﾊﾟﾝ,1,売上,000031,金庫,50,50,03,kg,80,"4,000",36512,000002,B（残置）,001,処分費,16:44,16:59,000000,ﾗｲﾌｻｰﾋﾞｽｼﾞｬﾊﾟﾝ,000001,ｵﾈｽﾄ,000001,新木場ﾘｻｲｸﾙ工場,007568,ﾗｲﾌｻｰﾋﾞｽｼﾞｬﾊﾟﾝ,001107,ﾗｲﾌｻｰﾋﾞｽｼﾞｬﾊﾟﾝ,1,紙,,000012,サン・テクノ
2025/01/12(日),2025/01/12(日),2025/01/12(日),007826,石川ｶﾞｽｹｯﾄ,1,売上,000001,混合廃棄物A,"1,190","1,190",03,kg,63,"74,970",36505,000002,B（残置）,001,処分費,15:49,15:55,000000,石川ｶﾞｽｹｯﾄ,000001,ｵﾈｽﾄ,000001,新木場ﾘｻｲｸﾙ工場,001308,ｵﾈｽﾄ･ﾜﾝ,001021,ｵﾈｽﾄ･ﾜﾝ,1,紙,,000011,オネスト・ワン
2025/01/12(日),2025/01/12(日),2025/01/12(日),007826,石川ｶﾞｽｹｯﾄ,1,売上,000029,木くず,510,510,03,kg,25,"12,750",36505,000002,B（残置）,001,処分費,15:49,15:55,000000,石川ｶﾞｽｹｯﾄ,000001,ｵﾈｽﾄ,000001,新木場ﾘｻｲｸﾙ工場,001308,ｵﾈｽﾄ･ﾜﾝ,001021,ｵﾈｽﾄ･ﾜﾝ,1,紙,,000011,オネスト・ワン
2025/01/12(日),2025/01/12(日),2025/01/12(日),007826,石川ｶﾞｽｹｯﾄ,1,売上,000030,選別,200,200,03,kg,60,"12,000",36497,000002,B（残置）,001,処分費,13:15,13:16,000000,石川ｶﾞｽｹｯﾄ,000001,ｵﾈｽﾄ,000001,新木場ﾘｻｲｸﾙ工場,001308,ｵﾈｽﾄ･ﾜﾝ,001021,ｵﾈｽﾄ･ﾜﾝ,1,紙,,000011,オネスト・ワン
2025/01/12(日),2025/01/12(日),2025/01/12(日),007826,石川ｶﾞｽｹｯﾄ,2,支払,000068,GC 軽鉄･ｽﾁｰﾙ類,"1,630","1,630",03,kg,28,"45,640",36492,000002,B（残置）,003,有価物,11:52,11:52,000000,石川ｶﾞｽｹｯﾄ,000001,ｵﾈｽﾄ,000001,新木場ﾘｻｲｸﾙ工場,001308,ｵﾈｽﾄ･ﾜﾝ,001021,ｵﾈｽﾄ･ﾜﾝ,1,紙,,000011,オネスト・ワン
2025/01/12(日),2025/01/12(日),2025/01/12(日),007826,石川ｶﾞｽｹｯﾄ,2,支払,000068,GC 軽鉄･ｽﾁｰﾙ類,"1,720","1,720",03,kg,28,"48,160",36497,000002,B（残置）,003,有価物,13:15,13:16,000000,石川ｶﾞｽｹｯﾄ,000001,ｵﾈｽﾄ,000001,新木場ﾘｻｲｸﾙ工場,001308,ｵﾈｽﾄ･ﾜﾝ,001021,ｵﾈｽﾄ･ﾜﾝ,1,紙,,000011,オネスト・ワン
2025/01/12(日),2025/01/12(日),2025/01/12(日),007826,石川ｶﾞｽｹｯﾄ,2,支払,000068,GC 軽鉄･ｽﾁｰﾙ類,"2,280","2,280",03,kg,28,"63,840",36513,000002,B（残置）,003,有価物,17:21,17:21,000000,石川ｶﾞｽｹｯﾄ,000001,ｵﾈｽﾄ,000001,新木場ﾘｻｲｸﾙ工場,001308,ｵﾈｽﾄ･ﾜﾝ,001021,ｵﾈｽﾄ･ﾜﾝ,1,紙,,000011,オネスト・ワン
2025/01/12(日),2025/01/12(日),2025/01/12(日),007847,Fine,1,売上,000009,混合廃棄物(安定型),830,830,03,kg,60,"49,800",36486,000004,D（建設）,001,処分費,10:20,10:20,000010,茗荷谷保育園大規模修繕工事,000001,ｵﾈｽﾄ,000001,新木場ﾘｻｲｸﾙ工場,000144,H&N,000115,H&N,1,紙,,000002,渡辺
2025/01/12(日),2025/01/12(日),2025/01/12(日),008776,ﾔﾏﾀﾞｲ,1,売上,000002,混合廃棄物B,430,430,03,kg,70,"30,100",36487,000003,C（解体）,001,処分費,10:23,10:23,000001,滝野川4丁目解体工事,000001,ｵﾈｽﾄ,000001,新木場ﾘｻｲｸﾙ工場,000847,深禄産業,00661X,【売掛】深禄産業,1,紙,,000002,渡辺
2025/01/13(月),2025/01/13(月),2025/01/13(月),000062,那須興産,1,売上,000030,選別,"1,680","1,680",03,kg,70,"117,600",36526,000005,E（他）,001,処分費,09:44,09:45,000001,那須興産中間処理施設,000001,ｵﾈｽﾄ,000001,新木場ﾘｻｲｸﾙ工場,000062,那須興産,000051,那須興産,2,電子,,000002,渡辺
2025/01/13(月),2025/01/13(月),2025/01/13(月),000093,ｴｰ･ｴﾑ開発,1,売上,000002,混合廃棄物B,520,520,03,kg,70,"36,400",36530,000003,C,001,処分費,09:36,09:39,000000,ｴｰ･ｴﾑ開発,000001,ｵﾈｽﾄ,000001,新木場ﾘｻｲｸﾙ工場,000093,ｴｰ･ｴﾑ開発,000076,ｴｰ･ｴﾑ開発,1,紙,,000007,小林
2025/01/13(月),2025/01/13(月),2025/01/13(月),000272,新建産業,1,売上,000001,混合廃棄物A,210,210,03,kg,65,"13,650",36516,000001,A（事業）,001,処分費,09:01,09:06,000000,新建産業,000001,ｵﾈｽﾄ,000001,新木場ﾘｻｲｸﾙ工場,000272,新建産業,000222,新建産業,1,紙,,000006,川部
2025/01/13(月),2025/01/13(月),2025/01/13(月),000272,新建産業,1,売上,000001,混合廃棄物A,280,280,03,kg,65,"18,200",36540,000001,A（事業）,001,処分費,10:47,10:49,000000,新建産業,000001,ｵﾈｽﾄ,000001,新木場ﾘｻｲｸﾙ工場,000272,新建産業,000222,新建産業,1,紙,,000006,川部
2025/01/13(月),2025/01/13(月),2025/01/13(月),000312,野口興業,1,売上,000001,混合廃棄物A,670,670,03,kg,45,"30,150",36518,000001,A（事業）,001,処分費,09:08,09:13,000000,野口興業,000001,ｵﾈｽﾄ,000001,新木場ﾘｻｲｸﾙ工場,000312,野口興業,000253,野口興業,1,紙,,000002,渡辺
2025/01/13(月),2025/01/13(月),2025/01/13(月),000323,雑用社,1,売上,000002,混合廃棄物B,460,460,03,kg,70,"32,200",36575,000002,B（残置）,001,処分費,15:49,15:51,000000,雑用社,000001,ｵﾈｽﾄ,000001,新木場ﾘｻｲｸﾙ工場,000323,雑用社,000260,雑用社,1,紙,,000002,渡辺
2025/01/13(月),2025/01/13(月),2025/01/13(月),000323,雑用社,1,売上,000002,混合廃棄物B,590,590,03,kg,70,"41,300",36571,000002,B（残置）,001,処分費,15:27,15:30,000000,雑用社,000001,ｵﾈｽﾄ,000001,新木場ﾘｻｲｸﾙ工場,000323,雑用社,000260,雑用社,1,紙,,000002,渡辺
2025/01/13(月),2025/01/13(月),2025/01/13(月),000330,ﾘｸﾘｰﾝｻｰﾋﾞｽ,1,売上,000001,混合廃棄物A,230,230,03,kg,65,"14,950",36552,000002,B（残置）,001,処分費,12:04,12:11,000000,ﾘｸﾘｰﾝｻｰﾋﾞｽ,000001,ｵﾈｽﾄ,000001,新木場ﾘｻｲｸﾙ工場,000330,ﾘｸﾘｰﾝｻｰﾋﾞｽ,000267,ﾘｸﾘｰﾝｻｰﾋﾞｽ,1,紙,,000004,山本
2025/01/13(月),2025/01/13(月),2025/01/13(月),000477,企業組合 あうん,1,売上,000005,混合廃棄物(布団),180,180,03,kg,75,"13,500",36528,000002,B（残置）,001,処分費,09:28,09:36,000000,企業組合 あうん,000001,ｵﾈｽﾄ,000001,新木場ﾘｻｲｸﾙ工場,000477,企業組合 あうん,000362,企業組合 あうん,1,紙,,000007,小林
2025/01/13(月),2025/01/13(月),2025/01/13(月),000477,企業組合 あうん,1,売上,000492,混合廃棄物（羽毛物）,20,20,03,kg,250,"5,000",36528,000002,B（残置）,001,処分費,09:28,09:36,000000,企業組合 あうん,000001,ｵﾈｽﾄ,000001,新木場ﾘｻｲｸﾙ工場,000477,企業組合 あうん,000362,企業組合 あうん,1,紙,,000007,小林
2025/01/13(月),2025/01/13(月),2025/01/13(月),000736,(ｻﾝﾃｸﾉ)ｲﾝ･ｻﾎﾟｰﾄ,1,売上,000002,混合廃棄物B,"1,940","1,940",03,kg,63,"122,220",36523,000006,F（他）,001,処分費,09:18,09:20,000000,(ｻﾝﾃｸﾉ)ｲﾝ･ｻﾎﾟｰﾄ,000001,ｵﾈｽﾄ,000001,新木場ﾘｻｲｸﾙ工場,001748,(ｻﾝﾃｸﾉ)ｽﾀｰﾀﾞｽﾄ社,001022,ｻﾝ･ﾃｸﾉ,1,紙,,000012,サン・テクノ
2025/01/13(月),2025/01/13(月),2025/01/13(月),000740,ﾌﾛﾝﾃｨｱ,1,売上,000001,混合廃棄物A,990,990,03,kg,60,"59,400",36542,000001,A（事業）,001,処分費,11:08,11:13,000001,ﾌﾛﾝﾃｨｱ入谷ﾘｻｲｸﾙ工場,000001,ｵﾈｽﾄ,000001,新木場ﾘｻｲｸﾙ工場,000740,ﾌﾛﾝﾃｨｱ,000570,ﾌﾛﾝﾃｨｱ（渡辺・足立区）,1,紙,,000002,渡辺
2025/01/13(月),2025/01/13(月),2025/01/13(月),000740,ﾌﾛﾝﾃｨｱ,1,売上,000001,混合廃棄物A,"1,990","1,990",03,kg,60,"119,400",36536,000001,A（事業）,001,処分費,10:10,10:13,000001,ﾌﾛﾝﾃｨｱ入谷ﾘｻｲｸﾙ工場,000001,ｵﾈｽﾄ,000001,新木場ﾘｻｲｸﾙ工場,000740,ﾌﾛﾝﾃｨｱ,000570,ﾌﾛﾝﾃｨｱ（渡辺・足立区）,1,紙,,000002,渡辺
2025/01/13(月),2025/01/13(月),2025/01/13(月),000740,ﾌﾛﾝﾃｨｱ,1,売上,000021,軽量物系B(ｸﾞﾗｽｳｰﾙ),640,640,03,kg,65,"41,600",36520,000001,A（事業）,001,処分費,09:09,09:12,000001,ﾌﾛﾝﾃｨｱ入谷ﾘｻｲｸﾙ工場,000001,ｵﾈｽﾄ,000001,新木場ﾘｻｲｸﾙ工場,000740,ﾌﾛﾝﾃｨｱ,000570,ﾌﾛﾝﾃｨｱ（渡辺・足立区）,1,紙,,000002,渡辺
2025/01/13(月),2025/01/13(月),2025/01/13(月),000816,小川興業,1,売上,000002,混合廃棄物B,"1,010","1,010",03,kg,70,"70,700",36557,000003,C（解体）,001,処分費,13:17,13:20,000001,旧鈴木ｼｬｰﾘﾝｸﾞ工場建住居鉄骨造,000001,ｵﾈｽﾄ,000001,新木場ﾘｻｲｸﾙ工場,000816,小川興業,000636,小川興業,1,紙,,000006,川部
2025/01/13(月),2025/01/13(月),2025/01/13(月),000816,小川興業,1,売上,000016,軽量物系A(発泡ｽﾁﾛｰﾙ),10,10,03,kg,200,"2,000",36557,000003,C（解体）,001,処分費,13:17,13:20,000001,旧鈴木ｼｬｰﾘﾝｸﾞ工場建住居鉄骨造,000001,ｵﾈｽﾄ,000001,新木場ﾘｻｲｸﾙ工場,000816,小川興業,000636,小川興業,1,紙,,000006,川部
2025/01/13(月),2025/01/13(月),2025/01/13(月),000816,小川興業,1,売上,000021,軽量物系B(ｸﾞﾗｽｳｰﾙ),20,20,03,kg,80,"1,600",36557,000003,C（解体）,001,処分費,13:17,13:20,000001,旧鈴木ｼｬｰﾘﾝｸﾞ工場建住居鉄骨造,000001,ｵﾈｽﾄ,000001,新木場ﾘｻｲｸﾙ工場,000816,小川興業,000636,小川興業,1,紙,,000006,川部
2025/01/13(月),2025/01/13(月),2025/01/13(月),001047,ｵﾌｨｽｶｽﾞ,1,売上,000002,混合廃棄物B,490,490,03,kg,70,"34,300",36538,000003,C（解体）,001,処分費,14:53,10:28,000000,ｵﾌｨｽｶｽﾞ,000001,ｵﾈｽﾄ,000001,新木場ﾘｻｲｸﾙ工場,001047,ｵﾌｨｽｶｽﾞ,000804,ｵﾌｨｽｶｽﾞ,1,紙,,000004,山本
2025/01/13(月),2025/01/13(月),2025/01/13(月),001202,ｸﾘｴｲｼｮﾝ,1,売上,000001,混合廃棄物A,380,380,03,kg,65,"24,700",36565,000002,B（残置）,001,処分費,13:37,13:46,000000,ｸﾘｴｲｼｮﾝ,000001,ｵﾈｽﾄ,000001,新木場ﾘｻｲｸﾙ工場,001202,ｸﾘｴｲｼｮﾝ,000933,ｸﾘｴｲｼｮﾝ,1,紙,,000007,小林
2025/01/13(月),2025/01/13(月),2025/01/13(月),001202,ｸﾘｴｲｼｮﾝ,1,売上,000029,木くず,370,370,03,kg,35,"12,950",36565,000002,B（残置）,001,処分費,13:37,13:46,000000,ｸﾘｴｲｼｮﾝ,000001,ｵﾈｽﾄ,000001,新木場ﾘｻｲｸﾙ工場,001202,ｸﾘｴｲｼｮﾝ,000933,ｸﾘｴｲｼｮﾝ,1,紙,,000007,小林
2025/01/13(月),2025/01/13(月),2025/01/13(月),001203,ﾏﾙﾐﾔ社,1,売上,000001,混合廃棄物A,180,180,03,kg,65,"11,700",36558,000002,B（残置）,001,処分費,13:23,13:33,000000,ﾏﾙﾐﾔ社,000001,ｵﾈｽﾄ,000001,新木場ﾘｻｲｸﾙ工場,001203,ﾏﾙﾐﾔ社,000934,ﾏﾙﾐﾔ社,1,紙,,000002,渡辺
2025/01/13(月),2025/01/13(月),2025/01/13(月),001244,銀座急送,1,売上,000001,混合廃棄物A,"1,590","1,590",03,kg,65,"103,350",36579,000002,B（残置）,001,処分費,16:00,16:15,000001,銀座急送㈱辰巳DS,000001,ｵﾈｽﾄ,000001,新木場ﾘｻｲｸﾙ工場,001244,銀座急送,000965,銀座急送,1,紙,,000002,渡辺
2025/01/13(月),2025/01/13(月),2025/01/13(月),001244,銀座急送,1,売上,000001,混合廃棄物A,"1,690","1,690",03,kg,65,"109,850",36578,000002,B（残置）,001,処分費,15:56,16:11,000001,銀座急送㈱辰巳DS,000001,ｵﾈｽﾄ,000001,新木場ﾘｻｲｸﾙ工場,001244,銀座急送,000965,銀座急送,1,紙,,000002,渡辺
2025/01/13(月),2025/01/13(月),2025/01/13(月),001244,銀座急送,1,売上,000036,ﾏｯﾄﾚｽ(ｼﾝｸﾞﾙ),40,4,11,枚,"6,000","24,000",36578,000002,B（残置）,001,処分費,15:56,16:11,000001,銀座急送㈱辰巳DS,000001,ｵﾈｽﾄ,000001,新木場ﾘｻｲｸﾙ工場,001244,銀座急送,000965,銀座急送,1,紙,,000002,渡辺
2025/01/13(月),2025/01/13(月),2025/01/13(月),001384,ﾄﾞﾘｰﾑｹﾞｰﾄ,1,売上,000001,混合廃棄物A,260,260,03,kg,65,"16,900",36527,000001,A（事業）,001,処分費,09:35,09:37,000000,ﾄﾞﾘｰﾑｹﾞｰﾄ,000001,ｵﾈｽﾄ,000001,新木場ﾘｻｲｸﾙ工場,000337,協立輸送,000274,協立輸送,1,紙,,000006,川部
2025/01/13(月),2025/01/13(月),2025/01/13(月),001395,昭和女子大学,1,売上,000001,混合廃棄物A,130,130,03,kg,65,"8,450",36556,000001,A（事業）,001,処分費,13:17,13:18,000000,昭和女子大学,000001,ｵﾈｽﾄ,000001,新木場ﾘｻｲｸﾙ工場,000019,ﾀｹｴｲ,000016,ﾀｹｴｲ,1,紙,,000007,小林
2025/01/13(月),2025/01/13(月),2025/01/13(月),001429,東京技研,1,売上,000001,混合廃棄物A,920,920,03,kg,65,"59,800",36545,000001,A（事業）,001,処分費,11:53,11:53,000000,東京技研,000001,ｵﾈｽﾄ,000001,新木場ﾘｻｲｸﾙ工場,001546,江栄,000013,江栄,1,紙,,000002,渡辺
2025/01/13(月),2025/01/13(月),2025/01/13(月),001454,谷津商会,1,売上,000001,混合廃棄物A,"1,020","1,020",03,kg,65,"66,300",36555,000001,A（事業）,001,処分費,13:16,13:18,000000,谷津商会,000001,ｵﾈｽﾄ,000001,新木場ﾘｻｲｸﾙ工場,001454,谷津商会,000247,谷津商会,1,紙,,000002,渡辺
2025/01/13(月),2025/01/13(月),2025/01/13(月),001656,真和商事,1,売上,000001,混合廃棄物A,750,750,03,kg,60,"45,000",36572,000002,B（残置）,001,処分費,15:34,15:37,000001,真和商事　杉並営業所,000001,ｵﾈｽﾄ,000001,新木場ﾘｻｲｸﾙ工場,001656,真和商事,000055,真和商事,1,紙,,000002,渡辺
2025/01/13(月),2025/01/13(月),2025/01/13(月),001656,真和商事,1,売上,000001,混合廃棄物A,"1,530","1,530",03,kg,60,"91,800",36548,000002,B（残置）,001,処分費,11:52,11:57,000001,真和商事　杉並営業所,000001,ｵﾈｽﾄ,000001,新木場ﾘｻｲｸﾙ工場,001656,真和商事,000055,真和商事,1,紙,,000002,渡辺
2025/01/13(月),2025/01/13(月),2025/01/13(月),001656,真和商事,1,売上,000036,ﾏｯﾄﾚｽ(ｼﾝｸﾞﾙ),10,1,11,枚,"4,000","4,000",36572,000002,B（残置）,001,処分費,15:34,15:37,000001,真和商事　杉並営業所,000001,ｵﾈｽﾄ,000001,新木場ﾘｻｲｸﾙ工場,001656,真和商事,000055,真和商事,1,紙,,000002,渡辺
2025/01/13(月),2025/01/13(月),2025/01/13(月),001739,三機工業（八丁堀）,1,売上,000001,混合廃棄物A,20,20,03,kg,58,"1,160",36566,000004,D（建設）,001,処分費,13:54,13:58,000076,【PM1】汐留住友ビル,000001,ｵﾈｽﾄ,000001,新木場ﾘｻｲｸﾙ工場,000016,泉土木,000014,泉土木,1,紙,,000001,矢作
2025/01/13(月),2025/01/13(月),2025/01/13(月),001739,三機工業（八丁堀）,1,売上,000046,ﾀﾞﾝﾎﾞｰﾙ,20,20,03,kg,0,0,36566,000004,D（建設）,001,処分費,13:54,13:58,000076,【PM1】汐留住友ビル,000001,ｵﾈｽﾄ,000001,新木場ﾘｻｲｸﾙ工場,000016,泉土木,000014,泉土木,1,紙,,000001,矢作
2025/01/13(月),2025/01/13(月),2025/01/13(月),001739,三機工業（八丁堀）,2,支払,000063,配線,50,50,03,kg,185,"9,250",36574,000004,D（建設）,003,有価物,15:59,15:59,000000,三機工業（八丁堀）,000001,ｵﾈｽﾄ,000001,新木場ﾘｻｲｸﾙ工場,000016,泉土木,000014,泉土木,1,紙,,000001,矢作
2025/01/13(月),2025/01/13(月),2025/01/13(月),001739,三機工業（八丁堀）,2,支払,000068,GC 軽鉄･ｽﾁｰﾙ類,170,170,03,kg,24.5,"4,165",36574,000004,D（建設）,003,有価物,15:59,15:59,000000,三機工業（八丁堀）,000001,ｵﾈｽﾄ,000001,新木場ﾘｻｲｸﾙ工場,000016,泉土木,000014,泉土木,1,紙,,000001,矢作
2025/01/13(月),2025/01/13(月),2025/01/13(月),001739,三機工業（八丁堀）,2,支払,000069,GD,"1,160","1,160",03,kg,14,"16,240",36549,000004,D（建設）,003,有価物,12:12,12:12,000000,三機工業（八丁堀）,000001,ｵﾈｽﾄ,000001,新木場ﾘｻｲｸﾙ工場,000016,泉土木,000014,泉土木,1,紙,,000001,矢作
2025/01/13(月),2025/01/13(月),2025/01/13(月),002429,富士ﾋﾞｼﾞﾈｽ,1,売上,000001,混合廃棄物A,160,160,03,kg,65,"10,400",36567,000002,B（残置）,001,処分費,13:55,13:58,000000,富士ﾋﾞｼﾞﾈｽ,000001,ｵﾈｽﾄ,000001,新木場ﾘｻｲｸﾙ工場,000330,ﾘｸﾘｰﾝｻｰﾋﾞｽ,000267,ﾘｸﾘｰﾝｻｰﾋﾞｽ,1,紙,,000004,山本
2025/01/13(月),2025/01/13(月),2025/01/13(月),002429,富士ﾋﾞｼﾞﾈｽ,1,売上,000028,ﾊﾟｰﾃｰｼｮﾝﾎﾞｰﾄﾞ,250,250,03,kg,60,"15,000",36567,000002,B（残置）,001,処分費,13:55,13:58,000000,富士ﾋﾞｼﾞﾈｽ,000001,ｵﾈｽﾄ,000001,新木場ﾘｻｲｸﾙ工場,000330,ﾘｸﾘｰﾝｻｰﾋﾞｽ,000267,ﾘｸﾘｰﾝｻｰﾋﾞｽ,1,紙,,000004,山本
2025/01/13(月),2025/01/13(月),2025/01/13(月),002697,新生ｻｰﾋﾞｽ,1,売上,000002,混合廃棄物B,220,220,03,kg,70,"15,400",36559,000004,D（建設）,001,処分費,13:24,13:28,000000,新生ｻｰﾋﾞｽ,000001,ｵﾈｽﾄ,000001,新木場ﾘｻｲｸﾙ工場,000226,ｽﾃｱ,000188,ｽﾃｱ,1,紙,,000004,山本
2025/01/13(月),2025/01/13(月),2025/01/13(月),002697,新生ｻｰﾋﾞｽ,1,売上,000021,軽量物系B(ｸﾞﾗｽｳｰﾙ),140,140,03,kg,80,"11,200",36559,000004,D（建設）,001,処分費,13:24,13:28,000000,新生ｻｰﾋﾞｽ,000001,ｵﾈｽﾄ,000001,新木場ﾘｻｲｸﾙ工場,000226,ｽﾃｱ,000188,ｽﾃｱ,1,紙,,000004,山本
2025/01/13(月),2025/01/13(月),2025/01/13(月),003101,ｳﾁﾀﾞｼｽﾃﾑｽﾞ,1,売上,000002,混合廃棄物B,280,280,03,kg,70,"19,600",36570,000003,C（解体）,001,処分費,15:01,15:04,000006,株式会社マイナビパートナーズ,000001,ｵﾈｽﾄ,000001,新木場ﾘｻｲｸﾙ工場,000057,ﾜｲｽﾞ,000047,ﾜｲｽﾞ,1,紙,,000005,今村（紀）
2025/01/13(月),2025/01/13(月),2025/01/13(月),003101,ｳﾁﾀﾞｼｽﾃﾑｽﾞ,1,売上,000002,混合廃棄物B,510,510,03,kg,70,"35,700",36569,000003,C（解体）,001,処分費,15:02,15:05,000006,株式会社マイナビパートナーズ,000001,ｵﾈｽﾄ,000001,新木場ﾘｻｲｸﾙ工場,000057,ﾜｲｽﾞ,000047,ﾜｲｽﾞ,1,紙,,000005,今村（紀）
2025/01/13(月),2025/01/13(月),2025/01/13(月),003122,三井不動産ﾎﾃﾙﾏﾈｼﾞﾒﾝﾄ,1,売上,000001,混合廃棄物A,50,50,03,kg,54,"2,700",36517,000001,A（事業）,001,処分費,09:01,09:04,000001,三井ｶﾞｰﾃﾞﾝﾎﾃﾙ大手町,000001,ｵﾈｽﾄ,000001,新木場ﾘｻｲｸﾙ工場,000028,五十嵐商会,000025,五十嵐商会,1,紙,,000002,渡辺
2025/01/13(月),2025/01/13(月),2025/01/13(月),003147,中央建物,1,売上,000001,混合廃棄物A,150,150,03,kg,54,"8,100",36525,000001,A（事業）,001,処分費,09:27,09:30,000001,大倉本館,000001,ｵﾈｽﾄ,000001,新木場ﾘｻｲｸﾙ工場,000028,五十嵐商会,000025,五十嵐商会,1,紙,,000002,渡辺
2025/01/13(月),2025/01/13(月),2025/01/13(月),003180,ｵﾌｨｽ増永,1,売上,000002,混合廃棄物B,370,370,03,kg,70,"25,900",36547,000004,D（建設）,001,処分費,11:52,11:56,000035,三枚町146-9,000001,ｵﾈｽﾄ,000001,新木場ﾘｻｲｸﾙ工場,000210,ES産業,000175,ES産業,1,紙,,000002,渡辺
2025/01/13(月),2025/01/13(月),2025/01/13(月),003180,ｵﾌｨｽ増永,1,売上,000021,軽量物系B(ｸﾞﾗｽｳｰﾙ),240,240,03,kg,80,"19,200",36547,000004,D（建設）,001,処分費,11:52,11:56,000035,三枚町146-9,000001,ｵﾈｽﾄ,000001,新木場ﾘｻｲｸﾙ工場,000210,ES産業,000175,ES産業,1,紙,,000002,渡辺
2025/01/13(月),2025/01/13(月),2025/01/13(月),003370,日本経済新聞社,1,売上,000001,混合廃棄物A,960,960,03,kg,54,"51,840",36534,000001,A（事業）,001,処分費,09:55,09:57,000001,日経虎ノ門別館,000001,ｵﾈｽﾄ,000001,新木場ﾘｻｲｸﾙ工場,000028,五十嵐商会,000025,五十嵐商会,1,紙,,000002,渡辺
2025/01/13(月),2025/01/13(月),2025/01/13(月),003400,ﾄｩﾙｰﾌﾞﾗｲﾄ,2,支払,000069,GD,710,710,03,kg,14,"9,940",36553,000004,D（建設）,003,有価物,13:24,13:24,000003,ﾛｼﾞﾎﾟｰﾄ流山,000001,ｵﾈｽﾄ,000001,新木場ﾘｻｲｸﾙ工場,000016,泉土木,000014,泉土木,1,紙,,000001,矢作
2025/01/13(月),2025/01/13(月),2025/01/13(月),003492,東ｲﾝ,1,売上,000001,混合廃棄物A,490,490,03,kg,60,"29,400",36519,000002,B（残置）,001,処分費,09:08,09:15,000000,東ｲﾝ,000001,ｵﾈｽﾄ,000001,新木場ﾘｻｲｸﾙ工場,007489,ﾌｫｰﾒｰｼｮﾝ,001020,ﾌｫｰﾒｰｼｮﾝ,1,紙,,000007,小林
2025/01/13(月),2025/01/13(月),2025/01/13(月),003742,大成有楽不動産（ﾚｿﾞﾝﾃﾞｨﾚｸｼｮﾝ）,1,売上,000001,混合廃棄物A,520,520,03,kg,54,"28,080",36522,000001,A（事業）,001,処分費,09:18,09:18,000001,日比谷潁川ﾋﾞﾙ,000001,ｵﾈｽﾄ,000001,新木場ﾘｻｲｸﾙ工場,000028,五十嵐商会,000025,五十嵐商会,1,紙,,000002,渡辺
2025/01/13(月),2025/01/13(月),2025/01/13(月),004008,便利屋ﾌｧﾐﾘｰ江東木場店,1,売上,000001,混合廃棄物A,520,520,03,kg,65,"33,800",36583,000002,B（残置）,001,処分費,16:36,16:41,000000,便利屋ﾌｧﾐﾘｰ江東木場店,000001,ｵﾈｽﾄ,000001,新木場ﾘｻｲｸﾙ工場,004008,便利屋ﾌｧﾐﾘｰ江東木場店,001118,便利屋ﾌｧﾐﾘｰ江東木場店,1,紙,,000012,サン・テクノ
2025/01/13(月),2025/01/13(月),2025/01/13(月),004039,(ｵﾈﾜﾝ)ﾄｯﾌﾟﾘﾕｰｽ,1,売上,000001,混合廃棄物A,180,180,03,kg,63,"11,340",36562,000002,B（残置）,001,処分費,13:35,13:41,000000,(ｵﾈﾜﾝ)ﾄｯﾌﾟﾘﾕｰｽ,000001,ｵﾈｽﾄ,000001,新木場ﾘｻｲｸﾙ工場,004039,(ｵﾈﾜﾝ)ﾄｯﾌﾟﾘﾕｰｽ,001021,ｵﾈｽﾄ･ﾜﾝ,1,紙,,000011,オネスト・ワン
2025/01/13(月),2025/01/13(月),2025/01/13(月),004039,(ｵﾈﾜﾝ)ﾄｯﾌﾟﾘﾕｰｽ,1,売上,000004,混合廃棄物(焼却物),270,270,03,kg,68,"18,360",36562,000002,B（残置）,001,処分費,13:35,13:41,000000,(ｵﾈﾜﾝ)ﾄｯﾌﾟﾘﾕｰｽ,000001,ｵﾈｽﾄ,000001,新木場ﾘｻｲｸﾙ工場,004039,(ｵﾈﾜﾝ)ﾄｯﾌﾟﾘﾕｰｽ,001021,ｵﾈｽﾄ･ﾜﾝ,1,紙,,000011,オネスト・ワン
2025/01/13(月),2025/01/13(月),2025/01/13(月),004080,三協立山ﾀﾃﾔﾏｱﾄﾞﾊﾞﾝｽ社,1,売上,000001,混合廃棄物A,20,20,03,kg,50,"1,000",36515,000004,D（建設）,001,処分費,09:01,09:05,000198,くすりの福太郎　アクロスモール新鎌ヶ谷店,000001,ｵﾈｽﾄ,000001,新木場ﾘｻｲｸﾙ工場,006436,ｻﾜ･ｺｰﾎﾟﾚｰｼｮﾝ,000873,伊藤忠ﾒﾀﾙｽﾞ,1,紙,,000001,矢作
2025/01/13(月),2025/01/13(月),2025/01/13(月),004080,三協立山ﾀﾃﾔﾏｱﾄﾞﾊﾞﾝｽ社,2,支払,000438,ﾀﾞﾝﾎﾞｰﾙ,70,70,03,kg,5,350,36515,000004,D（建設）,003,有価物,09:01,09:05,000198,くすりの福太郎　アクロスモール新鎌ヶ谷店,000001,ｵﾈｽﾄ,000001,新木場ﾘｻｲｸﾙ工場,006436,ｻﾜ･ｺｰﾎﾟﾚｰｼｮﾝ,000873,伊藤忠ﾒﾀﾙｽﾞ,1,紙,,000001,矢作
2025/01/13(月),2025/01/13(月),2025/01/13(月),004108,ﾊﾟﾅｿﾆｯｸ産機ｼｽﾃﾑｽﾞ,1,売上,000001,混合廃棄物A,30,30,03,kg,50,"1,500",36541,000004,D（建設）,001,処分費,10:59,11:05,000137,ファミリーマート浦安東野一丁目店,000001,ｵﾈｽﾄ,000001,新木場ﾘｻｲｸﾙ工場,006436,ｻﾜ･ｺｰﾎﾟﾚｰｼｮﾝ,000873,伊藤忠ﾒﾀﾙｽﾞ,1,紙,,000001,矢作
2025/01/13(月),2025/01/13(月),2025/01/13(月),004108,ﾊﾟﾅｿﾆｯｸ産機ｼｽﾃﾑｽﾞ,1,売上,000029,木くず,10,10,03,kg,35,350,36541,000004,D（建設）,001,処分費,10:59,11:05,000137,ファミリーマート浦安東野一丁目店,000001,ｵﾈｽﾄ,000001,新木場ﾘｻｲｸﾙ工場,006436,ｻﾜ･ｺｰﾎﾟﾚｰｼｮﾝ,000873,伊藤忠ﾒﾀﾙｽﾞ,1,紙,,000001,矢作
2025/01/13(月),2025/01/13(月),2025/01/13(月),004108,ﾊﾟﾅｿﾆｯｸ産機ｼｽﾃﾑｽﾞ,1,売上,000030,選別,190,190,03,kg,50,"9,500",36541,000004,D（建設）,001,処分費,10:59,11:05,000137,ファミリーマート浦安東野一丁目店,000001,ｵﾈｽﾄ,000001,新木場ﾘｻｲｸﾙ工場,006436,ｻﾜ･ｺｰﾎﾟﾚｰｼｮﾝ,000873,伊藤忠ﾒﾀﾙｽﾞ,1,紙,,000001,矢作
2025/01/13(月),2025/01/13(月),2025/01/13(月),004108,ﾊﾟﾅｿﾆｯｸ産機ｼｽﾃﾑｽﾞ,2,支払,000438,ﾀﾞﾝﾎﾞｰﾙ,40,40,03,kg,5,200,36541,000004,D（建設）,003,有価物,10:59,11:05,000137,ファミリーマート浦安東野一丁目店,000001,ｵﾈｽﾄ,000001,新木場ﾘｻｲｸﾙ工場,006436,ｻﾜ･ｺｰﾎﾟﾚｰｼｮﾝ,000873,伊藤忠ﾒﾀﾙｽﾞ,1,紙,,000001,矢作
2025/01/13(月),2025/01/13(月),2025/01/13(月),004520,ｺﾞﾝ,1,売上,000001,混合廃棄物A,230,230,03,kg,65,"14,950",36537,000002,B（残置）,001,処分費,10:19,10:22,000000,ｺﾞﾝ,000001,ｵﾈｽﾄ,000001,新木場ﾘｻｲｸﾙ工場,004520,ｺﾞﾝ,000354,ｺﾞﾝ,1,紙,,000002,渡辺
2025/01/13(月),2025/01/13(月),2025/01/13(月),004520,ｺﾞﾝ,1,売上,000046,ﾀﾞﾝﾎﾞｰﾙ,10,10,03,kg,65,650,36537,000002,B（残置）,001,処分費,10:19,10:22,000000,ｺﾞﾝ,000001,ｵﾈｽﾄ,000001,新木場ﾘｻｲｸﾙ工場,004520,ｺﾞﾝ,000354,ｺﾞﾝ,1,紙,,000002,渡辺
2025/01/13(月),2025/01/13(月),2025/01/13(月),004574,栗田建業,1,売上,000002,混合廃棄物B,"1,060","1,060",03,kg,70,"74,200",36560,000003,C（解体）,001,処分費,13:25,13:29,000023,早川様邸解体工事,000001,ｵﾈｽﾄ,000001,新木場ﾘｻｲｸﾙ工場,004574,栗田建業,000412,栗田建業,1,紙,,000002,渡辺
2025/01/13(月),2025/01/13(月),2025/01/13(月),004766,JR東日本環境ｱｸｾｽ,1,売上,000001,混合廃棄物A,"1,210","1,210",03,kg,55,"66,550",36539,000001,A（事業）,001,処分費,10:33,10:33,000001,東京資源循環ｾﾝﾀｰ,000001,ｵﾈｽﾄ,000001,新木場ﾘｻｲｸﾙ工場,004766,JR東日本環境ｱｸｾｽ,000426,JR東日本環境ｱｸｾｽ,2,電子,,000002,渡辺
2025/01/13(月),2025/01/13(月),2025/01/13(月),004766,JR東日本環境ｱｸｾｽ,1,売上,000001,混合廃棄物A,"1,270","1,270",03,kg,55,"69,850",36529,000001,A（事業）,001,処分費,09:43,09:43,000001,東京資源循環ｾﾝﾀｰ,000001,ｵﾈｽﾄ,000001,新木場ﾘｻｲｸﾙ工場,004766,JR東日本環境ｱｸｾｽ,000426,JR東日本環境ｱｸｾｽ,2,電子,,000002,渡辺
2025/01/13(月),2025/01/13(月),2025/01/13(月),005011,ﾊﾙﾊﾟｴﾔ,1,売上,000001,混合廃棄物A,550,550,03,kg,65,"35,750",36568,000002,B（残置）,001,処分費,14:08,14:26,000000,ﾊﾙﾊﾟｴﾔ,000001,ｵﾈｽﾄ,000001,新木場ﾘｻｲｸﾙ工場,005011,ﾊﾙﾊﾟｴﾔ,000718,ﾊﾙﾊﾟｴﾔ,1,紙,,000005,今村（紀）
2025/01/13(月),2025/01/13(月),2025/01/13(月),005011,ﾊﾙﾊﾟｴﾔ,1,売上,000029,木くず,460,460,03,kg,35,"16,100",36568,000002,B（残置）,001,処分費,14:08,14:26,000000,ﾊﾙﾊﾟｴﾔ,000001,ｵﾈｽﾄ,000001,新木場ﾘｻｲｸﾙ工場,005011,ﾊﾙﾊﾟｴﾔ,000718,ﾊﾙﾊﾟｴﾔ,1,紙,,000005,今村（紀）
2025/01/13(月),2025/01/13(月),2025/01/13(月),005099,日本ﾋﾟｰﾏｯｸ,1,売上,000001,混合廃棄物A,110,110,03,kg,65,"7,150",36563,000004,D（建設）,001,処分費,13:36,13:44,000000,日本ﾋﾟｰﾏｯｸ,000001,ｵﾈｽﾄ,000001,新木場ﾘｻｲｸﾙ工場,001051,Y-maxx,000808,Y-maxx,1,紙,,000004,山本
2025/01/13(月),2025/01/13(月),2025/01/13(月),005704,縄野産業,1,売上,000002,混合廃棄物B,300,300,03,kg,70,"21,000",36544,000003,C（解体）,001,処分費,11:41,11:43,000008,中央区銀座4-12-15,000001,ｵﾈｽﾄ,000001,新木場ﾘｻｲｸﾙ工場,005704,縄野産業,000736,縄野産業,1,紙,,000005,今村（紀）
2025/01/13(月),2025/01/13(月),2025/01/13(月),006466,青木ｻｰﾋﾞｽ（入沢勝）,1,売上,000001,混合廃棄物A,480,480,03,kg,65,"31,200",36550,000002,B（残置）,001,処分費,12:02,12:10,000030,川口市赤山5-1,000001,ｵﾈｽﾄ,000001,新木場ﾘｻｲｸﾙ工場,006466,青木ｻｰﾋﾞｽ（入沢勝）,000509,青木ｻｰﾋﾞｽ(入沢勝),1,紙,,000002,渡辺
2025/01/13(月),2025/01/13(月),2025/01/13(月),006708,日本ﾒｯｸｽ,2,支払,000068,GC 軽鉄･ｽﾁｰﾙ類,"4,110","4,110",03,kg,24.5,"100,695",36531,000004,D（建設）,003,有価物,09:52,09:52,000000,日本ﾒｯｸｽ,000001,ｵﾈｽﾄ,000001,新木場ﾘｻｲｸﾙ工場,000016,泉土木,000014,泉土木,1,紙,,000001,矢作
2025/01/13(月),2025/01/13(月),2025/01/13(月),006847,Kiranah Resort,1,売上,000001,混合廃棄物A,500,500,03,kg,45,"22,500",36524,000001,A（事業）,001,処分費,09:27,09:33,000001,ｷﾗﾅﾘｿﾞｰﾄ豊洲,000001,ｵﾈｽﾄ,000001,新木場ﾘｻｲｸﾙ工場,000312,野口興業,000253,野口興業,1,紙,,000002,渡辺
2025/01/13(月),2025/01/13(月),2025/01/13(月),006925,(ｻﾝﾃｸﾉ)ﾘｽﾀｰﾄ,1,売上,000001,混合廃棄物A,340,340,03,kg,58,"19,720",36551,000006,F（他）,001,処分費,12:03,12:08,000000,(ｻﾝﾃｸﾉ)ﾘｽﾀｰﾄ,000001,ｵﾈｽﾄ,000001,新木場ﾘｻｲｸﾙ工場,006925,(ｻﾝﾃｸﾉ)ﾘｽﾀｰﾄ,001022,ｻﾝ･ﾃｸﾉ,1,紙,,000012,サン・テクノ
2025/01/13(月),2025/01/13(月),2025/01/13(月),006925,(ｻﾝﾃｸﾉ)ﾘｽﾀｰﾄ,1,売上,000004,混合廃棄物(焼却物),80,80,03,kg,68,"5,440",36551,000006,F（他）,001,処分費,12:03,12:08,000000,(ｻﾝﾃｸﾉ)ﾘｽﾀｰﾄ,000001,ｵﾈｽﾄ,000001,新木場ﾘｻｲｸﾙ工場,006925,(ｻﾝﾃｸﾉ)ﾘｽﾀｰﾄ,001022,ｻﾝ･ﾃｸﾉ,1,紙,,000012,サン・テクノ
2025/01/13(月),2025/01/13(月),2025/01/13(月),007122,ﾀｽｶﾙ,1,売上,000029,木くず,680,680,03,kg,35,"23,800",36561,000002,B（残置）,001,処分費,13:44,13:44,000001,ﾀｽｶﾙ,000001,ｵﾈｽﾄ,000001,新木場ﾘｻｲｸﾙ工場,007122,ﾀｽｶﾙ,000534,ﾀｽｶﾙ,1,紙,,000007,小林
2025/01/13(月),2025/01/13(月),2025/01/13(月),007162,ｸﾚｽﾄ城南,1,売上,000001,混合廃棄物A,440,440,03,kg,60,"26,400",36582,000004,D（建設）,001,処分費,16:23,16:26,000018,ﾊｯﾄﾄﾘｯｸ,000001,ｵﾈｽﾄ,000001,新木場ﾘｻｲｸﾙ工場,007162,ｸﾚｽﾄ城南,001073,ｸﾚｽﾄ城南,1,紙,,000012,サン・テクノ
2025/01/13(月),2025/01/13(月),2025/01/13(月),007334,ｲｹｱ･ｼﾞｬﾊﾟﾝ,1,売上,000001,混合廃棄物A,260,260,03,kg,54,"14,040",36533,000001,A（事業）,001,処分費,09:58,10:02,000001,IKEA原宿,000001,ｵﾈｽﾄ,000001,新木場ﾘｻｲｸﾙ工場,000028,五十嵐商会,000025,五十嵐商会,2,電子,,000002,渡辺
2025/01/13(月),2025/01/13(月),2025/01/13(月),007447,日本ｴﾚﾍﾞｰﾀｰ製造,2,支払,000068,GC 軽鉄･ｽﾁｰﾙ類,"3,700","3,700",03,kg,24.5,"90,650",36573,000004,D（建設）,003,有価物,15:52,15:52,000016,荻窪郵便局ゆうﾊﾟｯｸｾﾝﾀｰ作業所昇降機設備,000001,ｵﾈｽﾄ,000001,新木場ﾘｻｲｸﾙ工場,000016,泉土木,000014,泉土木,1,紙,,000001,矢作
2025/01/13(月),2025/01/13(月),2025/01/13(月),007820,ｺｽﾓ石油ﾌﾟﾛﾊﾟﾃｨｻｰﾋﾞｽ,1,売上,000001,混合廃棄物A,50,50,03,kg,63,"3,150",36584,000002,B（残置）,001,処分費,16:38,16:44,000001,ｺｽﾓ石油ﾌﾟﾛﾊﾟﾃｨｻｰﾋﾞｽ,000001,ｵﾈｽﾄ,000001,新木場ﾘｻｲｸﾙ工場,001308,ｵﾈｽﾄ･ﾜﾝ,001021,ｵﾈｽﾄ･ﾜﾝ,1,紙,,000011,オネスト・ワン
2025/01/13(月),2025/01/13(月),2025/01/13(月),007820,ｺｽﾓ石油ﾌﾟﾛﾊﾟﾃｨｻｰﾋﾞｽ,1,売上,000046,ﾀﾞﾝﾎﾞｰﾙ,120,120,03,kg,15,"1,800",36584,000002,B（残置）,001,処分費,16:38,16:44,000001,ｺｽﾓ石油ﾌﾟﾛﾊﾟﾃｨｻｰﾋﾞｽ,000001,ｵﾈｽﾄ,000001,新木場ﾘｻｲｸﾙ工場,001308,ｵﾈｽﾄ･ﾜﾝ,001021,ｵﾈｽﾄ･ﾜﾝ,1,紙,,000011,オネスト・ワン
2025/01/13(月),2025/01/13(月),2025/01/13(月),007826,石川ｶﾞｽｹｯﾄ,1,売上,000001,混合廃棄物A,900,900,03,kg,63,"56,700",36576,000002,B（残置）,001,処分費,16:04,16:33,000000,石川ｶﾞｽｹｯﾄ,000001,ｵﾈｽﾄ,000001,新木場ﾘｻｲｸﾙ工場,001308,ｵﾈｽﾄ･ﾜﾝ,001021,ｵﾈｽﾄ･ﾜﾝ,1,紙,,000011,オネスト・ワン
2025/01/13(月),2025/01/13(月),2025/01/13(月),007826,石川ｶﾞｽｹｯﾄ,1,売上,000028,ﾊﾟｰﾃｰｼｮﾝﾎﾞｰﾄﾞ,100,100,03,kg,50,"5,000",36576,000002,B（残置）,001,処分費,16:04,16:33,000000,石川ｶﾞｽｹｯﾄ,000001,ｵﾈｽﾄ,000001,新木場ﾘｻｲｸﾙ工場,001308,ｵﾈｽﾄ･ﾜﾝ,001021,ｵﾈｽﾄ･ﾜﾝ,1,紙,,000011,オネスト・ワン
2025/01/13(月),2025/01/13(月),2025/01/13(月),007826,石川ｶﾞｽｹｯﾄ,1,売上,000030,選別,180,180,03,kg,60,"10,800",36576,000002,B（残置）,001,処分費,16:04,16:33,000000,石川ｶﾞｽｹｯﾄ,000001,ｵﾈｽﾄ,000001,新木場ﾘｻｲｸﾙ工場,001308,ｵﾈｽﾄ･ﾜﾝ,001021,ｵﾈｽﾄ･ﾜﾝ,1,紙,,000011,オネスト・ワン
2025/01/13(月),2025/01/13(月),2025/01/13(月),007826,石川ｶﾞｽｹｯﾄ,1,売上,000030,選別,"1,610","1,610",03,kg,60,"96,600",36543,000002,B（残置）,001,処分費,11:40,11:41,000000,石川ｶﾞｽｹｯﾄ,000001,ｵﾈｽﾄ,000001,新木場ﾘｻｲｸﾙ工場,001308,ｵﾈｽﾄ･ﾜﾝ,001021,ｵﾈｽﾄ･ﾜﾝ,1,紙,,000011,オネスト・ワン
2025/01/13(月),2025/01/13(月),2025/01/13(月),007826,石川ｶﾞｽｹｯﾄ,1,売上,000031,金庫,160,160,03,kg,70,"11,200",36543,000002,B（残置）,001,処分費,11:40,11:41,000000,石川ｶﾞｽｹｯﾄ,000001,ｵﾈｽﾄ,000001,新木場ﾘｻｲｸﾙ工場,001308,ｵﾈｽﾄ･ﾜﾝ,001021,ｵﾈｽﾄ･ﾜﾝ,1,紙,,000011,オネスト・ワン
2025/01/13(月),2025/01/13(月),2025/01/13(月),007826,石川ｶﾞｽｹｯﾄ,2,支払,000068,GC 軽鉄･ｽﾁｰﾙ類,670,670,03,kg,28,"18,760",36543,000002,B（残置）,003,有価物,11:40,11:41,000000,石川ｶﾞｽｹｯﾄ,000001,ｵﾈｽﾄ,000001,新木場ﾘｻｲｸﾙ工場,001308,ｵﾈｽﾄ･ﾜﾝ,001021,ｵﾈｽﾄ･ﾜﾝ,1,紙,,000011,オネスト・ワン
2025/01/13(月),2025/01/13(月),2025/01/13(月),008103,しなの,1,売上,000002,混合廃棄物B,700,700,03,kg,70,"49,000",36521,000003,C（解体）,001,処分費,09:18,09:21,000009,貫井邸,000001,ｵﾈｽﾄ,000001,新木場ﾘｻｲｸﾙ工場,008103,しなの,001059,しなの,1,紙,,000012,サン・テクノ
2025/01/13(月),2025/01/13(月),2025/01/13(月),008465,ｼﾐｽﾞﾋﾞﾙﾗｲﾌｹｱ,1,売上,000001,混合廃棄物A,50,50,03,kg,58,"2,900",36585,000004,D（建設）,001,処分費,16:37,16:38,000003,BF355158　清水建設本社ﾋﾞﾙ,000001,ｵﾈｽﾄ,000001,新木場ﾘｻｲｸﾙ工場,000016,泉土木,000014,泉土木,1,紙,,000001,矢作
2025/01/14(火),2025/01/14(火),2025/01/14(火),000035,日本ﾄﾞﾗｲ,1,売上,000001,混合廃棄物A,180,180,03,kg,65,"11,700",36605,000006,F（他）,001,処分費,08:59,09:14,000001,日本ﾄﾞﾗｲ　白鳥工場,000001,ｵﾈｽﾄ,000001,新木場ﾘｻｲｸﾙ工場,000001,ｵﾈｽﾄ,000031,日本ﾄﾞﾗｲ,1,紙,,000003,蛯子
2025/01/14(火),2025/01/14(火),2025/01/14(火),000035,日本ﾄﾞﾗｲ,1,売上,000109,運搬費,,1,07,台,"22,000","22,000",36605,000006,F（他）,002,運搬費,08:59,09:14,000001,日本ﾄﾞﾗｲ　白鳥工場,000001,ｵﾈｽﾄ,000001,新木場ﾘｻｲｸﾙ工場,000001,ｵﾈｽﾄ,000031,日本ﾄﾞﾗｲ,1,紙,,000003,蛯子
2025/01/14(火),2025/01/14(火),2025/01/14(火),000035,日本ﾄﾞﾗｲ,2,支払,000068,GC 軽鉄･ｽﾁｰﾙ類,150,150,03,kg,15.5,"2,325",36605,000006,F（他）,003,有価物,08:59,09:14,000001,日本ﾄﾞﾗｲ　白鳥工場,000001,ｵﾈｽﾄ,000001,新木場ﾘｻｲｸﾙ工場,000001,ｵﾈｽﾄ,000031,日本ﾄﾞﾗｲ,1,紙,,000003,蛯子
2025/01/14(火),2025/01/14(火),2025/01/14(火),000044,不二製作所,1,売上,000001,混合廃棄物A,880,880,03,kg,65,"57,200",36612,000004,D（建設）,001,処分費,09:29,09:31,000000,不二製作所（本社）,000001,ｵﾈｽﾄ,000001,新木場ﾘｻｲｸﾙ工場,000001,ｵﾈｽﾄ,000123,京葉興業,2,電子,,000004,山本
2025/01/14(火),2025/01/14(火),2025/01/14(火),000044,不二製作所,1,売上,000349,運搬費(4ｔｺﾝﾃﾅ),,1,07,台,"25,000","25,000",36612,000004,D（建設）,002,運搬費,09:29,09:31,000000,不二製作所（本社）,000001,ｵﾈｽﾄ,000001,新木場ﾘｻｲｸﾙ工場,000001,ｵﾈｽﾄ,000123,京葉興業,2,電子,,000004,山本
2025/01/14(火),2025/01/14(火),2025/01/14(火),000052,野呂商店（南水元）,1,売上,000004,混合廃棄物(焼却物),390,390,03,kg,75,"29,250",36695,000003,C（解体）,001,処分費,14:21,14:24,000002,自社倉庫,000001,ｵﾈｽﾄ,000001,新木場ﾘｻｲｸﾙ工場,000052,野呂商店（南水元）,000044,野呂商店（南水元）,1,紙,,000005,今村（紀）
2025/01/14(火),2025/01/14(火),2025/01/14(火),000068,"日本ｻﾆﾊﾟｯｸ ",1,売上,000001,混合廃棄物A,590,590,03,kg,60,"35,400",36601,000002,B（残置）,001,処分費,08:32,08:37,000000,"日本ｻﾆﾊﾟｯｸ ",000001,ｵﾈｽﾄ,000001,新木場ﾘｻｲｸﾙ工場,001656,真和商事,000055,真和商事,1,紙,,000002,渡辺
2025/01/14(火),2025/01/14(火),2025/01/14(火),000068,"日本ｻﾆﾊﾟｯｸ ",1,売上,000093,混合廃棄物(ﾋﾞﾝ･缶･ﾍﾟｯﾄﾎﾞﾄﾙ),150,150,03,kg,45,"6,750",36601,000002,B（残置）,001,処分費,08:32,08:37,000000,"日本ｻﾆﾊﾟｯｸ ",000001,ｵﾈｽﾄ,000001,新木場ﾘｻｲｸﾙ工場,001656,真和商事,000055,真和商事,1,紙,,000002,渡辺
2025/01/14(火),2025/01/14(火),2025/01/14(火),000272,新建産業,1,売上,000001,混合廃棄物A,170,170,03,kg,65,"11,050",36623,000001,A（事業）,001,処分費,10:09,10:09,000000,新建産業,000001,ｵﾈｽﾄ,000001,新木場ﾘｻｲｸﾙ工場,000272,新建産業,000222,新建産業,1,紙,,000006,川部
2025/01/14(火),2025/01/14(火),2025/01/14(火),000272,新建産業,1,売上,000001,混合廃棄物A,650,650,03,kg,65,"42,250",36675,000001,A（事業）,001,処分費,13:43,13:46,000029,西安刀削麵酒桜 神田店,000001,ｵﾈｽﾄ,000001,新木場ﾘｻｲｸﾙ工場,000272,新建産業,000222,新建産業,1,紙,,000006,川部
2025/01/14(火),2025/01/14(火),2025/01/14(火),000281,ﾒﾀｳｫｰﾀｰ,1,売上,000011,混合廃棄物(処理困難物),540,2,02,m3,"30,000","60,000",36700,000004,D（建設）,001,処分費,14:33,14:37,000003,森ヶ崎水再生ｾﾝﾀｰ(東)反応槽機械設備再構築,000001,ｵﾈｽﾄ,000001,新木場ﾘｻｲｸﾙ工場,000001,ｵﾈｽﾄ,000281,ﾒﾀｳｫｰﾀｰ,1,紙,,000010,メタウォーター
2025/01/14(火),2025/01/14(火),2025/01/14(火),000281,ﾒﾀｳｫｰﾀｰ,1,売上,000014,混合廃棄物,,4,02,m3,"10,000","40,000",36700,000004,D（建設）,001,処分費,14:33,14:37,000003,森ヶ崎水再生ｾﾝﾀｰ(東)反応槽機械設備再構築,000001,ｵﾈｽﾄ,000001,新木場ﾘｻｲｸﾙ工場,000001,ｵﾈｽﾄ,000281,ﾒﾀｳｫｰﾀｰ,1,紙,,000010,メタウォーター
2025/01/14(火),2025/01/14(火),2025/01/14(火),000281,ﾒﾀｳｫｰﾀｰ,1,売上,000350,運搬費(4ｔﾕﾆｯｸ車),,1,07,台,"30,000","30,000",36700,000004,D（建設）,002,運搬費,14:33,14:37,000003,森ヶ崎水再生ｾﾝﾀｰ(東)反応槽機械設備再構築,000001,ｵﾈｽﾄ,000001,新木場ﾘｻｲｸﾙ工場,000001,ｵﾈｽﾄ,000281,ﾒﾀｳｫｰﾀｰ,1,紙,,000010,メタウォーター
2025/01/14(火),2025/01/14(火),2025/01/14(火),000289,ｼﾃｨﾛｼﾞｽﾃｨｯｸｽ,1,売上,000001,混合廃棄物A,120,120,03,kg,65,"7,800",36702,000002,B（残置）,001,処分費,14:44,14:44,000023,ｻﾝﾎｰﾌﾟｽ,000001,ｵﾈｽﾄ,000001,新木場ﾘｻｲｸﾙ工場,000289,ｼﾃｨﾛｼﾞｽﾃｨｯｸｽ,000232,ｼﾃｨﾛｼﾞｽﾃｨｯｸｽ,1,紙,,000006,川部
2025/01/14(火),2025/01/14(火),2025/01/14(火),000302,ﾖｼﾓﾘ,1,売上,000003,混合廃棄物C,"1,240","1,240",03,kg,58,"71,920",36591,000001,A（事業）,001,処分費,07:23,07:25,000001,ﾖｼﾓﾘ扇ﾘｻｲｸﾙｾﾝﾀｰ,000001,ｵﾈｽﾄ,000001,新木場ﾘｻｲｸﾙ工場,000302,ﾖｼﾓﾘ,000244,ﾖｼﾓﾘ,1,紙,,000002,渡辺
2025/01/14(火),2025/01/14(火),2025/01/14(火),000312,野口興業,1,売上,000001,混合廃棄物A,560,560,03,kg,45,"25,200",36598,000001,A（事業）,001,処分費,08:22,08:27,000000,野口興業,000001,ｵﾈｽﾄ,000001,新木場ﾘｻｲｸﾙ工場,000312,野口興業,000253,野口興業,1,紙,,000002,渡辺
2025/01/14(火),2025/01/14(火),2025/01/14(火),000313,ｱｰﾙｸﾘｴｲﾄ,1,売上,000001,混合廃棄物A,840,840,03,kg,65,"54,600",36711,000003,C（解体）,001,処分費,15:37,15:42,000000,ｱｰﾙｸﾘｴｲﾄ,000001,ｵﾈｽﾄ,000001,新木場ﾘｻｲｸﾙ工場,000313,ｱｰﾙｸﾘｴｲﾄ,000254,ｱｰﾙｸﾘｴｲﾄ,1,紙,,000006,川部
2025/01/14(火),2025/01/14(火),2025/01/14(火),000313,ｱｰﾙｸﾘｴｲﾄ,1,売上,000013,混合廃棄物(ｿﾌｧｰ),100,100,03,kg,100,"10,000",36711,000003,C（解体）,001,処分費,15:37,15:42,000000,ｱｰﾙｸﾘｴｲﾄ,000001,ｵﾈｽﾄ,000001,新木場ﾘｻｲｸﾙ工場,000313,ｱｰﾙｸﾘｴｲﾄ,000254,ｱｰﾙｸﾘｴｲﾄ,1,紙,,000006,川部
2025/01/14(火),2025/01/14(火),2025/01/14(火),000313,ｱｰﾙｸﾘｴｲﾄ,1,売上,000086,ﾄﾅｰ,10,10,03,kg,150,"1,500",36711,000003,C（解体）,001,処分費,15:37,15:42,000000,ｱｰﾙｸﾘｴｲﾄ,000001,ｵﾈｽﾄ,000001,新木場ﾘｻｲｸﾙ工場,000313,ｱｰﾙｸﾘｴｲﾄ,000254,ｱｰﾙｸﾘｴｲﾄ,1,紙,,000006,川部
2025/01/14(火),2025/01/14(火),2025/01/14(火),000447,共同印刷,1,売上,000001,混合廃棄物A,180,180,03,kg,60,"10,800",36699,000001,A（事業）,001,処分費,14:15,14:18,000000,共同印刷,000001,ｵﾈｽﾄ,000001,新木場ﾘｻｲｸﾙ工場,000001,ｵﾈｽﾄ,000344,共同印刷,1,紙,,000002,渡辺
2025/01/14(火),2025/01/14(火),2025/01/14(火),000447,共同印刷,1,売上,000109,運搬費,,1,07,台,"23,000","23,000",36699,000001,A（事業）,002,運搬費,14:15,14:18,000000,共同印刷,000001,ｵﾈｽﾄ,000001,新木場ﾘｻｲｸﾙ工場,000001,ｵﾈｽﾄ,000344,共同印刷,1,紙,,000002,渡辺
2025/01/14(火),2025/01/14(火),2025/01/14(火),000462,ｽﾀｰﾂCAM,1,売上,000002,混合廃棄物B,300,300,03,kg,70,"21,000",36606,000004,D（建設）,001,処分費,08:58,09:00,000004,りそな銀行浦安支店解体工事,000001,ｵﾈｽﾄ,000001,新木場ﾘｻｲｸﾙ工場,000474,ｱｸﾛﾊﾞｯﾄｱｰﾑｽﾞ,000360,ｱｸﾛﾊﾞｯﾄｱｰﾑｽﾞ,2,電子,,000002,渡辺
2025/01/14(火),2025/01/14(火),2025/01/14(火),000462,ｽﾀｰﾂCAM,1,売上,000002,混合廃棄物B,370,370,03,kg,70,"25,900",36674,000004,D（建設）,001,処分費,13:24,13:24,000002,(仮称)神田錦町三丁目設備工事に伴う,000001,ｵﾈｽﾄ,000001,新木場ﾘｻｲｸﾙ工場,000474,ｱｸﾛﾊﾞｯﾄｱｰﾑｽﾞ,000360,ｱｸﾛﾊﾞｯﾄｱｰﾑｽﾞ,2,電子,,000002,渡辺
2025/01/14(火),2025/01/14(火),2025/01/14(火),000691,Re建装,1,売上,000001,混合廃棄物A,110,110,03,kg,65,"7,150",36613,000003,C（解体）,001,処分費,09:26,09:34,000000,Re建装,000001,ｵﾈｽﾄ,000001,新木場ﾘｻｲｸﾙ工場,000691,Re建装,001275,Re建装,1,紙,,000007,小林
2025/01/14(火),2025/01/14(火),2025/01/14(火),000691,Re建装,1,売上,000026,石膏ﾎﾞｰﾄﾞC,30,30,03,kg,80,"2,400",36613,000003,C（解体）,001,処分費,09:26,09:34,000000,Re建装,000001,ｵﾈｽﾄ,000001,新木場ﾘｻｲｸﾙ工場,000691,Re建装,001275,Re建装,1,紙,,000007,小林
2025/01/14(火),2025/01/14(火),2025/01/14(火),000736,(ｻﾝﾃｸﾉ)ｲﾝ･ｻﾎﾟｰﾄ,1,売上,000002,混合廃棄物B,660,660,03,kg,63,"41,580",36600,000006,F（他）,001,処分費,08:31,08:33,000000,(ｻﾝﾃｸﾉ)ｲﾝ･ｻﾎﾟｰﾄ,000001,ｵﾈｽﾄ,000001,新木場ﾘｻｲｸﾙ工場,001748,(ｻﾝﾃｸﾉ)ｽﾀｰﾀﾞｽﾄ社,001022,ｻﾝ･ﾃｸﾉ,1,紙,,000012,サン・テクノ
2025/01/14(火),2025/01/14(火),2025/01/14(火),000777,ｺﾄﾌﾞｷｼｰﾃｨﾝｸﾞ,1,売上,000030,選別,"1,060","1,060",03,kg,70,"74,200",36714,000004,D（建設）,001,処分費,15:10,15:10,000012,樋口物流ｻｰﾋﾞｽ関東物流ｻｰﾋﾞｽ,000001,ｵﾈｽﾄ,000001,新木場ﾘｻｲｸﾙ工場,000001,ｵﾈｽﾄ,000603,ｺﾄﾌﾞｷｼｰﾃｨﾝｸﾞ,1,紙,,000006,川部
2025/01/14(火),2025/01/14(火),2025/01/14(火),000777,ｺﾄﾌﾞｷｼｰﾃｨﾝｸﾞ,1,売上,000109,運搬費(ﾕﾆｯｸ),,1,07,台,"30,000","30,000",36714,000004,D（建設）,002,運搬費,15:10,15:10,000012,樋口物流ｻｰﾋﾞｽ関東物流ｻｰﾋﾞｽ,000001,ｵﾈｽﾄ,000001,新木場ﾘｻｲｸﾙ工場,000001,ｵﾈｽﾄ,000603,ｺﾄﾌﾞｷｼｰﾃｨﾝｸﾞ,1,紙,,000006,川部
2025/01/14(火),2025/01/14(火),2025/01/14(火),000923,港区教育委員会事務局　学校教育部,1,売上,000014,混合廃棄物,90,90,03,kg,45,"4,050",36665,000006,F（他）,001,処分費,12:21,12:21,000036,港南中学校,000001,ｵﾈｽﾄ,000001,新木場ﾘｻｲｸﾙ工場,000001,ｵﾈｽﾄ,001311,港区教育委員会事務局　学校教育部,1,紙,,000007,小林
2025/01/14(火),2025/01/14(火),2025/01/14(火),000923,港区教育委員会事務局　学校教育部,1,売上,000014,混合廃棄物,350,350,03,kg,45,"15,750",36690,000006,F（他）,001,処分費,14:15,14:18,000034,芝浜小学校,000001,ｵﾈｽﾄ,000001,新木場ﾘｻｲｸﾙ工場,000001,ｵﾈｽﾄ,001311,港区教育委員会事務局　学校教育部,1,紙,,000007,小林
2025/01/14(火),2025/01/14(火),2025/01/14(火),001074,共栄学園,1,売上,000014,混合廃棄物,20,20,03,kg,50,"1,000",36604,000001,A（事業）,001,処分費,09:14,09:14,000000,共栄学園,000001,ｵﾈｽﾄ,000001,新木場ﾘｻｲｸﾙ工場,000001,ｵﾈｽﾄ,000825,学校法人 共栄学園,1,紙,,000006,川部
2025/01/14(火),2025/01/14(火),2025/01/14(火),001198,修美堂,1,売上,000001,混合廃棄物A,180,180,03,kg,65,"11,700",36632,000002,B（残置）,001,処分費,10:49,10:49,000000,修美堂,000001,ｵﾈｽﾄ,000001,新木場ﾘｻｲｸﾙ工場,001198,修美堂,001353,修美堂,1,紙,,000007,小林
2025/01/14(火),2025/01/14(火),2025/01/14(火),001213,ｲｰｽﾀｰ,1,売上,000002,混合廃棄物B,550,550,03,kg,70,"38,500",36707,000004,D（建設）,001,処分費,14:46,14:51,000002,宮野木建築工事,000001,ｵﾈｽﾄ,000001,新木場ﾘｻｲｸﾙ工場,001250,ｱﾝﾃﾞｽ,000971,ｱﾝﾃﾞｽ,1,紙,,000002,渡辺
2025/01/14(火),2025/01/14(火),2025/01/14(火),001244,銀座急送,1,売上,000001,混合廃棄物A,"1,760","1,760",03,kg,65,"114,400",36723,000002,B（残置）,001,処分費,16:18,16:40,000001,銀座急送㈱辰巳DS,000001,ｵﾈｽﾄ,000001,新木場ﾘｻｲｸﾙ工場,001244,銀座急送,000965,銀座急送,1,紙,,000002,渡辺
2025/01/14(火),2025/01/14(火),2025/01/14(火),001254,ﾄｯﾌﾟ,1,売上,000009,混合廃棄物(安定型),"1,800","1,800",03,kg,60,"108,000",36634,000004,D（建設）,001,処分費,10:57,10:57,000001,ﾄｯﾌﾟ　吉川事業所,000001,ｵﾈｽﾄ,000001,新木場ﾘｻｲｸﾙ工場,001254,ﾄｯﾌﾟ,000975,ﾄｯﾌﾟ,1,紙,,000002,渡辺
2025/01/14(火),2025/01/14(火),2025/01/14(火),001258,ﾎｿﾔ,1,売上,000001,混合廃棄物A,240,240,03,kg,65,"15,600",36589,000001,A（事業）,001,処分費,07:18,07:20,000000,ﾎｿﾔ,000001,ｵﾈｽﾄ,000001,新木場ﾘｻｲｸﾙ工場,001258,ﾎｿﾔ,000979,ﾎｿﾔ,1,紙,,000005,今村（紀）
2025/01/14(火),2025/01/14(火),2025/01/14(火),001335,ｼﾝｶ,1,売上,000001,混合廃棄物A,20,20,03,kg,65,"1,300",36697,000003,C（解体）,001,処分費,14:23,14:28,000000,ｼﾝｶ,000001,ｵﾈｽﾄ,000001,新木場ﾘｻｲｸﾙ工場,001335,ｼﾝｶ,001363,ｼﾝｶ,1,紙,,000002,渡辺
2025/01/14(火),2025/01/14(火),2025/01/14(火),001335,ｼﾝｶ,1,売上,000026,石膏ﾎﾞｰﾄﾞC,30,30,03,kg,80,"2,400",36697,000003,C（解体）,001,処分費,14:23,14:28,000000,ｼﾝｶ,000001,ｵﾈｽﾄ,000001,新木場ﾘｻｲｸﾙ工場,001335,ｼﾝｶ,001363,ｼﾝｶ,1,紙,,000002,渡辺
2025/01/14(火),2025/01/14(火),2025/01/14(火),001438,(ｻﾝﾃｸﾉ)三興運輸(葛飾区),1,売上,000001,混合廃棄物A,510,510,03,kg,58,"29,580",36685,000006,F（他）,001,処分費,14:06,14:06,000000,(ｻﾝﾃｸﾉ)三興運輸(葛飾区),000001,ｵﾈｽﾄ,000001,新木場ﾘｻｲｸﾙ工場,001438,(ｻﾝﾃｸﾉ)三興運輸(葛飾区),001022,ｻﾝ･ﾃｸﾉ,1,紙,,000012,サン・テクノ
2025/01/14(火),2025/01/14(火),2025/01/14(火),001497,岩瀬運輸機工,1,売上,000001,混合廃棄物A,620,620,03,kg,65,"40,300",36640,000001,A（事業）,001,処分費,11:11,11:24,000000,岩瀬運輸機工,000001,ｵﾈｽﾄ,000001,新木場ﾘｻｲｸﾙ工場,001497,岩瀬運輸機工,000629,坪野谷紙業,1,紙,,000002,渡辺
2025/01/14(火),2025/01/14(火),2025/01/14(火),001497,岩瀬運輸機工,1,売上,000029,木くず,"1,430","1,430",03,kg,35,"50,050",36640,000001,A（事業）,001,処分費,11:11,11:24,000000,岩瀬運輸機工,000001,ｵﾈｽﾄ,000001,新木場ﾘｻｲｸﾙ工場,001497,岩瀬運輸機工,000629,坪野谷紙業,1,紙,,000002,渡辺
2025/01/14(火),2025/01/14(火),2025/01/14(火),001500,ｽﾀｰｾﾞﾝﾛｼﾞｽﾃｨｸｽ,1,売上,000001,混合廃棄物A,210,210,03,kg,54,"11,340",36644,000001,A（事業）,001,処分費,11:41,12:37,000000,ｽﾀｰｾﾞﾝﾛｼﾞｽﾃｨｸｽ,000001,ｵﾈｽﾄ,000001,新木場ﾘｻｲｸﾙ工場,000028,五十嵐商会,000025,五十嵐商会,1,紙,,000002,渡辺
2025/01/14(火),2025/01/14(火),2025/01/14(火),001500,ｽﾀｰｾﾞﾝﾛｼﾞｽﾃｨｸｽ,1,売上,000030,選別,140,140,03,kg,65,"9,100",36644,000001,A（事業）,001,処分費,11:41,12:37,000000,ｽﾀｰｾﾞﾝﾛｼﾞｽﾃｨｸｽ,000001,ｵﾈｽﾄ,000001,新木場ﾘｻｲｸﾙ工場,000028,五十嵐商会,000025,五十嵐商会,1,紙,,000002,渡辺
2025/01/14(火),2025/01/14(火),2025/01/14(火),001500,ｽﾀｰｾﾞﾝﾛｼﾞｽﾃｨｸｽ,2,支払,000068,GC 軽鉄･ｽﾁｰﾙ類,300,300,03,kg,15.5,"4,650",36644,000001,A（事業）,003,有価物,11:41,12:37,000000,ｽﾀｰｾﾞﾝﾛｼﾞｽﾃｨｸｽ,000001,ｵﾈｽﾄ,000001,新木場ﾘｻｲｸﾙ工場,000028,五十嵐商会,000025,五十嵐商会,1,紙,,000002,渡辺
2025/01/14(火),2025/01/14(火),2025/01/14(火),001547,ｱｻﾋﾌｧｼﾘﾃｨｽﾞ東京本店,1,売上,000001,混合廃棄物A,390,390,03,kg,65,"25,350",36661,000001,A（事業）,001,処分費,12:56,12:56,000001,千駄ヶ谷ｲﾝﾃｽ,000001,ｵﾈｽﾄ,000001,新木場ﾘｻｲｸﾙ工場,001546,江栄,000013,江栄,1,紙,,000002,渡辺
2025/01/14(火),2025/01/14(火),2025/01/14(火),001580,ｱｻﾋﾌｧｼﾘﾃｨｽﾞ,1,売上,000001,混合廃棄物A,400,400,03,kg,65,"26,000",36686,000001,A（事業）,001,処分費,14:12,14:12,000002,ﾜｰﾙﾄﾞ･ｸｳﾘｱｰ,000001,ｵﾈｽﾄ,000001,新木場ﾘｻｲｸﾙ工場,001454,谷津商会,000247,谷津商会,1,紙,,000002,渡辺
2025/01/14(火),2025/01/14(火),2025/01/14(火),001668,国際環境ｻｰﾋﾞｽ,1,売上,000001,混合廃棄物A,620,620,03,kg,60,"37,200",36597,000002,B（残置）,001,処分費,08:09,08:12,000001,国際環境ｻｰﾋﾞｽ(上鷺宮）,000001,ｵﾈｽﾄ,000001,新木場ﾘｻｲｸﾙ工場,001656,真和商事,000055,真和商事,1,紙,,000002,渡辺
2025/01/14(火),2025/01/14(火),2025/01/14(火),001668,国際環境ｻｰﾋﾞｽ,1,売上,000093,混合廃棄物(ﾋﾞﾝ･缶･ﾍﾟｯﾄﾎﾞﾄﾙ),160,160,03,kg,45,"7,200",36597,000002,B（残置）,001,処分費,08:09,08:12,000001,国際環境ｻｰﾋﾞｽ(上鷺宮）,000001,ｵﾈｽﾄ,000001,新木場ﾘｻｲｸﾙ工場,001656,真和商事,000055,真和商事,1,紙,,000002,渡辺
2025/01/14(火),2025/01/14(火),2025/01/14(火),001947,ﾁｬｺｰﾙ市野,1,売上,000001,混合廃棄物A,850,850,03,kg,53,"45,050",36627,000001,A（事業）,001,処分費,10:27,10:30,000001,渋谷市野ﾋﾞﾙ,000001,ｵﾈｽﾄ,000001,新木場ﾘｻｲｸﾙ工場,000302,ﾖｼﾓﾘ,000244,ﾖｼﾓﾘ,1,紙,,000002,渡辺
2025/01/14(火),2025/01/14(火),2025/01/14(火),001966,ｴﾇ･ﾃｨ･ﾃｨ都市開発,1,売上,000001,混合廃棄物A,420,420,03,kg,54,"22,680",36622,000001,A（事業）,001,処分費,10:01,10:01,000008,ｱｰﾊﾞﾝﾈｯﾄ内幸町ﾋﾞﾙ,000001,ｵﾈｽﾄ,000001,新木場ﾘｻｲｸﾙ工場,000028,五十嵐商会,000025,五十嵐商会,1,紙,,000002,渡辺
2025/01/14(火),2025/01/14(火),2025/01/14(火),001997,日本ﾌﾟﾚｽｾﾝﾀｰ,1,売上,000001,混合廃棄物A,700,700,03,kg,53,"37,100",36594,000001,A（事業）,001,処分費,08:08,08:09,000001,ﾌﾟﾚｽｾﾝﾀｰ,000001,ｵﾈｽﾄ,000001,新木場ﾘｻｲｸﾙ工場,000302,ﾖｼﾓﾘ,000244,ﾖｼﾓﾘ,1,紙,,000002,渡辺
2025/01/14(火),2025/01/14(火),2025/01/14(火),002006,三菱地所ﾌﾟﾛﾊﾟﾃｨﾏﾈｼﾞﾒﾝﾄ,1,売上,000001,混合廃棄物A,320,320,03,kg,54,"17,280",36617,000001,A（事業）,001,処分費,09:48,09:50,000001,JAﾋﾞﾙ,000001,ｵﾈｽﾄ,000001,新木場ﾘｻｲｸﾙ工場,000028,五十嵐商会,000025,五十嵐商会,1,紙,,000002,渡辺
2025/01/14(火),2025/01/14(火),2025/01/14(火),002205,俳優座劇場,1,売上,000001,混合廃棄物A,"1,100","1,100",03,kg,65,"71,500",36725,000002,B（残置）,001,処分費,16:48,16:48,000001,俳優座劇場越谷工場,000001,ｵﾈｽﾄ,000001,新木場ﾘｻｲｸﾙ工場,002202,宮坂運送,000268,宮坂運送,1,紙,,000004,山本
2025/01/14(火),2025/01/14(火),2025/01/14(火),002238,ｱｰﾙﾂｰ(小林),1,売上,000001,混合廃棄物A,910,910,03,kg,65,"59,150",36666,000002,B（残置）,001,処分費,12:59,13:23,000012,ﾄﾗｽﾄﾃﾞｰﾀｻｰﾋﾞｽ富里物流ｾﾝﾀｰ,000001,ｵﾈｽﾄ,000001,新木場ﾘｻｲｸﾙ工場,000001,ｵﾈｽﾄ,000561,ｱｰﾙﾂｰ,1,紙,,000007,小林
2025/01/14(火),2025/01/14(火),2025/01/14(火),002238,ｱｰﾙﾂｰ(小林),1,売上,000030,選別,170,170,03,kg,75,"12,750",36666,000002,B（残置）,001,処分費,12:59,13:23,000012,ﾄﾗｽﾄﾃﾞｰﾀｻｰﾋﾞｽ富里物流ｾﾝﾀｰ,000001,ｵﾈｽﾄ,000001,新木場ﾘｻｲｸﾙ工場,000001,ｵﾈｽﾄ,000561,ｱｰﾙﾂｰ,1,紙,,000007,小林
2025/01/14(火),2025/01/14(火),2025/01/14(火),002238,ｱｰﾙﾂｰ(小林),1,売上,000109,運搬費,,1,07,台,"30,000","30,000",36666,000002,B（残置）,002,運搬費,12:59,13:23,000012,ﾄﾗｽﾄﾃﾞｰﾀｻｰﾋﾞｽ富里物流ｾﾝﾀｰ,000001,ｵﾈｽﾄ,000001,新木場ﾘｻｲｸﾙ工場,000001,ｵﾈｽﾄ,000561,ｱｰﾙﾂｰ,1,紙,,000007,小林
2025/01/14(火),2025/01/14(火),2025/01/14(火),002242,三井不動産ﾋﾞﾙﾏﾈｼﾞﾒﾝﾄﾘﾉﾍﾞｰｼｮﾝ事業部,1,売上,000001,混合廃棄物A,220,220,03,kg,58,"12,760",36651,000004,D（建設）,001,処分費,12:12,13:14,000026,豊洲センタービル,000001,ｵﾈｽﾄ,000001,新木場ﾘｻｲｸﾙ工場,000016,泉土木,000014,泉土木,1,紙,,000001,矢作
2025/01/14(火),2025/01/14(火),2025/01/14(火),002242,三井不動産ﾋﾞﾙﾏﾈｼﾞﾒﾝﾄﾘﾉﾍﾞｰｼｮﾝ事業部,2,支払,000068,GC 軽鉄･ｽﾁｰﾙ類,"1,260","1,260",03,kg,24.5,"30,870",36651,000004,D（建設）,003,有価物,12:12,13:14,000026,豊洲センタービル,000001,ｵﾈｽﾄ,000001,新木場ﾘｻｲｸﾙ工場,000016,泉土木,000014,泉土木,1,紙,,000001,矢作
2025/01/14(火),2025/01/14(火),2025/01/14(火),002245,三友建設,1,売上,000002,混合廃棄物B,60,60,03,kg,65,"3,900",36616,000003,C（解体）,001,処分費,09:50,09:50,000092,神保様邸解体工事,000001,ｵﾈｽﾄ,000001,新木場ﾘｻｲｸﾙ工場,002245,三友建設,000658,三友建設,2,電子,,000002,渡辺
2025/01/14(火),2025/01/14(火),2025/01/14(火),002245,三友建設,1,売上,000034,本畳,200,8,11,枚,"1,500","12,000",36616,000003,C（解体）,001,処分費,09:50,09:50,000092,神保様邸解体工事,000001,ｵﾈｽﾄ,000001,新木場ﾘｻｲｸﾙ工場,002245,三友建設,000658,三友建設,2,電子,,000002,渡辺
2025/01/14(火),2025/01/14(火),2025/01/14(火),002246,東ｿｰ物流,1,売上,000001,混合廃棄物A,130,130,03,kg,60,"7,800",36691,000002,B（残置）,001,処分費,14:19,14:19,000000,東ｿｰ物流,000001,ｵﾈｽﾄ,000001,新木場ﾘｻｲｸﾙ工場,001772,三洋ｴｸｽﾌﾟﾚｽ,000228,三洋ｴｸｽﾌﾟﾚｽ,1,紙,,000002,渡辺
2025/01/14(火),2025/01/14(火),2025/01/14(火),002267,学校法人芝浦工業大学,1,売上,000002,混合廃棄物B,650,650,03,kg,65,"42,250",36647,000002,B（残置）,001,処分費,11:43,11:45,000001,豊洲ｷｬﾝﾊﾟｽ,000001,ｵﾈｽﾄ,000001,新木場ﾘｻｲｸﾙ工場,001415,山口興業(BOND),001238,山口興業（BOND）,1,紙,,000005,今村（紀）
2025/01/14(火),2025/01/14(火),2025/01/14(火),002278,三菱地所ﾚｼﾞﾃﾞﾝｽ,1,売上,000001,混合廃棄物A,430,430,03,kg,60,"25,800",36649,000002,B（残置）,001,処分費,11:54,11:54,000013,三菱地所ﾚｼﾞﾃﾞﾝｽ(新宿区),000001,ｵﾈｽﾄ,000001,新木場ﾘｻｲｸﾙ工場,001772,三洋ｴｸｽﾌﾟﾚｽ,000228,三洋ｴｸｽﾌﾟﾚｽ,1,紙,,000002,渡辺
2025/01/14(火),2025/01/14(火),2025/01/14(火),002278,三菱地所ﾚｼﾞﾃﾞﾝｽ,1,売上,000036,ﾏｯﾄﾚｽ(ｼﾝｸﾞﾙ),10,1,11,枚,"6,000","6,000",36649,000002,B（残置）,001,処分費,11:54,11:54,000013,三菱地所ﾚｼﾞﾃﾞﾝｽ(新宿区),000001,ｵﾈｽﾄ,000001,新木場ﾘｻｲｸﾙ工場,001772,三洋ｴｸｽﾌﾟﾚｽ,000228,三洋ｴｸｽﾌﾟﾚｽ,1,紙,,000002,渡辺
2025/01/14(火),2025/01/14(火),2025/01/14(火),002301,ｴｲ･ｹｰ･ｴｲ,1,売上,000001,混合廃棄物A,"1,330","1,330",03,kg,60,"79,800",36602,000002,B（残置）,001,処分費,08:44,08:49,000002,ｴｲｹｰｴｲ（千葉市）,000001,ｵﾈｽﾄ,000001,新木場ﾘｻｲｸﾙ工場,001772,三洋ｴｸｽﾌﾟﾚｽ,000228,三洋ｴｸｽﾌﾟﾚｽ,1,紙,,000002,渡辺
2025/01/14(火),2025/01/14(火),2025/01/14(火),002380,築地場外市場商店街(振),1,売上,000002,混合廃棄物B,260,260,03,kg,65,"16,900",36593,000002,B（残置）,001,処分費,07:34,07:38,000000,築地場外市場商店街(振),000001,ｵﾈｽﾄ,000001,新木場ﾘｻｲｸﾙ工場,001415,山口興業,001238,山口興業（BOND）,,,,000005,今村（紀）
2025/01/14(火),2025/01/14(火),2025/01/14(火),002423,ｼﾓﾑﾗ,1,売上,000001,混合廃棄物A,"1,020","1,020",03,kg,57,"58,140",36635,000005,E（中・積),001,処分費,11:08,11:12,000025,SandvinJapan,000001,ｵﾈｽﾄ,000001,新木場ﾘｻｲｸﾙ工場,000300,丸三松本商事,000242,丸三松本商事,1,紙,,000002,渡辺
2025/01/14(火),2025/01/14(火),2025/01/14(火),002487,ｺｺｽﾅｶﾑﾗ,1,売上,000001,混合廃棄物A,"2,410","2,410",03,kg,65,"156,650",36586,000001,A（事業）,001,処分費,06:58,07:01,000001,ｺｺｽﾅｶﾑﾗ梅島本部,000001,ｵﾈｽﾄ,000001,新木場ﾘｻｲｸﾙ工場,000131,ﾏﾂﾓﾄ,000104,ﾏﾂﾓﾄ,1,紙,,000002,渡辺
2025/01/14(火),2025/01/14(火),2025/01/14(火),002600,医療法人社団石川記念会,1,売上,000001,混合廃棄物A,270,270,03,kg,65,"17,550",36610,000001,A（事業）,001,処分費,09:23,09:23,000001,医療法人社団石川記念会,000001,ｵﾈｽﾄ,000001,新木場ﾘｻｲｸﾙ工場,000061,芝商会,000050,芝商会,1,紙,,000007,小林
2025/01/14(火),2025/01/14(火),2025/01/14(火),002627,ｻﾃﾗｲﾄｼﾞｬﾊﾟﾝ,1,売上,000001,混合廃棄物A,130,130,03,kg,54,"7,020",36614,000001,A（事業）,001,処分費,09:35,09:35,000001,ﾌｧﾛｼﾃｨﾋﾞﾙ(ﾗ･ﾋﾟｽﾀ新橋),000001,ｵﾈｽﾄ,000001,新木場ﾘｻｲｸﾙ工場,000028,五十嵐商会,000025,五十嵐商会,1,紙,,000002,渡辺
2025/01/14(火),2025/01/14(火),2025/01/14(火),002675,ｼﾈﾛﾝ･ｷｬﾝﾃﾞﾗ,1,売上,000001,混合廃棄物A,10,10,03,kg,65,650,36720,000004,D（建設）,001,処分費,15:52,15:52,000000,ｼﾈﾛﾝ･ｷｬﾝﾃﾞﾗ,000001,ｵﾈｽﾄ,000001,新木場ﾘｻｲｸﾙ工場,000361,全公研,000289,全公研,1,紙,,000004,山本
2025/01/14(火),2025/01/14(火),2025/01/14(火),002999,ﾊﾞﾝﾀﾝ,1,売上,000001,混合廃棄物A,290,290,03,kg,65,"18,850",36587,000001,A（事業）,001,処分費,07:08,07:11,000001,ﾊﾞﾝﾀﾝ中目黒3号館,000001,ｵﾈｽﾄ,000001,新木場ﾘｻｲｸﾙ工場,000079,五十嵐商事,000065,五十嵐商事,1,紙,,000002,渡辺
2025/01/14(火),2025/01/14(火),2025/01/14(火),003272,第一田中電気工事,1,売上,000001,混合廃棄物A,80,80,03,kg,58,"4,640",36618,000004,D（建設）,001,処分費,09:53,09:55,000000,第一田中電気工事,000001,ｵﾈｽﾄ,000001,新木場ﾘｻｲｸﾙ工場,000016,泉土木,000014,泉土木,1,紙,,000001,矢作
2025/01/14(火),2025/01/14(火),2025/01/14(火),003423,ﾘｺｰｼﾞｬﾊﾟﾝ,1,売上,000001,混合廃棄物A,40,40,03,kg,58,"2,320",36668,000004,D（建設）,001,処分費,13:17,13:17,000000,ﾘｺｰｼﾞｬﾊﾟﾝ,000001,ｵﾈｽﾄ,000001,新木場ﾘｻｲｸﾙ工場,000016,泉土木,000014,泉土木,2,電子,,000001,矢作
2025/01/14(火),2025/01/14(火),2025/01/14(火),003423,ﾘｺｰｼﾞｬﾊﾟﾝ,1,売上,000046,ﾀﾞﾝﾎﾞｰﾙ,20,20,03,kg,0,0,36668,000004,D（建設）,001,処分費,13:17,13:17,000000,ﾘｺｰｼﾞｬﾊﾟﾝ,000001,ｵﾈｽﾄ,000001,新木場ﾘｻｲｸﾙ工場,000016,泉土木,000014,泉土木,2,電子,,000001,矢作
2025/01/14(火),2025/01/14(火),2025/01/14(火),003492,東ｲﾝ,1,売上,000001,混合廃棄物A,450,450,03,kg,60,"27,000",36603,000002,B（残置）,001,処分費,08:57,09:01,000000,東ｲﾝ,000001,ｵﾈｽﾄ,000001,新木場ﾘｻｲｸﾙ工場,007489,ﾌｫｰﾒｰｼｮﾝ,001020,ﾌｫｰﾒｰｼｮﾝ,1,紙,,000007,小林
2025/01/14(火),2025/01/14(火),2025/01/14(火),003497,ﾆｭｰﾊｳｼﾞﾝｸﾞ,1,売上,000001,混合廃棄物A,960,960,03,kg,58,"55,680",36664,000004,D（建設）,001,処分費,12:56,12:59,000003,ﾆﾁﾚｲ水道橋ﾋﾞﾙ,000001,ｵﾈｽﾄ,000001,新木場ﾘｻｲｸﾙ工場,000016,泉土木,000014,泉土木,1,紙,,000001,矢作
2025/01/14(火),2025/01/14(火),2025/01/14(火),003580,大京穴吹建設,1,売上,000030,選別,20,20,03,kg,55,"1,100",36704,000004,D（建設）,001,処分費,14:37,14:38,000000,大京穴吹建設,000001,ｵﾈｽﾄ,000001,新木場ﾘｻｲｸﾙ工場,000016,泉土木,000014,泉土木,2,電子,,000001,矢作
2025/01/14(火),2025/01/14(火),2025/01/14(火),003580,大京穴吹建設,2,支払,000068,GC 軽鉄･ｽﾁｰﾙ類,10,10,03,kg,24.5,245,36704,000004,D（建設）,003,有価物,14:37,14:38,000000,大京穴吹建設,000001,ｵﾈｽﾄ,000001,新木場ﾘｻｲｸﾙ工場,000016,泉土木,000014,泉土木,2,電子,,000001,矢作
2025/01/14(火),2025/01/14(火),2025/01/14(火),003580,大京穴吹建設,2,支払,000068,GC 軽鉄･ｽﾁｰﾙ類,"1,410","1,410",03,kg,24.5,"34,545",36726,000004,D（建設）,003,有価物,16:19,16:19,000000,大京穴吹建設,000001,ｵﾈｽﾄ,000001,新木場ﾘｻｲｸﾙ工場,000016,泉土木,000014,泉土木,1,紙,,000001,矢作
2025/01/14(火),2025/01/14(火),2025/01/14(火),003580,大京穴吹建設,2,支払,000120,ﾓｰﾀｰ,40,40,03,kg,100,"4,000",36704,000004,D（建設）,003,有価物,14:37,14:38,000000,大京穴吹建設,000001,ｵﾈｽﾄ,000001,新木場ﾘｻｲｸﾙ工場,000016,泉土木,000014,泉土木,2,電子,,000001,矢作
2025/01/14(火),2025/01/14(火),2025/01/14(火),004008,便利屋ﾌｧﾐﾘｰ江東木場店,1,売上,000001,混合廃棄物A,800,800,03,kg,65,"52,000",36731,000002,B（残置）,001,処分費,16:57,17:10,000000,便利屋ﾌｧﾐﾘｰ江東木場店,000001,ｵﾈｽﾄ,000001,新木場ﾘｻｲｸﾙ工場,004008,便利屋ﾌｧﾐﾘｰ江東木場店,001118,便利屋ﾌｧﾐﾘｰ江東木場店,1,紙,,000012,サン・テクノ
2025/01/14(火),2025/01/14(火),2025/01/14(火),004034,染谷建設工業,1,売上,000017,軽量物系A(ｽﾀｲﾛﾌｫｰﾑ),300,300,03,kg,200,"60,000",36713,000003,C（解体）,001,処分費,15:44,15:44,000002,藤和ｺｰﾎﾟﾚｰｼｮﾝ西蒲田4丁目作業所,000001,ｵﾈｽﾄ,000001,新木場ﾘｻｲｸﾙ工場,004034,染谷建設工業,001230,染谷建設工業,1,紙,,000006,川部
2025/01/14(火),2025/01/14(火),2025/01/14(火),004039,(ｵﾈﾜﾝ)ﾄｯﾌﾟﾘﾕｰｽ,1,売上,000001,混合廃棄物A,540,540,03,kg,63,"34,020",36698,000002,B,001,処分費,14:37,14:37,000000,(ｵﾈﾜﾝ)ﾄｯﾌﾟﾘﾕｰｽ,000001,ｵﾈｽﾄ,000001,新木場ﾘｻｲｸﾙ工場,004039,(ｵﾈﾜﾝ)ﾄｯﾌﾟﾘﾕｰｽ,001021,ｵﾈｽﾄ･ﾜﾝ,1,紙,,000011,オネスト・ワン
2025/01/14(火),2025/01/14(火),2025/01/14(火),004074,東武ﾃﾞﾘﾊﾞﾘｰ,1,売上,000001,混合廃棄物A,460,460,03,kg,60,"27,600",36680,000004,D（建設）,001,処分費,13:39,13:39,000000,東武ﾃﾞﾘﾊﾞﾘｰ,000001,ｵﾈｽﾄ,000001,新木場ﾘｻｲｸﾙ工場,000033,富士商事,000029,富士商事,1,紙,,000004,山本
2025/01/14(火),2025/01/14(火),2025/01/14(火),004074,東武ﾃﾞﾘﾊﾞﾘｰ,2,支払,000064,ｱﾙﾐ類,30,30,03,kg,108,"3,240",36672,000004,D（建設）,003,有価物,13:25,13:27,000000,東武ﾃﾞﾘﾊﾞﾘｰ,000001,ｵﾈｽﾄ,000001,新木場ﾘｻｲｸﾙ工場,000033,富士商事,000029,富士商事,1,紙,,000004,山本
2025/01/14(火),2025/01/14(火),2025/01/14(火),004074,東武ﾃﾞﾘﾊﾞﾘｰ,2,支払,000068,GC 軽鉄･ｽﾁｰﾙ類,"1,680","1,680",03,kg,26.5,"44,520",36672,000004,D（建設）,003,有価物,13:25,13:27,000000,東武ﾃﾞﾘﾊﾞﾘｰ,000001,ｵﾈｽﾄ,000001,新木場ﾘｻｲｸﾙ工場,000033,富士商事,000029,富士商事,1,紙,,000004,山本
2025/01/14(火),2025/01/14(火),2025/01/14(火),004074,東武ﾃﾞﾘﾊﾞﾘｰ,2,支払,000068,GC 軽鉄･ｽﾁｰﾙ類,"2,160","2,160",03,kg,26.5,"57,240",36639,000004,D（建設）,003,有価物,11:25,11:25,000000,東武ﾃﾞﾘﾊﾞﾘｰ,000001,ｵﾈｽﾄ,000001,新木場ﾘｻｲｸﾙ工場,000033,富士商事,000029,富士商事,1,紙,,000004,山本
2025/01/14(火),2025/01/14(火),2025/01/14(火),004074,東武ﾃﾞﾘﾊﾞﾘｰ,2,支払,000068,GC 軽鉄･ｽﾁｰﾙ類,"2,370","2,370",03,kg,26.5,"62,805",36638,000004,D（建設）,003,有価物,11:17,11:17,000000,東武ﾃﾞﾘﾊﾞﾘｰ,000001,ｵﾈｽﾄ,000001,新木場ﾘｻｲｸﾙ工場,000033,富士商事,000029,富士商事,1,紙,,000004,山本
2025/01/14(火),2025/01/14(火),2025/01/14(火),004093,社会福祉法人　東京都手をつなぐ育成会,1,売上,000001,混合廃棄物A,360,360,03,kg,65,"23,400",36592,000001,A（事業）,001,処分費,07:33,07:35,000000,社会福祉法人　東京都手をつなぐ育成会,000001,ｵﾈｽﾄ,000001,新木場ﾘｻｲｸﾙ工場,000393,栄運輸,000314,栄運輸,1,紙,,000002,渡辺
2025/01/14(火),2025/01/14(火),2025/01/14(火),004108,ﾊﾟﾅｿﾆｯｸ産機ｼｽﾃﾑｽﾞ,1,売上,000029,木くず,"1,040","1,040",03,kg,35,"36,400",36658,000004,D（建設）,001,処分費,12:39,12:47,000001,協和興運,000001,ｵﾈｽﾄ,000001,新木場ﾘｻｲｸﾙ工場,000033,富士商事,000873,伊藤忠ﾒﾀﾙｽﾞ,2,電子,,000001,矢作
2025/01/14(火),2025/01/14(火),2025/01/14(火),004108,ﾊﾟﾅｿﾆｯｸ産機ｼｽﾃﾑｽﾞ,2,支払,000438,ﾀﾞﾝﾎﾞｰﾙ,440,440,03,kg,5,"2,200",36658,000004,D（建設）,003,有価物,12:39,12:47,000001,協和興運,000001,ｵﾈｽﾄ,000001,新木場ﾘｻｲｸﾙ工場,000033,富士商事,000873,伊藤忠ﾒﾀﾙｽﾞ,2,電子,,000001,矢作
2025/01/14(火),2025/01/14(火),2025/01/14(火),004240,ﾖｺﾄｸ,1,売上,000109,運搬費(ｺﾝﾃﾅ),,1,07,台,"25,000","25,000",36626,000004,D（建設）,002,運搬費,10:28,10:28,000007,自転車ﾗｯｸ改修工事（千川駅北第一自転車駐,000001,ｵﾈｽﾄ,000001,新木場ﾘｻｲｸﾙ工場,000001,ｵﾈｽﾄ,000799,ﾖｺﾄｸ,1,紙,,000006,川部
2025/01/14(火),2025/01/14(火),2025/01/14(火),004240,ﾖｺﾄｸ,2,支払,000068,GC 軽鉄･ｽﾁｰﾙ類,890,890,03,kg,15.5,"13,795",36626,000004,D（建設）,003,有価物,10:28,10:28,000007,自転車ﾗｯｸ改修工事（千川駅北第一自転車駐,000001,ｵﾈｽﾄ,000001,新木場ﾘｻｲｸﾙ工場,000001,ｵﾈｽﾄ,000799,ﾖｺﾄｸ,1,紙,,000006,川部
2025/01/14(火),2025/01/14(火),2025/01/14(火),004418,ﾃﾙｳｪﾙ東日本,1,売上,000053,金属くず,"1,540","1,540",03,kg,15,"23,100",36655,000001,A（事業）,001,処分費,12:31,12:32,000004,NTT大塚ﾋﾞﾙ,000001,ｵﾈｽﾄ,000001,新木場ﾘｻｲｸﾙ工場,000028,五十嵐商会,000248,ﾃﾙｳｪﾙ東日本,2,電子,,000002,渡辺
2025/01/14(火),2025/01/14(火),2025/01/14(火),004418,ﾃﾙｳｪﾙ東日本,1,売上,000171,選別(ｷｬﾋﾞﾈｯﾄ),"1,020","1,020",03,kg,65,"66,300",36655,000001,A（事業）,001,処分費,12:31,12:32,000004,NTT大塚ﾋﾞﾙ,000001,ｵﾈｽﾄ,000001,新木場ﾘｻｲｸﾙ工場,000028,五十嵐商会,000248,ﾃﾙｳｪﾙ東日本,2,電子,,000002,渡辺
2025/01/14(火),2025/01/14(火),2025/01/14(火),004471,東信,1,売上,000021,軽量物系B(ｸﾞﾗｽｳｰﾙ),350,350,03,kg,80,"28,000",36727,000003,C（解体）,001,処分費,16:39,16:39,000005,東京都大田区西馬込2-17-17,000001,ｵﾈｽﾄ,000001,新木場ﾘｻｲｸﾙ工場,004471,東信,000408,東信,1,紙,,000007,小林
2025/01/14(火),2025/01/14(火),2025/01/14(火),004678,一般社団法人　環境ﾊﾟｰﾄﾅｰｼｯﾌﾟ会議,1,売上,000001,混合廃棄物A,160,160,03,kg,60,"9,600",36657,000002,B（残置）,001,処分費,11:44,11:46,000001,一般社団法人　環境ﾊﾟｰﾄﾅｰｼｯﾌﾟ会議,000001,ｵﾈｽﾄ,000001,新木場ﾘｻｲｸﾙ工場,001772,三洋ｴｸｽﾌﾟﾚｽ,000228,三洋ｴｸｽﾌﾟﾚｽ,1,紙,,000002,渡辺
2025/01/14(火),2025/01/14(火),2025/01/14(火),004678,一般社団法人　環境ﾊﾟｰﾄﾅｰｼｯﾌﾟ会議,1,売上,000030,選別,190,190,03,kg,40,"7,600",36657,000002,B（残置）,001,処分費,11:44,11:46,000001,一般社団法人　環境ﾊﾟｰﾄﾅｰｼｯﾌﾟ会議,000001,ｵﾈｽﾄ,000001,新木場ﾘｻｲｸﾙ工場,001772,三洋ｴｸｽﾌﾟﾚｽ,000228,三洋ｴｸｽﾌﾟﾚｽ,1,紙,,000002,渡辺
2025/01/14(火),2025/01/14(火),2025/01/14(火),004678,一般社団法人　環境ﾊﾟｰﾄﾅｰｼｯﾌﾟ会議,2,支払,000068,GC 軽鉄･ｽﾁｰﾙ類,30,30,03,kg,15.5,465,36657,000002,B（残置）,003,有価物,11:44,11:46,000001,一般社団法人　環境ﾊﾟｰﾄﾅｰｼｯﾌﾟ会議,000001,ｵﾈｽﾄ,000001,新木場ﾘｻｲｸﾙ工場,001772,三洋ｴｸｽﾌﾟﾚｽ,000228,三洋ｴｸｽﾌﾟﾚｽ,1,紙,,000002,渡辺
2025/01/14(火),2025/01/14(火),2025/01/14(火),004713,小松ｳｫｰﾙ工業,1,売上,000028,ﾊﾟｰﾃｰｼｮﾝﾎﾞｰﾄﾞ,"1,540",2,02,m3,"18,000","36,000",36653,000004,D（建設）,001,処分費,12:32,12:34,000000,小松ｳｫｰﾙ工業,000001,ｵﾈｽﾄ,000001,新木場ﾘｻｲｸﾙ工場,004712,まがみ商店,000878,まがみ商店,1,紙,,000004,山本
2025/01/14(火),2025/01/14(火),2025/01/14(火),004713,小松ｳｫｰﾙ工業,1,売上,000028,ﾊﾟｰﾃｰｼｮﾝﾎﾞｰﾄﾞ,"1,720",2,02,m3,"18,000","36,000",36715,000004,D（建設）,001,処分費,15:41,15:45,000003,TR新宿ﾋﾞﾙ,000001,ｵﾈｽﾄ,000001,新木場ﾘｻｲｸﾙ工場,004712,まがみ商店,000878,まがみ商店,1,紙,,000004,山本
2025/01/14(火),2025/01/14(火),2025/01/14(火),005079,福利久,1,売上,000001,混合廃棄物A,80,80,03,kg,65,"5,200",36590,000001,A（事業）,001,処分費,07:18,07:53,000001,福利久ﾋﾞﾙ,000001,ｵﾈｽﾄ,000001,新木場ﾘｻｲｸﾙ工場,001463,ﾅｺｼﾞ,000170,ﾅｺｼﾞ,1,紙,,000006,川部
2025/01/14(火),2025/01/14(火),2025/01/14(火),005079,福利久,1,売上,000030,選別,40,40,03,kg,70,"2,800",36590,000001,A（事業）,001,処分費,07:18,07:53,000001,福利久ﾋﾞﾙ,000001,ｵﾈｽﾄ,000001,新木場ﾘｻｲｸﾙ工場,001463,ﾅｺｼﾞ,000170,ﾅｺｼﾞ,1,紙,,000006,川部
2025/01/14(火),2025/01/14(火),2025/01/14(火),005084,ｲﾝﾌﾟﾚｯｼﾞ,1,売上,000001,混合廃棄物A,250,250,03,kg,65,"16,250",36630,000003,C（解体）,001,処分費,10:26,10:32,000008,本田技研工業,000001,ｵﾈｽﾄ,000001,新木場ﾘｻｲｸﾙ工場,005084,ｲﾝﾌﾟﾚｯｼﾞ,000438,ｲﾝﾌﾟﾚｯｼﾞ,1,紙,,000006,川部
2025/01/14(火),2025/01/14(火),2025/01/14(火),005084,ｲﾝﾌﾟﾚｯｼﾞ,1,売上,000102,ﾏﾆﾌｪｽﾄ,,1,11,枚,50,50,36630,000003,C（解体）,001,処分費,10:26,10:32,000008,本田技研工業,000001,ｵﾈｽﾄ,000001,新木場ﾘｻｲｸﾙ工場,005084,ｲﾝﾌﾟﾚｯｼﾞ,000438,ｲﾝﾌﾟﾚｯｼﾞ,1,紙,,000006,川部
2025/01/14(火),2025/01/14(火),2025/01/14(火),005094,ﾌｫﾛｰ,1,売上,000001,混合廃棄物A,650,650,03,kg,65,"42,250",36611,000001,A（事業）,001,処分費,09:25,09:27,000000,ﾌｫﾛｰ,000001,ｵﾈｽﾄ,000001,新木場ﾘｻｲｸﾙ工場,000190,興農,000156,興農,1,紙,,000007,小林
2025/01/14(火),2025/01/14(火),2025/01/14(火),005347,内田洋行,1,売上,000028,ﾊﾟｰﾃｰｼｮﾝﾎﾞｰﾄﾞ,"1,690",2,02,m3,"18,000","36,000",36682,000004,D（建設）,001,処分費,13:44,13:51,000003,伊藤忠丸紅住商ﾃｸﾉｽﾁｰﾙ,000001,ｵﾈｽﾄ,000001,新木場ﾘｻｲｸﾙ工場,004712,まがみ商店,000878,まがみ商店,1,紙,,000004,山本
2025/01/14(火),2025/01/14(火),2025/01/14(火),005347,内田洋行,1,売上,000028,ﾊﾟｰﾃｰｼｮﾝﾎﾞｰﾄﾞ,"1,740",2,02,m3,"18,000","36,000",36701,000004,D（建設）,001,処分費,14:48,14:50,000003,伊藤忠丸紅住商ﾃｸﾉｽﾁｰﾙ,000001,ｵﾈｽﾄ,000001,新木場ﾘｻｲｸﾙ工場,004712,まがみ商店,000878,まがみ商店,1,紙,,000004,山本
2025/01/14(火),2025/01/14(火),2025/01/14(火),005347,内田洋行,1,売上,000028,ﾊﾟｰﾃｰｼｮﾝﾎﾞｰﾄﾞ,"2,450",3,02,m3,"18,000","54,000",36621,000004,D（建設）,001,処分費,09:58,10:03,000003,伊藤忠丸紅住商ﾃｸﾉｽﾁｰﾙ,000001,ｵﾈｽﾄ,000001,新木場ﾘｻｲｸﾙ工場,004712,まがみ商店,000878,まがみ商店,1,紙,,000004,山本
2025/01/14(火),2025/01/14(火),2025/01/14(火),005698,一般財団法人ｹｹﾝ試験認証ｾﾝﾀｰ,1,売上,000030,選別,140,140,03,kg,70,"9,800",36705,000002,B（残置）,001,処分費,14:49,14:49,000000,一般財団法人ｹｹﾝ試験認証ｾﾝﾀｰ,000001,ｵﾈｽﾄ,000001,新木場ﾘｻｲｸﾙ工場,000110,ﾃｲｿｳ物流ｻｰﾋﾞｽ,000088,ﾃｲｿｳ物流ｻｰﾋﾞｽ,1,紙,,000002,渡辺
2025/01/14(火),2025/01/14(火),2025/01/14(火),005771,新潟商事,1,売上,000001,混合廃棄物A,"2,110","2,110",03,kg,65,"137,150",36703,000004,D（建設）,001,処分費,15:04,15:06,000000,新潟商事,000001,ｵﾈｽﾄ,000001,新木場ﾘｻｲｸﾙ工場,000001,ｵﾈｽﾄ,000123,京葉興業,1,紙,,000004,山本
2025/01/14(火),2025/01/14(火),2025/01/14(火),005771,新潟商事,1,売上,000109,運搬費,,1,07,台,"25,000","25,000",36703,000004,D（建設）,002,運搬費,15:04,15:06,000000,新潟商事,000001,ｵﾈｽﾄ,000001,新木場ﾘｻｲｸﾙ工場,000001,ｵﾈｽﾄ,000123,京葉興業,1,紙,,000004,山本
2025/01/14(火),2025/01/14(火),2025/01/14(火),005884,(ｻﾝﾃｸﾉ)ｻﾝﾄﾗｽﾄ,1,売上,000001,混合廃棄物A,710,710,03,kg,58,"41,180",36599,000006,F（他）,001,処分費,08:23,08:28,000088,小野邸,000001,ｵﾈｽﾄ,000001,新木場ﾘｻｲｸﾙ工場,005884,(ｻﾝﾃｸﾉ)ｻﾝﾄﾗｽﾄ,001022,ｻﾝ･ﾃｸﾉ,1,紙,,000012,サン・テクノ
2025/01/14(火),2025/01/14(火),2025/01/14(火),006034,新菱冷熱工業都市環境事業部,1,売上,000353,運搬費(3ｔｺﾝﾃﾅ車),,1,07,台,"24,000","24,000",36620,000004,D（建設）,002,運搬費,10:09,10:09,000007,西新宿六丁目地域冷暖房施設　第1プラント,000001,ｵﾈｽﾄ,000001,新木場ﾘｻｲｸﾙ工場,000001,ｵﾈｽﾄ,000594,新菱冷熱工業都市環境事業部,2,電子,,000006,川部
2025/01/14(火),2025/01/14(火),2025/01/14(火),006034,新菱冷熱工業都市環境事業部,2,支払,000068,GC 軽鉄･ｽﾁｰﾙ類,"1,450","1,450",03,kg,26.5,"38,425",36620,000004,D（建設）,003,有価物,10:09,10:09,000007,西新宿六丁目地域冷暖房施設　第1プラント,000001,ｵﾈｽﾄ,000001,新木場ﾘｻｲｸﾙ工場,000001,ｵﾈｽﾄ,000594,新菱冷熱工業都市環境事業部,2,電子,,000006,川部
2025/01/14(火),2025/01/14(火),2025/01/14(火),006076,TWC,1,売上,000002,混合廃棄物B,160,160,03,kg,65,"10,400",36615,000003,C（解体）,001,処分費,09:44,09:46,000014,解体現場,000001,ｵﾈｽﾄ,000001,新木場ﾘｻｲｸﾙ工場,006076,TWC,000904,TWC,1,紙,,000004,山本
2025/01/14(火),2025/01/14(火),2025/01/14(火),006176,ﾌｨｰﾙｹﾞｰﾄ,1,売上,000001,混合廃棄物A,40,40,03,kg,70,"2,800",36619,000004,D（建設）,001,処分費,09:54,10:04,000000,ﾌｨｰﾙｹﾞｰﾄ,000001,ｵﾈｽﾄ,000001,新木場ﾘｻｲｸﾙ工場,006176,ﾌｨｰﾙｹﾞｰﾄ,001056,ﾌｨｰﾙｹﾞｰﾄ,1,紙,,000012,サン・テクノ
2025/01/14(火),2025/01/14(火),2025/01/14(火),006214,内田工務店,1,売上,000002,混合廃棄物B,"1,050","1,050",03,kg,70,"73,500",36633,000004,D（建設）,001,処分費,10:40,10:42,000000,内田工務店,000001,ｵﾈｽﾄ,000001,新木場ﾘｻｲｸﾙ工場,001225,ｹｲﾖｰｶﾞｰﾍﾞｯﾁﾞ,000949,ｹｲﾖｰｶﾞｰﾍﾞｯﾁﾞ,1,紙,,000002,渡辺
2025/01/14(火),2025/01/14(火),2025/01/14(火),006345,ｸﾛｽｶﾝﾊﾟﾆｰ,1,売上,000001,混合廃棄物A,30,30,03,kg,65,"1,950",36596,000002,B（残置）,001,処分費,08:08,08:14,000000,ｸﾛｽｶﾝﾊﾟﾆｰ,000001,ｵﾈｽﾄ,000001,新木場ﾘｻｲｸﾙ工場,006171,Pasito,000485,Pasito,1,紙,,000007,小林
2025/01/14(火),2025/01/14(火),2025/01/14(火),006345,ｸﾛｽｶﾝﾊﾟﾆｰ,1,売上,000004,混合廃棄物(焼却物),120,120,03,kg,75,"9,000",36596,000002,B（残置）,001,処分費,08:08,08:14,000000,ｸﾛｽｶﾝﾊﾟﾆｰ,000001,ｵﾈｽﾄ,000001,新木場ﾘｻｲｸﾙ工場,006171,Pasito,000485,Pasito,1,紙,,000007,小林
2025/01/14(火),2025/01/14(火),2025/01/14(火),006345,ｸﾛｽｶﾝﾊﾟﾆｰ,1,売上,000036,ﾏｯﾄﾚｽ(ｼﾝｸﾞﾙ),20,2,11,枚,"6,000","12,000",36596,000002,B（残置）,001,処分費,08:08,08:14,000000,ｸﾛｽｶﾝﾊﾟﾆｰ,000001,ｵﾈｽﾄ,000001,新木場ﾘｻｲｸﾙ工場,006171,Pasito,000485,Pasito,1,紙,,000007,小林
2025/01/14(火),2025/01/14(火),2025/01/14(火),006509,ﾅｲﾃｯｸｽ,1,売上,000001,混合廃棄物A,330,330,03,kg,65,"21,450",36710,000001,A（事業）,001,処分費,14:57,14:57,000000,ﾅｲﾃｯｸｽ,000001,ｵﾈｽﾄ,000001,新木場ﾘｻｲｸﾙ工場,006509,ﾅｲﾃｯｸｽ,000182,ﾅｲﾃｯｸｽ,1,紙,,000004,山本
2025/01/14(火),2025/01/14(火),2025/01/14(火),006538,ﾃｸﾉ菱和,1,売上,000001,混合廃棄物A,250,250,03,kg,65,"16,250",36628,000004,D（建設）,001,処分費,10:28,10:35,000005,4104三菱UFJ銀行多摩ﾋﾞｼﾞﾈｽｾﾝﾀｰO棟空調機更,000001,ｵﾈｽﾄ,000001,新木場ﾘｻｲｸﾙ工場,008089,ｷｭｰﾋﾞｯｸ,000808,Y-maxx,1,紙,,000004,山本
2025/01/14(火),2025/01/14(火),2025/01/14(火),006538,ﾃｸﾉ菱和,1,売上,000027,石膏ﾎﾞｰﾄﾞD,300,300,03,kg,100,"30,000",36628,000004,D（建設）,001,処分費,10:28,10:35,000005,4104三菱UFJ銀行多摩ﾋﾞｼﾞﾈｽｾﾝﾀｰO棟空調機更,000001,ｵﾈｽﾄ,000001,新木場ﾘｻｲｸﾙ工場,008089,ｷｭｰﾋﾞｯｸ,000808,Y-maxx,1,紙,,000004,山本
2025/01/14(火),2025/01/14(火),2025/01/14(火),006538,ﾃｸﾉ菱和,1,売上,000029,木くず,20,20,03,kg,35,700,36628,000004,D（建設）,001,処分費,10:28,10:35,000005,4104三菱UFJ銀行多摩ﾋﾞｼﾞﾈｽｾﾝﾀｰO棟空調機更,000001,ｵﾈｽﾄ,000001,新木場ﾘｻｲｸﾙ工場,008089,ｷｭｰﾋﾞｯｸ,000808,Y-maxx,1,紙,,000004,山本
2025/01/14(火),2025/01/14(火),2025/01/14(火),006576,ﾗﾝﾄﾞﾏｯｸ,1,売上,000001,混合廃棄物A,330,330,03,kg,60,"19,800",36629,000002,B（残置）,001,処分費,10:34,10:34,000002,ﾗﾝﾄﾞﾏｯｸ　ﾃﾞｻﾞｲﾝﾜｰｸｽ,000001,ｵﾈｽﾄ,000001,新木場ﾘｻｲｸﾙ工場,001656,真和商事,000055,真和商事,1,紙,,000002,渡辺
2025/01/14(火),2025/01/14(火),2025/01/14(火),006576,ﾗﾝﾄﾞﾏｯｸ,1,売上,000001,混合廃棄物A,"1,010","1,010",03,kg,60,"60,600",36708,000002,B（残置）,001,処分費,14:38,14:38,000001,ﾗﾝﾄﾞﾏｯｸ　R＆D,000001,ｵﾈｽﾄ,000001,新木場ﾘｻｲｸﾙ工場,001656,真和商事,000055,真和商事,1,紙,,000002,渡辺
2025/01/14(火),2025/01/14(火),2025/01/14(火),006588,ｸﾚﾃﾞｨｾｿﾞﾝ,1,売上,000002,混合廃棄物B,"1,810","1,810",03,kg,54,"97,740",36607,000001,A（事業）,001,処分費,08:54,08:54,000001,ﾕﾋﾞｷﾀｽﾋﾞﾙ,000001,ｵﾈｽﾄ,000001,新木場ﾘｻｲｸﾙ工場,000028,五十嵐商会,000025,五十嵐商会,1,紙,,000002,渡辺
2025/01/14(火),2025/01/14(火),2025/01/14(火),006594,ｾｲｺｰﾋﾞﾙｼｽﾃﾑ　,1,売上,000001,混合廃棄物A,900,900,03,kg,60,"54,000",36733,000002,B（残置）,001,処分費,17:05,17:10,000001,渋谷公会堂,000001,ｵﾈｽﾄ,000001,新木場ﾘｻｲｸﾙ工場,001656,真和商事,000055,真和商事,1,紙,,000002,渡辺
2025/01/14(火),2025/01/14(火),2025/01/14(火),006618,(ｻﾝﾃｸﾉ)三豊興産,1,売上,000001,混合廃棄物A,370,370,03,kg,58,"21,460",36588,000006,F（他）,001,処分費,07:09,07:14,000000,(ｻﾝﾃｸﾉ)三豊興産,000001,ｵﾈｽﾄ,000001,新木場ﾘｻｲｸﾙ工場,006618,(ｻﾝﾃｸﾉ)三豊興産,001022,ｻﾝ･ﾃｸﾉ,1,紙,,000012,サン・テクノ
2025/01/14(火),2025/01/14(火),2025/01/14(火),006812,MAｸﾘｰﾝ,1,売上,000001,混合廃棄物A,550,550,03,kg,65,"35,750",36734,000003,C（解体）,001,処分費,17:19,17:28,000000,MAｸﾘｰﾝ,000001,ｵﾈｽﾄ,000001,新木場ﾘｻｲｸﾙ工場,006812,MAｸﾘｰﾝ,000755,M.Aｸﾘｰﾝ,1,紙,,000005,今村（紀）
2025/01/14(火),2025/01/14(火),2025/01/14(火),006812,MAｸﾘｰﾝ,1,売上,000005,混合廃棄物(布団),20,20,03,kg,75,"1,500",36734,000003,C（解体）,001,処分費,17:19,17:28,000000,MAｸﾘｰﾝ,000001,ｵﾈｽﾄ,000001,新木場ﾘｻｲｸﾙ工場,006812,MAｸﾘｰﾝ,000755,M.Aｸﾘｰﾝ,1,紙,,000005,今村（紀）
2025/01/14(火),2025/01/14(火),2025/01/14(火),006812,MAｸﾘｰﾝ,1,売上,000029,木くず,210,210,03,kg,35,"7,350",36734,000003,C（解体）,001,処分費,17:19,17:28,000000,MAｸﾘｰﾝ,000001,ｵﾈｽﾄ,000001,新木場ﾘｻｲｸﾙ工場,006812,MAｸﾘｰﾝ,000755,M.Aｸﾘｰﾝ,1,紙,,000005,今村（紀）
2025/01/14(火),2025/01/14(火),2025/01/14(火),006871,ﾘｱﾙﾗﾝﾄﾞ,1,売上,000002,混合廃棄物B,350,350,03,kg,70,"24,500",36687,000003,C（解体）,001,処分費,14:06,14:09,000019,千葉県成田市並木町143-97,000001,ｵﾈｽﾄ,000001,新木場ﾘｻｲｸﾙ工場,008343,JANSTAR,000627,JANSTAR,1,紙,,000006,川部
2025/01/14(火),2025/01/14(火),2025/01/14(火),006871,ﾘｱﾙﾗﾝﾄﾞ,1,売上,000021,軽量物系B(ｸﾞﾗｽｳｰﾙ),520,520,03,kg,80,"41,600",36687,000003,C（解体）,001,処分費,14:06,14:09,000019,千葉県成田市並木町143-97,000001,ｵﾈｽﾄ,000001,新木場ﾘｻｲｸﾙ工場,008343,JANSTAR,000627,JANSTAR,1,紙,,000006,川部
2025/01/14(火),2025/01/14(火),2025/01/14(火),006957,LIXILﾄｰﾀﾙｻｰﾋﾞｽ,1,売上,000001,混合廃棄物A,930,930,03,kg,58,"53,940",36706,000004,D（建設）,001,処分費,14:47,14:51,000000,LIXILﾄｰﾀﾙｻｰﾋﾞｽ,000001,ｵﾈｽﾄ,000001,新木場ﾘｻｲｸﾙ工場,000016,泉土木,000014,泉土木,1,紙,,000001,矢作
2025/01/14(火),2025/01/14(火),2025/01/14(火),006988,KNｻｰﾋﾞｽ,1,売上,000002,混合廃棄物B,570,570,03,kg,70,"39,900",36684,000002,B（残置）,001,処分費,14:07,14:11,000000,KNｻｰﾋﾞｽ,000001,ｵﾈｽﾄ,000001,新木場ﾘｻｲｸﾙ工場,000113,中村商店,000089,中村商店,1,紙,,000006,川部
2025/01/14(火),2025/01/14(火),2025/01/14(火),007018,ﾘｱﾝ･ﾌｫｰﾄ,1,売上,000002,混合廃棄物B,440,440,03,kg,70,"30,800",36659,000004,D（建設）,001,処分費,12:48,12:49,000003,下大久保,000001,ｵﾈｽﾄ,000001,新木場ﾘｻｲｸﾙ工場,000210,ES産業,000175,ES産業,1,紙,,000002,渡辺
2025/01/14(火),2025/01/14(火),2025/01/14(火),007018,ﾘｱﾝ･ﾌｫｰﾄ,1,売上,000021,軽量物系B(ｸﾞﾗｽｳｰﾙ),300,300,03,kg,80,"24,000",36659,000004,D（建設）,001,処分費,12:48,12:49,000003,下大久保,000001,ｵﾈｽﾄ,000001,新木場ﾘｻｲｸﾙ工場,000210,ES産業,000175,ES産業,1,紙,,000002,渡辺
2025/01/14(火),2025/01/14(火),2025/01/14(火),007081,PIA,1,売上,000030,選別,10,10,03,kg,60,600,36637,000002,B（残置）,001,処分費,10:57,10:57,000001,PIA(品川区),000001,ｵﾈｽﾄ,000001,新木場ﾘｻｲｸﾙ工場,001308,ｵﾈｽﾄ･ﾜﾝ,001021,ｵﾈｽﾄ･ﾜﾝ,1,紙,,000011,オネスト・ワン
2025/01/14(火),2025/01/14(火),2025/01/14(火),007162,ｸﾚｽﾄ城南,1,売上,000001,混合廃棄物A,240,240,03,kg,60,"14,400",36721,000004,D（建設）,001,処分費,15:55,15:58,000019,千葉県市川市新浜1-21-16,000001,ｵﾈｽﾄ,000001,新木場ﾘｻｲｸﾙ工場,007162,ｸﾚｽﾄ城南,001073,ｸﾚｽﾄ城南,1,紙,,000012,サン・テクノ
2025/01/14(火),2025/01/14(火),2025/01/14(火),007259,UBSJ,1,売上,000030,選別,50,50,03,kg,70,"3,500",36625,000002,B（残置）,001,処分費,10:26,10:26,000001,UBSJ（辰巳）,000001,ｵﾈｽﾄ,000001,新木場ﾘｻｲｸﾙ工場,001244,銀座急送,000965,銀座急送,1,紙,,000002,渡辺
2025/01/14(火),2025/01/14(火),2025/01/14(火),007259,UBSJ,1,売上,000030,選別,400,400,03,kg,70,"28,000",36625,000002,B（残置）,001,処分費,10:26,10:26,000001,UBSJ（辰巳）,000001,ｵﾈｽﾄ,000001,新木場ﾘｻｲｸﾙ工場,001244,銀座急送,000965,銀座急送,1,紙,,000002,渡辺
2025/01/14(火),2025/01/14(火),2025/01/14(火),007375,ｳｴｽﾄﾊﾞﾚｰ,1,売上,000002,混合廃棄物B,570,570,03,kg,70,"39,900",36730,000003,C（解体）,001,処分費,16:56,16:58,000059,東京都練馬区春日町4-1-26,000001,ｵﾈｽﾄ,000001,新木場ﾘｻｲｸﾙ工場,008129,BAT,001152,BAT,1,紙,,000007,小林
2025/01/14(火),2025/01/14(火),2025/01/14(火),007447,日本ｴﾚﾍﾞｰﾀｰ製造,2,支払,000068,GC 軽鉄･ｽﾁｰﾙ類,"1,520","1,520",03,kg,24.5,"37,240",36718,000004,D（建設）,003,有価物,15:45,15:46,000012,都営小松川二丁目第2ｱﾊﾟｰﾄ昇降機ﾘﾆｭｰｱﾙ工事,000001,ｵﾈｽﾄ,000001,新木場ﾘｻｲｸﾙ工場,000016,泉土木,000014,泉土木,2,電子,,000001,矢作
2025/01/14(火),2025/01/14(火),2025/01/14(火),007447,日本ｴﾚﾍﾞｰﾀｰ製造,2,支払,000068,GC 軽鉄･ｽﾁｰﾙ類,"2,100","2,100",03,kg,24.5,"51,450",36648,000004,D（建設）,003,有価物,11:57,11:57,000016,荻窪郵便局ゆうﾊﾟｯｸｾﾝﾀｰ作業所昇降機設備,000001,ｵﾈｽﾄ,000001,新木場ﾘｻｲｸﾙ工場,000016,泉土木,000014,泉土木,1,紙,,000001,矢作
2025/01/14(火),2025/01/14(火),2025/01/14(火),007856,ﾐﾗｲﾄ･ﾜﾝ･ﾈｸｽﾄ,1,売上,000046,ﾀﾞﾝﾎﾞｰﾙ,540,540,03,kg,0,0,36688,000004,D（建設）,001,処分費,13:54,13:56,000003,横浜第2合同庁舎専有部照明器具LED化工事,000001,ｵﾈｽﾄ,000001,新木場ﾘｻｲｸﾙ工場,000016,泉土木,000014,泉土木,1,紙,,000001,矢作
2025/01/14(火),2025/01/14(火),2025/01/14(火),007858,F's,1,売上,000002,混合廃棄物B,750,750,03,kg,70,"52,500",36595,000003,C（解体）,001,処分費,07:51,07:58,000000,F's,000001,ｵﾈｽﾄ,000001,新木場ﾘｻｲｸﾙ工場,007858,F's,001269,F's（ｴﾌｽﾞ）,1,紙,,000004,山本
2025/01/14(火),2025/01/14(火),2025/01/14(火),007917,ﾜｰｸﾏﾝ,1,売上,000001,混合廃棄物A,380,380,03,kg,65,"24,700",36728,000004,D（建設）,001,処分費,16:50,16:54,000000,ﾜｰｸﾏﾝ,000001,ｵﾈｽﾄ,000001,新木場ﾘｻｲｸﾙ工場,001051,Y-maxx,000808,Y-maxx,2,電子,,000004,山本
2025/01/14(火),2025/01/14(火),2025/01/14(火),008290,日本通運㈱,1,売上,000038,廃ﾌﾟﾗｽﾁｯｸ類,310,310,03,kg,60,"18,600",36608,000001,A（事業）,001,処分費,09:15,09:17,000008,国際海運ｵﾍﾟﾚｰｼｮﾝ部　台場ﾛｼﾞｽﾃｨｸｽｾﾝﾀｰ,000001,ｵﾈｽﾄ,000001,新木場ﾘｻｲｸﾙ工場,000001,ｵﾈｽﾄ,000095,日本通運,2,電子,,000002,渡辺
2025/01/14(火),2025/01/14(火),2025/01/14(火),008290,日本通運㈱,1,売上,000038,廃ﾌﾟﾗｽﾁｯｸ類,610,610,03,kg,60,"36,600",36679,000001,A（事業）,001,処分費,13:36,13:37,000007,国際航空貨物統括部ｵﾍﾟﾚｰｼｮﾝｾﾝﾀｰ羽田ｾﾝﾀｰ,000001,ｵﾈｽﾄ,000001,新木場ﾘｻｲｸﾙ工場,000001,ｵﾈｽﾄ,000095,日本通運,2,電子,,000007,小林
2025/01/14(火),2025/01/14(火),2025/01/14(火),008290,日本通運㈱,1,売上,000109,運搬費,,1,07,台,"21,000","21,000",36679,000001,A（事業）,002,運搬費,13:36,13:37,000007,国際航空貨物統括部ｵﾍﾟﾚｰｼｮﾝｾﾝﾀｰ羽田ｾﾝﾀｰ,000001,ｵﾈｽﾄ,000001,新木場ﾘｻｲｸﾙ工場,000001,ｵﾈｽﾄ,000095,日本通運,2,電子,,000007,小林
2025/01/14(火),2025/01/14(火),2025/01/14(火),008290,日本通運㈱,1,売上,000109,運搬費,,1,07,台,"24,000","24,000",36608,000001,A（事業）,002,運搬費,09:15,09:17,000008,国際海運ｵﾍﾟﾚｰｼｮﾝ部　台場ﾛｼﾞｽﾃｨｸｽｾﾝﾀｰ,000001,ｵﾈｽﾄ,000001,新木場ﾘｻｲｸﾙ工場,000001,ｵﾈｽﾄ,000095,日本通運,2,電子,,000002,渡辺
2025/01/14(火),2025/01/14(火),2025/01/14(火),008290,日本通運㈱,1,売上,000212,混合廃棄物(金属くず･廃ﾌﾟﾗ･ｶﾞﾗ陶),10,10,03,kg,70,700,36679,000001,A（事業）,001,処分費,13:36,13:37,000007,国際航空貨物統括部ｵﾍﾟﾚｰｼｮﾝｾﾝﾀｰ羽田ｾﾝﾀｰ,000001,ｵﾈｽﾄ,000001,新木場ﾘｻｲｸﾙ工場,000001,ｵﾈｽﾄ,000095,日本通運,2,電子,,000007,小林
2025/01/14(火),2025/01/14(火),2025/01/14(火),008343,JANSTAR,1,売上,000002,混合廃棄物B,750,750,03,kg,70,"52,500",36694,000003,C（解体）,001,処分費,14:21,14:23,000032,東京都品川区東品川4-1-3,000001,ｵﾈｽﾄ,000001,新木場ﾘｻｲｸﾙ工場,008343,JANSTAR,000627,JANSTAR,1,紙,,000006,川部
2025/01/14(火),2025/01/14(火),2025/01/14(火),008449,ﾌﾟﾚｲﾜﾝ,1,売上,000002,混合廃棄物B,330,330,03,kg,70,"23,100",36717,000003,C（解体）,001,処分費,15:04,15:07,000022,神奈川県横浜市鶴見区汐入町3-46-1,000001,ｵﾈｽﾄ,000001,新木場ﾘｻｲｸﾙ工場,008343,JANSTAR,000627,JANSTAR,1,紙,,000006,川部
2025/01/14(火),2025/01/14(火),2025/01/14(火),008459,ｸﾞﾘｰﾝﾜｰｸｽ,1,売上,000001,混合廃棄物A,80,80,03,kg,65,"5,200",36656,000002,B（残置）,001,処分費,12:37,12:42,000000,ｸﾞﾘｰﾝﾜｰｸｽ,000001,ｵﾈｽﾄ,000001,新木場ﾘｻｲｸﾙ工場,008459,ｸﾞﾘｰﾝﾜｰｸｽ,001184,ｸﾞﾘｰﾝﾜｰｸｽ,1,紙,,000012,サン・テクノ
2025/01/14(火),2025/01/14(火),2025/01/14(火),008459,ｸﾞﾘｰﾝﾜｰｸｽ,1,売上,000001,混合廃棄物A,120,120,03,kg,65,"7,800",36732,000002,B（残置）,001,処分費,16:58,,000000,ｸﾞﾘｰﾝﾜｰｸｽ,000001,ｵﾈｽﾄ,000001,新木場ﾘｻｲｸﾙ工場,008459,ｸﾞﾘｰﾝﾜｰｸｽ,001184,ｸﾞﾘｰﾝﾜｰｸｽ,1,紙,,000012,サン・テクノ
2025/01/14(火),2025/01/14(火),2025/01/14(火),008459,ｸﾞﾘｰﾝﾜｰｸｽ,1,売上,000046,ﾀﾞﾝﾎﾞｰﾙ,10,10,03,kg,25,250,36656,000002,B（残置）,001,処分費,12:37,12:42,000000,ｸﾞﾘｰﾝﾜｰｸｽ,000001,ｵﾈｽﾄ,000001,新木場ﾘｻｲｸﾙ工場,008459,ｸﾞﾘｰﾝﾜｰｸｽ,001184,ｸﾞﾘｰﾝﾜｰｸｽ,1,紙,,000012,サン・テクノ
2025/01/14(火),2025/01/14(火),2025/01/14(火),008459,ｸﾞﾘｰﾝﾜｰｸｽ,1,売上,000102,ﾏﾆﾌｪｽﾄ,,20,11,枚,50,"1,000",36732,000002,B（残置）,001,処分費,16:58,,000000,ｸﾞﾘｰﾝﾜｰｸｽ,000001,ｵﾈｽﾄ,000001,新木場ﾘｻｲｸﾙ工場,008459,ｸﾞﾘｰﾝﾜｰｸｽ,001184,ｸﾞﾘｰﾝﾜｰｸｽ,1,紙,,000012,サン・テクノ
2025/01/14(火),2025/01/14(火),2025/01/14(火),008700,解工舎,1,売上,000017,軽量物系A(ｽﾀｲﾛﾌｫｰﾑ),50,50,03,kg,200,"10,000",36696,000003,C（解体）,001,処分費,14:25,14:25,000001,（仮称）西伊興3丁目解体工事,000001,ｵﾈｽﾄ,000001,新木場ﾘｻｲｸﾙ工場,001361,三信ﾃｯｸ,001367,三信ﾃｯｸ,1,紙,,000007,小林
2025/01/14(火),2025/01/14(火),2025/01/14(火),008700,解工舎,1,売上,000021,軽量物系B(ｸﾞﾗｽｳｰﾙ),420,420,03,kg,80,"33,600",36696,000003,C（解体）,001,処分費,14:25,14:25,000001,（仮称）西伊興3丁目解体工事,000001,ｵﾈｽﾄ,000001,新木場ﾘｻｲｸﾙ工場,001361,三信ﾃｯｸ,001367,三信ﾃｯｸ,1,紙,,000007,小林
2025/01/14(火),2025/01/14(火),2025/01/14(火),008740,JS貿易,1,売上,000001,混合廃棄物A,890,890,03,kg,63,"56,070",36636,000002,B（残置）,001,処分費,10:53,11:29,000001,JS貿易(草加市),000001,ｵﾈｽﾄ,000001,新木場ﾘｻｲｸﾙ工場,001308,ｵﾈｽﾄ･ﾜﾝ,001021,ｵﾈｽﾄ･ﾜﾝ,1,紙,,000011,オネスト・ワン
2025/01/14(火),2025/01/14(火),2025/01/14(火),008740,JS貿易,1,売上,000001,混合廃棄物A,"1,430","1,430",03,kg,63,"90,090",36646,000002,B（残置）,001,処分費,11:52,11:57,000001,JS貿易(草加市),000001,ｵﾈｽﾄ,000001,新木場ﾘｻｲｸﾙ工場,001308,ｵﾈｽﾄ･ﾜﾝ,001021,ｵﾈｽﾄ･ﾜﾝ,1,紙,,000011,オネスト・ワン
2025/01/14(火),2025/01/14(火),2025/01/14(火),008740,JS貿易,1,売上,000030,選別,240,240,03,kg,60,"14,400",36636,000002,B（残置）,001,処分費,10:53,11:29,000001,JS貿易(草加市),000001,ｵﾈｽﾄ,000001,新木場ﾘｻｲｸﾙ工場,001308,ｵﾈｽﾄ･ﾜﾝ,001021,ｵﾈｽﾄ･ﾜﾝ,1,紙,,000011,オネスト・ワン
2025/01/14(火),2025/01/14(火),2025/01/14(火),008750,Youtility,1,売上,000001,混合廃棄物A,180,180,03,kg,65,"11,700",36642,000001,A（事業）,001,処分費,11:39,11:39,000000,Youtility,000001,ｵﾈｽﾄ,000001,新木場ﾘｻｲｸﾙ工場,008750,Youtility,001411,Youtility,1,紙,,000006,川部
2025/01/14(火),2025/01/14(火),2025/01/14(火),008750,Youtility,1,売上,000102,ﾏﾆﾌｪｽﾄ,,1,11,枚,50,50,36642,000001,A（事業）,001,処分費,11:39,11:39,000000,Youtility,000001,ｵﾈｽﾄ,000001,新木場ﾘｻｲｸﾙ工場,008750,Youtility,001411,Youtility,1,紙,,000006,川部
2025/01/14(火),2025/01/14(火),2025/01/14(火),008751,ﾀﾏﾉｲ酢,1,売上,000001,混合廃棄物A,480,480,03,kg,65,"31,200",36681,000002,B（残置）,001,処分費,13:51,13:51,000000,ﾀﾏﾉｲ酢,000001,ｵﾈｽﾄ,000001,新木場ﾘｻｲｸﾙ工場,000110,ﾃｲｿｳ物流ｻｰﾋﾞｽ,000088,ﾃｲｿｳ物流ｻｰﾋﾞｽ,1,紙,,000002,渡辺
2025/01/14(火),2025/01/14(火),2025/01/14(火),008751,ﾀﾏﾉｲ酢,1,売上,000030,選別,20,20,03,kg,70,"1,400",36650,000002,B（残置）,001,処分費,12:20,12:20,000000,ﾀﾏﾉｲ酢,000001,ｵﾈｽﾄ,000001,新木場ﾘｻｲｸﾙ工場,000110,ﾃｲｿｳ物流ｻｰﾋﾞｽ,000088,ﾃｲｿｳ物流ｻｰﾋﾞｽ,1,紙,,000002,渡辺
2025/01/14(火),2025/01/14(火),2025/01/14(火),008751,ﾀﾏﾉｲ酢,1,売上,000030,選別,640,640,03,kg,70,"44,800",36663,000002,B（残置）,001,処分費,12:52,12:54,000000,ﾀﾏﾉｲ酢,000001,ｵﾈｽﾄ,000001,新木場ﾘｻｲｸﾙ工場,000110,ﾃｲｿｳ物流ｻｰﾋﾞｽ,000088,ﾃｲｿｳ物流ｻｰﾋﾞｽ,1,紙,,000002,渡辺
2025/01/14(火),2025/01/14(火),2025/01/14(火),008751,ﾀﾏﾉｲ酢,1,売上,000031,金庫,120,120,03,kg,80,"9,600",36663,000002,B（残置）,001,処分費,12:52,12:54,000000,ﾀﾏﾉｲ酢,000001,ｵﾈｽﾄ,000001,新木場ﾘｻｲｸﾙ工場,000110,ﾃｲｿｳ物流ｻｰﾋﾞｽ,000088,ﾃｲｿｳ物流ｻｰﾋﾞｽ,1,紙,,000002,渡辺
2025/01/14(火),2025/01/14(火),2025/01/14(火),008751,ﾀﾏﾉｲ酢,2,支払,000068,GC 軽鉄･ｽﾁｰﾙ類,260,260,03,kg,15.5,"4,030",36663,000002,B（残置）,003,有価物,12:52,12:54,000000,ﾀﾏﾉｲ酢,000001,ｵﾈｽﾄ,000001,新木場ﾘｻｲｸﾙ工場,000110,ﾃｲｿｳ物流ｻｰﾋﾞｽ,000088,ﾃｲｿｳ物流ｻｰﾋﾞｽ,1,紙,,000002,渡辺
2025/01/14(火),2025/01/14(火),2025/01/14(火),008751,ﾀﾏﾉｲ酢,2,支払,000068,GC 軽鉄･ｽﾁｰﾙ類,"1,000","1,000",03,kg,15.5,"15,500",36650,000002,B（残置）,003,有価物,12:20,12:20,000000,ﾀﾏﾉｲ酢,000001,ｵﾈｽﾄ,000001,新木場ﾘｻｲｸﾙ工場,000110,ﾃｲｿｳ物流ｻｰﾋﾞｽ,000088,ﾃｲｿｳ物流ｻｰﾋﾞｽ,1,紙,,000002,渡辺
2025/01/14(火),2025/01/14(火),2025/01/14(火),008772,Asnet,1,売上,000002,混合廃棄物B,210,210,03,kg,65,"13,650",36667,000003,C（解体）,001,処分費,13:10,13:10,000001,谷原6丁目解体工事,000001,ｵﾈｽﾄ,000001,新木場ﾘｻｲｸﾙ工場,002245,三友建設,000658,三友建設,1,紙,,000002,渡辺
2025/01/14(火),2025/01/16(木),2025/01/16(木),007764,ﾊﾟﾅｿﾆｯｸﾎｰﾑｽﾞ不動産,1,売上,000001,混合廃棄物A,430,6,02,m3,"12,000","72,000",36709,000002,B（残置）,001,処分費,15:20,15:20,000001,【東京】世田谷区　鎌田集積場,000001,ｵﾈｽﾄ,000001,新木場ﾘｻｲｸﾙ工場,000001,ｵﾈｽﾄ,000227,ﾊﾟﾅｿﾆｯｸﾎｰﾑｽﾞ不動産,2,電子,,000004,山本
2025/01/14(火),2025/01/16(木),2025/01/16(木),007764,ﾊﾟﾅｿﾆｯｸﾎｰﾑｽﾞ不動産,1,売上,000109,運搬費,,1,07,台,"24,000","24,000",36709,000002,B（残置）,002,運搬費,15:20,15:20,000001,【東京】世田谷区　鎌田集積場,000001,ｵﾈｽﾄ,000001,新木場ﾘｻｲｸﾙ工場,000001,ｵﾈｽﾄ,000227,ﾊﾟﾅｿﾆｯｸﾎｰﾑｽﾞ不動産,2,電子,,000004,山本
2025/01/15(水),2025/01/15(水),2025/01/15(水),000010,ｸﾛｻﾜ工業,1,売上,000002,混合廃棄物B,350,350,03,kg,70,"24,500",36861,000003,C（解体）,001,処分費,17:30,17:32,000013,葛飾区立石7-23-14,000001,ｵﾈｽﾄ,000001,新木場ﾘｻｲｸﾙ工場,000010,ｸﾛｻﾜ工業,000009,ｸﾛｻﾜ工業,1,紙,,000004,山本
2025/01/15(水),2025/01/15(水),2025/01/15(水),000017,ﾀﾏｺｰﾎﾟﾚｰｼｮﾝ,1,売上,000002,混合廃棄物B,790,790,03,kg,70,"55,300",36831,000003,C（解体）,001,処分費,14:42,14:46,000010,港区赤坂7-6-43,000001,ｵﾈｽﾄ,,,000017,ﾀﾏｺｰﾎﾟﾚｰｼｮﾝ,000920,ﾀﾏｺｰﾎﾟﾚｰｼｮﾝ,1,紙,,000004,山本
2025/01/15(水),2025/01/15(水),2025/01/15(水),000017,ﾀﾏｺｰﾎﾟﾚｰｼｮﾝ,1,売上,000017,軽量物系A(ｽﾀｲﾛﾌｫｰﾑ),60,60,03,kg,200,"12,000",36831,000003,C（解体）,001,処分費,14:42,14:46,000010,港区赤坂7-6-43,000001,ｵﾈｽﾄ,,,000017,ﾀﾏｺｰﾎﾟﾚｰｼｮﾝ,000920,ﾀﾏｺｰﾎﾟﾚｰｼｮﾝ,1,紙,,000004,山本
2025/01/15(水),2025/01/15(水),2025/01/15(水),000024,ｼﾑﾗ,1,売上,000002,混合廃棄物B,330,330,03,kg,70,"23,100",36825,000005,E（中・積),001,処分費,13:54,14:01,000001,ｼﾑﾗ荒川営業所,000001,ｵﾈｽﾄ,000001,新木場ﾘｻｲｸﾙ工場,000024,ｼﾑﾗ,000021,ｼﾑﾗ,1,紙,,000007,小林
2025/01/15(水),2025/01/15(水),2025/01/15(水),000024,ｼﾑﾗ,1,売上,000004,混合廃棄物(焼却物),350,350,03,kg,75,"26,250",36825,000005,E（中・積),001,処分費,13:54,14:01,000001,ｼﾑﾗ荒川営業所,000001,ｵﾈｽﾄ,000001,新木場ﾘｻｲｸﾙ工場,000024,ｼﾑﾗ,000021,ｼﾑﾗ,1,紙,,000007,小林
2025/01/15(水),2025/01/15(水),2025/01/15(水),000026,ｼｰﾒﾝｽﾍﾙｽｹｱ,1,売上,000001,混合廃棄物A,660,660,03,kg,60,"39,600",36742,000006,F（他）,001,処分費,07:24,07:27,000001,ｼｰﾒﾝｽﾍﾙｽｹｱ平和島ｾﾝﾀｰ,000001,ｵﾈｽﾄ,000001,新木場ﾘｻｲｸﾙ工場,000243,田端運輸,000097,ｼｰﾒﾝｽﾍﾙｽｹｱ,1,紙,,000003,蛯子
2025/01/15(水),2025/01/15(水),2025/01/15(水),000026,ｼｰﾒﾝｽﾍﾙｽｹｱ,1,売上,000001,混合廃棄物A,"1,500","1,500",03,kg,60,"90,000",36777,000006,F（他）,001,処分費,11:05,11:26,000001,ｼｰﾒﾝｽﾍﾙｽｹｱ平和島ｾﾝﾀｰ,000001,ｵﾈｽﾄ,000001,新木場ﾘｻｲｸﾙ工場,000243,田端運輸,000097,ｼｰﾒﾝｽﾍﾙｽｹｱ,1,紙,,000003,蛯子
2025/01/15(水),2025/01/15(水),2025/01/15(水),000026,ｼｰﾒﾝｽﾍﾙｽｹｱ,1,売上,000001,混合廃棄物A,"1,930","1,930",03,kg,60,"115,800",36799,000006,F（他）,001,処分費,12:06,12:17,000001,ｼｰﾒﾝｽﾍﾙｽｹｱ平和島ｾﾝﾀｰ,000001,ｵﾈｽﾄ,000001,新木場ﾘｻｲｸﾙ工場,000243,田端運輸,000097,ｼｰﾒﾝｽﾍﾙｽｹｱ,1,紙,,000003,蛯子
2025/01/15(水),2025/01/15(水),2025/01/15(水),000026,ｼｰﾒﾝｽﾍﾙｽｹｱ,1,売上,000001,混合廃棄物A,"1,960","1,960",03,kg,60,"117,600",36760,000006,F（他）,001,処分費,09:29,09:39,000001,ｼｰﾒﾝｽﾍﾙｽｹｱ平和島ｾﾝﾀｰ,000001,ｵﾈｽﾄ,000001,新木場ﾘｻｲｸﾙ工場,000243,田端運輸,000097,ｼｰﾒﾝｽﾍﾙｽｹｱ,1,紙,,000003,蛯子
2025/01/15(水),2025/01/15(水),2025/01/15(水),000026,ｼｰﾒﾝｽﾍﾙｽｹｱ,1,売上,000001,混合廃棄物A,"2,030","2,030",03,kg,60,"121,800",36764,000006,F（他）,001,処分費,09:58,10:07,000001,ｼｰﾒﾝｽﾍﾙｽｹｱ平和島ｾﾝﾀｰ,000001,ｵﾈｽﾄ,000001,新木場ﾘｻｲｸﾙ工場,000243,田端運輸,000097,ｼｰﾒﾝｽﾍﾙｽｹｱ,1,紙,,000003,蛯子
2025/01/15(水),2025/01/15(水),2025/01/15(水),000240,山王ｽﾍﾟｰｽ&ﾚﾝﾀﾙ,1,売上,000001,混合廃棄物A,110,110,03,kg,65,"7,150",36791,000001,A（事業）,001,処分費,11:52,11:52,000001,東京商品ｾﾝﾀｰ,000001,ｵﾈｽﾄ,000001,新木場ﾘｻｲｸﾙ工場,000240,山王ｽﾍﾟｰｽ&ﾚﾝﾀﾙ,000198,山王ｽﾍﾟｰｽ&ﾚﾝﾀﾙ,1,紙,,000007,小林
2025/01/15(水),2025/01/15(水),2025/01/15(水),000240,山王ｽﾍﾟｰｽ&ﾚﾝﾀﾙ,1,売上,000015,混合廃棄物(反物),270,270,03,kg,100,"27,000",36791,000001,A（事業）,001,処分費,11:52,11:52,000001,東京商品ｾﾝﾀｰ,000001,ｵﾈｽﾄ,000001,新木場ﾘｻｲｸﾙ工場,000240,山王ｽﾍﾟｰｽ&ﾚﾝﾀﾙ,000198,山王ｽﾍﾟｰｽ&ﾚﾝﾀﾙ,1,紙,,000007,小林
2025/01/15(水),2025/01/15(水),2025/01/15(水),000272,新建産業,1,売上,000001,混合廃棄物A,160,160,03,kg,65,"10,400",36774,000001,A（事業）,001,処分費,10:55,10:59,000000,新建産業,000001,ｵﾈｽﾄ,000001,新木場ﾘｻｲｸﾙ工場,000272,新建産業,000222,新建産業,1,紙,,000006,川部
2025/01/15(水),2025/01/15(水),2025/01/15(水),000281,ﾒﾀｳｫｰﾀｰ,1,売上,000014,混合廃棄物,660,8,02,m3,"10,000","80,000",36833,000004,D（建設）,001,処分費,14:53,14:56,000027,清瀬水再生センター汚泥焼却設備乾燥汚泥,000001,ｵﾈｽﾄ,000001,新木場ﾘｻｲｸﾙ工場,000001,ｵﾈｽﾄ,000281,ﾒﾀｳｫｰﾀｰ,1,紙,,000010,メタウォーター
2025/01/15(水),2025/01/15(水),2025/01/15(水),000281,ﾒﾀｳｫｰﾀｰ,1,売上,000109,運搬費,,1,07,台,"28,000","28,000",36833,000004,D（建設）,002,運搬費,14:53,14:56,000027,清瀬水再生センター汚泥焼却設備乾燥汚泥,000001,ｵﾈｽﾄ,000001,新木場ﾘｻｲｸﾙ工場,000001,ｵﾈｽﾄ,000281,ﾒﾀｳｫｰﾀｰ,1,紙,,000010,メタウォーター
2025/01/15(水),2025/01/15(水),2025/01/15(水),000294,北斗JAPAN,1,売上,000001,混合廃棄物A,870,870,03,kg,65,"56,550",36862,000002,B（残置）,001,処分費,17:39,17:48,000000,北斗JAPAN,000001,ｵﾈｽﾄ,000001,新木場ﾘｻｲｸﾙ工場,000294,北斗JAPAN,000237,北斗JAPAN,1,紙,,000006,川部
2025/01/15(水),2025/01/15(水),2025/01/15(水),000312,野口興業,1,売上,000001,混合廃棄物A,340,340,03,kg,45,"15,300",36745,000001,A（事業）,001,処分費,07:59,08:06,000000,野口興業,000001,ｵﾈｽﾄ,000001,新木場ﾘｻｲｸﾙ工場,000312,野口興業,000253,野口興業,1,紙,,000002,渡辺
2025/01/15(水),2025/01/15(水),2025/01/15(水),000312,野口興業,1,売上,000001,混合廃棄物A,510,510,03,kg,45,"22,950",36741,000001,A（事業）,001,処分費,07:14,07:16,000000,野口興業,000001,ｵﾈｽﾄ,000001,新木場ﾘｻｲｸﾙ工場,000312,野口興業,000253,野口興業,1,紙,,000002,渡辺
2025/01/15(水),2025/01/15(水),2025/01/15(水),000366,まごころ清掃社,1,売上,000001,混合廃棄物A,550,550,03,kg,65,"35,750",36740,000006,F（他）,001,処分費,07:06,07:07,000001,株式会社まごころ清掃社　戸吹工場,000001,ｵﾈｽﾄ,000001,新木場ﾘｻｲｸﾙ工場,000825,ｾﾞﾛｼｽﾃﾑｽﾞ,000645,ｾﾞﾛｼｽﾃﾑｽﾞ,2,電子,,000002,渡辺
2025/01/15(水),2025/01/15(水),2025/01/15(水),000419,三協ｴﾝｼﾞﾆｱﾘﾝｸﾞ,1,売上,000023,軽量物系B(充填剤）,260,260,03,kg,80,"20,800",36736,000004,D（建設）,001,処分費,06:23,06:23,000009,新御茶ノ水ﾋﾞﾙﾃﾞｨﾝｸﾞ,000001,ｵﾈｽﾄ,000001,新木場ﾘｻｲｸﾙ工場,000001,ｵﾈｽﾄ,000329,三協ｴﾝｼﾞﾆｱﾘﾝｸﾞ,1,紙,,000002,渡辺
2025/01/15(水),2025/01/15(水),2025/01/15(水),000419,三協ｴﾝｼﾞﾆｱﾘﾝｸﾞ,1,売上,000109,運搬費（2ｔ）,,1,07,台,"23,000","23,000",36736,000004,D（建設）,002,運搬費,06:23,06:23,000009,新御茶ノ水ﾋﾞﾙﾃﾞｨﾝｸﾞ,000001,ｵﾈｽﾄ,000001,新木場ﾘｻｲｸﾙ工場,000001,ｵﾈｽﾄ,000329,三協ｴﾝｼﾞﾆｱﾘﾝｸﾞ,1,紙,,000002,渡辺
2025/01/15(水),2025/01/15(水),2025/01/15(水),000419,三協ｴﾝｼﾞﾆｱﾘﾝｸﾞ,1,売上,000415,夜間割増,,1,12,式,"20,000","20,000",36736,000004,D（建設）,002,運搬費,06:23,06:23,000009,新御茶ノ水ﾋﾞﾙﾃﾞｨﾝｸﾞ,000001,ｵﾈｽﾄ,000001,新木場ﾘｻｲｸﾙ工場,000001,ｵﾈｽﾄ,000329,三協ｴﾝｼﾞﾆｱﾘﾝｸﾞ,1,紙,,000002,渡辺
2025/01/15(水),2025/01/15(水),2025/01/15(水),000751,まごのて,1,売上,000001,混合廃棄物A,"1,820","1,820",03,kg,65,"118,300",36858,000002,B（残置）,001,処分費,17:09,17:27,000000,まごのて,000001,ｵﾈｽﾄ,000001,新木場ﾘｻｲｸﾙ工場,000751,まごのて,000580,まごのて,2,電子,,000006,川部
2025/01/15(水),2025/01/15(水),2025/01/15(水),000788,海野工業,1,売上,000001,混合廃棄物A,10,10,03,kg,65,650,36854,000003,C（解体）,001,処分費,16:20,16:21,000000,海野工業,000001,ｵﾈｽﾄ,000001,新木場ﾘｻｲｸﾙ工場,000788,海野工業,001295,海野工業,1,紙,,000007,小林
2025/01/15(水),2025/01/15(水),2025/01/15(水),000788,海野工業,1,売上,000017,軽量物系A(ｽﾀｲﾛﾌｫｰﾑ),10,10,03,kg,200,"2,000",36854,000003,C（解体）,001,処分費,16:20,16:21,000000,海野工業,000001,ｵﾈｽﾄ,000001,新木場ﾘｻｲｸﾙ工場,000788,海野工業,001295,海野工業,1,紙,,000007,小林
2025/01/15(水),2025/01/15(水),2025/01/15(水),000923,港区教育委員会事務局　学校教育部,1,売上,000014,混合廃棄物,200,200,03,kg,45,"9,000",36802,000006,F（他）,001,処分費,11:51,13:26,000014,青山小学校,000001,ｵﾈｽﾄ,000001,新木場ﾘｻｲｸﾙ工場,000001,ｵﾈｽﾄ,001311,港区教育委員会事務局　学校教育部,1,紙,,000007,小林
2025/01/15(水),2025/01/15(水),2025/01/15(水),000923,港区教育委員会事務局　学校教育部,1,売上,000014,混合廃棄物,290,290,03,kg,45,"13,050",36770,000006,F（他）,001,処分費,10:26,10:26,000023,青山中学校,000001,ｵﾈｽﾄ,000001,新木場ﾘｻｲｸﾙ工場,000001,ｵﾈｽﾄ,001311,港区教育委員会事務局　学校教育部,1,紙,,000007,小林
2025/01/15(水),2025/01/15(水),2025/01/15(水),000923,港区教育委員会事務局　学校教育部,1,売上,000014,混合廃棄物,310,310,03,kg,45,"13,950",36810,000006,F（他）,001,処分費,12:42,12:42,000016,御成門学園　御成門中学校,000001,ｵﾈｽﾄ,000001,新木場ﾘｻｲｸﾙ工場,000001,ｵﾈｽﾄ,001311,港区教育委員会事務局　学校教育部,1,紙,,000007,小林
2025/01/15(水),2025/01/15(水),2025/01/15(水),000923,港区教育委員会事務局　学校教育部,1,売上,000014,混合廃棄物,480,480,03,kg,45,"21,600",36768,000006,F（他）,001,処分費,10:46,13:22,000023,青山中学校,000001,ｵﾈｽﾄ,000001,新木場ﾘｻｲｸﾙ工場,000001,ｵﾈｽﾄ,001311,港区教育委員会事務局　学校教育部,1,紙,,000007,小林
2025/01/15(水),2025/01/15(水),2025/01/15(水),000923,港区教育委員会事務局　学校教育部,1,売上,000014,混合廃棄物,"1,030","1,030",03,kg,45,"46,350",36769,000006,F（他）,001,処分費,10:25,10:25,000009,麻布小学校,000001,ｵﾈｽﾄ,000001,新木場ﾘｻｲｸﾙ工場,000001,ｵﾈｽﾄ,001311,港区教育委員会事務局　学校教育部,1,紙,,000007,小林
2025/01/15(水),2025/01/15(水),2025/01/15(水),001044,ﾃｨｰｱﾝﾄﾞﾃﾞｨｰ,1,売上,000002,混合廃棄物B,880,880,03,kg,70,"61,600",36863,000003,C（解体）,001,処分費,17:40,17:43,000008,白岡ゆめの木保育園,000001,ｵﾈｽﾄ,000001,新木場ﾘｻｲｸﾙ工場,000362,ﾐﾔ産興,000290,ﾐﾔ産興,1,紙,,000004,山本
2025/01/15(水),2025/01/15(水),2025/01/15(水),001106,舞浜企画（市川本社）,1,売上,000002,混合廃棄物B,110,110,03,kg,70,"7,700",36865,000003,C（解体）,001,処分費,17:58,18:02,000006,焼き鳥まさや・内装解体工事,000001,ｵﾈｽﾄ,000001,新木場ﾘｻｲｸﾙ工場,005727,富山,000896,富山,1,紙,,000004,山本
2025/01/15(水),2025/01/15(水),2025/01/15(水),001106,舞浜企画（市川本社）,1,売上,000002,混合廃棄物B,180,180,03,kg,70,"12,600",36848,000003,C（解体）,001,処分費,15:53,15:55,000005,共同住宅ｱｯﾌﾟﾙﾊｲﾂ,000001,ｵﾈｽﾄ,000001,新木場ﾘｻｲｸﾙ工場,005727,富山,000896,富山,1,紙,,000004,山本
2025/01/15(水),2025/01/15(水),2025/01/15(水),001106,舞浜企画（市川本社）,1,売上,000021,軽量物系B(ｸﾞﾗｽｳｰﾙ),20,20,03,kg,80,"1,600",36865,000003,C（解体）,001,処分費,17:58,18:02,000006,焼き鳥まさや・内装解体工事,000001,ｵﾈｽﾄ,000001,新木場ﾘｻｲｸﾙ工場,005727,富山,000896,富山,1,紙,,000004,山本
2025/01/15(水),2025/01/15(水),2025/01/15(水),001395,昭和女子大学,1,売上,000001,混合廃棄物A,110,110,03,kg,65,"7,150",36824,000001,A（事業）,001,処分費,13:51,13:51,000000,昭和女子大学,000001,ｵﾈｽﾄ,000001,新木場ﾘｻｲｸﾙ工場,000019,ﾀｹｴｲ,000016,ﾀｹｴｲ,1,紙,,000007,小林
2025/01/15(水),2025/01/15(水),2025/01/15(水),001420,y-brace,1,売上,000001,混合廃棄物A,"1,010","1,010",03,kg,54,"54,540",36758,000001,A（事業）,001,処分費,09:20,09:23,000000,y-brace,000001,ｵﾈｽﾄ,000001,新木場ﾘｻｲｸﾙ工場,000028,五十嵐商会,000025,五十嵐商会,1,紙,,000002,渡辺
2025/01/15(水),2025/01/15(水),2025/01/15(水),001446,東京大学,1,売上,000001,混合廃棄物A,630,630,03,kg,65,"40,950",36856,000002,B（残置）,001,処分費,16:52,16:58,000011,東京大学農学部,000001,ｵﾈｽﾄ,000001,新木場ﾘｻｲｸﾙ工場,000013,東京商産業,000011,東京商産業,1,紙,,000004,山本
2025/01/15(水),2025/01/15(水),2025/01/15(水),001496,ﾔﾏﾄ運輸,1,売上,000001,混合廃棄物A,"1,120","1,120",03,kg,65,"72,800",36796,000001,A（事業）,001,処分費,11:58,11:58,000001,東京美術品支店,000001,ｵﾈｽﾄ,000001,新木場ﾘｻｲｸﾙ工場,001494,坪野谷紙業,000629,坪野谷紙業,1,紙,,000002,渡辺
2025/01/15(水),2025/01/15(水),2025/01/15(水),001595,希松,1,売上,000001,混合廃棄物A,"1,200","1,200",03,kg,65,"78,000",36819,000002,B（残置）,001,処分費,13:41,13:41,000001,事業本部工場（ﾅﾁｭﾗﾙﾌｧｸﾄﾘｰ東京）,000001,ｵﾈｽﾄ,000001,新木場ﾘｻｲｸﾙ工場,000001,ｵﾈｽﾄ,000569,希松,1,紙,,000005,今村（紀）
2025/01/15(水),2025/01/15(水),2025/01/15(水),001595,希松,1,売上,000001,混合廃棄物A,"1,450","1,450",03,kg,65,"94,250",36820,000002,B（残置）,001,処分費,13:35,13:38,000001,事業本部工場（ﾅﾁｭﾗﾙﾌｧｸﾄﾘｰ東京）,000001,ｵﾈｽﾄ,000001,新木場ﾘｻｲｸﾙ工場,000001,ｵﾈｽﾄ,000569,希松,1,紙,,000005,今村（紀）
2025/01/15(水),2025/01/15(水),2025/01/15(水),001595,希松,1,売上,000349,運搬費(4ｔｺﾝﾃﾅ),,1,07,台,"20,000","20,000",36819,000002,B（残置）,002,運搬費,13:41,13:41,000001,事業本部工場（ﾅﾁｭﾗﾙﾌｧｸﾄﾘｰ東京）,000001,ｵﾈｽﾄ,000001,新木場ﾘｻｲｸﾙ工場,000001,ｵﾈｽﾄ,000569,希松,1,紙,,000005,今村（紀）
2025/01/15(水),2025/01/15(水),2025/01/15(水),001595,希松,1,売上,000349,運搬費(4ｔｺﾝﾃﾅ),,1,07,台,"20,000","20,000",36820,000002,B（残置）,002,運搬費,13:35,13:38,000001,事業本部工場（ﾅﾁｭﾗﾙﾌｧｸﾄﾘｰ東京）,000001,ｵﾈｽﾄ,000001,新木場ﾘｻｲｸﾙ工場,000001,ｵﾈｽﾄ,000569,希松,1,紙,,000005,今村（紀）
2025/01/15(水),2025/01/15(水),2025/01/15(水),001654,ﾌﾟﾘ･ﾃｯｸ,1,売上,000001,混合廃棄物A,"1,390","1,390",03,kg,65,"90,350",36735,000001,A（事業）,001,処分費,06:58,07:00,000000,ﾌﾟﾘ･ﾃｯｸ,000001,ｵﾈｽﾄ,000001,新木場ﾘｻｲｸﾙ工場,001248,東日本ﾊｲｳｪｲ,000969,東日本ﾊｲｳｪｲ,1,紙,,000002,渡辺
2025/01/15(水),2025/01/15(水),2025/01/15(水),001739,三機工業（八丁堀）,1,売上,000001,混合廃棄物A,10,10,03,kg,58,580,36792,000002,B（残置）,001,処分費,11:40,11:40,000079,新宿三井ビル,000001,ｵﾈｽﾄ,000001,新木場ﾘｻｲｸﾙ工場,004463,あるくる,000823,あるくる,1,紙,,000001,矢作
2025/01/15(水),2025/01/15(水),2025/01/15(水),001739,三機工業（八丁堀）,1,売上,000001,混合廃棄物A,"1,120","1,120",03,kg,58,"64,960",36775,000004,D（建設）,001,処分費,11:02,11:02,000008,大樹生命事務ｾﾝﾀｰ（空衛）,000001,ｵﾈｽﾄ,000001,新木場ﾘｻｲｸﾙ工場,000016,泉土木,000014,泉土木,1,紙,,000001,矢作
2025/01/15(水),2025/01/15(水),2025/01/15(水),001907,泰成工業,1,売上,000001,混合廃棄物A,730,730,03,kg,65,"47,450",36801,000002,B（残置）,001,処分費,12:20,12:20,000001,泰成工業東京工場,000001,ｵﾈｽﾄ,000001,新木場ﾘｻｲｸﾙ工場,000113,中村商店,000089,中村商店,1,紙,,000006,川部
2025/01/15(水),2025/01/15(水),2025/01/15(水),001947,ﾁｬｺｰﾙ市野,1,売上,000001,混合廃棄物A,540,540,03,kg,53,"28,620",36784,000001,A（事業）,001,処分費,11:14,11:16,000001,渋谷市野ﾋﾞﾙ,000001,ｵﾈｽﾄ,000001,新木場ﾘｻｲｸﾙ工場,000302,ﾖｼﾓﾘ,000244,ﾖｼﾓﾘ,1,紙,,000002,渡辺
2025/01/15(水),2025/01/15(水),2025/01/15(水),001949,大成建設,1,売上,000001,混合廃棄物A,390,390,03,kg,54,"21,060",36746,000001,A（事業）,001,処分費,08:05,08:06,000002,ﾏｰﾄﾞﾚ松田,000001,ｵﾈｽﾄ,000001,新木場ﾘｻｲｸﾙ工場,000028,五十嵐商会,000025,五十嵐商会,1,紙,,000002,渡辺
2025/01/15(水),2025/01/15(水),2025/01/15(水),001971,NTTｱｰﾊﾞﾝﾊﾞﾘｭｰｻﾎﾟｰﾄ,1,売上,000001,混合廃棄物A,940,940,03,kg,54,"50,760",36761,000001,A（事業）,001,処分費,09:35,09:35,000003,日経ﾋﾞﾙ･JAﾋﾞﾙ･経団連会館全体共用部,000001,ｵﾈｽﾄ,000001,新木場ﾘｻｲｸﾙ工場,000028,五十嵐商会,000025,五十嵐商会,1,紙,,000002,渡辺
2025/01/15(水),2025/01/15(水),2025/01/15(水),002144,ﾕﾀｶ工業,1,売上,000002,混合廃棄物B,620,620,03,kg,70,"43,400",36743,000004,D（建設）,001,処分費,07:44,07:46,000012,中央ｴﾚﾍﾞｰﾀｰ工業㈱八潮倉庫,000001,ｵﾈｽﾄ,000001,新木場ﾘｻｲｸﾙ工場,000229,ｱｽﾏ･ｸﾘｰﾝ,000191,ｱｽﾏ･ｸﾘｰﾝ,1,紙,,000002,渡辺
2025/01/15(水),2025/01/15(水),2025/01/15(水),002152,木内工務店,1,売上,000002,混合廃棄物B,590,590,03,kg,70,"41,300",36762,000004,D（建設）,001,処分費,09:36,09:36,000000,木内工務店,000001,ｵﾈｽﾄ,000001,新木場ﾘｻｲｸﾙ工場,001217,鈴木環境,000943,鈴木環境,1,紙,,000002,渡辺
2025/01/15(水),2025/01/15(水),2025/01/15(水),002197,ﾏﾙﾊｳｼﾞﾝｸﾞ,1,売上,000001,混合廃棄物A,570,570,03,kg,65,"37,050",36767,000004,D（建設）,001,処分費,10:49,10:49,000001,ﾏﾙﾊｳｼﾞﾝｸﾞｻｰﾋﾞｽ,000001,ｵﾈｽﾄ,000001,新木場ﾘｻｲｸﾙ工場,000154,京葉興業,000123,京葉興業,1,紙,,000004,山本
2025/01/15(水),2025/01/15(水),2025/01/15(水),002202,宮坂運送,1,売上,000001,混合廃棄物A,350,350,03,kg,65,"22,750",36826,000002,B（残置）,001,処分費,13:59,14:02,000003,宮坂運送（東葛西）,000001,ｵﾈｽﾄ,000001,新木場ﾘｻｲｸﾙ工場,002202,宮坂運送,000268,宮坂運送,1,紙,,000004,山本
2025/01/15(水),2025/01/15(水),2025/01/15(水),002245,三友建設,1,売上,000002,混合廃棄物B,150,150,03,kg,65,"9,750",36789,000003,C（解体）,001,処分費,11:42,11:42,000090,及川様邸解体工事,000001,ｵﾈｽﾄ,000001,新木場ﾘｻｲｸﾙ工場,002245,三友建設,000658,三友建設,2,電子,,000002,渡辺
2025/01/15(水),2025/01/15(水),2025/01/15(水),002264,益青,1,売上,000001,混合廃棄物A,340,340,03,kg,60,"20,400",36829,000002,B（残置）,001,処分費,14:25,14:34,000000,益青,000001,ｵﾈｽﾄ,000001,新木場ﾘｻｲｸﾙ工場,001772,三洋ｴｸｽﾌﾟﾚｽ,000228,三洋ｴｸｽﾌﾟﾚｽ,1,紙,,000002,渡辺
2025/01/15(水),2025/01/15(水),2025/01/15(水),002278,三菱地所ﾚｼﾞﾃﾞﾝｽ,1,売上,000030,選別,330,330,03,kg,40,"13,200",36793,000002,B（残置）,001,処分費,11:23,11:24,000013,三菱地所ﾚｼﾞﾃﾞﾝｽ(新宿区),000001,ｵﾈｽﾄ,000001,新木場ﾘｻｲｸﾙ工場,001772,三洋ｴｸｽﾌﾟﾚｽ,000228,三洋ｴｸｽﾌﾟﾚｽ,1,紙,,000002,渡辺
2025/01/15(水),2025/01/15(水),2025/01/15(水),002278,三菱地所ﾚｼﾞﾃﾞﾝｽ,2,支払,000068,GC 軽鉄･ｽﾁｰﾙ類,240,240,03,kg,15.5,"3,720",36793,000002,B（残置）,003,有価物,11:23,11:24,000013,三菱地所ﾚｼﾞﾃﾞﾝｽ(新宿区),000001,ｵﾈｽﾄ,000001,新木場ﾘｻｲｸﾙ工場,001772,三洋ｴｸｽﾌﾟﾚｽ,000228,三洋ｴｸｽﾌﾟﾚｽ,1,紙,,000002,渡辺
2025/01/15(水),2025/01/15(水),2025/01/15(水),002292,三菱地所,1,売上,000001,混合廃棄物A,510,510,03,kg,58,"29,580",36828,000002,B（残置）,001,処分費,14:19,14:39,000006,TOKIWAﾌﾞﾘｯｼﾞ,000001,ｵﾈｽﾄ,000001,新木場ﾘｻｲｸﾙ工場,001308,ｵﾈｽﾄ･ﾜﾝ,001021,ｵﾈｽﾄ･ﾜﾝ,1,紙,,000011,オネスト・ワン
2025/01/15(水),2025/01/15(水),2025/01/15(水),002292,三菱地所,1,売上,000030,選別,200,200,03,kg,43,"8,600",36828,000002,B（残置）,001,処分費,14:19,14:39,000006,TOKIWAﾌﾞﾘｯｼﾞ,000001,ｵﾈｽﾄ,000001,新木場ﾘｻｲｸﾙ工場,001308,ｵﾈｽﾄ･ﾜﾝ,001021,ｵﾈｽﾄ･ﾜﾝ,1,紙,,000011,オネスト・ワン
2025/01/15(水),2025/01/15(水),2025/01/15(水),002299,ﾏﾙﾄﾐ建装,1,売上,000001,混合廃棄物A,670,670,03,kg,65,"43,550",36756,000002,B（残置）,001,処分費,09:08,09:08,000000,ﾏﾙﾄﾐ建装,000001,ｵﾈｽﾄ,000001,新木場ﾘｻｲｸﾙ工場,000988,さくら装建,000766,さくら装建,1,紙,,000002,渡辺
2025/01/15(水),2025/01/15(水),2025/01/15(水),002301,ｴｲ･ｹｰ･ｴｲ,1,売上,000001,混合廃棄物A,840,840,03,kg,60,"50,400",36755,000002,B（残置）,001,処分費,08:57,09:02,000002,ｴｲｹｰｴｲ（千葉市）,000001,ｵﾈｽﾄ,000001,新木場ﾘｻｲｸﾙ工場,001772,三洋ｴｸｽﾌﾟﾚｽ,000228,三洋ｴｸｽﾌﾟﾚｽ,1,紙,,000002,渡辺
2025/01/15(水),2025/01/15(水),2025/01/15(水),002314,日本運輸倉庫隅田川ﾆｯｿｳｾﾝﾀｰ支店,1,売上,000001,混合廃棄物A,690,690,03,kg,60,"41,400",36827,000001,A（事業）,001,処分費,14:05,14:08,000000,日本運輸倉庫隅田川ﾆｯｿｳｾﾝﾀｰ支店,000001,ｵﾈｽﾄ,000001,新木場ﾘｻｲｸﾙ工場,001856,SUN-K,000261,SUNｰK,1,紙,,000006,川部
2025/01/15(水),2025/01/15(水),2025/01/15(水),002398,東京ﾄﾞｰﾑ,1,売上,000001,混合廃棄物A,890,890,03,kg,60,"53,400",36753,000001,A（事業）,001,処分費,08:46,08:50,000001,東京ﾄﾞｰﾑﾗｸｰｱﾋﾞﾙ,000001,ｵﾈｽﾄ,000001,新木場ﾘｻｲｸﾙ工場,001246,三美社,000967,三美社,1,紙,,000002,渡辺
2025/01/15(水),2025/01/15(水),2025/01/15(水),002402,高砂熱学工業,2,支払,000055,ﾗｼﾞｴﾀｰ,290,290,03,kg,460,"133,400",36847,000004,D（建設）,003,有価物,16:02,16:03,000013,JR東急目黒ビル,000001,ｵﾈｽﾄ,000001,新木場ﾘｻｲｸﾙ工場,000016,泉土木,000014,泉土木,1,紙,,000001,矢作
2025/01/15(水),2025/01/15(水),2025/01/15(水),002402,高砂熱学工業,2,支払,000068,GC 軽鉄･ｽﾁｰﾙ類,540,540,03,kg,24.5,"13,230",36847,000004,D（建設）,003,有価物,16:02,16:03,000013,JR東急目黒ビル,000001,ｵﾈｽﾄ,000001,新木場ﾘｻｲｸﾙ工場,000016,泉土木,000014,泉土木,1,紙,,000001,矢作
2025/01/15(水),2025/01/15(水),2025/01/15(水),002402,高砂熱学工業,2,支払,000068,GC 軽鉄･ｽﾁｰﾙ類,"1,170","1,170",03,kg,15.5,"18,135",36838,000004,D（建設）,003,有価物,15:23,15:24,000007,KDDI新宿ビル（仲村工業）,000001,ｵﾈｽﾄ,000001,新木場ﾘｻｲｸﾙ工場,003472,仲村工業,000328,仲村工業,2,電子,,000002,渡辺
2025/01/15(水),2025/01/15(水),2025/01/15(水),002402,高砂熱学工業,2,支払,000120,ﾓｰﾀｰ,160,160,03,kg,30,"4,800",36838,000004,D（建設）,003,有価物,15:23,15:24,000007,KDDI新宿ビル（仲村工業）,000001,ｵﾈｽﾄ,000001,新木場ﾘｻｲｸﾙ工場,003472,仲村工業,000328,仲村工業,2,電子,,000002,渡辺
2025/01/15(水),2025/01/15(水),2025/01/15(水),002485,ﾔﾅｶﾞﾜ,1,売上,000001,混合廃棄物A,"1,180","1,180",03,kg,65,"76,700",36749,000002,B（残置）,001,処分費,08:30,08:36,000002,ｻﾞ･ｾﾝﾁｭﾘｵﾝｸﾗｼｯｸ赤坂,000001,ｵﾈｽﾄ,000001,新木場ﾘｻｲｸﾙ工場,002486,ﾖｼｶﾜ,000060,ﾖｼｶﾜ,1,紙,,000005,今村（紀）
2025/01/15(水),2025/01/15(水),2025/01/15(水),002485,ﾔﾅｶﾞﾜ,1,売上,000013,混合廃棄物(ｿﾌｧｰ),20,20,03,kg,100,"2,000",36749,000002,B（残置）,001,処分費,08:30,08:36,000002,ｻﾞ･ｾﾝﾁｭﾘｵﾝｸﾗｼｯｸ赤坂,000001,ｵﾈｽﾄ,000001,新木場ﾘｻｲｸﾙ工場,002486,ﾖｼｶﾜ,000060,ﾖｼｶﾜ,1,紙,,000005,今村（紀）
2025/01/15(水),2025/01/15(水),2025/01/15(水),002504,東京ﾋﾞｼﾞﾈｽｻｰﾋﾞｽ,1,売上,000001,混合廃棄物A,820,820,03,kg,53,"43,460",36751,000001,A（事業）,001,処分費,08:40,08:40,000001,白泉社,000001,ｵﾈｽﾄ,000001,新木場ﾘｻｲｸﾙ工場,000302,ﾖｼﾓﾘ,000244,ﾖｼﾓﾘ,1,紙,,000002,渡辺
2025/01/15(水),2025/01/15(水),2025/01/15(水),002833,ﾌｸｲ,1,売上,000001,混合廃棄物A,250,250,03,kg,65,"16,250",36779,000004,D（建設）,001,処分費,11:06,11:09,000000,ﾌｸｲ,000001,ｵﾈｽﾄ,000001,新木場ﾘｻｲｸﾙ工場,000229,ｱｽﾏ･ｸﾘｰﾝ,000191,ｱｽﾏ･ｸﾘｰﾝ,1,紙,,000002,渡辺
2025/01/15(水),2025/01/15(水),2025/01/15(水),003147,中央建物,1,売上,000001,混合廃棄物A,130,130,03,kg,54,"7,020",36771,000001,A（事業）,001,処分費,10:54,10:56,000001,大倉本館,000001,ｵﾈｽﾄ,000001,新木場ﾘｻｲｸﾙ工場,000028,五十嵐商会,000025,五十嵐商会,1,紙,,000002,渡辺
2025/01/15(水),2025/01/15(水),2025/01/15(水),003221,ﾕｱｻｸｵﾋﾞｽ,2,支払,000069,GD,950,950,03,kg,14,"13,300",36839,000004,D（建設）,003,有価物,15:25,15:25,000001,非常用電源装置改修工事,000001,ｵﾈｽﾄ,000001,新木場ﾘｻｲｸﾙ工場,000016,泉土木,000014,泉土木,1,紙,,000001,矢作
2025/01/15(水),2025/01/15(水),2025/01/15(水),003370,日本経済新聞社,1,売上,000001,混合廃棄物A,770,770,03,kg,54,"41,580",36786,000001,A（事業）,001,処分費,11:26,11:26,000001,日経虎ノ門別館,000001,ｵﾈｽﾄ,000001,新木場ﾘｻｲｸﾙ工場,000028,五十嵐商会,000025,五十嵐商会,1,紙,,000002,渡辺
2025/01/15(水),2025/01/15(水),2025/01/15(水),003744,篠原　照和,1,売上,000001,混合廃棄物A,700,700,03,kg,65,"45,500",36818,000001,A（事業）,001,処分費,13:23,13:25,000001,浅草寺境内観音裏,000001,ｵﾈｽﾄ,000001,新木場ﾘｻｲｸﾙ工場,000053,小早川運輸,000045,小早川運輸,1,紙,,000002,渡辺
2025/01/15(水),2025/01/15(水),2025/01/15(水),003863,ｸﾛﾀﾞ,1,売上,000021,軽量物系B(ｸﾞﾗｽｳｰﾙ),690,690,03,kg,80,"55,200",36823,000004,D（建設）,001,処分費,13:44,13:47,000001,ｸﾛﾀﾞ（足立区）,000001,ｵﾈｽﾄ,000001,新木場ﾘｻｲｸﾙ工場,003863,ｸﾛﾀﾞ,000374,ｸﾛﾀﾞ,1,紙,,000002,渡辺
2025/01/15(水),2025/01/15(水),2025/01/15(水),003882,ﾅｶﾑﾗ産興,1,売上,000002,混合廃棄物B,230,230,03,kg,70,"16,100",36744,000003,C（解体）,001,処分費,07:58,08:01,000018,相模原市緑区南橋本5-1-1,000001,ｵﾈｽﾄ,000001,新木場ﾘｻｲｸﾙ工場,003882,ﾅｶﾑﾗ産興,000783,ﾅｶﾑﾗ産興,1,紙,,000006,川部
2025/01/15(水),2025/01/15(水),2025/01/15(水),003882,ﾅｶﾑﾗ産興,1,売上,000013,混合廃棄物(ｿﾌｧｰ),230,230,03,kg,100,"23,000",36744,000003,C（解体）,001,処分費,07:58,08:01,000018,相模原市緑区南橋本5-1-1,000001,ｵﾈｽﾄ,000001,新木場ﾘｻｲｸﾙ工場,003882,ﾅｶﾑﾗ産興,000783,ﾅｶﾑﾗ産興,1,紙,,000006,川部
2025/01/15(水),2025/01/15(水),2025/01/15(水),003981,ASUM,1,売上,000001,混合廃棄物A,80,80,03,kg,65,"5,200",36738,000003,C（解体）,001,処分費,06:24,06:24,000000,ASUM,000001,ｵﾈｽﾄ,000001,新木場ﾘｻｲｸﾙ工場,003981,ASUM,000381,ASUM,1,紙,,000007,小林
2025/01/15(水),2025/01/15(水),2025/01/15(水),003981,ASUM,1,売上,000004,混合廃棄物(焼却物),180,180,03,kg,75,"13,500",36738,000003,C（解体）,001,処分費,06:24,06:24,000000,ASUM,000001,ｵﾈｽﾄ,000001,新木場ﾘｻｲｸﾙ工場,003981,ASUM,000381,ASUM,1,紙,,000007,小林
2025/01/15(水),2025/01/15(水),2025/01/15(水),003992,ﾓﾘﾃｯｸ,1,売上,000001,混合廃棄物A,"2,260","2,260",03,kg,65,"146,900",36747,000004,D（建設）,001,処分費,08:11,08:14,000000,ﾓﾘﾃｯｸ,000001,ｵﾈｽﾄ,000001,新木場ﾘｻｲｸﾙ工場,000001,ｵﾈｽﾄ,000707,ﾓﾘﾃｯｸ,1,紙,,000005,今村（紀）
2025/01/15(水),2025/01/15(水),2025/01/15(水),003992,ﾓﾘﾃｯｸ,1,売上,000349,運搬費(4ｔｺﾝﾃﾅ),,1,07,台,"16,000","16,000",36747,000004,D（建設）,002,運搬費,08:11,08:14,000000,ﾓﾘﾃｯｸ,000001,ｵﾈｽﾄ,000001,新木場ﾘｻｲｸﾙ工場,000001,ｵﾈｽﾄ,000707,ﾓﾘﾃｯｸ,1,紙,,000005,今村（紀）
2025/01/15(水),2025/01/15(水),2025/01/15(水),004039,(ｵﾈﾜﾝ)ﾄｯﾌﾟﾘﾕｰｽ,1,売上,000001,混合廃棄物A,340,340,03,kg,63,"21,420",36814,000002,B（残置）,001,処分費,13:00,13:08,000000,(ｵﾈﾜﾝ)ﾄｯﾌﾟﾘﾕｰｽ,000001,ｵﾈｽﾄ,000001,新木場ﾘｻｲｸﾙ工場,004039,(ｵﾈﾜﾝ)ﾄｯﾌﾟﾘﾕｰｽ,001021,ｵﾈｽﾄ･ﾜﾝ,1,紙,,000011,オネスト・ワン
2025/01/15(水),2025/01/15(水),2025/01/15(水),004039,(ｵﾈﾜﾝ)ﾄｯﾌﾟﾘﾕｰｽ,1,売上,000001,混合廃棄物A,350,350,03,kg,63,"22,050",36748,000002,B（残置）,001,処分費,08:17,08:22,000000,(ｵﾈﾜﾝ)ﾄｯﾌﾟﾘﾕｰｽ,000001,ｵﾈｽﾄ,000001,新木場ﾘｻｲｸﾙ工場,004039,(ｵﾈﾜﾝ)ﾄｯﾌﾟﾘﾕｰｽ,001021,ｵﾈｽﾄ･ﾜﾝ,1,紙,,000011,オネスト・ワン
2025/01/15(水),2025/01/15(水),2025/01/15(水),004039,(ｵﾈﾜﾝ)ﾄｯﾌﾟﾘﾕｰｽ,1,売上,000004,混合廃棄物(焼却物),90,90,03,kg,68,"6,120",36748,000002,B（残置）,001,処分費,08:17,08:22,000000,(ｵﾈﾜﾝ)ﾄｯﾌﾟﾘﾕｰｽ,000001,ｵﾈｽﾄ,000001,新木場ﾘｻｲｸﾙ工場,004039,(ｵﾈﾜﾝ)ﾄｯﾌﾟﾘﾕｰｽ,001021,ｵﾈｽﾄ･ﾜﾝ,1,紙,,000011,オネスト・ワン
2025/01/15(水),2025/01/15(水),2025/01/15(水),004039,(ｵﾈﾜﾝ)ﾄｯﾌﾟﾘﾕｰｽ,1,売上,000004,混合廃棄物(焼却物),90,90,03,kg,68,"6,120",36814,000002,B（残置）,001,処分費,13:00,13:08,000000,(ｵﾈﾜﾝ)ﾄｯﾌﾟﾘﾕｰｽ,000001,ｵﾈｽﾄ,000001,新木場ﾘｻｲｸﾙ工場,004039,(ｵﾈﾜﾝ)ﾄｯﾌﾟﾘﾕｰｽ,001021,ｵﾈｽﾄ･ﾜﾝ,1,紙,,000011,オネスト・ワン
2025/01/15(水),2025/01/15(水),2025/01/15(水),004039,(ｵﾈﾜﾝ)ﾄｯﾌﾟﾘﾕｰｽ,1,売上,000018,軽量物系A(ｽﾎﾟﾝｼﾞ),20,20,03,kg,180,"3,600",36748,000002,B（残置）,001,処分費,08:17,08:22,000000,(ｵﾈﾜﾝ)ﾄｯﾌﾟﾘﾕｰｽ,000001,ｵﾈｽﾄ,000001,新木場ﾘｻｲｸﾙ工場,004039,(ｵﾈﾜﾝ)ﾄｯﾌﾟﾘﾕｰｽ,001021,ｵﾈｽﾄ･ﾜﾝ,1,紙,,000011,オネスト・ワン
2025/01/15(水),2025/01/15(水),2025/01/15(水),004039,(ｵﾈﾜﾝ)ﾄｯﾌﾟﾘﾕｰｽ,1,売上,000102,ﾏﾆﾌｪｽﾄ,,1,11,枚,50,50,36748,000002,B（残置）,001,処分費,08:17,08:22,000000,(ｵﾈﾜﾝ)ﾄｯﾌﾟﾘﾕｰｽ,000001,ｵﾈｽﾄ,000001,新木場ﾘｻｲｸﾙ工場,004039,(ｵﾈﾜﾝ)ﾄｯﾌﾟﾘﾕｰｽ,001021,ｵﾈｽﾄ･ﾜﾝ,1,紙,,000011,オネスト・ワン
2025/01/15(水),2025/01/15(水),2025/01/15(水),004039,(ｵﾈﾜﾝ)ﾄｯﾌﾟﾘﾕｰｽ,1,売上,000102,ﾏﾆﾌｪｽﾄ,,10,11,枚,50,500,36814,000002,B（残置）,001,処分費,13:00,13:08,000000,(ｵﾈﾜﾝ)ﾄｯﾌﾟﾘﾕｰｽ,000001,ｵﾈｽﾄ,000001,新木場ﾘｻｲｸﾙ工場,004039,(ｵﾈﾜﾝ)ﾄｯﾌﾟﾘﾕｰｽ,001021,ｵﾈｽﾄ･ﾜﾝ,1,紙,,000011,オネスト・ワン
2025/01/15(水),2025/01/15(水),2025/01/15(水),004074,東武ﾃﾞﾘﾊﾞﾘｰ,1,売上,000030,選別,360,360,03,kg,60,"21,600",36785,000004,D（建設）,001,処分費,10:46,10:46,000001,東武ﾃﾞﾘﾊﾞﾘｰ㈱物流ｾﾝﾀｰ,000001,ｵﾈｽﾄ,000001,新木場ﾘｻｲｸﾙ工場,000033,富士商事,000029,富士商事,1,紙,,000004,山本
2025/01/15(水),2025/01/15(水),2025/01/15(水),004074,東武ﾃﾞﾘﾊﾞﾘｰ,2,支払,000068,GC 軽鉄･ｽﾁｰﾙ類,450,450,03,kg,26.5,"11,925",36809,000004,D（建設）,003,有価物,12:08,12:34,000000,東武ﾃﾞﾘﾊﾞﾘｰ,000001,ｵﾈｽﾄ,000001,新木場ﾘｻｲｸﾙ工場,000033,富士商事,000029,富士商事,1,紙,,000004,山本
2025/01/15(水),2025/01/15(水),2025/01/15(水),004074,東武ﾃﾞﾘﾊﾞﾘｰ,2,支払,000068,GC 軽鉄･ｽﾁｰﾙ類,520,520,03,kg,26.5,"13,780",36844,000004,D（建設）,003,有価物,15:31,16:02,000000,東武ﾃﾞﾘﾊﾞﾘｰ,000001,ｵﾈｽﾄ,000001,新木場ﾘｻｲｸﾙ工場,000033,富士商事,000029,富士商事,1,紙,,000004,山本
2025/01/15(水),2025/01/15(水),2025/01/15(水),004074,東武ﾃﾞﾘﾊﾞﾘｰ,2,支払,000069,GD,"4,740","4,740",03,kg,1,"4,740",36809,000004,D（建設）,003,有価物,12:08,12:34,000000,東武ﾃﾞﾘﾊﾞﾘｰ,000001,ｵﾈｽﾄ,000001,新木場ﾘｻｲｸﾙ工場,000033,富士商事,000029,富士商事,1,紙,,000004,山本
2025/01/15(水),2025/01/15(水),2025/01/15(水),004074,東武ﾃﾞﾘﾊﾞﾘｰ,2,支払,000069,GD,"5,200","5,200",03,kg,1,"5,200",36844,000004,D（建設）,003,有価物,15:31,16:02,000000,東武ﾃﾞﾘﾊﾞﾘｰ,000001,ｵﾈｽﾄ,000001,新木場ﾘｻｲｸﾙ工場,000033,富士商事,000029,富士商事,1,紙,,000004,山本
2025/01/15(水),2025/01/15(水),2025/01/15(水),004503,一生涯,1,売上,000029,木くず,580,580,03,kg,35,"20,300",36783,000002,B（残置）,001,処分費,11:18,11:24,000000,一生涯,000001,ｵﾈｽﾄ,000001,新木場ﾘｻｲｸﾙ工場,004503,一生涯,000716,一生涯,1,紙,,000005,今村（紀）
2025/01/15(水),2025/01/15(水),2025/01/15(水),004534,東海交通機械,2,支払,000068,GC 軽鉄･ｽﾁｰﾙ類,180,180,03,kg,26,"4,680",36803,000004,D（建設）,003,有価物,11:57,11:57,000008,東海旅客鉄道株式会社東京駅,000001,ｵﾈｽﾄ,000001,新木場ﾘｻｲｸﾙ工場,000361,全公研,000289,全公研,1,紙,,000004,山本
2025/01/15(水),2025/01/15(水),2025/01/15(水),004574,栗田建業,1,売上,000002,混合廃棄物B,220,220,03,kg,70,"15,400",36859,000003,C（解体）,001,処分費,17:10,17:13,000023,早川様邸解体工事,000001,ｵﾈｽﾄ,000001,新木場ﾘｻｲｸﾙ工場,004574,栗田建業,000412,栗田建業,1,紙,,000002,渡辺
2025/01/15(水),2025/01/15(水),2025/01/15(水),004574,栗田建業,1,売上,000021,軽量物系B(ｸﾞﾗｽｳｰﾙ),60,60,03,kg,80,"4,800",36859,000003,C（解体）,001,処分費,17:10,17:13,000023,早川様邸解体工事,000001,ｵﾈｽﾄ,000001,新木場ﾘｻｲｸﾙ工場,004574,栗田建業,000412,栗田建業,1,紙,,000002,渡辺
2025/01/15(水),2025/01/15(水),2025/01/15(水),004639,ｱｸｾｽ有明,1,売上,000001,混合廃棄物A,260,260,03,kg,65,"16,900",36845,000004,D（建設）,001,処分費,15:37,15:39,000000,ｱｸｾｽ有明,000001,ｵﾈｽﾄ,000001,新木場ﾘｻｲｸﾙ工場,004639,ｱｸｾｽ有明,000419,ｱｸｾｽ有明,1,紙,,000002,渡辺
2025/01/15(水),2025/01/15(水),2025/01/15(水),004721,関電工　社会ｲﾝﾌﾗ統括本部,1,売上,000038,廃ﾌﾟﾗｽﾁｯｸ類,290,290,03,kg,55,"15,950",36830,000004,D（建設）,001,処分費,14:24,14:28,000005,【FTTH】《集積》ケーライン（株）,000001,ｵﾈｽﾄ,000001,新木場ﾘｻｲｸﾙ工場,000001,ｵﾈｽﾄ,000762,関電工,1,紙,,000005,今村（紀）
2025/01/15(水),2025/01/15(水),2025/01/15(水),004721,関電工　社会ｲﾝﾌﾗ統括本部,1,売上,000109,運搬費,,1,07,台,"25,000","25,000",36830,000004,D（建設）,002,運搬費,14:24,14:28,000005,【FTTH】《集積》ケーライン（株）,000001,ｵﾈｽﾄ,000001,新木場ﾘｻｲｸﾙ工場,000001,ｵﾈｽﾄ,000762,関電工,1,紙,,000005,今村（紀）
2025/01/15(水),2025/01/15(水),2025/01/15(水),004721,関電工　社会ｲﾝﾌﾗ統括本部,1,売上,000166,光ｹｰﾌﾞﾙ,"1,170","1,170",03,kg,120,"140,400",36830,000004,D（建設）,001,処分費,14:24,14:28,000005,【FTTH】《集積》ケーライン（株）,000001,ｵﾈｽﾄ,000001,新木場ﾘｻｲｸﾙ工場,000001,ｵﾈｽﾄ,000762,関電工,1,紙,,000005,今村（紀）
2025/01/15(水),2025/01/15(水),2025/01/15(水),004826,長谷川保温,1,売上,000001,混合廃棄物A,900,900,03,kg,60,"54,000",36812,000002,B（残置）,001,処分費,13:10,13:18,000001,長谷川保温,000001,ｵﾈｽﾄ,000001,新木場ﾘｻｲｸﾙ工場,002654,加藤好大商店,000041,加藤好大商店,1,紙,,000004,山本
2025/01/15(水),2025/01/15(水),2025/01/15(水),004826,長谷川保温,1,売上,000029,木くず,230,230,03,kg,35,"8,050",36812,000002,B（残置）,001,処分費,13:10,13:18,000001,長谷川保温,000001,ｵﾈｽﾄ,000001,新木場ﾘｻｲｸﾙ工場,002654,加藤好大商店,000041,加藤好大商店,1,紙,,000004,山本
2025/01/15(水),2025/01/15(水),2025/01/15(水),005038,協進工業,1,売上,000002,混合廃棄物B,610,610,03,kg,65,"39,650",36797,000004,D（建設）,001,処分費,11:57,12:03,000002,川口化学工業川口工場,000001,ｵﾈｽﾄ,000001,新木場ﾘｻｲｸﾙ工場,004864,市川産業,000430,市川産業,1,紙,,000002,渡辺
2025/01/15(水),2025/01/15(水),2025/01/15(水),005038,協進工業,1,売上,000021,軽量物系B(ｸﾞﾗｽｳｰﾙ),150,150,03,kg,60,"9,000",36797,000004,D（建設）,001,処分費,11:57,12:03,000002,川口化学工業川口工場,000001,ｵﾈｽﾄ,000001,新木場ﾘｻｲｸﾙ工場,004864,市川産業,000430,市川産業,1,紙,,000002,渡辺
2025/01/15(水),2025/01/15(水),2025/01/15(水),005112,RM企画　中山十四夏津,1,売上,000001,混合廃棄物A,920,920,03,kg,65,"59,800",36853,000002,B（残置）,001,処分費,16:19,,000000,RM企画　中山十四夏津,000001,ｵﾈｽﾄ,000001,新木場ﾘｻｲｸﾙ工場,005112,RM企画　中山十四夏津,000440,RM企画,1,紙,,000007,小林
2025/01/15(水),2025/01/15(水),2025/01/15(水),005112,RM企画　中山十四夏津,1,売上,000102,ﾏﾆﾌｪｽﾄ,,20,11,枚,50,"1,000",36853,000002,B（残置）,001,処分費,16:19,,000000,RM企画　中山十四夏津,000001,ｵﾈｽﾄ,000001,新木場ﾘｻｲｸﾙ工場,005112,RM企画　中山十四夏津,000440,RM企画,1,紙,,000007,小林
2025/01/15(水),2025/01/15(水),2025/01/15(水),005293,ｶﾅｵｺｰﾎﾟﾚｰｼｮﾝ,1,売上,000001,混合廃棄物A,380,380,03,kg,65,"24,700",36737,000003,C（解体）,001,処分費,06:24,06:24,000012,ﾃﾞｯｸｽ東京ﾋﾞｰﾁ3-01、3-02区画原状回復,000001,ｵﾈｽﾄ,000001,新木場ﾘｻｲｸﾙ工場,005293,ｶﾅｵｺｰﾎﾟﾚｰｼｮﾝ,000610,ｶﾅｵｺｰﾎﾟﾚｰｼｮﾝ,2,電子,,000006,川部
2025/01/15(水),2025/01/15(水),2025/01/15(水),005661,東栄電設,1,売上,000001,混合廃棄物A,620,620,03,kg,65,"40,300",36772,000004,D（建設）,001,処分費,10:53,11:01,000002,京葉道路受配電自家発電設備更新工事,000001,ｵﾈｽﾄ,000001,新木場ﾘｻｲｸﾙ工場,001051,Y-maxx,000808,Y-maxx,1,紙,,000004,山本
2025/01/15(水),2025/01/15(水),2025/01/15(水),005827,ﾄﾞﾑｽ,1,売上,000002,混合廃棄物B,710,710,03,kg,70,"49,700",36804,000003,C（解体）,001,処分費,12:44,12:52,000000,ﾄﾞﾑｽ,000001,ｵﾈｽﾄ,000001,新木場ﾘｻｲｸﾙ工場,005827,ﾄﾞﾑｽ,000470,ﾄﾞﾑｽ,1,紙,,000007,小林
2025/01/15(水),2025/01/15(水),2025/01/15(水),005827,ﾄﾞﾑｽ,1,売上,000026,石膏ﾎﾞｰﾄﾞC,40,40,03,kg,80,"3,200",36804,000003,C（解体）,001,処分費,12:44,12:52,000000,ﾄﾞﾑｽ,000001,ｵﾈｽﾄ,000001,新木場ﾘｻｲｸﾙ工場,005827,ﾄﾞﾑｽ,000470,ﾄﾞﾑｽ,1,紙,,000007,小林
2025/01/15(水),2025/01/15(水),2025/01/15(水),005883,AIIN,1,売上,000001,混合廃棄物A,160,160,03,kg,65,"10,400",36855,000003,C（解体）,001,処分費,16:33,16:33,000003,ZOE銀座,000001,ｵﾈｽﾄ,000001,新木場ﾘｻｲｸﾙ工場,005883,AIIN,000612,AIIN 愛英社,1,紙,,000002,渡辺
2025/01/15(水),2025/01/15(水),2025/01/15(水),006032,ﾍﾞﾙ興産,1,売上,000001,混合廃棄物A,230,230,03,kg,65,"14,950",36864,000003,C（解体）,001,処分費,17:59,18:07,000000,ﾍﾞﾙ興産,000001,ｵﾈｽﾄ,000001,新木場ﾘｻｲｸﾙ工場,006032,ﾍﾞﾙ興産,001146,ﾍﾞﾙ興産,1,紙,,000007,小林
2025/01/15(水),2025/01/15(水),2025/01/15(水),006032,ﾍﾞﾙ興産,1,売上,000029,木くず,350,350,03,kg,35,"12,250",36864,000003,C（解体）,001,処分費,17:59,18:07,000000,ﾍﾞﾙ興産,000001,ｵﾈｽﾄ,000001,新木場ﾘｻｲｸﾙ工場,006032,ﾍﾞﾙ興産,001146,ﾍﾞﾙ興産,1,紙,,000007,小林
2025/01/15(水),2025/01/15(水),2025/01/15(水),006032,ﾍﾞﾙ興産,1,売上,000034,本畳,120,6,11,枚,"2,500","15,000",36864,000003,C（解体）,001,処分費,17:59,18:07,000000,ﾍﾞﾙ興産,000001,ｵﾈｽﾄ,000001,新木場ﾘｻｲｸﾙ工場,006032,ﾍﾞﾙ興産,001146,ﾍﾞﾙ興産,1,紙,,000007,小林
2025/01/15(水),2025/01/15(水),2025/01/15(水),006109,協和機電工業東京支店,1,売上,000014,混合廃棄物,"1,160",8,02,m3,"12,000","96,000",36763,000004,D（建設）,001,処分費,09:57,09:59,000001,森ヶ崎水再生ｾﾝﾀｰ(東)第二沈殿池（山口様）,000001,ｵﾈｽﾄ,000001,新木場ﾘｻｲｸﾙ工場,000001,ｵﾈｽﾄ,000207,協和機電工業東京支店,1,紙,,000004,山本
2025/01/15(水),2025/01/15(水),2025/01/15(水),006109,協和機電工業東京支店,1,売上,000349,運搬費(4ｔｺﾝﾃﾅ),,1,07,台,"23,000","23,000",36763,000004,D（建設）,002,運搬費,09:57,09:59,000001,森ヶ崎水再生ｾﾝﾀｰ(東)第二沈殿池（山口様）,000001,ｵﾈｽﾄ,000001,新木場ﾘｻｲｸﾙ工場,000001,ｵﾈｽﾄ,000207,協和機電工業東京支店,1,紙,,000004,山本
2025/01/15(水),2025/01/15(水),2025/01/15(水),006509,ﾅｲﾃｯｸｽ,1,売上,000030,選別,650,650,03,kg,70,"45,500",36757,000001,A（事業）,001,処分費,09:08,09:08,000000,ﾅｲﾃｯｸｽ,000001,ｵﾈｽﾄ,000001,新木場ﾘｻｲｸﾙ工場,006509,ﾅｲﾃｯｸｽ,000182,ﾅｲﾃｯｸｽ,1,紙,,000004,山本
2025/01/15(水),2025/01/15(水),2025/01/15(水),006538,ﾃｸﾉ菱和,1,売上,000002,混合廃棄物B,380,380,03,kg,70,"26,600",36780,000004,D（建設）,001,処分費,11:15,11:19,000009,4602ﾆｺﾝ改修工事,000001,ｵﾈｽﾄ,000001,新木場ﾘｻｲｸﾙ工場,008089,ｷｭｰﾋﾞｯｸ,000808,Y-maxx,2,電子,,000004,山本
2025/01/15(水),2025/01/15(水),2025/01/15(水),006569,お世話や,1,売上,000001,混合廃棄物A,"1,170","1,170",03,kg,60,"70,200",36850,000002,B（残置）,001,処分費,16:05,16:08,000000,お世話や,000001,ｵﾈｽﾄ,000001,新木場ﾘｻｲｸﾙ工場,001656,真和商事,000055,真和商事,1,紙,,000002,渡辺
2025/01/15(水),2025/01/15(水),2025/01/15(水),006569,お世話や,1,売上,000036,ﾏｯﾄﾚｽ(ｼﾝｸﾞﾙ),10,1,11,枚,"4,000","4,000",36850,000002,B（残置）,001,処分費,16:05,16:08,000000,お世話や,000001,ｵﾈｽﾄ,000001,新木場ﾘｻｲｸﾙ工場,001656,真和商事,000055,真和商事,1,紙,,000002,渡辺
2025/01/15(水),2025/01/15(水),2025/01/15(水),006593,(ｻﾝﾃｸﾉ)ﾙﾐﾅｽ･ﾋﾞｰｼﾞｬﾊﾟﾝ,1,売上,000001,混合廃棄物A,"1,230","1,230",03,kg,58,"71,340",36834,000006,F（他）,001,処分費,15:03,15:03,000001,ｵﾍﾟﾚｰｼｮﾝｾﾝﾀｰ,000001,ｵﾈｽﾄ,000001,新木場ﾘｻｲｸﾙ工場,000001,ｵﾈｽﾄ,001022,ｻﾝ･ﾃｸﾉ,1,紙,,000012,サン・テクノ
2025/01/15(水),2025/01/15(水),2025/01/15(水),006593,(ｻﾝﾃｸﾉ)ﾙﾐﾅｽ･ﾋﾞｰｼﾞｬﾊﾟﾝ,1,売上,000109,運搬費(4t),,1,07,台,"18,000","18,000",36834,000006,F（他）,002,運搬費,15:03,15:03,000001,ｵﾍﾟﾚｰｼｮﾝｾﾝﾀｰ,000001,ｵﾈｽﾄ,000001,新木場ﾘｻｲｸﾙ工場,000001,ｵﾈｽﾄ,001022,ｻﾝ･ﾃｸﾉ,1,紙,,000012,サン・テクノ
2025/01/15(水),2025/01/15(水),2025/01/15(水),006708,日本ﾒｯｸｽ,2,支払,000068,GC 軽鉄･ｽﾁｰﾙ類,"2,750","2,750",03,kg,24.5,"67,375",36750,000004,D（建設）,003,有価物,08:46,08:46,000003,NTT赤坂ビル,000001,ｵﾈｽﾄ,000001,新木場ﾘｻｲｸﾙ工場,000016,泉土木,000014,泉土木,1,紙,,000001,矢作
2025/01/15(水),2025/01/15(水),2025/01/15(水),006867,便利屋BACK UP,1,売上,000001,混合廃棄物A,100,100,03,kg,60,"6,000",36739,000002,B（残置）,001,処分費,06:25,06:25,000000,便利屋BACK UP,000001,ｵﾈｽﾄ,000001,新木場ﾘｻｲｸﾙ工場,006867,便利屋BACK UP,00537X,便利屋BACK UP,1,紙,,000007,小林
2025/01/15(水),2025/01/15(水),2025/01/15(水),007018,ﾘｱﾝ･ﾌｫｰﾄ,1,売上,000002,混合廃棄物B,100,100,03,kg,70,"7,000",36813,000004,D（建設）,001,処分費,13:19,13:19,000003,下大久保,000001,ｵﾈｽﾄ,000001,新木場ﾘｻｲｸﾙ工場,000210,ES産業,000175,ES産業,1,紙,,000002,渡辺
2025/01/15(水),2025/01/15(水),2025/01/15(水),007018,ﾘｱﾝ･ﾌｫｰﾄ,1,売上,000021,軽量物系B(ｸﾞﾗｽｳｰﾙ),400,400,03,kg,80,"32,000",36813,000004,D（建設）,001,処分費,13:19,13:19,000003,下大久保,000001,ｵﾈｽﾄ,000001,新木場ﾘｻｲｸﾙ工場,000210,ES産業,000175,ES産業,1,紙,,000002,渡辺
2025/01/15(水),2025/01/15(水),2025/01/15(水),007162,ｸﾚｽﾄ城南,1,売上,000001,混合廃棄物A,360,360,03,kg,60,"21,600",36849,000004,D（建設）,001,処分費,15:58,15:59,000019,千葉県市川市新浜1-21-16,000001,ｵﾈｽﾄ,000001,新木場ﾘｻｲｸﾙ工場,007162,ｸﾚｽﾄ城南,001073,ｸﾚｽﾄ城南,1,紙,,000012,サン・テクノ
2025/01/15(水),2025/01/15(水),2025/01/15(水),007192,石原建設,1,売上,000002,混合廃棄物B,130,130,03,kg,70,"9,100",36837,000003,C（解体）,001,処分費,15:26,15:26,000012,萩原邸改修工事,000001,ｵﾈｽﾄ,000001,新木場ﾘｻｲｸﾙ工場,007566,KUDAI,000639,KUDAI,1,紙,,000006,川部
2025/01/15(水),2025/01/15(水),2025/01/15(水),007301,ﾜｰﾅｰﾌﾞﾗｻﾞｰｽｽﾀｼﾞｵｼﾞｬﾊﾟﾝ,1,売上,000001,混合廃棄物A,450,450,03,kg,54,"24,300",36795,000001,A（事業）,001,処分費,11:47,12:00,000000,ﾜｰﾅｰﾌﾞﾗｻﾞｰｽｽﾀｼﾞｵｼﾞｬﾊﾟﾝ,000001,ｵﾈｽﾄ,000001,新木場ﾘｻｲｸﾙ工場,000028,五十嵐商会,000025,五十嵐商会,2,電子,,000002,渡辺
2025/01/15(水),2025/01/15(水),2025/01/15(水),007301,ﾜｰﾅｰﾌﾞﾗｻﾞｰｽｽﾀｼﾞｵｼﾞｬﾊﾟﾝ,1,売上,000029,木くず,490,490,03,kg,35,"17,150",36795,000001,A（事業）,001,処分費,11:47,12:00,000000,ﾜｰﾅｰﾌﾞﾗｻﾞｰｽｽﾀｼﾞｵｼﾞｬﾊﾟﾝ,000001,ｵﾈｽﾄ,000001,新木場ﾘｻｲｸﾙ工場,000028,五十嵐商会,000025,五十嵐商会,2,電子,,000002,渡辺
2025/01/15(水),2025/01/15(水),2025/01/15(水),007346,ｻﾝ･ﾎｰﾑｻｰﾋﾞｽ,1,売上,000002,混合廃棄物B,"1,220","1,220",03,kg,70,"85,400",36860,000004,D（建設）,001,処分費,17:30,17:34,000000,ｻﾝ･ﾎｰﾑｻｰﾋﾞｽ,000001,ｵﾈｽﾄ,000001,新木場ﾘｻｲｸﾙ工場,001225,ｹｲﾖｰｶﾞｰﾍﾞｯﾁﾞ,000949,ｹｲﾖｰｶﾞｰﾍﾞｯﾁﾞ,1,紙,,000002,渡辺
2025/01/15(水),2025/01/15(水),2025/01/15(水),007387,ｴｸｼｵｸﾞﾙｰﾌﾟ,1,売上,000001,混合廃棄物A,"1,300","1,300",03,kg,60,"78,000",36835,000004,D（建設）,001,処分費,15:07,15:12,000012,中央技術研修ｾﾝﾀから発生する産廃,000001,ｵﾈｽﾄ,000001,新木場ﾘｻｲｸﾙ工場,003444,上野運輸,000271,上野運輸,1,紙,,000004,山本
2025/01/15(水),2025/01/15(水),2025/01/15(水),007438,東西建築ｻｰﾋﾞｽ東京支社,2,支払,000068,GC 軽鉄･ｽﾁｰﾙ類,810,810,03,kg,24.5,"19,845",36840,000004,D（建設）,003,有価物,15:42,15:42,000039,三井住友銀行都立大学駅前支店　改装工事,000001,ｵﾈｽﾄ,000001,新木場ﾘｻｲｸﾙ工場,000016,泉土木,000014,泉土木,1,紙,,000001,矢作
2025/01/15(水),2025/01/15(水),2025/01/15(水),007447,日本ｴﾚﾍﾞｰﾀｰ製造,2,支払,000068,GC 軽鉄･ｽﾁｰﾙ類,580,580,03,kg,24.5,"14,210",36778,000004,D（建設）,003,有価物,10:38,10:38,000016,荻窪郵便局ゆうﾊﾟｯｸｾﾝﾀｰ作業所昇降機設備,000001,ｵﾈｽﾄ,000001,新木場ﾘｻｲｸﾙ工場,000016,泉土木,000014,泉土木,1,紙,,000001,矢作
2025/01/15(水),2025/01/15(水),2025/01/15(水),007547,ｴｸｼｵﾃｯｸ,1,売上,000001,混合廃棄物A,750,750,03,kg,60,"45,000",36836,000004,D（建設）,001,処分費,15:07,15:10,000000,ｴｸｼｵﾃｯｸ,000001,ｵﾈｽﾄ,000001,新木場ﾘｻｲｸﾙ工場,003444,上野運輸,000271,上野運輸,1,紙,,000004,山本
2025/01/15(水),2025/01/15(水),2025/01/15(水),007586,京葉銀行,2,支払,000068,GC 軽鉄･ｽﾁｰﾙ類,170,170,03,kg,28,"4,760",36817,000002,B（残置）,003,有価物,12:49,12:49,000002,京葉銀行（幕張本郷）,000001,ｵﾈｽﾄ,000001,新木場ﾘｻｲｸﾙ工場,001308,ｵﾈｽﾄ･ﾜﾝ,001021,ｵﾈｽﾄ･ﾜﾝ,1,紙,,000011,オネスト・ワン
2025/01/15(水),2025/01/15(水),2025/01/15(水),007600,雲龍工業,1,売上,000002,混合廃棄物B,150,150,03,kg,70,"10,500",36857,000003,C（解体）,001,処分費,16:44,16:44,000008,三鷹市井の頭2-32-4,000001,ｵﾈｽﾄ,000001,新木場ﾘｻｲｸﾙ工場,007600,雲龍工業,001100,雲龍工業,1,紙,,000007,小林
2025/01/15(水),2025/01/15(水),2025/01/15(水),007614,友信,1,売上,000021,軽量物系B(ｸﾞﾗｽｳｰﾙ),240,240,03,kg,80,"19,200",36811,000003,C（解体）,001,処分費,13:10,13:10,000014,世田谷区弦巻1-10-20,000001,ｵﾈｽﾄ,000001,新木場ﾘｻｲｸﾙ工場,007614,友信,001101,友信,1,紙,,000007,小林
2025/01/15(水),2025/01/15(水),2025/01/15(水),007894,ｸﾞﾛｰﾊﾞﾙｽﾎﾟｰﾂ医学研究所,1,売上,000001,混合廃棄物A,170,170,03,kg,65,"11,050",36765,000002,B（残置）,001,処分費,10:35,10:36,000008,ｸﾞﾛｰﾊﾞﾙｽﾎﾟｰﾂ医学研究所（恵比寿）,000001,ｵﾈｽﾄ,000001,新木場ﾘｻｲｸﾙ工場,007489,ﾌｫｰﾒｰｼｮﾝ,001020,ﾌｫｰﾒｰｼｮﾝ,1,紙,,000007,小林
2025/01/15(水),2025/01/15(水),2025/01/15(水),007894,ｸﾞﾛｰﾊﾞﾙｽﾎﾟｰﾂ医学研究所,1,売上,000492,混合廃棄物（羽毛物）,10,10,03,kg,250,"2,500",36765,000002,B（残置）,001,処分費,10:35,10:36,000008,ｸﾞﾛｰﾊﾞﾙｽﾎﾟｰﾂ医学研究所（恵比寿）,000001,ｵﾈｽﾄ,000001,新木場ﾘｻｲｸﾙ工場,007489,ﾌｫｰﾒｰｼｮﾝ,001020,ﾌｫｰﾒｰｼｮﾝ,1,紙,,000007,小林
2025/01/15(水),2025/01/15(水),2025/01/15(水),008103,しなの,1,売上,000002,混合廃棄物B,590,590,03,kg,70,"41,300",36752,000003,C（解体）,001,処分費,08:46,08:48,000009,貫井邸,000001,ｵﾈｽﾄ,000001,新木場ﾘｻｲｸﾙ工場,008103,しなの,001059,しなの,1,紙,,000012,サン・テクノ
2025/01/15(水),2025/01/15(水),2025/01/15(水),008278,都市建ｺｰﾎﾟﾚｰｼｮﾝ,1,売上,000001,混合廃棄物A,160,160,03,kg,65,"10,400",36766,000003,C（解体）,001,処分費,10:43,10:43,000016,(仮称)港区赤坂4丁目既存建物解体工事,000001,ｵﾈｽﾄ,000001,新木場ﾘｻｲｸﾙ工場,001014,南都興業,000779,南都興業,2,電子,,000006,川部
2025/01/15(水),2025/01/15(水),2025/01/15(水),008281,ｱｸｱｲﾝﾃｯｸ,1,売上,000014,混合廃棄物,880,6,02,m3,"12,000","72,000",36815,000004,D（建設）,001,処分費,13:22,13:24,000002,落合水再生ｾﾝﾀｰ南第二沈殿池7号（金本様）,000001,ｵﾈｽﾄ,000001,新木場ﾘｻｲｸﾙ工場,000001,ｵﾈｽﾄ,000215,ｱｸｱｲﾝﾃｯｸ,2,電子,,000004,山本
2025/01/15(水),2025/01/15(水),2025/01/15(水),008281,ｱｸｱｲﾝﾃｯｸ,1,売上,000353,運搬費(3ｔｺﾝﾃﾅ車),,1,07,台,"20,000","20,000",36815,000004,D（建設）,002,運搬費,13:22,13:24,000002,落合水再生ｾﾝﾀｰ南第二沈殿池7号（金本様）,000001,ｵﾈｽﾄ,000001,新木場ﾘｻｲｸﾙ工場,000001,ｵﾈｽﾄ,000215,ｱｸｱｲﾝﾃｯｸ,2,電子,,000004,山本
2025/01/15(水),2025/01/15(水),2025/01/15(水),008290,日本通運㈱,1,売上,000029,木くず,660,660,03,kg,35,"23,100",36805,000001,A（事業）,001,処分費,12:05,12:05,000001,江東辰巳航空貨物ｾﾝﾀｰ,000001,ｵﾈｽﾄ,000001,新木場ﾘｻｲｸﾙ工場,000001,ｵﾈｽﾄ,000095,日本通運,2,電子,,000007,小林
2025/01/15(水),2025/01/15(水),2025/01/15(水),008290,日本通運㈱,1,売上,000038,廃ﾌﾟﾗｽﾁｯｸ類,160,160,03,kg,60,"9,600",36773,000001,A（事業）,001,処分費,10:56,10:56,000018,NEX-新習志野2,000001,ｵﾈｽﾄ,000001,新木場ﾘｻｲｸﾙ工場,000001,ｵﾈｽﾄ,000095,日本通運,2,電子,,000007,小林
2025/01/15(水),2025/01/15(水),2025/01/15(水),008290,日本通運㈱,1,売上,000038,廃ﾌﾟﾗｽﾁｯｸ類,170,170,03,kg,60,"10,200",36805,000001,A（事業）,001,処分費,12:05,12:05,000001,江東辰巳航空貨物ｾﾝﾀｰ,000001,ｵﾈｽﾄ,000001,新木場ﾘｻｲｸﾙ工場,000001,ｵﾈｽﾄ,000095,日本通運,2,電子,,000007,小林
2025/01/15(水),2025/01/15(水),2025/01/15(水),008290,日本通運㈱,1,売上,000109,運搬費,,1,07,台,"16,000","16,000",36805,000001,A（事業）,002,運搬費,12:05,12:05,000001,江東辰巳航空貨物ｾﾝﾀｰ,000001,ｵﾈｽﾄ,000001,新木場ﾘｻｲｸﾙ工場,000001,ｵﾈｽﾄ,000095,日本通運,2,電子,,000007,小林
2025/01/15(水),2025/01/15(水),2025/01/15(水),008290,日本通運㈱,1,売上,000109,運搬費,,1,07,台,"21,000","21,000",36773,000001,A（事業）,002,運搬費,10:56,10:56,000018,NEX-新習志野2,000001,ｵﾈｽﾄ,000001,新木場ﾘｻｲｸﾙ工場,000001,ｵﾈｽﾄ,000095,日本通運,2,電子,,000007,小林
2025/01/15(水),2025/01/15(水),2025/01/15(水),008342,ﾘｷｹﾝ,1,売上,000002,混合廃棄物B,"1,200","1,200",03,kg,70,"84,000",36776,000003,C（解体）,001,処分費,11:04,11:08,000002,(仮称)東品川4解体工事,000001,ｵﾈｽﾄ,000001,新木場ﾘｻｲｸﾙ工場,008343,JANSTAR,000627,JANSTAR,2,電子,,000006,川部
2025/01/15(水),2025/01/15(水),2025/01/15(水),008348,UPVillage,1,売上,000001,混合廃棄物A,550,550,03,kg,65,"35,750",36841,000002,B（残置）,001,処分費,15:24,15:31,000000,UPVillage,000001,ｵﾈｽﾄ,000001,新木場ﾘｻｲｸﾙ工場,008348,UPVillage,001178,UPVillage,1,紙,,000005,今村（紀）
2025/01/15(水),2025/01/15(水),2025/01/15(水),008548,佐々木興業,1,売上,000002,混合廃棄物B,750,750,03,kg,70,"52,500",36788,000003,C（解体）,001,処分費,11:39,11:44,000006,三郷市彦成2-74-1,000001,ｵﾈｽﾄ,000001,新木場ﾘｻｲｸﾙ工場,008548,佐々木興業,001380,佐々木興業,1,紙,,000007,小林
2025/01/15(水),2025/01/15(水),2025/01/15(水),008777,ｴﾑﾃｨ工業,1,売上,000021,軽量物系B(ｸﾞﾗｽｳｰﾙ),390,390,03,kg,80,"31,200",36798,000001,A（事業）,001,処分費,11:37,11:41,000001,荒川区西日暮里6-22-14,000001,ｵﾈｽﾄ,000001,新木場ﾘｻｲｸﾙ工場,008777,ｴﾑﾃｨ工業,001415,ｴﾑﾃｨ工業,1,紙,,000003,蛯子
2025/01/15(水),2025/01/16(木),2025/01/16(木),007764,ﾊﾟﾅｿﾆｯｸﾎｰﾑｽﾞ不動産,1,売上,000001,混合廃棄物A,400,4,02,m3,"12,000","48,000",36808,000002,B（残置）,001,処分費,12:57,12:57,000004,【東京東】加賀集積場,000001,ｵﾈｽﾄ,000001,新木場ﾘｻｲｸﾙ工場,000226,ｽﾃｱ,000227,ﾊﾟﾅｿﾆｯｸﾎｰﾑｽﾞ不動産東京営業所,2,電子,,000004,山本
2025/01/15(水),2025/01/16(木),2025/01/16(木),007764,ﾊﾟﾅｿﾆｯｸﾎｰﾑｽﾞ不動産,1,売上,000349,運搬費(4ｔｺﾝﾃﾅ),,1,07,台,"24,000","24,000",36808,000002,B（残置）,002,運搬費,12:57,12:57,000004,【東京東】加賀集積場,000001,ｵﾈｽﾄ,000001,新木場ﾘｻｲｸﾙ工場,000226,ｽﾃｱ,000227,ﾊﾟﾅｿﾆｯｸﾎｰﾑｽﾞ不動産東京営業所,2,電子,,000004,山本
2025/01/16(木),2025/01/16(木),2025/01/16(木),000026,ｼｰﾒﾝｽﾍﾙｽｹｱ,1,売上,000001,混合廃棄物A,"1,420","1,420",03,kg,60,"85,200",36896,000006,F（他）,001,処分費,10:01,10:11,000001,ｼｰﾒﾝｽﾍﾙｽｹｱ平和島ｾﾝﾀｰ,000001,ｵﾈｽﾄ,000001,新木場ﾘｻｲｸﾙ工場,000243,田端運輸,000097,ｼｰﾒﾝｽﾍﾙｽｹｱ,1,紙,,000003,蛯子
2025/01/16(木),2025/01/16(木),2025/01/16(木),000026,ｼｰﾒﾝｽﾍﾙｽｹｱ,1,売上,000001,混合廃棄物A,"1,480","1,480",03,kg,60,"88,800",36902,000006,F（他）,001,処分費,10:34,10:51,000001,ｼｰﾒﾝｽﾍﾙｽｹｱ平和島ｾﾝﾀｰ,000001,ｵﾈｽﾄ,000001,新木場ﾘｻｲｸﾙ工場,000243,田端運輸,000097,ｼｰﾒﾝｽﾍﾙｽｹｱ,1,紙,,000003,蛯子
2025/01/16(木),2025/01/16(木),2025/01/16(木),000026,ｼｰﾒﾝｽﾍﾙｽｹｱ,1,売上,000460,GC　軽鉄・ｽﾁｰﾙ類,"2,150","2,150",03,kg,0,0,36906,000006,F（他）,001,処分費,11:48,11:48,000001,ｼｰﾒﾝｽﾍﾙｽｹｱ平和島ｾﾝﾀｰ,000001,ｵﾈｽﾄ,000001,新木場ﾘｻｲｸﾙ工場,000243,田端運輸,000097,ｼｰﾒﾝｽﾍﾙｽｹｱ,1,紙,,000003,蛯子
2025/01/16(木),2025/01/16(木),2025/01/16(木),000029,ｽﾎﾟｰﾂｵｱｼｽ(墨田区）,1,売上,000016,軽量物系A(発泡ｽﾁﾛｰﾙ),10,10,03,kg,200,"2,000",36959,000004,D（建設）,001,処分費,13:48,13:52,000012,ｽﾎﾟｰﾂｵｱｼｽ十条,000001,ｵﾈｽﾄ,000001,新木場ﾘｻｲｸﾙ工場,001250,ｱﾝﾃﾞｽ,000971,ｱﾝﾃﾞｽ,1,紙,,000002,渡辺
2025/01/16(木),2025/01/16(木),2025/01/16(木),000029,ｽﾎﾟｰﾂｵｱｼｽ(墨田区）,1,売上,000030,選別,150,150,03,kg,70,"10,500",36959,000004,D（建設）,001,処分費,13:48,13:52,000012,ｽﾎﾟｰﾂｵｱｼｽ十条,000001,ｵﾈｽﾄ,000001,新木場ﾘｻｲｸﾙ工場,001250,ｱﾝﾃﾞｽ,000971,ｱﾝﾃﾞｽ,1,紙,,000002,渡辺
2025/01/16(木),2025/01/16(木),2025/01/16(木),000063,鈴亀,1,売上,000002,混合廃棄物B,640,640,03,kg,70,"44,800",36899,000005,E（中・積),001,処分費,10:11,10:15,000000,鈴亀,000001,ｵﾈｽﾄ,000001,新木場ﾘｻｲｸﾙ工場,000063,鈴亀,000052,鈴亀,1,紙,,000002,渡辺
2025/01/16(木),2025/01/16(木),2025/01/16(木),000071,服部運輸,1,売上,000001,混合廃棄物A,230,230,03,kg,65,"14,950",36931,000001,A（事業）,001,処分費,12:14,12:16,000000,服部運輸,000001,ｵﾈｽﾄ,000001,新木場ﾘｻｲｸﾙ工場,000071,服部運輸,000058,服部運輸,1,紙,,000006,川部
2025/01/16(木),2025/01/16(木),2025/01/16(木),000078,ﾏﾙﾏｻ,1,売上,000001,混合廃棄物A,290,290,03,kg,65,"18,850",36995,000002,B（残置）,001,処分費,15:30,15:35,000000,ﾏﾙﾏｻ,000001,ｵﾈｽﾄ,000001,新木場ﾘｻｲｸﾙ工場,000078,ﾏﾙﾏｻ,000064,ﾏﾙﾏｻ,1,紙,,000006,川部
2025/01/16(木),2025/01/16(木),2025/01/16(木),000081,市川工業,1,売上,000002,混合廃棄物B,590,590,03,kg,70,"41,300",36983,000003,C（解体）,001,処分費,14:54,14:57,000035,世田谷区船橋5-17-19,000001,ｵﾈｽﾄ,000001,新木場ﾘｻｲｸﾙ工場,000081,市川工業,000067,市川工業,1,紙,,000007,小林
2025/01/16(木),2025/01/16(木),2025/01/16(木),000094,ｶﾃﾞﾝﾌｧﾐﾘｰｻｰﾋﾞｽ,1,売上,000001,混合廃棄物A,310,310,03,kg,65,"20,150",36908,000002,B（残置）,001,処分費,11:01,11:08,000000,ｶﾃﾞﾝﾌｧﾐﾘｰｻｰﾋﾞｽ,000001,ｵﾈｽﾄ,000001,新木場ﾘｻｲｸﾙ工場,000094,ｶﾃﾞﾝﾌｧﾐﾘｰｻｰﾋﾞｽ,000077,ｶﾃﾞﾝﾌｧﾐﾘｰｻｰﾋﾞｽ,1,紙,,000007,小林
2025/01/16(木),2025/01/16(木),2025/01/16(木),000096,高昇解体,1,売上,000002,混合廃棄物B,210,210,03,kg,70,"14,700",36962,000003,C（解体）,001,処分費,13:44,13:46,000012,ﾊｲﾂ伸光,000001,ｵﾈｽﾄ,000001,新木場ﾘｻｲｸﾙ工場,000096,高昇解体,000078,高昇解体,1,紙,,000007,小林
2025/01/16(木),2025/01/16(木),2025/01/16(木),000182,月島JFEｱｸｱｿﾘｭｰｼｮﾝ,1,売上,000078,ｶﾞﾗｽ･ｺﾝｸﾘｰﾄ･陶磁器くず,690,8,02,m3,"18,000","144,000",36972,000004,D（建設）,001,処分費,14:41,14:45,000006,【鈴木】令和6・7年度葛西水再生センター,000001,ｵﾈｽﾄ,000001,新木場ﾘｻｲｸﾙ工場,000001,ｵﾈｽﾄ,000149,月島JFEｱｸｱｿﾘｭｰｼｮﾝ（東日本）,2,電子,,000005,今村（紀）
2025/01/16(木),2025/01/16(木),2025/01/16(木),000182,月島JFEｱｸｱｿﾘｭｰｼｮﾝ,1,売上,000349,運搬費(4ｔｺﾝﾃﾅ),,1,07,台,"23,000","23,000",36972,000004,D（建設）,002,運搬費,14:41,14:45,000006,【鈴木】令和6・7年度葛西水再生センター,000001,ｵﾈｽﾄ,000001,新木場ﾘｻｲｸﾙ工場,000001,ｵﾈｽﾄ,000149,月島JFEｱｸｱｿﾘｭｰｼｮﾝ（東日本）,2,電子,,000005,今村（紀）
2025/01/16(木),2025/01/16(木),2025/01/16(木),000243,田端運輸,1,売上,000001,混合廃棄物A,440,440,03,kg,65,"28,600",36943,000001,A（事業）,001,処分費,12:52,12:56,000000,田端運輸,000001,ｵﾈｽﾄ,000001,新木場ﾘｻｲｸﾙ工場,000243,田端運輸,001416,田端運輸,1,紙,,000003,蛯子
2025/01/16(木),2025/01/16(木),2025/01/16(木),000272,新建産業,1,売上,000001,混合廃棄物A,200,200,03,kg,65,"13,000",36916,000001,A（事業）,001,処分費,11:32,11:32,000000,新建産業,000001,ｵﾈｽﾄ,000001,新木場ﾘｻｲｸﾙ工場,000272,新建産業,000222,新建産業,1,紙,,000006,川部
2025/01/16(木),2025/01/16(木),2025/01/16(木),000272,新建産業,1,売上,000001,混合廃棄物A,320,320,03,kg,65,"20,800",36926,000001,A（事業）,001,処分費,12:13,12:20,000030,協和電機工業,000001,ｵﾈｽﾄ,000001,新木場ﾘｻｲｸﾙ工場,000272,新建産業,000222,新建産業,1,紙,,000006,川部
2025/01/16(木),2025/01/16(木),2025/01/16(木),000281,ﾒﾀｳｫｰﾀｰ,1,売上,000014,混合廃棄物,220,4,02,m3,"10,000","40,000",36992,000004,D（建設）,001,処分費,15:24,15:26,000003,森ヶ崎水再生ｾﾝﾀｰ(東)反応槽機械設備再構築,000001,ｵﾈｽﾄ,000001,新木場ﾘｻｲｸﾙ工場,000001,ｵﾈｽﾄ,000281,ﾒﾀｳｫｰﾀｰ,1,紙,,000010,メタウォーター
2025/01/16(木),2025/01/16(木),2025/01/16(木),000281,ﾒﾀｳｫｰﾀｰ,1,売上,000352,運搬費(2ｔ車),,1,07,台,"20,000","20,000",36992,000004,D（建設）,002,運搬費,15:24,15:26,000003,森ヶ崎水再生ｾﾝﾀｰ(東)反応槽機械設備再構築,000001,ｵﾈｽﾄ,000001,新木場ﾘｻｲｸﾙ工場,000001,ｵﾈｽﾄ,000281,ﾒﾀｳｫｰﾀｰ,1,紙,,000010,メタウォーター
2025/01/16(木),2025/01/16(木),2025/01/16(木),000286,ｷﾀｻﾞﾜ引越ｾﾝﾀｰ,1,売上,000001,混合廃棄物A,940,940,03,kg,65,"61,100",36973,000002,B（残置）,001,処分費,14:34,14:34,000000,ｷﾀｻﾞﾜ引越ｾﾝﾀｰ,000001,ｵﾈｽﾄ,000001,新木場ﾘｻｲｸﾙ工場,000286,ｷﾀｻﾞﾜ引越ｾﾝﾀｰ,000230,ｷﾀｻﾞﾜ引越ｾﾝﾀｰ,1,紙,,000006,川部
2025/01/16(木),2025/01/16(木),2025/01/16(木),000286,ｷﾀｻﾞﾜ引越ｾﾝﾀｰ,1,売上,000013,混合廃棄物(ｿﾌｧｰ),100,100,03,kg,100,"10,000",36973,000002,B（残置）,001,処分費,14:34,14:34,000000,ｷﾀｻﾞﾜ引越ｾﾝﾀｰ,000001,ｵﾈｽﾄ,000001,新木場ﾘｻｲｸﾙ工場,000286,ｷﾀｻﾞﾜ引越ｾﾝﾀｰ,000230,ｷﾀｻﾞﾜ引越ｾﾝﾀｰ,1,紙,,000006,川部
2025/01/16(木),2025/01/16(木),2025/01/16(木),000286,ｷﾀｻﾞﾜ引越ｾﾝﾀｰ,1,売上,000101,ﾏｯﾄﾚｽ,20,20,03,kg,100,"2,000",36973,000002,B（残置）,001,処分費,14:34,14:34,000000,ｷﾀｻﾞﾜ引越ｾﾝﾀｰ,000001,ｵﾈｽﾄ,000001,新木場ﾘｻｲｸﾙ工場,000286,ｷﾀｻﾞﾜ引越ｾﾝﾀｰ,000230,ｷﾀｻﾞﾜ引越ｾﾝﾀｰ,1,紙,,000006,川部
2025/01/16(木),2025/01/16(木),2025/01/16(木),000294,北斗JAPAN,1,売上,000001,混合廃棄物A,660,660,03,kg,65,"42,900",37020,000002,B（残置）,001,処分費,17:38,17:44,000000,北斗JAPAN,000001,ｵﾈｽﾄ,000001,新木場ﾘｻｲｸﾙ工場,000294,北斗JAPAN,000237,北斗JAPAN,1,紙,,000006,川部
2025/01/16(木),2025/01/16(木),2025/01/16(木),000300,丸三松本商事,1,売上,000001,混合廃棄物A,210,210,03,kg,57,"11,970",36942,000005,E（中・積),001,処分費,12:46,12:50,000000,丸三松本商事,000001,ｵﾈｽﾄ,000001,新木場ﾘｻｲｸﾙ工場,000300,丸三松本商事,000242,丸三松本商事,1,紙,,000002,渡辺
2025/01/16(木),2025/01/16(木),2025/01/16(木),000302,ﾖｼﾓﾘ,1,売上,000001,混合廃棄物A,680,680,03,kg,53,"36,040",36873,000001,A（事業）,001,処分費,07:19,07:21,000001,ﾖｼﾓﾘ扇ﾘｻｲｸﾙｾﾝﾀｰ,000001,ｵﾈｽﾄ,000001,新木場ﾘｻｲｸﾙ工場,000302,ﾖｼﾓﾘ,000244,ﾖｼﾓﾘ,1,紙,,000002,渡辺
2025/01/16(木),2025/01/16(木),2025/01/16(木),000302,ﾖｼﾓﾘ,1,売上,000003,混合廃棄物C,"2,760","2,760",03,kg,58,"160,080",36940,000001,A（事業）,001,処分費,12:52,12:57,000001,ﾖｼﾓﾘ扇ﾘｻｲｸﾙｾﾝﾀｰ,000001,ｵﾈｽﾄ,000001,新木場ﾘｻｲｸﾙ工場,000302,ﾖｼﾓﾘ,000244,ﾖｼﾓﾘ,1,紙,,000002,渡辺
2025/01/16(木),2025/01/16(木),2025/01/16(木),000323,雑用社,1,売上,000002,混合廃棄物B,540,540,03,kg,70,"37,800",36885,000002,B（残置）,001,処分費,09:09,09:12,000000,雑用社,000001,ｵﾈｽﾄ,000001,新木場ﾘｻｲｸﾙ工場,000323,雑用社,000260,雑用社,1,紙,,000002,渡辺
2025/01/16(木),2025/01/16(木),2025/01/16(木),000392,亀田,1,売上,000002,混合廃棄物B,"3,560","3,560",03,kg,63,"224,280",36880,000005,E（中・積),001,処分費,08:48,08:51,000000,亀田,000001,ｵﾈｽﾄ,000001,新木場ﾘｻｲｸﾙ工場,000392,亀田,000313,亀田,1,紙,,000002,渡辺
2025/01/16(木),2025/01/16(木),2025/01/16(木),000712,ｴﾑﾃﾝｻﾎﾟｰﾄ,1,売上,000001,混合廃棄物A,220,220,03,kg,65,"14,300",36979,000002,B（残置）,001,処分費,15:05,15:05,000000,ｴﾑﾃﾝｻﾎﾟｰﾄ,000001,ｵﾈｽﾄ,000001,新木場ﾘｻｲｸﾙ工場,000712,ｴﾑﾃﾝｻﾎﾟｰﾄ,001283,ｴﾑﾃﾝｻﾎﾟｰﾄ,1,紙,,000007,小林
2025/01/16(木),2025/01/16(木),2025/01/16(木),000712,ｴﾑﾃﾝｻﾎﾟｰﾄ,1,売上,000013,混合廃棄物(ｿﾌｧｰ),30,30,03,kg,100,"3,000",36979,000002,B（残置）,001,処分費,15:05,15:05,000000,ｴﾑﾃﾝｻﾎﾟｰﾄ,000001,ｵﾈｽﾄ,000001,新木場ﾘｻｲｸﾙ工場,000712,ｴﾑﾃﾝｻﾎﾟｰﾄ,001283,ｴﾑﾃﾝｻﾎﾟｰﾄ,1,紙,,000007,小林
2025/01/16(木),2025/01/16(木),2025/01/16(木),000712,ｴﾑﾃﾝｻﾎﾟｰﾄ,1,売上,000029,木くず,510,510,03,kg,35,"17,850",36979,000002,B（残置）,001,処分費,15:05,15:05,000000,ｴﾑﾃﾝｻﾎﾟｰﾄ,000001,ｵﾈｽﾄ,000001,新木場ﾘｻｲｸﾙ工場,000712,ｴﾑﾃﾝｻﾎﾟｰﾄ,001283,ｴﾑﾃﾝｻﾎﾟｰﾄ,1,紙,,000007,小林
2025/01/16(木),2025/01/16(木),2025/01/16(木),000736,(ｻﾝﾃｸﾉ)ｲﾝ･ｻﾎﾟｰﾄ,1,売上,000002,混合廃棄物B,330,330,03,kg,63,"20,790",36869,000006,F（他）,001,処分費,06:23,06:23,000000,(ｻﾝﾃｸﾉ)ｲﾝ･ｻﾎﾟｰﾄ,000001,ｵﾈｽﾄ,000001,新木場ﾘｻｲｸﾙ工場,001748,(ｻﾝﾃｸﾉ)ｽﾀｰﾀﾞｽﾄ社,001022,ｻﾝ･ﾃｸﾉ,1,紙,,000012,サン・テクノ
2025/01/16(木),2025/01/16(木),2025/01/16(木),000834,ｼﾞｬﾊﾟﾝｴﾚﾍﾞｰﾀｰｻｰﾋﾞｽ城南,1,売上,000001,混合廃棄物A,10,10,03,kg,65,650,36889,000005,E（中・積),001,処分費,09:37,09:26,000001,ｼﾞｬﾊﾟﾝｴﾚﾍﾞｰﾀｰｻｰﾋﾞｽ城南㈱平井営業所,000001,ｵﾈｽﾄ,000001,新木場ﾘｻｲｸﾙ工場,000001,ｵﾈｽﾄ,000652,ｼﾞｬﾊﾟﾝｴﾚﾍﾞｰﾀｰｻｰﾋﾞｽ城南,1,紙,,000005,今村（紀）
2025/01/16(木),2025/01/16(木),2025/01/16(木),000834,ｼﾞｬﾊﾟﾝｴﾚﾍﾞｰﾀｰｻｰﾋﾞｽ城南,1,売上,000054,ﾊﾞｯﾃﾘｰ,160,85,06,個,"1,000","85,000",36889,000005,E（中・積),001,処分費,09:37,09:26,000001,ｼﾞｬﾊﾟﾝｴﾚﾍﾞｰﾀｰｻｰﾋﾞｽ城南㈱平井営業所,000001,ｵﾈｽﾄ,000001,新木場ﾘｻｲｸﾙ工場,000001,ｵﾈｽﾄ,000652,ｼﾞｬﾊﾟﾝｴﾚﾍﾞｰﾀｰｻｰﾋﾞｽ城南,1,紙,,000005,今村（紀）
2025/01/16(木),2025/01/16(木),2025/01/16(木),000834,ｼﾞｬﾊﾟﾝｴﾚﾍﾞｰﾀｰｻｰﾋﾞｽ城南,1,売上,000109,運搬費,,1,07,台,"20,000","20,000",36889,000005,E（中・積),002,運搬費,09:37,09:26,000001,ｼﾞｬﾊﾟﾝｴﾚﾍﾞｰﾀｰｻｰﾋﾞｽ城南㈱平井営業所,000001,ｵﾈｽﾄ,000001,新木場ﾘｻｲｸﾙ工場,000001,ｵﾈｽﾄ,000652,ｼﾞｬﾊﾟﾝｴﾚﾍﾞｰﾀｰｻｰﾋﾞｽ城南,1,紙,,000005,今村（紀）
2025/01/16(木),2025/01/16(木),2025/01/16(木),000923,港区教育委員会事務局　学校教育部,1,売上,000014,混合廃棄物,40,40,03,kg,45,"1,800",36994,000006,F（他）,001,処分費,15:28,15:28,000015,青南小学校,000001,ｵﾈｽﾄ,000001,新木場ﾘｻｲｸﾙ工場,000001,ｵﾈｽﾄ,001311,港区教育委員会事務局　学校教育部,1,紙,,000007,小林
2025/01/16(木),2025/01/16(木),2025/01/16(木),000923,港区教育委員会事務局　学校教育部,1,売上,000014,混合廃棄物,60,60,03,kg,45,"2,700",36993,000006,F（他）,001,処分費,15:25,15:28,000033,青南幼稚園,000001,ｵﾈｽﾄ,000001,新木場ﾘｻｲｸﾙ工場,000001,ｵﾈｽﾄ,001311,港区教育委員会事務局　学校教育部,1,紙,,000007,小林
2025/01/16(木),2025/01/16(木),2025/01/16(木),000923,港区教育委員会事務局　学校教育部,1,売上,000014,混合廃棄物,"1,170","1,170",03,kg,45,"52,650",36903,000006,F（他）,001,処分費,10:28,10:28,000024,お台場学園　港陽中学校,000001,ｵﾈｽﾄ,000001,新木場ﾘｻｲｸﾙ工場,000001,ｵﾈｽﾄ,001311,港区教育委員会事務局　学校教育部,1,紙,,000007,小林
2025/01/16(木),2025/01/16(木),2025/01/16(木),000952,浅古電設,1,売上,000002,混合廃棄物B,420,420,03,kg,70,"29,400",36901,000003,C（解体）,001,処分費,10:34,10:34,000001,浅古電設,000001,ｵﾈｽﾄ,000001,新木場ﾘｻｲｸﾙ工場,000362,ﾐﾔ産興,000290,ﾐﾔ産興,1,紙,,000004,山本
2025/01/16(木),2025/01/16(木),2025/01/16(木),001021,島田建設,1,売上,000002,混合廃棄物B,380,380,03,kg,70,"26,600",36891,000003,C（解体）,001,処分費,09:29,09:33,000002,塚越様邸　解体工事,000001,ｵﾈｽﾄ,000001,新木場ﾘｻｲｸﾙ工場,004097,佐富工業,000709,佐富工業,1,紙,,000005,今村（紀）
2025/01/16(木),2025/01/16(木),2025/01/16(木),001021,島田建設,1,売上,000021,軽量物系B(ｸﾞﾗｽｳｰﾙ),60,60,03,kg,80,"4,800",36891,000003,C（解体）,001,処分費,09:29,09:33,000002,塚越様邸　解体工事,000001,ｵﾈｽﾄ,000001,新木場ﾘｻｲｸﾙ工場,004097,佐富工業,000709,佐富工業,1,紙,,000005,今村（紀）
2025/01/16(木),2025/01/16(木),2025/01/16(木),001058,東大阪施工,1,売上,000001,混合廃棄物A,50,50,03,kg,65,"3,250",36879,000003,C（解体）,001,処分費,08:43,08:45,000001,北小岩5-6-9,000001,ｵﾈｽﾄ,000001,新木場ﾘｻｲｸﾙ工場,001058,東大阪施工,001329,東大阪施工,1,紙,,000007,小林
2025/01/16(木),2025/01/16(木),2025/01/16(木),001106,舞浜企画（市川本社）,1,売上,000021,軽量物系B(ｸﾞﾗｽｳｰﾙ),80,80,03,kg,80,"6,400",37021,000003,C（解体）,001,処分費,17:47,17:52,000006,焼き鳥まさや・内装解体工事,000001,ｵﾈｽﾄ,000001,新木場ﾘｻｲｸﾙ工場,005727,富山,000896,富山,1,紙,,000004,山本
2025/01/16(木),2025/01/16(木),2025/01/16(木),001136,ﾘﾋﾞﾙ,1,売上,000001,混合廃棄物A,160,160,03,kg,70,"11,200",37011,000004,D（建設）,001,処分費,16:51,16:52,000000,ﾘﾋﾞﾙ,000001,ｵﾈｽﾄ,000001,新木場ﾘｻｲｸﾙ工場,001136,ﾘﾋﾞﾙ,001342,ﾘﾋﾞﾙ,1,紙,,000012,サン・テクノ
2025/01/16(木),2025/01/16(木),2025/01/16(木),001136,ﾘﾋﾞﾙ,1,売上,000004,混合廃棄物(焼却物),100,100,03,kg,80,"8,000",37011,000004,D（建設）,001,処分費,16:51,16:52,000000,ﾘﾋﾞﾙ,000001,ｵﾈｽﾄ,000001,新木場ﾘｻｲｸﾙ工場,001136,ﾘﾋﾞﾙ,001342,ﾘﾋﾞﾙ,1,紙,,000012,サン・テクノ
2025/01/16(木),2025/01/16(木),2025/01/16(木),001136,ﾘﾋﾞﾙ,1,売上,000013,混合廃棄物(ｿﾌｧｰ),30,30,03,kg,120,"3,600",37011,000004,D（建設）,001,処分費,16:51,16:52,000000,ﾘﾋﾞﾙ,000001,ｵﾈｽﾄ,000001,新木場ﾘｻｲｸﾙ工場,001136,ﾘﾋﾞﾙ,001342,ﾘﾋﾞﾙ,1,紙,,000012,サン・テクノ
2025/01/16(木),2025/01/16(木),2025/01/16(木),001136,ﾘﾋﾞﾙ,1,売上,000031,金庫,40,40,03,kg,90,"3,600",37011,000004,D（建設）,001,処分費,16:51,16:52,000000,ﾘﾋﾞﾙ,000001,ｵﾈｽﾄ,000001,新木場ﾘｻｲｸﾙ工場,001136,ﾘﾋﾞﾙ,001342,ﾘﾋﾞﾙ,1,紙,,000012,サン・テクノ
2025/01/16(木),2025/01/16(木),2025/01/16(木),001136,ﾘﾋﾞﾙ,1,売上,000492,混合廃棄物（羽毛物）,20,20,03,kg,250,"5,000",37011,000004,D（建設）,001,処分費,16:51,16:52,000000,ﾘﾋﾞﾙ,000001,ｵﾈｽﾄ,000001,新木場ﾘｻｲｸﾙ工場,001136,ﾘﾋﾞﾙ,001342,ﾘﾋﾞﾙ,1,紙,,000012,サン・テクノ
2025/01/16(木),2025/01/16(木),2025/01/16(木),001166,広いｲﾃｹﾞﾙ,1,売上,000002,混合廃棄物B,480,480,03,kg,70,"33,600",37005,000003,C（解体）,001,処分費,16:01,16:01,000009,千葉県八千代市大和田33-5,000001,ｵﾈｽﾄ,000001,新木場ﾘｻｲｸﾙ工場,001166,広いｲﾃｹﾞﾙ,001346,広いｲﾃｹﾞﾙ,1,紙,,000007,小林
2025/01/16(木),2025/01/16(木),2025/01/16(木),001166,広いｲﾃｹﾞﾙ,1,売上,000021,軽量物系B(ｸﾞﾗｽｳｰﾙ),30,30,03,kg,80,"2,400",37005,000003,C（解体）,001,処分費,16:01,16:01,000009,千葉県八千代市大和田33-5,000001,ｵﾈｽﾄ,000001,新木場ﾘｻｲｸﾙ工場,001166,広いｲﾃｹﾞﾙ,001346,広いｲﾃｹﾞﾙ,1,紙,,000007,小林
2025/01/16(木),2025/01/16(木),2025/01/16(木),001203,ﾏﾙﾐﾔ社,1,売上,000001,混合廃棄物A,240,240,03,kg,65,"15,600",36964,000002,B（残置）,001,処分費,13:56,14:01,000000,ﾏﾙﾐﾔ社,000001,ｵﾈｽﾄ,000001,新木場ﾘｻｲｸﾙ工場,001203,ﾏﾙﾐﾔ社,000934,ﾏﾙﾐﾔ社,1,紙,,000002,渡辺
2025/01/16(木),2025/01/16(木),2025/01/16(木),001226,ｱｰﾙﾂｰ,1,売上,000001,混合廃棄物A,50,50,03,kg,65,"3,250",36978,000002,B（残置）,001,処分費,14:43,14:51,000000,ｱｰﾙﾂｰ,000001,ｵﾈｽﾄ,000001,新木場ﾘｻｲｸﾙ工場,001226,ｱｰﾙﾂｰ,000950,ｱｰﾙﾂｰ,1,紙,,000006,川部
2025/01/16(木),2025/01/16(木),2025/01/16(木),001226,ｱｰﾙﾂｰ,1,売上,000029,木くず,130,130,03,kg,35,"4,550",36978,000002,B（残置）,001,処分費,14:43,14:51,000000,ｱｰﾙﾂｰ,000001,ｵﾈｽﾄ,000001,新木場ﾘｻｲｸﾙ工場,001226,ｱｰﾙﾂｰ,000950,ｱｰﾙﾂｰ,1,紙,,000006,川部
2025/01/16(木),2025/01/16(木),2025/01/16(木),001226,ｱｰﾙﾂｰ,1,売上,000036,ﾏｯﾄﾚｽ(ｼﾝｸﾞﾙ),10,1,11,枚,"6,000","6,000",36978,000002,B（残置）,001,処分費,14:43,14:51,000000,ｱｰﾙﾂｰ,000001,ｵﾈｽﾄ,000001,新木場ﾘｻｲｸﾙ工場,001226,ｱｰﾙﾂｰ,000950,ｱｰﾙﾂｰ,1,紙,,000006,川部
2025/01/16(木),2025/01/16(木),2025/01/16(木),001233,ｱｽｸｹﾞｰﾄﾄﾗｽﾄ,1,売上,000001,混合廃棄物A,40,40,03,kg,65,"2,600",36921,000002,B（残置）,001,処分費,11:55,11:59,000000,ｱｽｸｹﾞｰﾄﾄﾗｽﾄ,000001,ｵﾈｽﾄ,000001,新木場ﾘｻｲｸﾙ工場,001233,ｱｽｸｹﾞｰﾄﾄﾗｽﾄ,000956,ｱｽｸｹﾞｰﾄﾄﾗｽﾄ,1,紙,,000007,小林
2025/01/16(木),2025/01/16(木),2025/01/16(木),001233,ｱｽｸｹﾞｰﾄﾄﾗｽﾄ,1,売上,000029,木くず,90,90,03,kg,35,"3,150",36921,000002,B（残置）,001,処分費,11:55,11:59,000000,ｱｽｸｹﾞｰﾄﾄﾗｽﾄ,000001,ｵﾈｽﾄ,000001,新木場ﾘｻｲｸﾙ工場,001233,ｱｽｸｹﾞｰﾄﾄﾗｽﾄ,000956,ｱｽｸｹﾞｰﾄﾄﾗｽﾄ,1,紙,,000007,小林
2025/01/16(木),2025/01/16(木),2025/01/16(木),001244,銀座急送,1,売上,000001,混合廃棄物A,610,610,03,kg,65,"39,650",37013,000002,B（残置）,001,処分費,16:51,17:01,000001,銀座急送㈱辰巳DS,000001,ｵﾈｽﾄ,000001,新木場ﾘｻｲｸﾙ工場,001244,銀座急送,000965,銀座急送,1,紙,,000002,渡辺
2025/01/16(木),2025/01/16(木),2025/01/16(木),001244,銀座急送,1,売上,000001,混合廃棄物A,770,770,03,kg,65,"50,050",37017,000002,B（残置）,001,処分費,17:09,17:18,000001,銀座急送㈱辰巳DS,000001,ｵﾈｽﾄ,000001,新木場ﾘｻｲｸﾙ工場,001244,銀座急送,000965,銀座急送,1,紙,,000002,渡辺
2025/01/16(木),2025/01/16(木),2025/01/16(木),001244,銀座急送,1,売上,000036,ﾏｯﾄﾚｽ(ｼﾝｸﾞﾙ),10,1,11,枚,"6,000","6,000",37017,000002,B（残置）,001,処分費,17:09,17:18,000001,銀座急送㈱辰巳DS,000001,ｵﾈｽﾄ,000001,新木場ﾘｻｲｸﾙ工場,001244,銀座急送,000965,銀座急送,1,紙,,000002,渡辺
2025/01/16(木),2025/01/16(木),2025/01/16(木),001244,銀座急送,1,売上,000037,ﾏｯﾄﾚｽ(ﾀﾞﾌﾞﾙ),40,2,11,枚,"8,000","16,000",37017,000002,B（残置）,001,処分費,17:09,17:18,000001,銀座急送㈱辰巳DS,000001,ｵﾈｽﾄ,000001,新木場ﾘｻｲｸﾙ工場,001244,銀座急送,000965,銀座急送,1,紙,,000002,渡辺
2025/01/16(木),2025/01/16(木),2025/01/16(木),001251,ｻﾝｷｭｰﾃｸﾉｽ,1,売上,000001,混合廃棄物A,340,340,03,kg,63,"21,420",36955,000002,B（残置）,001,処分費,13:04,13:49,000001,ｻﾝｷｭｰﾃｸﾉｽ平塚工場,000001,ｵﾈｽﾄ,000001,新木場ﾘｻｲｸﾙ工場,001308,ｵﾈｽﾄ･ﾜﾝ,001021,ｵﾈｽﾄ･ﾜﾝ,1,紙,,000011,オネスト・ワン
2025/01/16(木),2025/01/16(木),2025/01/16(木),001251,ｻﾝｷｭｰﾃｸﾉｽ,1,売上,000030,選別,10,10,03,kg,60,600,36955,000002,B（残置）,001,処分費,13:04,13:49,000001,ｻﾝｷｭｰﾃｸﾉｽ平塚工場,000001,ｵﾈｽﾄ,000001,新木場ﾘｻｲｸﾙ工場,001308,ｵﾈｽﾄ･ﾜﾝ,001021,ｵﾈｽﾄ･ﾜﾝ,1,紙,,000011,オネスト・ワン
2025/01/16(木),2025/01/16(木),2025/01/16(木),001251,ｻﾝｷｭｰﾃｸﾉｽ,1,売上,000106,消火器,10,2,09,本,"1,000","2,000",36955,000002,B（残置）,001,処分費,13:04,13:49,000001,ｻﾝｷｭｰﾃｸﾉｽ平塚工場,000001,ｵﾈｽﾄ,000001,新木場ﾘｻｲｸﾙ工場,001308,ｵﾈｽﾄ･ﾜﾝ,001021,ｵﾈｽﾄ･ﾜﾝ,1,紙,,000011,オネスト・ワン
2025/01/16(木),2025/01/16(木),2025/01/16(木),001252,幸陽紙業,1,売上,000002,混合廃棄物B,460,460,03,kg,70,"32,200",37022,000003,C（解体）,001,処分費,17:51,17:54,000000,幸陽紙業,000001,ｵﾈｽﾄ,000001,新木場ﾘｻｲｸﾙ工場,000362,ﾐﾔ産興,000290,ﾐﾔ産興,1,紙,,000004,山本
2025/01/16(木),2025/01/16(木),2025/01/16(木),001314,大類商事,1,売上,000016,軽量物系A(発泡ｽﾁﾛｰﾙ),20,20,03,kg,220,"4,400",36904,000003,C（解体）,001,処分費,10:36,10:42,000011,小林邸,000001,ｵﾈｽﾄ,000001,新木場ﾘｻｲｸﾙ工場,001314,大類商事,001027,大類商事,1,紙,,000012,サン・テクノ
2025/01/16(木),2025/01/16(木),2025/01/16(木),001314,大類商事,1,売上,000021,軽量物系B(ｸﾞﾗｽｳｰﾙ),30,30,03,kg,85,"2,550",36904,000003,C（解体）,001,処分費,10:36,10:42,000011,小林邸,000001,ｵﾈｽﾄ,000001,新木場ﾘｻｲｸﾙ工場,001314,大類商事,001027,大類商事,1,紙,,000012,サン・テクノ
2025/01/16(木),2025/01/16(木),2025/01/16(木),001318,丸伍産業,1,売上,000004,混合廃棄物(焼却物),730,730,03,kg,80,"58,400",36918,000004,D（建設）,001,処分費,11:42,11:42,000029,ｲﾝﾃﾘｱ附帯工作物撤去工事,000001,ｵﾈｽﾄ,000001,新木場ﾘｻｲｸﾙ工場,001318,丸伍産業,001030,丸伍産業,1,紙,,000012,サン・テクノ
2025/01/16(木),2025/01/16(木),2025/01/16(木),001348,上間重機,1,売上,000002,混合廃棄物B,270,270,03,kg,70,"18,900",36938,000003,C（解体）,001,処分費,12:54,12:54,000004,沓掛様邸解体工事,000001,ｵﾈｽﾄ,000001,新木場ﾘｻｲｸﾙ工場,001361,三信ﾃｯｸ,001367,三信ﾃｯｸ,1,紙,,000007,小林
2025/01/16(木),2025/01/16(木),2025/01/16(木),001348,上間重機,1,売上,000004,混合廃棄物(焼却物),120,120,03,kg,75,"9,000",36938,000003,C（解体）,001,処分費,12:54,12:54,000004,沓掛様邸解体工事,000001,ｵﾈｽﾄ,000001,新木場ﾘｻｲｸﾙ工場,001361,三信ﾃｯｸ,001367,三信ﾃｯｸ,1,紙,,000007,小林
2025/01/16(木),2025/01/16(木),2025/01/16(木),001362,ｷｰｿﾝｽﾞ,1,売上,000001,混合廃棄物A,200,200,03,kg,58,"11,600",36868,000006,F（他）,001,処分費,06:22,06:22,000000,ｷｰｿﾝｽﾞ,000001,ｵﾈｽﾄ,000001,新木場ﾘｻｲｸﾙ工場,001362,ｷｰｿﾝｽﾞ,001022,ｻﾝ･ﾃｸﾉ,1,紙,,000012,サン・テクノ
2025/01/16(木),2025/01/16(木),2025/01/16(木),001434,(ｻﾝﾃｸﾉ)東和ｴﾝｼﾞﾆｱﾘﾝｸﾞ,1,売上,000001,混合廃棄物A,250,250,03,kg,58,"14,500",37006,000006,F（他）,001,処分費,16:07,16:24,000043,湘南ｱｲﾊﾟｰｸ,000001,ｵﾈｽﾄ,000001,新木場ﾘｻｲｸﾙ工場,000001,ｵﾈｽﾄ,001022,ｻﾝ･ﾃｸﾉ,1,紙,,000012,サン・テクノ
2025/01/16(木),2025/01/16(木),2025/01/16(木),001434,(ｻﾝﾃｸﾉ)東和ｴﾝｼﾞﾆｱﾘﾝｸﾞ,1,売上,000030,選別,430,430,03,kg,50,"21,500",37006,000006,F（他）,001,処分費,16:07,16:24,000043,湘南ｱｲﾊﾟｰｸ,000001,ｵﾈｽﾄ,000001,新木場ﾘｻｲｸﾙ工場,000001,ｵﾈｽﾄ,001022,ｻﾝ･ﾃｸﾉ,1,紙,,000012,サン・テクノ
2025/01/16(木),2025/01/16(木),2025/01/16(木),001434,(ｻﾝﾃｸﾉ)東和ｴﾝｼﾞﾆｱﾘﾝｸﾞ,1,売上,000109,運搬費(4t),,1,03,kg,"21,000","21,000",37006,000006,F（他）,002,運搬費,16:07,16:24,000043,湘南ｱｲﾊﾟｰｸ,000001,ｵﾈｽﾄ,000001,新木場ﾘｻｲｸﾙ工場,000001,ｵﾈｽﾄ,001022,ｻﾝ･ﾃｸﾉ,1,紙,,000012,サン・テクノ
2025/01/16(木),2025/01/16(木),2025/01/16(木),001434,(ｻﾝﾃｸﾉ)東和ｴﾝｼﾞﾆｱﾘﾝｸﾞ,2,支払,000068,GC 軽鉄･ｽﾁｰﾙ類,180,180,03,kg,21.5,"3,870",37006,000006,F（他）,003,有価物,16:07,16:24,000043,湘南ｱｲﾊﾟｰｸ,000001,ｵﾈｽﾄ,000001,新木場ﾘｻｲｸﾙ工場,000001,ｵﾈｽﾄ,001022,ｻﾝ･ﾃｸﾉ,1,紙,,000012,サン・テクノ
2025/01/16(木),2025/01/16(木),2025/01/16(木),001480,新生紙ﾊﾟﾙﾌﾟ商事,1,売上,000001,混合廃棄物A,150,150,03,kg,65,"9,750",36870,000001,A（事業）,001,処分費,06:58,07:00,000001,OPﾋﾞﾙﾃﾞｨﾝｸﾞ,000001,ｵﾈｽﾄ,000001,新木場ﾘｻｲｸﾙ工場,001463,ﾅｺｼﾞ,000170,ﾅｺｼﾞ,1,紙,,000006,川部
2025/01/16(木),2025/01/16(木),2025/01/16(木),001595,希松,1,売上,000349,運搬費(4ｔｺﾝﾃﾅ),,1,07,台,"20,000","20,000",36967,000002,B（残置）,002,運搬費,13:45,13:45,000001,事業本部工場（ﾅﾁｭﾗﾙﾌｧｸﾄﾘｰ東京）,000001,ｵﾈｽﾄ,000001,新木場ﾘｻｲｸﾙ工場,000001,ｵﾈｽﾄ,000569,希松,1,紙,,000005,今村（紀）
2025/01/16(木),2025/01/16(木),2025/01/16(木),001595,希松,1,売上,000416,鉄千地,510,510,03,kg,0,0,36967,000002,B（残置）,001,処分費,13:45,13:45,000001,事業本部工場（ﾅﾁｭﾗﾙﾌｧｸﾄﾘｰ東京）,000001,ｵﾈｽﾄ,000001,新木場ﾘｻｲｸﾙ工場,000001,ｵﾈｽﾄ,000569,希松,1,紙,,000005,今村（紀）
2025/01/16(木),2025/01/16(木),2025/01/16(木),001659,東京東武工業,1,売上,000001,混合廃棄物A,250,250,03,kg,60,"15,000",36912,000002,B（残置）,001,処分費,11:15,11:15,000000,東京東武工業,000001,ｵﾈｽﾄ,000001,新木場ﾘｻｲｸﾙ工場,001656,真和商事,000055,真和商事,1,紙,,000002,渡辺
2025/01/16(木),2025/01/16(木),2025/01/16(木),001739,三機工業（八丁堀）,1,売上,000001,混合廃棄物A,130,130,03,kg,58,"7,540",36986,000004,D（建設）,001,処分費,15:14,15:16,000000,三機工業（八丁堀）,000001,ｵﾈｽﾄ,000001,新木場ﾘｻｲｸﾙ工場,000016,泉土木,000014,泉土木,2,電子,,000001,矢作
2025/01/16(木),2025/01/16(木),2025/01/16(木),001739,三機工業（八丁堀）,1,売上,000046,ﾀﾞﾝﾎﾞｰﾙ,190,190,03,kg,0,0,36986,000004,D（建設）,001,処分費,15:14,15:16,000000,三機工業（八丁堀）,000001,ｵﾈｽﾄ,000001,新木場ﾘｻｲｸﾙ工場,000016,泉土木,000014,泉土木,2,電子,,000001,矢作
2025/01/16(木),2025/01/16(木),2025/01/16(木),001739,三機工業（八丁堀）,2,支払,000068,GC 軽鉄･ｽﾁｰﾙ類,240,240,03,kg,24.5,"5,880",36936,000004,D（建設）,003,有価物,12:51,12:51,000023,【NWS】MCDR　NRT10,000001,ｵﾈｽﾄ,000001,新木場ﾘｻｲｸﾙ工場,000016,泉土木,000014,泉土木,1,紙,,000001,矢作
2025/01/16(木),2025/01/16(木),2025/01/16(木),001739,三機工業（八丁堀）,2,支払,000068,GC 軽鉄･ｽﾁｰﾙ類,240,240,03,kg,24.5,"5,880",36989,000004,D（建設）,003,有価物,15:13,15:13,000023,【NWS】MCDR　NRT10,000001,ｵﾈｽﾄ,000001,新木場ﾘｻｲｸﾙ工場,000016,泉土木,000014,泉土木,1,紙,,000001,矢作
2025/01/16(木),2025/01/16(木),2025/01/16(木),001739,三機工業（八丁堀）,2,支払,000068,GC 軽鉄･ｽﾁｰﾙ類,240,240,03,kg,24.5,"5,880",36990,000004,D（建設）,003,有価物,15:17,15:17,000023,【NWS】MCDR　NRT10,000001,ｵﾈｽﾄ,000001,新木場ﾘｻｲｸﾙ工場,000016,泉土木,000014,泉土木,1,紙,,000001,矢作
2025/01/16(木),2025/01/16(木),2025/01/16(木),001739,三機工業（八丁堀）,2,支払,000068,GC 軽鉄･ｽﾁｰﾙ類,240,240,03,kg,24.5,"5,880",37016,000004,D（建設）,003,有価物,17:09,17:09,000023,【NWS】MCDR　NRT10,000001,ｵﾈｽﾄ,000001,新木場ﾘｻｲｸﾙ工場,000016,泉土木,000014,泉土木,2,電子,,000001,矢作
2025/01/16(木),2025/01/16(木),2025/01/16(木),001739,三機工業（八丁堀）,2,支払,000068,GC 軽鉄･ｽﾁｰﾙ類,260,260,03,kg,24.5,"6,370",37000,000004,D（建設）,003,有価物,15:28,15:28,000023,【NWS】MCDR　NRT10,000001,ｵﾈｽﾄ,000001,新木場ﾘｻｲｸﾙ工場,000016,泉土木,000014,泉土木,2,電子,,000001,矢作
2025/01/16(木),2025/01/16(木),2025/01/16(木),001739,三機工業（八丁堀）,2,支払,000068,GC 軽鉄･ｽﾁｰﾙ類,290,290,03,kg,24.5,"7,105",36933,000004,D（建設）,003,有価物,12:47,12:47,000023,【NWS】MCDR　NRT10,000001,ｵﾈｽﾄ,000001,新木場ﾘｻｲｸﾙ工場,000016,泉土木,000014,泉土木,1,紙,,000001,矢作
2025/01/16(木),2025/01/16(木),2025/01/16(木),001739,三機工業（八丁堀）,2,支払,000068,GC 軽鉄･ｽﾁｰﾙ類,430,430,03,kg,24.5,"10,535",36932,000004,D（建設）,003,有価物,12:37,12:37,000023,【NWS】MCDR　NRT10,000001,ｵﾈｽﾄ,000001,新木場ﾘｻｲｸﾙ工場,000016,泉土木,000014,泉土木,1,紙,,000001,矢作
2025/01/16(木),2025/01/16(木),2025/01/16(木),001739,三機工業（八丁堀）,2,支払,000068,GC 軽鉄･ｽﾁｰﾙ類,440,440,03,kg,24.5,"10,780",36935,000004,D（建設）,003,有価物,12:41,12:41,000023,【NWS】MCDR　NRT10,000001,ｵﾈｽﾄ,000001,新木場ﾘｻｲｸﾙ工場,000016,泉土木,000014,泉土木,2,電子,,000001,矢作
2025/01/16(木),2025/01/16(木),2025/01/16(木),001739,三機工業（八丁堀）,2,支払,000068,GC 軽鉄･ｽﾁｰﾙ類,690,690,03,kg,24.5,"16,905",36981,000004,D（建設）,003,有価物,14:54,14:55,000023,【NWS】MCDR　NRT10,000001,ｵﾈｽﾄ,000001,新木場ﾘｻｲｸﾙ工場,000016,泉土木,000014,泉土木,2,電子,,000001,矢作
2025/01/16(木),2025/01/16(木),2025/01/16(木),001739,三機工業（八丁堀）,2,支払,000068,GC 軽鉄･ｽﾁｰﾙ類,750,750,03,kg,24.5,"18,375",36980,000004,D（建設）,003,有価物,15:00,15:00,000023,【NWS】MCDR　NRT10,000001,ｵﾈｽﾄ,000001,新木場ﾘｻｲｸﾙ工場,000016,泉土木,000014,泉土木,2,電子,,000001,矢作
2025/01/16(木),2025/01/16(木),2025/01/16(木),001739,三機工業（八丁堀）,2,支払,000068,GC 軽鉄･ｽﾁｰﾙ類,"1,130","1,130",03,kg,24.5,"27,685",36923,000004,D（建設）,003,有価物,12:00,12:00,000023,【NWS】MCDR　NRT10,000001,ｵﾈｽﾄ,000001,新木場ﾘｻｲｸﾙ工場,000016,泉土木,000014,泉土木,2,電子,,000001,矢作
2025/01/16(木),2025/01/16(木),2025/01/16(木),001739,三機工業（八丁堀）,2,支払,000068,GC 軽鉄･ｽﾁｰﾙ類,"1,240","1,240",03,kg,24.5,"30,380",36924,000004,D（建設）,003,有価物,12:12,12:12,000023,【NWS】MCDR　NRT10,000001,ｵﾈｽﾄ,000001,新木場ﾘｻｲｸﾙ工場,000016,泉土木,000014,泉土木,2,電子,,000001,矢作
2025/01/16(木),2025/01/16(木),2025/01/16(木),001892,東洋熱工業,2,支払,000070,室外機,"1,270","1,270",03,kg,30,"38,100",36957,000004,D（建設）,003,有価物,13:23,13:23,000067,王子ホームズ青山共用部空調機更新工事,000001,ｵﾈｽﾄ,000001,新木場ﾘｻｲｸﾙ工場,000016,泉土木,000014,泉土木,2,電子,,000001,矢作
2025/01/16(木),2025/01/16(木),2025/01/16(木),001947,ﾁｬｺｰﾙ市野,1,売上,000001,混合廃棄物A,700,700,03,kg,53,"37,100",36905,000001,A（事業）,001,処分費,10:37,10:41,000001,渋谷市野ﾋﾞﾙ,000001,ｵﾈｽﾄ,000001,新木場ﾘｻｲｸﾙ工場,000302,ﾖｼﾓﾘ,000244,ﾖｼﾓﾘ,1,紙,,000002,渡辺
2025/01/16(木),2025/01/16(木),2025/01/16(木),001971,NTTｱｰﾊﾞﾝﾊﾞﾘｭｰｻﾎﾟｰﾄ,1,売上,000001,混合廃棄物A,690,690,03,kg,54,"37,260",36900,000001,A（事業）,001,処分費,10:42,10:42,000006,ﾄﾗｯﾄﾞ目白,000001,ｵﾈｽﾄ,000001,新木場ﾘｻｲｸﾙ工場,000028,五十嵐商会,000025,五十嵐商会,1,紙,,000002,渡辺
2025/01/16(木),2025/01/16(木),2025/01/16(木),002006,三菱地所ﾌﾟﾛﾊﾟﾃｨﾏﾈｼﾞﾒﾝﾄ,1,売上,000001,混合廃棄物A,980,980,03,kg,54,"52,920",36907,000001,A（事業）,001,処分費,10:49,10:49,000001,JAﾋﾞﾙ,000001,ｵﾈｽﾄ,000001,新木場ﾘｻｲｸﾙ工場,000028,五十嵐商会,000025,五十嵐商会,1,紙,,000002,渡辺
2025/01/16(木),2025/01/16(木),2025/01/16(木),002278,三菱地所ﾚｼﾞﾃﾞﾝｽ,1,売上,000001,混合廃棄物A,720,720,03,kg,60,"43,200",36929,000002,B（残置）,001,処分費,12:28,13:15,000013,三菱地所ﾚｼﾞﾃﾞﾝｽ(新宿区),000001,ｵﾈｽﾄ,000001,新木場ﾘｻｲｸﾙ工場,001772,三洋ｴｸｽﾌﾟﾚｽ,000228,三洋ｴｸｽﾌﾟﾚｽ,1,紙,,000002,渡辺
2025/01/16(木),2025/01/16(木),2025/01/16(木),002278,三菱地所ﾚｼﾞﾃﾞﾝｽ,2,支払,000068,GC 軽鉄･ｽﾁｰﾙ類,90,90,03,kg,15.5,"1,395",36929,000002,B（残置）,003,有価物,12:28,13:15,000013,三菱地所ﾚｼﾞﾃﾞﾝｽ(新宿区),000001,ｵﾈｽﾄ,000001,新木場ﾘｻｲｸﾙ工場,001772,三洋ｴｸｽﾌﾟﾚｽ,000228,三洋ｴｸｽﾌﾟﾚｽ,1,紙,,000002,渡辺
2025/01/16(木),2025/01/16(木),2025/01/16(木),002294,中村展設,1,売上,000001,混合廃棄物A,530,530,03,kg,60,"31,800",36999,000002,B（残置）,001,処分費,15:52,15:58,000015,中村展設㈱,000001,ｵﾈｽﾄ,000001,新木場ﾘｻｲｸﾙ工場,001772,三洋ｴｸｽﾌﾟﾚｽ,000228,三洋ｴｸｽﾌﾟﾚｽ,1,紙,,000002,渡辺
2025/01/16(木),2025/01/16(木),2025/01/16(木),002294,中村展設,1,売上,000001,混合廃棄物A,750,750,03,kg,60,"45,000",37012,000002,B（残置）,001,処分費,16:40,16:46,000015,中村展設㈱,000001,ｵﾈｽﾄ,000001,新木場ﾘｻｲｸﾙ工場,001772,三洋ｴｸｽﾌﾟﾚｽ,000228,三洋ｴｸｽﾌﾟﾚｽ,1,紙,,000002,渡辺
2025/01/16(木),2025/01/16(木),2025/01/16(木),002294,中村展設,1,売上,000001,混合廃棄物A,"1,510","1,510",03,kg,60,"90,600",37008,000002,B（残置）,001,処分費,16:26,16:35,000015,中村展設㈱,000001,ｵﾈｽﾄ,000001,新木場ﾘｻｲｸﾙ工場,001772,三洋ｴｸｽﾌﾟﾚｽ,000228,三洋ｴｸｽﾌﾟﾚｽ,1,紙,,000002,渡辺
2025/01/16(木),2025/01/16(木),2025/01/16(木),002294,中村展設,1,売上,000029,木くず,530,530,03,kg,35,"18,550",36999,000002,B（残置）,001,処分費,15:52,15:58,000015,中村展設㈱,000001,ｵﾈｽﾄ,000001,新木場ﾘｻｲｸﾙ工場,001772,三洋ｴｸｽﾌﾟﾚｽ,000228,三洋ｴｸｽﾌﾟﾚｽ,1,紙,,000002,渡辺
2025/01/16(木),2025/01/16(木),2025/01/16(木),002380,築地場外市場商店街(振),1,売上,000002,混合廃棄物B,220,220,03,kg,65,"14,300",36875,000002,B（残置）,001,処分費,07:39,07:42,000000,築地場外市場商店街(振),000001,ｵﾈｽﾄ,000001,新木場ﾘｻｲｸﾙ工場,001415,山口興業,001238,山口興業（BOND）,,,,000005,今村（紀）
2025/01/16(木),2025/01/16(木),2025/01/16(木),002402,高砂熱学工業,1,売上,000001,混合廃棄物A,90,90,03,kg,58,"5,220",36866,000004,D（建設）,001,処分費,06:20,07:16,000013,JR東急目黒ビル,000001,ｵﾈｽﾄ,000001,新木場ﾘｻｲｸﾙ工場,000016,泉土木,000014,泉土木,1,紙,,000001,矢作
2025/01/16(木),2025/01/16(木),2025/01/16(木),002402,高砂熱学工業,2,支払,000068,GC 軽鉄･ｽﾁｰﾙ類,260,260,03,kg,24.5,"6,370",36866,000004,D（建設）,003,有価物,06:20,07:16,000013,JR東急目黒ビル,000001,ｵﾈｽﾄ,000001,新木場ﾘｻｲｸﾙ工場,000016,泉土木,000014,泉土木,1,紙,,000001,矢作
2025/01/16(木),2025/01/16(木),2025/01/16(木),002444,ｺﾑｽﾀｲﾙ,1,売上,000001,混合廃棄物A,270,270,03,kg,65,"17,550",36895,000003,C（解体）,001,処分費,09:52,09:52,000004,なかよし渋谷店,000001,ｵﾈｽﾄ,000001,新木場ﾘｻｲｸﾙ工場,001047,ｵﾌｨｽｶｽﾞ,000804,ｵﾌｨｽｶｽﾞ,1,紙,,000004,山本
2025/01/16(木),2025/01/16(木),2025/01/16(木),002466,御殿山耳鼻咽喉科醫院,1,売上,000001,混合廃棄物A,730,730,03,kg,54,"39,420",36950,000001,A（事業）,001,処分費,13:28,13:31,000000,御殿山耳鼻咽喉科醫院,000001,ｵﾈｽﾄ,000001,新木場ﾘｻｲｸﾙ工場,000028,五十嵐商会,000025,五十嵐商会,1,紙,,000002,渡辺
2025/01/16(木),2025/01/16(木),2025/01/16(木),002475,中外製薬,1,売上,000001,混合廃棄物A,130,130,03,kg,65,"8,450",36976,000002,B（残置）,001,処分費,14:43,14:44,000003,中外製薬(大宮ｵﾌｨｽ),000001,ｵﾈｽﾄ,000001,新木場ﾘｻｲｸﾙ工場,000001,ｵﾈｽﾄ,000023,ｼﾝｼｱ,2,電子,,000004,山本
2025/01/16(木),2025/01/16(木),2025/01/16(木),002475,中外製薬,1,売上,000109,運搬費(2t),,1,07,台,"20,000","20,000",36976,000002,B（残置）,002,運搬費,14:43,14:44,000003,中外製薬(大宮ｵﾌｨｽ),000001,ｵﾈｽﾄ,000001,新木場ﾘｻｲｸﾙ工場,000001,ｵﾈｽﾄ,000023,ｼﾝｼｱ,2,電子,,000004,山本
2025/01/16(木),2025/01/16(木),2025/01/16(木),002482,AQ　Group,1,売上,000002,混合廃棄物B,230,230,03,kg,65,"14,950",36892,000003,C（解体）,001,処分費,09:46,09:46,000000,AQ　Group,000001,ｵﾈｽﾄ,000001,新木場ﾘｻｲｸﾙ工場,002245,三友建設,000658,三友建設,2,電子,,000002,渡辺
2025/01/16(木),2025/01/16(木),2025/01/16(木),002482,AQ　Group,1,売上,000004,混合廃棄物(焼却物),50,50,03,kg,70,"3,500",36892,000003,C（解体）,001,処分費,09:46,09:46,000000,AQ　Group,000001,ｵﾈｽﾄ,000001,新木場ﾘｻｲｸﾙ工場,002245,三友建設,000658,三友建設,2,電子,,000002,渡辺
2025/01/16(木),2025/01/16(木),2025/01/16(木),002627,ｻﾃﾗｲﾄｼﾞｬﾊﾟﾝ,1,売上,000001,混合廃棄物A,120,120,03,kg,54,"6,480",36887,000001,A（事業）,001,処分費,09:21,09:21,000001,ﾌｧﾛｼﾃｨﾋﾞﾙ(ﾗ･ﾋﾟｽﾀ新橋),000001,ｵﾈｽﾄ,000001,新木場ﾘｻｲｸﾙ工場,000028,五十嵐商会,000025,五十嵐商会,1,紙,,000002,渡辺
2025/01/16(木),2025/01/16(木),2025/01/16(木),002675,ｼﾈﾛﾝ･ｷｬﾝﾃﾞﾗ,1,売上,000001,混合廃棄物A,790,790,03,kg,65,"51,350",36894,000004,D（建設）,001,処分費,09:59,10:04,000000,ｼﾈﾛﾝ･ｷｬﾝﾃﾞﾗ,000001,ｵﾈｽﾄ,000001,新木場ﾘｻｲｸﾙ工場,000361,全公研,000289,全公研,1,紙,,000004,山本
2025/01/16(木),2025/01/16(木),2025/01/16(木),002740,ﾋｺｲﾁ,1,売上,000001,混合廃棄物A,"1,990","1,990",03,kg,65,"129,350",36881,000002,B（残置）,001,処分費,08:49,08:52,000000,ﾋｺｲﾁ,000001,ｵﾈｽﾄ,000001,新木場ﾘｻｲｸﾙ工場,000163,富士運輸,000131,富士運輸,1,紙,,000002,渡辺
2025/01/16(木),2025/01/16(木),2025/01/16(木),002809,ｻﾄｰ運送,1,売上,000001,混合廃棄物A,"1,100","1,100",03,kg,65,"71,500",36882,000002,B（残置）,001,処分費,09:08,09:20,000000,ｻﾄｰ運送,000001,ｵﾈｽﾄ,000001,新木場ﾘｻｲｸﾙ工場,002809,ｻﾄｰ運送,000012,ｻﾄｰ運送,1,紙,,000007,小林
2025/01/16(木),2025/01/16(木),2025/01/16(木),002809,ｻﾄｰ運送,1,売上,000492,混合廃棄物（羽毛物）,20,20,03,kg,250,"5,000",36882,000002,B（残置）,001,処分費,09:08,09:20,000000,ｻﾄｰ運送,000001,ｵﾈｽﾄ,000001,新木場ﾘｻｲｸﾙ工場,002809,ｻﾄｰ運送,000012,ｻﾄｰ運送,1,紙,,000007,小林
2025/01/16(木),2025/01/16(木),2025/01/16(木),002906,ﾎｰﾑﾗｲﾌ管理,1,売上,000001,混合廃棄物A,"1,010","1,010",03,kg,58,"58,580",36965,000004,D（建設）,001,処分費,14:06,14:09,000010,ｴｽﾃｽｸｴｱふじみ野　共用照明LED化工事,000001,ｵﾈｽﾄ,000001,新木場ﾘｻｲｸﾙ工場,000016,泉土木,000014,泉土木,1,紙,,000001,矢作
2025/01/16(木),2025/01/16(木),2025/01/16(木),003080,BMたむら,1,売上,000001,混合廃棄物A,340,340,03,kg,65,"22,100",36871,000001,A（事業）,001,処分費,07:10,07:12,000002,焼肉たむら,000001,ｵﾈｽﾄ,000001,新木場ﾘｻｲｸﾙ工場,000393,栄運輸,000314,栄運輸,1,紙,,000002,渡辺
2025/01/16(木),2025/01/16(木),2025/01/16(木),003872,ｾｷｽｲﾊｲﾑ不動産,1,売上,000001,混合廃棄物A,10,10,03,kg,65,650,36971,000004,D（建設）,001,処分費,14:11,14:11,000000,ｾｷｽｲﾊｲﾑ不動産,000001,ｵﾈｽﾄ,000001,新木場ﾘｻｲｸﾙ工場,000001,ｵﾈｽﾄ,000654,ｾｷｽｲﾊｲﾑ 不動産,1,紙,,000005,今村（紀）
2025/01/16(木),2025/01/16(木),2025/01/16(木),003872,ｾｷｽｲﾊｲﾑ不動産,1,売上,000352,運搬費(2ｔ車),,1,07,台,"27,000","27,000",36971,000004,D（建設）,002,運搬費,14:11,14:11,000000,ｾｷｽｲﾊｲﾑ不動産,000001,ｵﾈｽﾄ,000001,新木場ﾘｻｲｸﾙ工場,000001,ｵﾈｽﾄ,000654,ｾｷｽｲﾊｲﾑ 不動産,1,紙,,000005,今村（紀）
2025/01/16(木),2025/01/16(木),2025/01/16(木),004074,東武ﾃﾞﾘﾊﾞﾘｰ,2,支払,000068,GC 軽鉄･ｽﾁｰﾙ類,680,680,03,kg,26.5,"18,020",37004,000004,D（建設）,003,有価物,15:32,16:02,000000,東武ﾃﾞﾘﾊﾞﾘｰ,000001,ｵﾈｽﾄ,000001,新木場ﾘｻｲｸﾙ工場,000033,富士商事,000029,富士商事,1,紙,,000004,山本
2025/01/16(木),2025/01/16(木),2025/01/16(木),004074,東武ﾃﾞﾘﾊﾞﾘｰ,2,支払,000069,GD,"2,820","2,820",03,kg,1,"2,820",37004,000004,D（建設）,003,有価物,15:32,16:02,000000,東武ﾃﾞﾘﾊﾞﾘｰ,000001,ｵﾈｽﾄ,000001,新木場ﾘｻｲｸﾙ工場,000033,富士商事,000029,富士商事,1,紙,,000004,山本
2025/01/16(木),2025/01/16(木),2025/01/16(木),004092,ｱﾄﾞﾝｴｽﾃｰﾄ,1,売上,000001,混合廃棄物A,330,330,03,kg,65,"21,450",36947,000001,A（事業）,001,処分費,13:26,13:26,000001,ｱﾄﾞﾝ菊川ﾋﾞﾙ,000001,ｵﾈｽﾄ,000001,新木場ﾘｻｲｸﾙ工場,001546,江栄,000013,江栄,1,紙,,000002,渡辺
2025/01/16(木),2025/01/16(木),2025/01/16(木),004108,ﾊﾟﾅｿﾆｯｸ産機ｼｽﾃﾑｽﾞ,1,売上,000038,廃ﾌﾟﾗｽﾁｯｸ類,120,120,03,kg,50,"6,000",36915,000004,D（建設）,001,処分費,11:19,11:22,000001,協和興運,000001,ｵﾈｽﾄ,000001,新木場ﾘｻｲｸﾙ工場,000033,富士商事,000873,伊藤忠ﾒﾀﾙｽﾞ,2,電子,,000001,矢作
2025/01/16(木),2025/01/16(木),2025/01/16(木),004110,大野工業,1,売上,000021,軽量物系B(ｸﾞﾗｽｳｰﾙ),130,130,03,kg,80,"10,400",36939,000003,C（解体）,001,処分費,12:45,12:48,000015,東京都中野区中央4-12-11,000001,ｵﾈｽﾄ,000001,新木場ﾘｻｲｸﾙ工場,004110,大野工業,000265,大野工業,1,紙,,000006,川部
2025/01/16(木),2025/01/16(木),2025/01/16(木),004240,ﾖｺﾄｸ,1,売上,000109,運搬費(4t),,1,07,台,"25,000","25,000",36909,000004,D（建設）,002,運搬費,11:02,11:04,000007,自転車ﾗｯｸ改修工事（千川駅北第一自転車駐,000001,ｵﾈｽﾄ,000001,新木場ﾘｻｲｸﾙ工場,000001,ｵﾈｽﾄ,000799,ﾖｺﾄｸ,1,紙,,000006,川部
2025/01/16(木),2025/01/16(木),2025/01/16(木),004240,ﾖｺﾄｸ,1,売上,000109,運搬費(4t),,1,07,台,"25,000","25,000",36910,000004,D（建設）,002,運搬費,10:36,10:36,000010,ｱﾙﾌｧｸﾞﾗﾝﾃﾞ行徳五番街,000001,ｵﾈｽﾄ,000001,新木場ﾘｻｲｸﾙ工場,000001,ｵﾈｽﾄ,000799,ﾖｺﾄｸ,1,紙,,000006,川部
2025/01/16(木),2025/01/16(木),2025/01/16(木),004240,ﾖｺﾄｸ,2,支払,000068,GC 軽鉄･ｽﾁｰﾙ類,440,440,03,kg,15.5,"6,820",36910,000004,D（建設）,003,有価物,10:36,10:36,000010,ｱﾙﾌｧｸﾞﾗﾝﾃﾞ行徳五番街,000001,ｵﾈｽﾄ,000001,新木場ﾘｻｲｸﾙ工場,000001,ｵﾈｽﾄ,000799,ﾖｺﾄｸ,1,紙,,000006,川部
2025/01/16(木),2025/01/16(木),2025/01/16(木),004240,ﾖｺﾄｸ,2,支払,000068,GC 軽鉄･ｽﾁｰﾙ類,820,820,03,kg,15.5,"12,710",36909,000004,D（建設）,003,有価物,11:02,11:04,000007,自転車ﾗｯｸ改修工事（千川駅北第一自転車駐,000001,ｵﾈｽﾄ,000001,新木場ﾘｻｲｸﾙ工場,000001,ｵﾈｽﾄ,000799,ﾖｺﾄｸ,1,紙,,000006,川部
2025/01/16(木),2025/01/16(木),2025/01/16(木),004463,あるくる,1,売上,000001,混合廃棄物A,20,20,03,kg,58,"1,160",36945,000002,B（残置）,001,処分費,13:23,13:25,000078,ｱｯｼｭｳｪｲ秋残置物撤去作業,000001,ｵﾈｽﾄ,000001,新木場ﾘｻｲｸﾙ工場,004463,あるくる,000823,あるくる,1,紙,,000001,矢作
2025/01/16(木),2025/01/16(木),2025/01/16(木),004463,あるくる,1,売上,000029,木くず,30,30,03,kg,48,"1,440",36945,000002,B（残置）,001,処分費,13:23,13:25,000078,ｱｯｼｭｳｪｲ秋残置物撤去作業,000001,ｵﾈｽﾄ,000001,新木場ﾘｻｲｸﾙ工場,004463,あるくる,000823,あるくる,1,紙,,000001,矢作
2025/01/16(木),2025/01/16(木),2025/01/16(木),004503,一生涯,1,売上,000001,混合廃棄物A,460,460,03,kg,65,"29,900",36925,000002,B（残置）,001,処分費,12:03,12:09,000000,一生涯,000001,ｵﾈｽﾄ,000001,新木場ﾘｻｲｸﾙ工場,004503,一生涯,000716,一生涯,1,紙,,000005,今村（紀）
2025/01/16(木),2025/01/16(木),2025/01/16(木),004503,一生涯,1,売上,000029,木くず,10,10,03,kg,35,350,36925,000002,B（残置）,001,処分費,12:03,12:09,000000,一生涯,000001,ｵﾈｽﾄ,000001,新木場ﾘｻｲｸﾙ工場,004503,一生涯,000716,一生涯,1,紙,,000005,今村（紀）
2025/01/16(木),2025/01/16(木),2025/01/16(木),004503,一生涯,1,売上,000492,混合廃棄物（羽毛物）,10,10,03,kg,250,"2,500",36925,000002,B（残置）,001,処分費,12:03,12:09,000000,一生涯,000001,ｵﾈｽﾄ,000001,新木場ﾘｻｲｸﾙ工場,004503,一生涯,000716,一生涯,1,紙,,000005,今村（紀）
2025/01/16(木),2025/01/16(木),2025/01/16(木),004521,青柳,1,売上,000001,混合廃棄物A,630,630,03,kg,65,"40,950",36927,000002,B（残置）,001,処分費,12:15,12:18,000000,青柳,000001,ｵﾈｽﾄ,000001,新木場ﾘｻｲｸﾙ工場,001976,ｼﾐｽﾞｵｸﾄ,000202,ｼﾐｽﾞｵｸﾄ,1,紙,,000005,今村（紀）
2025/01/16(木),2025/01/16(木),2025/01/16(木),004639,ｱｸｾｽ有明,1,売上,000001,混合廃棄物A,130,130,03,kg,65,"8,450",36878,000004,D（建設）,001,処分費,08:35,08:37,000000,ｱｸｾｽ有明,000001,ｵﾈｽﾄ,000001,新木場ﾘｻｲｸﾙ工場,004639,ｱｸｾｽ有明,000419,ｱｸｾｽ有明,1,紙,,000002,渡辺
2025/01/16(木),2025/01/16(木),2025/01/16(木),004766,JR東日本環境ｱｸｾｽ,1,売上,000001,混合廃棄物A,"1,250","1,250",03,kg,55,"68,750",36884,000001,A（事業）,001,処分費,09:14,09:14,000001,東京資源循環ｾﾝﾀｰ,000001,ｵﾈｽﾄ,000001,新木場ﾘｻｲｸﾙ工場,004766,JR東日本環境ｱｸｾｽ,000426,JR東日本環境ｱｸｾｽ,2,電子,,000002,渡辺
2025/01/16(木),2025/01/16(木),2025/01/16(木),005004,ｼﾞｪｲ・ｹｰ・ｴﾝｼﾞﾆｱﾘﾝｸﾞ,2,支払,000068,GC 軽鉄･ｽﾁｰﾙ類,850,850,03,kg,26.5,"22,525",36966,000004,D（建設）,003,有価物,13:58,13:59,000002,法乗院深川えんま堂,000001,ｵﾈｽﾄ,000001,新木場ﾘｻｲｸﾙ工場,000351,那須野興業,000280,那須野興業,1,紙,,000004,山本
2025/01/16(木),2025/01/16(木),2025/01/16(木),005004,ｼﾞｪｲ・ｹｰ・ｴﾝｼﾞﾆｱﾘﾝｸﾞ,2,支払,000069,GD,150,150,03,kg,1,150,36966,000004,D（建設）,003,有価物,13:58,13:59,000002,法乗院深川えんま堂,000001,ｵﾈｽﾄ,000001,新木場ﾘｻｲｸﾙ工場,000351,那須野興業,000280,那須野興業,1,紙,,000004,山本
2025/01/16(木),2025/01/16(木),2025/01/16(木),005112,RM企画　中山十四夏津,1,売上,000001,混合廃棄物A,330,330,03,kg,65,"21,450",36928,000002,B（残置）,001,処分費,12:24,12:38,000000,RM企画　中山十四夏津,000001,ｵﾈｽﾄ,000001,新木場ﾘｻｲｸﾙ工場,005112,RM企画　中山十四夏津,000440,RM企画,1,紙,,000007,小林
2025/01/16(木),2025/01/16(木),2025/01/16(木),005112,RM企画　中山十四夏津,1,売上,000029,木くず,640,640,03,kg,35,"22,400",36928,000002,B（残置）,001,処分費,12:24,12:38,000000,RM企画　中山十四夏津,000001,ｵﾈｽﾄ,000001,新木場ﾘｻｲｸﾙ工場,005112,RM企画　中山十四夏津,000440,RM企画,1,紙,,000007,小林
2025/01/16(木),2025/01/16(木),2025/01/16(木),005112,RM企画　中山十四夏津,1,売上,000029,木くず,"1,000","1,000",03,kg,35,"35,000",36890,000002,B,001,処分費,09:40,09:45,000000,RM企画　中山十四夏津,000001,ｵﾈｽﾄ,000001,新木場ﾘｻｲｸﾙ工場,005112,RM企画　中山十四夏津,000440,RM企画,1,紙,,000007,小林
2025/01/16(木),2025/01/16(木),2025/01/16(木),005112,RM企画　中山十四夏津,1,売上,000492,混合廃棄物（羽毛物）,10,10,03,kg,250,"2,500",36928,000002,B（残置）,001,処分費,12:24,12:38,000000,RM企画　中山十四夏津,000001,ｵﾈｽﾄ,000001,新木場ﾘｻｲｸﾙ工場,005112,RM企画　中山十四夏津,000440,RM企画,1,紙,,000007,小林
2025/01/16(木),2025/01/16(木),2025/01/16(木),005166,宏基産業,1,売上,000002,混合廃棄物B,450,450,03,kg,70,"31,500",36985,000003,C（解体）,001,処分費,15:06,15:10,000013,市川市八幡4-1-17,000001,ｵﾈｽﾄ,000001,新木場ﾘｻｲｸﾙ工場,005166,宏基産業,000424,宏基産業,1,紙,,000002,渡辺
2025/01/16(木),2025/01/16(木),2025/01/16(木),005483,ﾔﾏﾄ運輸船橋主管支店,1,売上,000002,混合廃棄物B,110,110,03,kg,70,"7,700",36917,000004,D（建設）,001,処分費,11:37,11:37,000002,ﾔﾏﾄ運輸東京通関ｾﾝﾀｰ,000001,ｵﾈｽﾄ,000001,新木場ﾘｻｲｸﾙ工場,000076,上田紙業,000063,上田紙業,1,紙,,000006,川部
2025/01/16(木),2025/01/16(木),2025/01/16(木),005483,ﾔﾏﾄ運輸船橋主管支店,1,売上,000006,混合廃棄物(壁紙・ｸﾛｽ),50,50,03,kg,75,"3,750",36917,000004,D（建設）,001,処分費,11:37,11:37,000002,ﾔﾏﾄ運輸東京通関ｾﾝﾀｰ,000001,ｵﾈｽﾄ,000001,新木場ﾘｻｲｸﾙ工場,000076,上田紙業,000063,上田紙業,1,紙,,000006,川部
2025/01/16(木),2025/01/16(木),2025/01/16(木),005704,縄野産業,1,売上,000001,混合廃棄物A,370,370,03,kg,65,"24,050",36867,000003,C（解体）,001,処分費,06:21,06:21,000008,中央区銀座4-12-15,000001,ｵﾈｽﾄ,000001,新木場ﾘｻｲｸﾙ工場,005704,縄野産業,000736,縄野産業,1,紙,,000005,今村（紀）
2025/01/16(木),2025/01/16(木),2025/01/16(木),005884,(ｻﾝﾃｸﾉ)ｻﾝﾄﾗｽﾄ,1,売上,000001,混合廃棄物A,550,550,03,kg,58,"31,900",36919,000006,F（他）,001,処分費,11:57,11:57,000088,小野邸,000001,ｵﾈｽﾄ,000001,新木場ﾘｻｲｸﾙ工場,005884,(ｻﾝﾃｸﾉ)ｻﾝﾄﾗｽﾄ,001022,ｻﾝ･ﾃｸﾉ,1,紙,,000012,サン・テクノ
2025/01/16(木),2025/01/16(木),2025/01/16(木),005884,(ｻﾝﾃｸﾉ)ｻﾝﾄﾗｽﾄ,1,売上,000004,混合廃棄物(焼却物),60,60,03,kg,68,"4,080",36919,000006,F（他）,001,処分費,11:57,11:57,000088,小野邸,000001,ｵﾈｽﾄ,000001,新木場ﾘｻｲｸﾙ工場,005884,(ｻﾝﾃｸﾉ)ｻﾝﾄﾗｽﾄ,001022,ｻﾝ･ﾃｸﾉ,1,紙,,000012,サン・テクノ
2025/01/16(木),2025/01/16(木),2025/01/16(木),005884,(ｻﾝﾃｸﾉ)ｻﾝﾄﾗｽﾄ,1,売上,000029,木くず,120,120,03,kg,20,"2,400",36919,000006,F（他）,001,処分費,11:57,11:57,000088,小野邸,000001,ｵﾈｽﾄ,000001,新木場ﾘｻｲｸﾙ工場,005884,(ｻﾝﾃｸﾉ)ｻﾝﾄﾗｽﾄ,001022,ｻﾝ･ﾃｸﾉ,1,紙,,000012,サン・テクノ
2025/01/16(木),2025/01/16(木),2025/01/16(木),005919,ﾄｰﾁｸ,1,売上,000021,軽量物系B(ｸﾞﾗｽｳｰﾙ),"1,000","1,000",03,kg,80,"80,000",37009,000004,D（建設）,001,処分費,16:22,16:22,000001,ﾄｰﾁｸ（所沢置場）,000001,ｵﾈｽﾄ,000001,新木場ﾘｻｲｸﾙ工場,005918,ｷｮｰｴｲｽﾄｯｸ,000343,ｷｮｰｴｲｽﾄｯｸ,1,紙,,000002,渡辺
2025/01/16(木),2025/01/16(木),2025/01/16(木),006345,ｸﾛｽｶﾝﾊﾟﾆｰ,1,売上,000001,混合廃棄物A,180,180,03,kg,65,"11,700",36883,000002,B（残置）,001,処分費,08:59,08:59,000000,ｸﾛｽｶﾝﾊﾟﾆｰ,000001,ｵﾈｽﾄ,000001,新木場ﾘｻｲｸﾙ工場,006171,Pasito,000485,Pasito,1,紙,,000007,小林
2025/01/16(木),2025/01/16(木),2025/01/16(木),006345,ｸﾛｽｶﾝﾊﾟﾆｰ,1,売上,000102,ﾏﾆﾌｪｽﾄ,,20,11,枚,50,"1,000",36883,000002,B（残置）,001,処分費,08:59,08:59,000000,ｸﾛｽｶﾝﾊﾟﾆｰ,000001,ｵﾈｽﾄ,000001,新木場ﾘｻｲｸﾙ工場,006171,Pasito,000485,Pasito,1,紙,,000007,小林
2025/01/16(木),2025/01/16(木),2025/01/16(木),006385,ﾐﾗ,1,売上,000001,混合廃棄物A,660,660,03,kg,45,"29,700",36888,000001,A（事業）,001,処分費,09:30,09:32,000000,ﾐﾗ,000001,ｵﾈｽﾄ,000001,新木場ﾘｻｲｸﾙ工場,000312,野口興業,000253,野口興業,1,紙,,000002,渡辺
2025/01/16(木),2025/01/16(木),2025/01/16(木),006509,ﾅｲﾃｯｸｽ,1,売上,000001,混合廃棄物A,190,190,03,kg,65,"12,350",36969,000001,A（事業）,001,処分費,14:20,14:22,000000,ﾅｲﾃｯｸｽ,000001,ｵﾈｽﾄ,000001,新木場ﾘｻｲｸﾙ工場,006509,ﾅｲﾃｯｸｽ,000182,ﾅｲﾃｯｸｽ,1,紙,,000004,山本
2025/01/16(木),2025/01/16(木),2025/01/16(木),006509,ﾅｲﾃｯｸｽ,1,売上,000028,ﾊﾟｰﾃｰｼｮﾝﾎﾞｰﾄﾞ,290,290,03,kg,60,"17,400",36969,000001,A（事業）,001,処分費,14:20,14:22,000000,ﾅｲﾃｯｸｽ,000001,ｵﾈｽﾄ,000001,新木場ﾘｻｲｸﾙ工場,006509,ﾅｲﾃｯｸｽ,000182,ﾅｲﾃｯｸｽ,1,紙,,000004,山本
2025/01/16(木),2025/01/16(木),2025/01/16(木),006562,ﾘﾘｰﾌ,1,売上,000001,混合廃棄物A,500,500,03,kg,60,"30,000",36982,000002,B（残置）,001,処分費,14:53,14:57,000001,ﾘﾘｰﾌ　関東事業所,000001,ｵﾈｽﾄ,000001,新木場ﾘｻｲｸﾙ工場,001656,真和商事,000055,真和商事,1,紙,,000002,渡辺
2025/01/16(木),2025/01/16(木),2025/01/16(木),006562,ﾘﾘｰﾌ,1,売上,000036,ﾏｯﾄﾚｽ(ｼﾝｸﾞﾙ),10,1,11,枚,"4,000","4,000",36982,000002,B（残置）,001,処分費,14:53,14:57,000001,ﾘﾘｰﾌ　関東事業所,000001,ｵﾈｽﾄ,000001,新木場ﾘｻｲｸﾙ工場,001656,真和商事,000055,真和商事,1,紙,,000002,渡辺
2025/01/16(木),2025/01/16(木),2025/01/16(木),007342,ｵｰﾌﾟﾝﾊｳｽ･ﾃﾞｨﾍﾞﾛｯﾌﾟﾒﾝﾄ,1,売上,000002,混合廃棄物B,460,460,03,kg,70,"32,200",36944,000004,D（建設）,001,処分費,12:54,12:59,000000,ｵｰﾌﾟﾝﾊｳｽ･ﾃﾞｨﾍﾞﾛｯﾌﾟﾒﾝﾄ,000001,ｵﾈｽﾄ,000001,新木場ﾘｻｲｸﾙ工場,000210,ES産業,000175,ES産業,2,電子,,000002,渡辺
2025/01/16(木),2025/01/16(木),2025/01/16(木),007375,ｳｴｽﾄﾊﾞﾚｰ,1,売上,000002,混合廃棄物B,480,480,03,kg,70,"33,600",36968,000003,C（解体）,001,処分費,14:05,14:05,000060,杉並区久我山4-36-13,000001,ｵﾈｽﾄ,000001,新木場ﾘｻｲｸﾙ工場,008129,BAT,001152,BAT,1,紙,,000007,小林
2025/01/16(木),2025/01/16(木),2025/01/16(木),007375,ｳｴｽﾄﾊﾞﾚｰ,1,売上,000021,軽量物系B(ｸﾞﾗｽｳｰﾙ),60,60,03,kg,80,"4,800",36968,000003,C（解体）,001,処分費,14:05,14:05,000060,杉並区久我山4-36-13,000001,ｵﾈｽﾄ,000001,新木場ﾘｻｲｸﾙ工場,008129,BAT,001152,BAT,1,紙,,000007,小林
2025/01/16(木),2025/01/16(木),2025/01/16(木),007420,ｼﾞｬｽﾃｨｯｸ,1,売上,000001,混合廃棄物A,990,990,03,kg,65,"64,350",36922,000001,A（事業）,001,処分費,12:21,12:21,000000,ｼﾞｬｽﾃｨｯｸ,000001,ｵﾈｽﾄ,000001,新木場ﾘｻｲｸﾙ工場,001454,谷津商会,000247,谷津商会,1,紙,,000002,渡辺
2025/01/16(木),2025/01/16(木),2025/01/16(木),007420,ｼﾞｬｽﾃｨｯｸ,1,売上,000029,木くず,990,990,03,kg,35,"34,650",36922,000001,A（事業）,001,処分費,12:21,12:21,000000,ｼﾞｬｽﾃｨｯｸ,000001,ｵﾈｽﾄ,000001,新木場ﾘｻｲｸﾙ工場,001454,谷津商会,000247,谷津商会,1,紙,,000002,渡辺
2025/01/16(木),2025/01/16(木),2025/01/16(木),007426,富士電機,1,売上,000001,混合廃棄物A,"1,650","1,650",03,kg,65,"107,250",36975,000004,D（建設）,001,処分費,14:41,14:49,000003,調布航空宇宙センター本所特高受変電設備更,000001,ｵﾈｽﾄ,000001,新木場ﾘｻｲｸﾙ工場,001051,Y-maxx,000808,Y-maxx,2,電子,,000004,山本
2025/01/16(木),2025/01/16(木),2025/01/16(木),007426,富士電機,1,売上,000001,混合廃棄物A,"1,740","1,740",03,kg,65,"113,100",36934,000004,D（建設）,001,処分費,12:33,12:41,000003,調布航空宇宙センター本所特高受変電設備更,000001,ｵﾈｽﾄ,000001,新木場ﾘｻｲｸﾙ工場,001051,Y-maxx,000808,Y-maxx,2,電子,,000004,山本
2025/01/16(木),2025/01/16(木),2025/01/16(木),007426,富士電機,1,売上,000046,ﾀﾞﾝﾎﾞｰﾙ,20,20,03,kg,5,100,36934,000004,D（建設）,001,処分費,12:33,12:41,000003,調布航空宇宙センター本所特高受変電設備更,000001,ｵﾈｽﾄ,000001,新木場ﾘｻｲｸﾙ工場,001051,Y-maxx,000808,Y-maxx,2,電子,,000004,山本
2025/01/16(木),2025/01/16(木),2025/01/16(木),007447,日本ｴﾚﾍﾞｰﾀｰ製造,2,支払,000068,GC 軽鉄･ｽﾁｰﾙ類,"1,820","1,820",03,kg,24.5,"44,590",36991,000004,D（建設）,003,有価物,15:27,15:27,000016,荻窪郵便局ゆうﾊﾟｯｸｾﾝﾀｰ作業所昇降機設備,000001,ｵﾈｽﾄ,000001,新木場ﾘｻｲｸﾙ工場,000016,泉土木,000014,泉土木,1,紙,,000001,矢作
2025/01/16(木),2025/01/16(木),2025/01/16(木),007640,東京都住宅供給公社,1,売上,000001,混合廃棄物A,420,420,03,kg,65,"27,300",37015,000002,B（残置）,001,処分費,17:09,17:12,000051,南水元1丁目ｱﾊﾟｰﾄ,000001,ｵﾈｽﾄ,000001,新木場ﾘｻｲｸﾙ工場,000988,さくら装建,000766,さくら装建,2,電子,,000002,渡辺
2025/01/16(木),2025/01/16(木),2025/01/16(木),007640,東京都住宅供給公社,1,売上,000001,混合廃棄物A,510,510,03,kg,65,"33,150",36963,000002,B（残置）,001,処分費,13:56,13:58,000011,南砂6丁目ｱﾊﾟｰﾄ,000001,ｵﾈｽﾄ,000001,新木場ﾘｻｲｸﾙ工場,000988,さくら装建,000766,さくら装建,2,電子,,000002,渡辺
2025/01/16(木),2025/01/16(木),2025/01/16(木),007640,東京都住宅供給公社,1,売上,000001,混合廃棄物A,990,990,03,kg,65,"64,350",37014,000002,B（残置）,001,処分費,16:54,16:57,000051,南水元1丁目ｱﾊﾟｰﾄ,000001,ｵﾈｽﾄ,000001,新木場ﾘｻｲｸﾙ工場,000988,さくら装建,000766,さくら装建,2,電子,,000002,渡辺
2025/01/16(木),2025/01/16(木),2025/01/16(木),007643,中盛,1,売上,000002,混合廃棄物B,310,310,03,kg,70,"21,700",36872,000003,C（解体）,001,処分費,07:18,07:21,000018,東京都調布市深大寺町4-20-4,000001,ｵﾈｽﾄ,000001,新木場ﾘｻｲｸﾙ工場,007643,中盛,001093,中盛,1,紙,,000004,山本
2025/01/16(木),2025/01/16(木),2025/01/16(木),008011,首都高ﾒﾝﾃﾅﾝｽ西東京,1,売上,000088,ｺﾞﾑ板,750,750,03,kg,90,"67,500",37001,000004,D（建設）,001,処分費,15:21,15:21,000004,【浦和南基地】ゴム板系 混廃・廃プラ（伸,000001,ｵﾈｽﾄ,000001,新木場ﾘｻｲｸﾙ工場,000001,ｵﾈｽﾄ,000213,首都高ﾒﾝﾃﾅﾝｽ西東京,1,紙,,000005,今村（紀）
2025/01/16(木),2025/01/16(木),2025/01/16(木),008011,首都高ﾒﾝﾃﾅﾝｽ西東京,1,売上,000089,ｺﾝｸﾘｰﾄがら,"5,160","5,160",03,kg,10,"51,600",36998,000004,D（建設）,001,処分費,15:17,15:17,000006,【浦和南基地】がれき類,000001,ｵﾈｽﾄ,000001,新木場ﾘｻｲｸﾙ工場,000001,ｵﾈｽﾄ,000213,首都高ﾒﾝﾃﾅﾝｽ西東京,1,紙,,000005,今村（紀）
2025/01/16(木),2025/01/16(木),2025/01/16(木),008011,首都高ﾒﾝﾃﾅﾝｽ西東京,1,売上,000350,運搬費(4ｔﾕﾆｯｸ車),,1,07,台,"28,000","28,000",37001,000004,D（建設）,002,運搬費,15:21,15:21,000004,【浦和南基地】ゴム板系 混廃・廃プラ（伸,000001,ｵﾈｽﾄ,000001,新木場ﾘｻｲｸﾙ工場,000001,ｵﾈｽﾄ,000213,首都高ﾒﾝﾃﾅﾝｽ西東京,1,紙,,000005,今村（紀）
2025/01/16(木),2025/01/16(木),2025/01/16(木),008011,首都高ﾒﾝﾃﾅﾝｽ西東京,1,売上,000508,運搬費（8ｔ車）,,1,03,kg,"30,000","30,000",36998,000004,D（建設）,002,運搬費,15:17,15:17,000006,【浦和南基地】がれき類,000001,ｵﾈｽﾄ,000001,新木場ﾘｻｲｸﾙ工場,000001,ｵﾈｽﾄ,000213,首都高ﾒﾝﾃﾅﾝｽ西東京,1,紙,,000005,今村（紀）
2025/01/16(木),2025/01/16(木),2025/01/16(木),008091,ｴﾝｼﾞﾆｱﾘﾝｸﾞﾋﾛ,1,売上,000001,混合廃棄物A,"1,890","1,890",03,kg,60,"113,400",36897,000004,D（建設）,001,処分費,10:10,10:10,000001,港湾辰巳埠頭構内作業,000001,ｵﾈｽﾄ,000001,新木場ﾘｻｲｸﾙ工場,003444,上野運輸,000271,上野運輸,1,紙,,000004,山本
2025/01/16(木),2025/01/16(木),2025/01/16(木),008161,ﾏﾂﾎﾞｳ,1,売上,000001,混合廃棄物A,370,370,03,kg,65,"24,050",36984,000002,B（残置）,001,処分費,15:06,15:14,000000,ﾏﾂﾎﾞｳ,000001,ｵﾈｽﾄ,000001,新木場ﾘｻｲｸﾙ工場,007489,ﾌｫｰﾒｰｼｮﾝ,001020,ﾌｫｰﾒｰｼｮﾝ,1,紙,,000007,小林
2025/01/16(木),2025/01/16(木),2025/01/16(木),008227,三康建設,1,売上,000002,混合廃棄物B,250,250,03,kg,70,"17,500",36877,000004,D（建設）,001,処分費,08:39,08:39,000001,置場改修工事,000001,ｵﾈｽﾄ,000001,新木場ﾘｻｲｸﾙ工場,008227,三康建設,000239,東瀝青建設,1,紙,,000006,川部
2025/01/16(木),2025/01/16(木),2025/01/16(木),008290,日本通運㈱,1,売上,000038,廃ﾌﾟﾗｽﾁｯｸ類,610,610,03,kg,60,"36,600",36920,000001,A（事業）,001,処分費,11:57,11:57,000002,羽田京浜島航空貨物ｾﾝﾀｰ,000001,ｵﾈｽﾄ,000001,新木場ﾘｻｲｸﾙ工場,000001,ｵﾈｽﾄ,000095,日本通運,2,電子,,000007,小林
2025/01/16(木),2025/01/16(木),2025/01/16(木),008290,日本通運㈱,1,売上,000109,運搬費,,1,07,台,"21,000","21,000",36920,000001,A（事業）,002,運搬費,11:57,11:57,000002,羽田京浜島航空貨物ｾﾝﾀｰ,000001,ｵﾈｽﾄ,000001,新木場ﾘｻｲｸﾙ工場,000001,ｵﾈｽﾄ,000095,日本通運,2,電子,,000007,小林
2025/01/16(木),2025/01/16(木),2025/01/16(木),008342,ﾘｷｹﾝ,1,売上,000002,混合廃棄物B,"1,110","1,110",03,kg,70,"77,700",36898,000003,C（解体）,001,処分費,10:10,10:14,000002,(仮称)東品川4解体工事,000001,ｵﾈｽﾄ,000001,新木場ﾘｻｲｸﾙ工場,008343,JANSTAR,000627,JANSTAR,2,電子,,000006,川部
2025/01/16(木),2025/01/16(木),2025/01/16(木),008342,ﾘｷｹﾝ,1,売上,000013,混合廃棄物(ｿﾌｧｰ),20,20,03,kg,100,"2,000",36898,000003,C（解体）,001,処分費,10:10,10:14,000002,(仮称)東品川4解体工事,000001,ｵﾈｽﾄ,000001,新木場ﾘｻｲｸﾙ工場,008343,JANSTAR,000627,JANSTAR,2,電子,,000006,川部
2025/01/16(木),2025/01/16(木),2025/01/16(木),008342,ﾘｷｹﾝ,1,売上,000036,ﾏｯﾄﾚｽ(ｼﾝｸﾞﾙ),20,2,11,枚,"6,000","12,000",36898,000003,C（解体）,001,処分費,10:10,10:14,000002,(仮称)東品川4解体工事,000001,ｵﾈｽﾄ,000001,新木場ﾘｻｲｸﾙ工場,008343,JANSTAR,000627,JANSTAR,2,電子,,000006,川部
2025/01/16(木),2025/01/16(木),2025/01/16(木),008352,ASKOT,1,売上,000002,混合廃棄物B,310,310,03,kg,70,"21,700",36914,000003,C（解体）,001,処分費,11:19,11:21,000013,足立区保木間解体工事,000001,ｵﾈｽﾄ,000001,新木場ﾘｻｲｸﾙ工場,007123,ﾓﾝﾎﾞﾙﾄﾞ,000462,ﾓﾝﾎﾞﾙﾄﾞ,1,紙,,000007,小林
2025/01/16(木),2025/01/16(木),2025/01/16(木),008449,ﾌﾟﾚｲﾜﾝ,1,売上,000002,混合廃棄物B,250,250,03,kg,70,"17,500",37007,000003,C（解体）,001,処分費,16:07,16:18,000023,鶴見中央5丁目木造解体工事,000001,ｵﾈｽﾄ,000001,新木場ﾘｻｲｸﾙ工場,008343,JANSTAR,000627,JANSTAR,1,紙,,000006,川部
2025/01/16(木),2025/01/16(木),2025/01/16(木),008525,ｲｰﾄｱﾝﾄﾞｲﾝﾀｰﾅｼｮﾅﾙ,1,売上,000001,混合廃棄物A,660,660,03,kg,60,"39,600",36876,000002,B（残置）,001,処分費,08:34,08:40,000001,くまちゃん温泉渋谷店,000001,ｵﾈｽﾄ,000001,新木場ﾘｻｲｸﾙ工場,001656,真和商事,000055,真和商事,1,紙,,000002,渡辺
2025/01/16(木),2025/01/16(木),2025/01/16(木),008525,ｲｰﾄｱﾝﾄﾞｲﾝﾀｰﾅｼｮﾅﾙ,1,売上,000093,混合廃棄物(ﾋﾞﾝ･缶･ﾍﾟｯﾄﾎﾞﾄﾙ),170,170,03,kg,45,"7,650",36876,000002,B（残置）,001,処分費,08:34,08:40,000001,くまちゃん温泉渋谷店,000001,ｵﾈｽﾄ,000001,新木場ﾘｻｲｸﾙ工場,001656,真和商事,000055,真和商事,1,紙,,000002,渡辺
2025/01/16(木),2025/01/16(木),2025/01/16(木),008755,ｴﾄﾞﾜｰｽﾞﾗｲﾌｻｲｴﾝｽ,1,売上,000002,混合廃棄物B,10,10,03,kg,70,700,37019,000004,D（建設）,001,処分費,17:28,17:29,000001,中野坂上ｻﾝﾌﾞﾗｲﾄﾂｲﾝ,000001,ｵﾈｽﾄ,000001,新木場ﾘｻｲｸﾙ工場,000226,ｽﾃｱ,000188,ｽﾃｱ,1,紙,,000004,山本
2025/01/16(木),2025/01/16(木),2025/01/16(木),008755,ｴﾄﾞﾜｰｽﾞﾗｲﾌｻｲｴﾝｽ,1,売上,000021,軽量物系B(ｸﾞﾗｽｳｰﾙ),90,90,03,kg,80,"7,200",37019,000004,D（建設）,001,処分費,17:28,17:29,000001,中野坂上ｻﾝﾌﾞﾗｲﾄﾂｲﾝ,000001,ｵﾈｽﾄ,000001,新木場ﾘｻｲｸﾙ工場,000226,ｽﾃｱ,000188,ｽﾃｱ,1,紙,,000004,山本
2025/01/16(木),2025/01/16(木),2025/01/16(木),008785,YDｻﾎﾟｰﾄ㈱,1,売上,000038,廃ﾌﾟﾗｽﾁｯｸ類,10,10,03,kg,55,550,36951,000004,D（建設）,001,処分費,13:12,13:21,000001,つくばみらい市坂野作業所,000001,ｵﾈｽﾄ,000001,新木場ﾘｻｲｸﾙ工場,000016,泉土木,000014,泉土木,1,紙,,000001,矢作
2025/01/16(木),2025/01/16(木),2025/01/16(木),008785,YDｻﾎﾟｰﾄ㈱,1,売上,000046,ﾀﾞﾝﾎﾞｰﾙ,20,20,03,kg,0,0,36951,000004,D（建設）,001,処分費,13:12,13:21,000001,つくばみらい市坂野作業所,000001,ｵﾈｽﾄ,000001,新木場ﾘｻｲｸﾙ工場,000016,泉土木,000014,泉土木,1,紙,,000001,矢作
2025/01/16(木),2025/01/16(木),2025/01/16(木),008785,YDｻﾎﾟｰﾄ㈱,2,支払,000068,GC 軽鉄･ｽﾁｰﾙ類,590,590,03,kg,24.5,"14,455",36951,000004,D（建設）,003,有価物,13:12,13:21,000001,つくばみらい市坂野作業所,000001,ｵﾈｽﾄ,000001,新木場ﾘｻｲｸﾙ工場,000016,泉土木,000014,泉土木,1,紙,,000001,矢作
2025/01/16(木),2025/01/16(木),2025/01/16(木),008785,YDｻﾎﾟｰﾄ㈱,2,支払,000068,GC 軽鉄･ｽﾁｰﾙ類,640,640,03,kg,24.5,"15,680",36948,000004,D（建設）,003,有価物,12:56,12:56,000001,つくばみらい市坂野作業所,000001,ｵﾈｽﾄ,000001,新木場ﾘｻｲｸﾙ工場,000016,泉土木,000014,泉土木,1,紙,,000001,矢作
2025/01/17(金),2025/01/17(金),2025/01/17(金),000096,高昇解体,1,売上,000002,混合廃棄物B,60,60,03,kg,70,"4,200",37053,000003,C（解体）,001,処分費,09:37,09:38,000012,ﾊｲﾂ伸光,000001,ｵﾈｽﾄ,000001,新木場ﾘｻｲｸﾙ工場,000096,高昇解体,000078,高昇解体,1,紙,,000007,小林
2025/01/17(金),2025/01/17(金),2025/01/17(金),000097,加藤興商,1,売上,000002,混合廃棄物B,660,660,03,kg,70,"46,200",37117,000002,B（残置）,001,処分費,13:22,13:26,000000,加藤興商,000001,ｵﾈｽﾄ,000001,新木場ﾘｻｲｸﾙ工場,000097,加藤興商,000079,加藤興商,1,紙,,000007,小林
2025/01/17(金),2025/01/17(金),2025/01/17(金),000114,Suite,1,売上,000001,混合廃棄物A,100,100,03,kg,65,"6,500",37111,000002,B（残置）,001,処分費,12:53,13:44,000000,Suite,000001,ｵﾈｽﾄ,000001,新木場ﾘｻｲｸﾙ工場,000114,Suite,000090,Suite,1,紙,,000006,川部
2025/01/17(金),2025/01/17(金),2025/01/17(金),000114,Suite,1,売上,000030,選別,200,200,03,kg,70,"14,000",37111,000002,B（残置）,001,処分費,12:53,13:44,000000,Suite,000001,ｵﾈｽﾄ,000001,新木場ﾘｻｲｸﾙ工場,000114,Suite,000090,Suite,1,紙,,000006,川部
2025/01/17(金),2025/01/17(金),2025/01/17(金),000114,Suite,1,売上,000102,ﾏﾆﾌｪｽﾄ,,1,11,枚,50,50,37110,000002,B（残置）,001,処分費,13:03,13:03,000000,Suite,000001,ｵﾈｽﾄ,000001,新木場ﾘｻｲｸﾙ工場,000114,Suite,000090,Suite,1,紙,,000006,川部
2025/01/17(金),2025/01/17(金),2025/01/17(金),000114,Suite,1,売上,000102,ﾏﾆﾌｪｽﾄ,,1,11,枚,50,50,37111,000002,B（残置）,001,処分費,12:53,13:44,000000,Suite,000001,ｵﾈｽﾄ,000001,新木場ﾘｻｲｸﾙ工場,000114,Suite,000090,Suite,1,紙,,000006,川部
2025/01/17(金),2025/01/17(金),2025/01/17(金),000114,Suite,2,支払,000064,ｱﾙﾐ類,20,20,03,kg,30,600,37111,000002,B（残置）,003,有価物,12:53,13:44,000000,Suite,000001,ｵﾈｽﾄ,000001,新木場ﾘｻｲｸﾙ工場,000114,Suite,000090,Suite,1,紙,,000006,川部
2025/01/17(金),2025/01/17(金),2025/01/17(金),000114,Suite,2,支払,000068,GC 軽鉄･ｽﾁｰﾙ類,300,300,03,kg,15.5,"4,650",37111,000002,B（残置）,003,有価物,12:53,13:44,000000,Suite,000001,ｵﾈｽﾄ,000001,新木場ﾘｻｲｸﾙ工場,000114,Suite,000090,Suite,1,紙,,000006,川部
2025/01/17(金),2025/01/17(金),2025/01/17(金),000114,Suite,2,支払,000068,GC 軽鉄･ｽﾁｰﾙ類,"1,080","1,080",03,kg,15.5,"16,740",37110,000002,B（残置）,003,有価物,13:03,13:03,000000,Suite,000001,ｵﾈｽﾄ,000001,新木場ﾘｻｲｸﾙ工場,000114,Suite,000090,Suite,1,紙,,000006,川部
2025/01/17(金),2025/01/17(金),2025/01/17(金),000129,NX商事,1,売上,000038,廃ﾌﾟﾗｽﾁｯｸ類,390,390,03,kg,60,"23,400",37122,000001,A（事業）,001,処分費,13:44,13:44,000001,深川LSｾﾝﾀｰ,000001,ｵﾈｽﾄ,000001,新木場ﾘｻｲｸﾙ工場,000001,ｵﾈｽﾄ,001226,NX商事,2,電子,,000002,渡辺
2025/01/17(金),2025/01/17(金),2025/01/17(金),000129,NX商事,1,売上,000109,運搬費,,1,07,台,"24,000","24,000",37122,000001,A（事業）,002,運搬費,13:44,13:44,000001,深川LSｾﾝﾀｰ,000001,ｵﾈｽﾄ,000001,新木場ﾘｻｲｸﾙ工場,000001,ｵﾈｽﾄ,001226,NX商事,2,電子,,000002,渡辺
2025/01/17(金),2025/01/17(金),2025/01/17(金),000182,月島JFEｱｸｱｿﾘｭｰｼｮﾝ,1,売上,000078,ｶﾞﾗｽ･ｺﾝｸﾘｰﾄ･陶磁器くず,730,8,02,m3,"18,000","144,000",37096,000004,D（建設）,001,処分費,11:57,12:01,000006,【鈴木】令和6・7年度葛西水再生センター,000001,ｵﾈｽﾄ,000001,新木場ﾘｻｲｸﾙ工場,000001,ｵﾈｽﾄ,000149,月島JFEｱｸｱｿﾘｭｰｼｮﾝ（東日本）,1,紙,,000005,今村（紀）
2025/01/17(金),2025/01/17(金),2025/01/17(金),000182,月島JFEｱｸｱｿﾘｭｰｼｮﾝ,1,売上,000349,運搬費(4ｔｺﾝﾃﾅ),,1,07,台,"23,000","23,000",37096,000004,D（建設）,002,運搬費,11:57,12:01,000006,【鈴木】令和6・7年度葛西水再生センター,000001,ｵﾈｽﾄ,000001,新木場ﾘｻｲｸﾙ工場,000001,ｵﾈｽﾄ,000149,月島JFEｱｸｱｿﾘｭｰｼｮﾝ（東日本）,1,紙,,000005,今村（紀）
2025/01/17(金),2025/01/17(金),2025/01/17(金),000182,月島JFEｱｸｱｿﾘｭｰｼｮﾝ,1,売上,000354,運搬費(ﾊﾟｯｶｰ車),,1,07,台,"23,000","23,000",37151,000004,D（建設）,002,運搬費,15:11,15:11,000006,【鈴木】令和6・7年度葛西水再生センター,000001,ｵﾈｽﾄ,000001,新木場ﾘｻｲｸﾙ工場,000001,ｵﾈｽﾄ,000149,月島JFEｱｸｱｿﾘｭｰｼｮﾝ（東日本）,1,紙,,000005,今村（紀）
2025/01/17(金),2025/01/17(金),2025/01/17(金),000182,月島JFEｱｸｱｿﾘｭｰｼｮﾝ,1,売上,000387,混合廃棄物(ｳﾚﾀﾝ),300,43,02,m3,"12,000","516,000",37151,000004,D（建設）,001,処分費,15:11,15:11,000006,【鈴木】令和6・7年度葛西水再生センター,000001,ｵﾈｽﾄ,000001,新木場ﾘｻｲｸﾙ工場,000001,ｵﾈｽﾄ,000149,月島JFEｱｸｱｿﾘｭｰｼｮﾝ（東日本）,1,紙,,000005,今村（紀）
2025/01/17(金),2025/01/17(金),2025/01/17(金),000197,三門商会,1,売上,000002,混合廃棄物B,70,70,03,kg,70,"4,900",37046,000005,E,001,処分費,09:01,09:04,000000,三門商会,000001,ｵﾈｽﾄ,000001,新木場ﾘｻｲｸﾙ工場,000197,三門商会,000163,三門商会,1,紙,,000006,川部
2025/01/17(金),2025/01/17(金),2025/01/17(金),000272,新建産業,1,売上,000001,混合廃棄物A,210,210,03,kg,65,"13,650",37066,000001,A（事業）,001,処分費,10:31,10:31,000000,新建産業,000001,ｵﾈｽﾄ,000001,新木場ﾘｻｲｸﾙ工場,000272,新建産業,000222,新建産業,1,紙,,000006,川部
2025/01/17(金),2025/01/17(金),2025/01/17(金),000281,ﾒﾀｳｫｰﾀｰ,1,売上,000014,混合廃棄物,680,9,02,m3,"10,000","90,000",37127,000004,D（建設）,001,処分費,13:49,13:52,000016,南部汚泥処理プラント汚泥焼却設備再構築,000001,ｵﾈｽﾄ,000001,新木場ﾘｻｲｸﾙ工場,000001,ｵﾈｽﾄ,000281,ﾒﾀｳｫｰﾀｰ,1,紙,,000010,メタウォーター
2025/01/17(金),2025/01/17(金),2025/01/17(金),000281,ﾒﾀｳｫｰﾀｰ,1,売上,000014,混合廃棄物,800,4,02,m3,"10,000","40,000",37126,000004,D（建設）,001,処分費,13:57,14:00,000023,新たなﾘﾝ回収ｼｽﾃﾑによる下水道の資源化に,000001,ｵﾈｽﾄ,000001,新木場ﾘｻｲｸﾙ工場,000001,ｵﾈｽﾄ,000281,ﾒﾀｳｫｰﾀｰ,1,紙,,000010,メタウォーター
2025/01/17(金),2025/01/17(金),2025/01/17(金),000281,ﾒﾀｳｫｰﾀｰ,1,売上,000029,木くず,750,7,02,m3,"6,000","42,000",37055,000004,D（建設）,001,処分費,10:07,10:12,000016,南部汚泥処理プラント汚泥焼却設備再構築,000001,ｵﾈｽﾄ,000001,新木場ﾘｻｲｸﾙ工場,000001,ｵﾈｽﾄ,000281,ﾒﾀｳｫｰﾀｰ,1,紙,,000010,メタウォーター
2025/01/17(金),2025/01/17(金),2025/01/17(金),000281,ﾒﾀｳｫｰﾀｰ,1,売上,000109,運搬費,,1,07,台,"21,000","21,000",37127,000004,D（建設）,002,運搬費,13:49,13:52,000016,南部汚泥処理プラント汚泥焼却設備再構築,000001,ｵﾈｽﾄ,000001,新木場ﾘｻｲｸﾙ工場,000001,ｵﾈｽﾄ,000281,ﾒﾀｳｫｰﾀｰ,1,紙,,000010,メタウォーター
2025/01/17(金),2025/01/17(金),2025/01/17(金),000281,ﾒﾀｳｫｰﾀｰ,1,売上,000351,運搬費(4ｔ平車),,1,07,台,"30,000","30,000",37055,000004,D（建設）,002,運搬費,10:07,10:12,000016,南部汚泥処理プラント汚泥焼却設備再構築,000001,ｵﾈｽﾄ,000001,新木場ﾘｻｲｸﾙ工場,000001,ｵﾈｽﾄ,000281,ﾒﾀｳｫｰﾀｰ,1,紙,,000010,メタウォーター
2025/01/17(金),2025/01/17(金),2025/01/17(金),000281,ﾒﾀｳｫｰﾀｰ,1,売上,000352,運搬費(2ｔ車),,1,07,台,"20,000","20,000",37126,000004,D（建設）,002,運搬費,13:57,14:00,000023,新たなﾘﾝ回収ｼｽﾃﾑによる下水道の資源化に,000001,ｵﾈｽﾄ,000001,新木場ﾘｻｲｸﾙ工場,000001,ｵﾈｽﾄ,000281,ﾒﾀｳｫｰﾀｰ,1,紙,,000010,メタウォーター
2025/01/17(金),2025/01/17(金),2025/01/17(金),000289,ｼﾃｨﾛｼﾞｽﾃｨｯｸｽ,1,売上,000001,混合廃棄物A,120,120,03,kg,65,"7,800",37119,000002,B（残置）,001,処分費,13:34,13:36,000024,ｳｨｯﾄﾏﾝ,000001,ｵﾈｽﾄ,000001,新木場ﾘｻｲｸﾙ工場,000289,ｼﾃｨﾛｼﾞｽﾃｨｯｸｽ,000232,ｼﾃｨﾛｼﾞｽﾃｨｯｸｽ,1,紙,,000006,川部
2025/01/17(金),2025/01/17(金),2025/01/17(金),000302,ﾖｼﾓﾘ,1,売上,000003,混合廃棄物C,"1,720","1,720",03,kg,58,"99,760",37059,000001,A（事業）,001,処分費,10:14,10:16,000001,ﾖｼﾓﾘ扇ﾘｻｲｸﾙｾﾝﾀｰ,000001,ｵﾈｽﾄ,000001,新木場ﾘｻｲｸﾙ工場,000302,ﾖｼﾓﾘ,000244,ﾖｼﾓﾘ,1,紙,,000002,渡辺
2025/01/17(金),2025/01/17(金),2025/01/17(金),000302,ﾖｼﾓﾘ,1,売上,000004,混合廃棄物(焼却物),"2,150","2,150",03,kg,58,"124,700",37101,000001,A（事業）,001,処分費,12:26,12:26,000001,ﾖｼﾓﾘ扇ﾘｻｲｸﾙｾﾝﾀｰ,000001,ｵﾈｽﾄ,000001,新木場ﾘｻｲｸﾙ工場,000302,ﾖｼﾓﾘ,000244,ﾖｼﾓﾘ,1,紙,,000002,渡辺
2025/01/17(金),2025/01/17(金),2025/01/17(金),000312,野口興業,1,売上,000001,混合廃棄物A,370,370,03,kg,45,"16,650",37042,000001,A（事業）,001,処分費,08:20,08:26,000000,野口興業,000001,ｵﾈｽﾄ,000001,新木場ﾘｻｲｸﾙ工場,000312,野口興業,000253,野口興業,1,紙,,000002,渡辺
2025/01/17(金),2025/01/17(金),2025/01/17(金),000312,野口興業,1,売上,000001,混合廃棄物A,540,540,03,kg,45,"24,300",37036,000001,A（事業）,001,処分費,07:53,07:56,000000,野口興業,000001,ｵﾈｽﾄ,000001,新木場ﾘｻｲｸﾙ工場,000312,野口興業,000253,野口興業,1,紙,,000002,渡辺
2025/01/17(金),2025/01/17(金),2025/01/17(金),000392,亀田,1,売上,000018,軽量物系A(ｽﾎﾟﾝｼﾞ),40,40,03,kg,200,"8,000",37057,000005,E（中・積),001,処分費,10:10,10:10,000000,亀田,000001,ｵﾈｽﾄ,000001,新木場ﾘｻｲｸﾙ工場,000392,亀田,000313,亀田,1,紙,,000002,渡辺
2025/01/17(金),2025/01/17(金),2025/01/17(金),000463,東京ﾋﾞｼﾞﾈｽ,1,売上,000001,混合廃棄物A,360,360,03,kg,65,"23,400",37147,000005,E（中・積),001,処分費,15:33,15:40,000000,東京ﾋﾞｼﾞﾈｽ,000001,ｵﾈｽﾄ,000001,新木場ﾘｻｲｸﾙ工場,000463,東京ﾋﾞｼﾞﾈｽ,001227,東京ﾋﾞｼﾞﾈｽ,1,紙,,000002,渡辺
2025/01/17(金),2025/01/17(金),2025/01/17(金),000463,東京ﾋﾞｼﾞﾈｽ,1,売上,000054,ﾊﾞｯﾃﾘｰ,10,1,06,個,"1,500","1,500",37147,000005,E（中・積),001,処分費,15:33,15:40,000000,東京ﾋﾞｼﾞﾈｽ,000001,ｵﾈｽﾄ,000001,新木場ﾘｻｲｸﾙ工場,000463,東京ﾋﾞｼﾞﾈｽ,001227,東京ﾋﾞｼﾞﾈｽ,1,紙,,000002,渡辺
2025/01/17(金),2025/01/17(金),2025/01/17(金),000673,青木工務店,1,売上,000002,混合廃棄物B,430,430,03,kg,65,"27,950",37158,000003,C（解体）,001,処分費,15:57,15:59,000001,（仮称）田園調布S邸解体工事,000001,ｵﾈｽﾄ,000001,新木場ﾘｻｲｸﾙ工場,006076,TWC,000904,TWC,1,紙,,000004,山本
2025/01/17(金),2025/01/17(金),2025/01/17(金),000736,(ｻﾝﾃｸﾉ)ｲﾝ･ｻﾎﾟｰﾄ,1,売上,000002,混合廃棄物B,"1,050","1,050",03,kg,63,"66,150",37024,000006,F（他）,001,処分費,06:21,06:21,000000,(ｻﾝﾃｸﾉ)ｲﾝ･ｻﾎﾟｰﾄ,000001,ｵﾈｽﾄ,000001,新木場ﾘｻｲｸﾙ工場,001748,(ｻﾝﾃｸﾉ)ｽﾀｰﾀﾞｽﾄ社,001022,ｻﾝ･ﾃｸﾉ,1,紙,,000012,サン・テクノ
2025/01/17(金),2025/01/17(金),2025/01/17(金),000751,まごのて,1,売上,000001,混合廃棄物A,"1,780","1,780",03,kg,65,"115,700",37181,000002,B（残置）,001,処分費,17:11,17:27,000000,まごのて,000001,ｵﾈｽﾄ,000001,新木場ﾘｻｲｸﾙ工場,000751,まごのて,000580,まごのて,2,電子,,000006,川部
2025/01/17(金),2025/01/17(金),2025/01/17(金),000779,基善,1,売上,000001,混合廃棄物A,110,110,03,kg,65,"7,150",37144,000001,A（事業）,001,処分費,15:16,,000001,基善 南小岩倉庫,000001,ｵﾈｽﾄ,000001,新木場ﾘｻｲｸﾙ工場,000779,基善,001294,基善,1,紙,,000006,川部
2025/01/17(金),2025/01/17(金),2025/01/17(金),000779,基善,1,売上,000102,ﾏﾆﾌｪｽﾄ,,10,11,枚,50,500,37144,000001,A（事業）,001,処分費,15:16,,000001,基善 南小岩倉庫,000001,ｵﾈｽﾄ,000001,新木場ﾘｻｲｸﾙ工場,000779,基善,001294,基善,1,紙,,000006,川部
2025/01/17(金),2025/01/17(金),2025/01/17(金),000794,東京ｶﾞｽﾘﾉﾍﾞｰｼｮﾝ,1,売上,000001,混合廃棄物A,10,10,03,kg,65,650,37157,000004,D（建設）,001,処分費,15:57,15:58,000000,東京ｶﾞｽﾘﾉﾍﾞｰｼｮﾝ,000001,ｵﾈｽﾄ,000001,新木場ﾘｻｲｸﾙ工場,000133,ﾀﾞｲｲﾁ興業,000105,ﾀﾞｲｲﾁ興業,1,紙,,000004,山本
2025/01/17(金),2025/01/17(金),2025/01/17(金),000828,ﾆｯﾀｴｱｿﾘｭｰｼｮﾝｽﾞ,1,売上,000004,混合廃棄物(焼却物),190,190,03,kg,75,"14,250",37075,000004,D（建設）,001,処分費,11:12,11:12,000001,大森技術ｾﾝﾀｰ,000001,ｵﾈｽﾄ,000001,新木場ﾘｻｲｸﾙ工場,000001,ｵﾈｽﾄ,000648,ﾆｯﾀｴｱｿﾘｭｰｼｮﾝｽﾞ,1,紙,,000005,今村（紀）
2025/01/17(金),2025/01/17(金),2025/01/17(金),000828,ﾆｯﾀｴｱｿﾘｭｰｼｮﾝｽﾞ,1,売上,000004,混合廃棄物(焼却物),420,420,03,kg,75,"31,500",37078,000004,D（建設）,001,処分費,11:14,11:14,000002,横浜技術ｾﾝﾀｰ,000001,ｵﾈｽﾄ,000001,新木場ﾘｻｲｸﾙ工場,000001,ｵﾈｽﾄ,000648,ﾆｯﾀｴｱｿﾘｭｰｼｮﾝｽﾞ,1,紙,,000005,今村（紀）
2025/01/17(金),2025/01/17(金),2025/01/17(金),000828,ﾆｯﾀｴｱｿﾘｭｰｼｮﾝｽﾞ,1,売上,000046,ﾀﾞﾝﾎﾞｰﾙ,180,180,03,kg,0,0,37075,000004,D（建設）,001,処分費,11:12,11:12,000001,大森技術ｾﾝﾀｰ,000001,ｵﾈｽﾄ,000001,新木場ﾘｻｲｸﾙ工場,000001,ｵﾈｽﾄ,000648,ﾆｯﾀｴｱｿﾘｭｰｼｮﾝｽﾞ,1,紙,,000005,今村（紀）
2025/01/17(金),2025/01/17(金),2025/01/17(金),000828,ﾆｯﾀｴｱｿﾘｭｰｼｮﾝｽﾞ,1,売上,000349,運搬費(4ｔｺﾝﾃﾅ),,1,07,台,"23,000","23,000",37078,000004,D（建設）,002,運搬費,11:14,11:14,000002,横浜技術ｾﾝﾀｰ,000001,ｵﾈｽﾄ,000001,新木場ﾘｻｲｸﾙ工場,000001,ｵﾈｽﾄ,000648,ﾆｯﾀｴｱｿﾘｭｰｼｮﾝｽﾞ,1,紙,,000005,今村（紀）
2025/01/17(金),2025/01/17(金),2025/01/17(金),000828,ﾆｯﾀｴｱｿﾘｭｰｼｮﾝｽﾞ,1,売上,000352,運搬費(2ｔ車),,1,07,台,"23,000","23,000",37075,000004,D（建設）,002,運搬費,11:12,11:12,000001,大森技術ｾﾝﾀｰ,000001,ｵﾈｽﾄ,000001,新木場ﾘｻｲｸﾙ工場,000001,ｵﾈｽﾄ,000648,ﾆｯﾀｴｱｿﾘｭｰｼｮﾝｽﾞ,1,紙,,000005,今村（紀）
2025/01/17(金),2025/01/17(金),2025/01/17(金),000923,港区教育委員会事務局　学校教育部,1,売上,000014,混合廃棄物,330,330,03,kg,45,"14,850",37063,000006,F（他）,001,処分費,10:30,10:30,000013,赤坂学園　赤坂小学校,000001,ｵﾈｽﾄ,000001,新木場ﾘｻｲｸﾙ工場,000001,ｵﾈｽﾄ,001311,港区教育委員会事務局　学校教育部,1,紙,,000007,小林
2025/01/17(金),2025/01/17(金),2025/01/17(金),000923,港区教育委員会事務局　学校教育部,1,売上,000014,混合廃棄物,500,500,03,kg,45,"22,500",37056,000006,F（他）,001,処分費,10:16,10:17,000013,赤坂学園　赤坂小学校,000001,ｵﾈｽﾄ,000001,新木場ﾘｻｲｸﾙ工場,000001,ｵﾈｽﾄ,001311,港区教育委員会事務局　学校教育部,1,紙,,000007,小林
2025/01/17(金),2025/01/17(金),2025/01/17(金),000923,港区教育委員会事務局　学校教育部,1,売上,000014,混合廃棄物,680,680,03,kg,45,"30,600",37069,000006,F（他）,001,処分費,10:31,11:04,000013,赤坂学園　赤坂小学校,000001,ｵﾈｽﾄ,000001,新木場ﾘｻｲｸﾙ工場,000001,ｵﾈｽﾄ,001311,港区教育委員会事務局　学校教育部,1,紙,,000007,小林
2025/01/17(金),2025/01/17(金),2025/01/17(金),000943,ﾈｸｾﾗﾌｧｰﾏｼﾞｬﾊﾟﾝ,1,売上,000001,混合廃棄物A,"1,340","1,340",03,kg,65,"87,100",37026,000002,B（残置）,001,処分費,06:24,06:24,000001,ﾈｸｾﾗﾌｧｰﾏｼﾞｬﾊﾟﾝ(港区),000001,ｵﾈｽﾄ,000001,新木場ﾘｻｲｸﾙ工場,000110,ﾃｲｿｳ物流ｻｰﾋﾞｽ,000088,ﾃｲｿｳ物流ｻｰﾋﾞｽ,1,紙,,000002,渡辺
2025/01/17(金),2025/01/17(金),2025/01/17(金),000943,ﾈｸｾﾗﾌｧｰﾏｼﾞｬﾊﾟﾝ,2,支払,000068,GC 軽鉄･ｽﾁｰﾙ類,370,370,03,kg,15.5,"5,735",37027,000002,B（残置）,003,有価物,06:25,06:25,000001,ﾈｸｾﾗﾌｧｰﾏｼﾞｬﾊﾟﾝ(港区),000001,ｵﾈｽﾄ,000001,新木場ﾘｻｲｸﾙ工場,000110,ﾃｲｿｳ物流ｻｰﾋﾞｽ,000088,ﾃｲｿｳ物流ｻｰﾋﾞｽ,1,紙,,000002,渡辺
2025/01/17(金),2025/01/17(金),2025/01/17(金),000943,ﾈｸｾﾗﾌｧｰﾏｼﾞｬﾊﾟﾝ,2,支払,000068,GC 軽鉄･ｽﾁｰﾙ類,480,480,03,kg,15.5,"7,440",37026,000002,B（残置）,003,有価物,06:24,06:24,000001,ﾈｸｾﾗﾌｧｰﾏｼﾞｬﾊﾟﾝ(港区),000001,ｵﾈｽﾄ,000001,新木場ﾘｻｲｸﾙ工場,000110,ﾃｲｿｳ物流ｻｰﾋﾞｽ,000088,ﾃｲｿｳ物流ｻｰﾋﾞｽ,1,紙,,000002,渡辺
2025/01/17(金),2025/01/17(金),2025/01/17(金),000943,ﾈｸｾﾗﾌｧｰﾏｼﾞｬﾊﾟﾝ,2,支払,000068,GC 軽鉄･ｽﾁｰﾙ類,630,630,03,kg,15.5,"9,765",37029,000002,B（残置）,003,有価物,06:26,06:26,000001,ﾈｸｾﾗﾌｧｰﾏｼﾞｬﾊﾟﾝ(港区),000001,ｵﾈｽﾄ,000001,新木場ﾘｻｲｸﾙ工場,000110,ﾃｲｿｳ物流ｻｰﾋﾞｽ,000088,ﾃｲｿｳ物流ｻｰﾋﾞｽ,1,紙,,000002,渡辺
2025/01/17(金),2025/01/17(金),2025/01/17(金),001044,ﾃｨｰｱﾝﾄﾞﾃﾞｨｰ,1,売上,000002,混合廃棄物B,440,440,03,kg,70,"30,800",37186,000003,C（解体）,001,処分費,18:05,18:08,000009,東京都港区西麻布2-21-3,000001,ｵﾈｽﾄ,000001,新木場ﾘｻｲｸﾙ工場,000362,ﾐﾔ産興,000290,ﾐﾔ産興,1,紙,,000004,山本
2025/01/17(金),2025/01/17(金),2025/01/17(金),001106,舞浜企画（市川本社）,1,売上,000002,混合廃棄物B,210,210,03,kg,70,"14,700",37045,000003,C（解体）,001,処分費,08:56,08:58,000005,共同住宅ｱｯﾌﾟﾙﾊｲﾂ,000001,ｵﾈｽﾄ,000001,新木場ﾘｻｲｸﾙ工場,005727,富山,000896,富山,1,紙,,000004,山本
2025/01/17(金),2025/01/17(金),2025/01/17(金),001106,舞浜企画（市川本社）,1,売上,000016,軽量物系A(発泡ｽﾁﾛｰﾙ),10,10,03,kg,200,"2,000",37185,000003,C（解体）,001,処分費,17:47,17:50,000006,焼き鳥まさや・内装解体工事,000001,ｵﾈｽﾄ,000001,新木場ﾘｻｲｸﾙ工場,005727,富山,000896,富山,1,紙,,000004,山本
2025/01/17(金),2025/01/17(金),2025/01/17(金),001206,ｶﾜｻｷ,1,売上,000001,混合廃棄物A,180,180,03,kg,65,"11,700",37035,000002,B（残置）,001,処分費,07:52,08:04,000000,ｶﾜｻｷ,000001,ｵﾈｽﾄ,000001,新木場ﾘｻｲｸﾙ工場,001206,ｶﾜｻｷ,000936,ｶﾜｻｷ,1,紙,,000007,小林
2025/01/17(金),2025/01/17(金),2025/01/17(金),001206,ｶﾜｻｷ,1,売上,000029,木くず,990,990,03,kg,35,"34,650",37035,000002,B（残置）,001,処分費,07:52,08:04,000000,ｶﾜｻｷ,000001,ｵﾈｽﾄ,000001,新木場ﾘｻｲｸﾙ工場,001206,ｶﾜｻｷ,000936,ｶﾜｻｷ,1,紙,,000007,小林
2025/01/17(金),2025/01/17(金),2025/01/17(金),001226,ｱｰﾙﾂｰ,1,売上,000001,混合廃棄物A,100,100,03,kg,65,"6,500",37177,000002,B（残置）,001,処分費,16:47,16:50,000000,ｱｰﾙﾂｰ,000001,ｵﾈｽﾄ,000001,新木場ﾘｻｲｸﾙ工場,001226,ｱｰﾙﾂｰ,000950,ｱｰﾙﾂｰ,1,紙,,000006,川部
2025/01/17(金),2025/01/17(金),2025/01/17(金),001226,ｱｰﾙﾂｰ,1,売上,000029,木くず,70,70,03,kg,35,"2,450",37177,000002,B（残置）,001,処分費,16:47,16:50,000000,ｱｰﾙﾂｰ,000001,ｵﾈｽﾄ,000001,新木場ﾘｻｲｸﾙ工場,001226,ｱｰﾙﾂｰ,000950,ｱｰﾙﾂｰ,1,紙,,000006,川部
2025/01/17(金),2025/01/17(金),2025/01/17(金),001244,銀座急送,1,売上,000001,混合廃棄物A,130,130,03,kg,65,"8,450",37183,000002,B（残置）,001,処分費,17:32,17:36,000001,銀座急送㈱辰巳DS,000001,ｵﾈｽﾄ,000001,新木場ﾘｻｲｸﾙ工場,001244,銀座急送,000965,銀座急送,1,紙,,000002,渡辺
2025/01/17(金),2025/01/17(金),2025/01/17(金),001395,昭和女子大学,1,売上,000001,混合廃棄物A,180,180,03,kg,65,"11,700",37043,000001,A（事業）,001,処分費,08:45,08:45,000000,昭和女子大学,000001,ｵﾈｽﾄ,000001,新木場ﾘｻｲｸﾙ工場,000019,ﾀｹｴｲ,000016,ﾀｹｴｲ,1,紙,,000007,小林
2025/01/17(金),2025/01/17(金),2025/01/17(金),001434,(ｻﾝﾃｸﾉ)東和ｴﾝｼﾞﾆｱﾘﾝｸﾞ,1,売上,000001,混合廃棄物A,180,180,03,kg,58,"10,440",37049,000006,F（他）,001,処分費,09:22,09:26,000100,㈲ﾌｧｰｽﾄ電気,000001,ｵﾈｽﾄ,000001,新木場ﾘｻｲｸﾙ工場,005884,(ｻﾝﾃｸﾉ)ｻﾝﾄﾗｽﾄ,001022,ｻﾝ･ﾃｸﾉ,1,紙,,000012,サン・テクノ
2025/01/17(金),2025/01/17(金),2025/01/17(金),001434,(ｻﾝﾃｸﾉ)東和ｴﾝｼﾞﾆｱﾘﾝｸﾞ,1,売上,000030,選別,40,40,03,kg,50,"2,000",37049,000006,F（他）,001,処分費,09:22,09:26,000100,㈲ﾌｧｰｽﾄ電気,000001,ｵﾈｽﾄ,000001,新木場ﾘｻｲｸﾙ工場,005884,(ｻﾝﾃｸﾉ)ｻﾝﾄﾗｽﾄ,001022,ｻﾝ･ﾃｸﾉ,1,紙,,000012,サン・テクノ
2025/01/17(金),2025/01/17(金),2025/01/17(金),001491,ｺﾏﾃﾞﾝ,1,売上,000001,混合廃棄物A,290,290,03,kg,65,"18,850",37098,000002,B（残置）,001,処分費,12:00,12:06,000001,ｺﾏﾃﾞﾝ,000001,ｵﾈｽﾄ,000001,新木場ﾘｻｲｸﾙ工場,000106,中央急送,000085,中央急送,1,紙,,000006,川部
2025/01/17(金),2025/01/17(金),2025/01/17(金),001608,ｴｰｽ,1,売上,000001,混合廃棄物A,"1,250","1,250",03,kg,65,"81,250",37138,000004,D（建設）,001,処分費,14:56,14:58,000002,ｴｰｽ駒形ﾋﾞﾙ,000001,ｵﾈｽﾄ,000001,新木場ﾘｻｲｸﾙ工場,000351,那須野興業,000280,那須野興業,1,紙,,000004,山本
2025/01/17(金),2025/01/17(金),2025/01/17(金),001739,三機工業（八丁堀）,2,支払,000068,GC 軽鉄･ｽﾁｰﾙ類,230,230,03,kg,24.5,"5,635",37087,000004,D（建設）,003,有価物,11:51,11:51,000023,【NWS】MCDR　NRT10,000001,ｵﾈｽﾄ,000001,新木場ﾘｻｲｸﾙ工場,000016,泉土木,000014,泉土木,1,紙,,000001,矢作
2025/01/17(金),2025/01/17(金),2025/01/17(金),001739,三機工業（八丁堀）,2,支払,000068,GC 軽鉄･ｽﾁｰﾙ類,240,240,03,kg,24.5,"5,880",37092,000004,D（建設）,003,有価物,12:24,12:25,000023,【NWS】MCDR　NRT10,000001,ｵﾈｽﾄ,000001,新木場ﾘｻｲｸﾙ工場,000016,泉土木,000014,泉土木,2,電子,,000001,矢作
2025/01/17(金),2025/01/17(金),2025/01/17(金),001739,三機工業（八丁堀）,2,支払,000068,GC 軽鉄･ｽﾁｰﾙ類,240,240,03,kg,24.5,"5,880",37093,000004,D（建設）,003,有価物,12:26,12:27,000023,【NWS】MCDR　NRT10,000001,ｵﾈｽﾄ,000001,新木場ﾘｻｲｸﾙ工場,000016,泉土木,000014,泉土木,1,紙,,000001,矢作
2025/01/17(金),2025/01/17(金),2025/01/17(金),001739,三機工業（八丁堀）,2,支払,000068,GC 軽鉄･ｽﾁｰﾙ類,250,250,03,kg,24.5,"6,125",37137,000004,D（建設）,003,有価物,14:56,14:56,000023,【NWS】MCDR　NRT10,000001,ｵﾈｽﾄ,000001,新木場ﾘｻｲｸﾙ工場,000016,泉土木,000014,泉土木,1,紙,,000001,矢作
2025/01/17(金),2025/01/17(金),2025/01/17(金),001739,三機工業（八丁堀）,2,支払,000068,GC 軽鉄･ｽﾁｰﾙ類,250,250,03,kg,24.5,"6,125",37143,000004,D（建設）,003,有価物,15:16,15:16,000023,【NWS】MCDR　NRT10,000001,ｵﾈｽﾄ,000001,新木場ﾘｻｲｸﾙ工場,000016,泉土木,000014,泉土木,1,紙,,000001,矢作
2025/01/17(金),2025/01/17(金),2025/01/17(金),001739,三機工業（八丁堀）,2,支払,000068,GC 軽鉄･ｽﾁｰﾙ類,250,250,03,kg,24.5,"6,125",37156,000004,D（建設）,003,有価物,15:47,15:49,000023,【NWS】MCDR　NRT10,000001,ｵﾈｽﾄ,000001,新木場ﾘｻｲｸﾙ工場,000016,泉土木,000014,泉土木,1,紙,,000001,矢作
2025/01/17(金),2025/01/17(金),2025/01/17(金),001739,三機工業（八丁堀）,2,支払,000068,GC 軽鉄･ｽﾁｰﾙ類,270,270,03,kg,24.5,"6,615",37089,000004,D（建設）,003,有価物,12:00,12:00,000023,【NWS】MCDR　NRT10,000001,ｵﾈｽﾄ,000001,新木場ﾘｻｲｸﾙ工場,000016,泉土木,000014,泉土木,1,紙,,000001,矢作
2025/01/17(金),2025/01/17(金),2025/01/17(金),001739,三機工業（八丁堀）,2,支払,000068,GC 軽鉄･ｽﾁｰﾙ類,270,270,03,kg,24.5,"6,615",37136,000004,D（建設）,003,有価物,14:56,14:56,000023,【NWS】MCDR　NRT10,000001,ｵﾈｽﾄ,000001,新木場ﾘｻｲｸﾙ工場,000016,泉土木,000014,泉土木,2,電子,,000001,矢作
2025/01/17(金),2025/01/17(金),2025/01/17(金),001739,三機工業（八丁堀）,2,支払,000068,GC 軽鉄･ｽﾁｰﾙ類,720,720,03,kg,24.5,"17,640",37085,000004,D（建設）,003,有価物,11:22,11:51,000023,【NWS】MCDR　NRT10,000001,ｵﾈｽﾄ,000001,新木場ﾘｻｲｸﾙ工場,000016,泉土木,000014,泉土木,1,紙,,000001,矢作
2025/01/17(金),2025/01/17(金),2025/01/17(金),001739,三機工業（八丁堀）,2,支払,000068,GC 軽鉄･ｽﾁｰﾙ類,750,750,03,kg,24.5,"18,375",37091,000004,D（建設）,003,有価物,12:23,12:23,000023,【NWS】MCDR　NRT10,000001,ｵﾈｽﾄ,000001,新木場ﾘｻｲｸﾙ工場,000016,泉土木,000014,泉土木,2,電子,,000001,矢作
2025/01/17(金),2025/01/17(金),2025/01/17(金),001739,三機工業（八丁堀）,2,支払,000068,GC 軽鉄･ｽﾁｰﾙ類,750,750,03,kg,24.5,"18,375",37150,000004,D（建設）,003,有価物,15:37,15:37,000023,【NWS】MCDR　NRT10,000001,ｵﾈｽﾄ,000001,新木場ﾘｻｲｸﾙ工場,000016,泉土木,000014,泉土木,2,電子,,000001,矢作
2025/01/17(金),2025/01/17(金),2025/01/17(金),001739,三機工業（八丁堀）,2,支払,000068,GC 軽鉄･ｽﾁｰﾙ類,760,760,03,kg,24.5,"18,620",37155,000004,D（建設）,003,有価物,15:44,15:45,000023,【NWS】MCDR　NRT10,000001,ｵﾈｽﾄ,000001,新木場ﾘｻｲｸﾙ工場,000016,泉土木,000014,泉土木,2,電子,,000001,矢作
2025/01/17(金),2025/01/17(金),2025/01/17(金),001845,ｲﾄｰﾖｰｶ堂,1,売上,000001,混合廃棄物A,"3,050","3,050",03,kg,65,"198,250",37023,000001,A（事業）,001,処分費,06:58,07:01,000003,ｱﾘｵ亀有店,000001,ｵﾈｽﾄ,000001,新木場ﾘｻｲｸﾙ工場,000170,板越商事,000138,板越商事,2,電子,,000002,渡辺
2025/01/17(金),2025/01/17(金),2025/01/17(金),001892,東洋熱工業,1,売上,000001,混合廃棄物A,80,80,03,kg,58,"4,640",37180,000004,D（建設）,001,処分費,17:10,17:12,000056,東大和病院FCU更新工事,000001,ｵﾈｽﾄ,000001,新木場ﾘｻｲｸﾙ工場,000016,泉土木,000014,泉土木,1,紙,,000001,矢作
2025/01/17(金),2025/01/17(金),2025/01/17(金),001892,東洋熱工業,1,売上,000001,混合廃棄物A,"1,320","1,320",03,kg,58,"76,560",37148,000004,D（建設）,001,処分費,15:38,15:43,000054,高島屋南柏ｾﾝﾀｰ空調換気設備工事,000001,ｵﾈｽﾄ,000001,新木場ﾘｻｲｸﾙ工場,000016,泉土木,000014,泉土木,1,紙,,000001,矢作
2025/01/17(金),2025/01/17(金),2025/01/17(金),001892,東洋熱工業,1,売上,000046,ﾀﾞﾝﾎﾞｰﾙ,180,180,03,kg,0,0,37180,000004,D（建設）,001,処分費,17:10,17:12,000056,東大和病院FCU更新工事,000001,ｵﾈｽﾄ,000001,新木場ﾘｻｲｸﾙ工場,000016,泉土木,000014,泉土木,1,紙,,000001,矢作
2025/01/17(金),2025/01/17(金),2025/01/17(金),001904,秋山精鋼埼玉工場,1,売上,000002,混合廃棄物B,710,710,03,kg,70,"49,700",37064,000001,A（事業）,001,処分費,10:22,10:25,000000,秋山精鋼埼玉工場,000001,ｵﾈｽﾄ,000001,新木場ﾘｻｲｸﾙ工場,000986,都北運輸,000764,都北運輸,1,紙,,000006,川部
2025/01/17(金),2025/01/17(金),2025/01/17(金),001947,ﾁｬｺｰﾙ市野,1,売上,000001,混合廃棄物A,480,480,03,kg,53,"25,440",37062,000001,A（事業）,001,処分費,10:22,10:24,000001,渋谷市野ﾋﾞﾙ,000001,ｵﾈｽﾄ,000001,新木場ﾘｻｲｸﾙ工場,000302,ﾖｼﾓﾘ,000244,ﾖｼﾓﾘ,1,紙,,000002,渡辺
2025/01/17(金),2025/01/17(金),2025/01/17(金),001971,NTTｱｰﾊﾞﾝﾊﾞﾘｭｰｻﾎﾟｰﾄ,1,売上,000001,混合廃棄物A,710,710,03,kg,54,"38,340",37076,000001,A（事業）,001,処分費,10:44,10:44,000006,ﾄﾗｯﾄﾞ目白,000001,ｵﾈｽﾄ,000001,新木場ﾘｻｲｸﾙ工場,000028,五十嵐商会,000025,五十嵐商会,1,紙,,000002,渡辺
2025/01/17(金),2025/01/17(金),2025/01/17(金),001997,日本ﾌﾟﾚｽｾﾝﾀｰ,1,売上,000001,混合廃棄物A,970,970,03,kg,53,"51,410",37044,000001,A（事業）,001,処分費,08:41,08:44,000001,ﾌﾟﾚｽｾﾝﾀｰ,000001,ｵﾈｽﾄ,000001,新木場ﾘｻｲｸﾙ工場,000302,ﾖｼﾓﾘ,000244,ﾖｼﾓﾘ,1,紙,,000002,渡辺
2025/01/17(金),2025/01/17(金),2025/01/17(金),002059,広報ﾌﾞﾚｲｽ,1,売上,000001,混合廃棄物A,"1,130","1,130",03,kg,65,"73,450",37102,000001,A（事業）,001,処分費,12:40,12:44,000000,広報ﾌﾞﾚｲｽ,000001,ｵﾈｽﾄ,000001,新木場ﾘｻｲｸﾙ工場,000053,小早川運輸,000045,小早川運輸,1,紙,,000002,渡辺
2025/01/17(金),2025/01/17(金),2025/01/17(金),002137,ﾔﾏﾄ運輸北東京主管支店,1,売上,000002,混合廃棄物B,"1,480","1,480",03,kg,70,"103,600",37033,000005,E（中・積),001,処分費,07:33,07:45,000000,ﾔﾏﾄ運輸北東京主管支店,000001,ｵﾈｽﾄ,000001,新木場ﾘｻｲｸﾙ工場,000333,坪田運送,000270,坪田運送,1,紙,,000002,渡辺
2025/01/17(金),2025/01/17(金),2025/01/17(金),002158,ﾄｲｽﾞ･ﾌﾟﾛ,1,売上,000002,混合廃棄物B,560,560,03,kg,70,"39,200",37133,000004,D（建設）,001,処分費,14:24,14:24,000001,北新宿倉庫,000001,ｵﾈｽﾄ,000001,新木場ﾘｻｲｸﾙ工場,000326,ｱﾍﾞﾏｷ,000263,ｱﾍﾞﾏｷ,1,紙,,000002,渡辺
2025/01/17(金),2025/01/17(金),2025/01/17(金),002278,三菱地所ﾚｼﾞﾃﾞﾝｽ,1,売上,000001,混合廃棄物A,280,280,03,kg,60,"16,800",37163,000002,B（残置）,001,処分費,16:09,16:09,000013,三菱地所ﾚｼﾞﾃﾞﾝｽ(新宿区),000001,ｵﾈｽﾄ,000001,新木場ﾘｻｲｸﾙ工場,001772,三洋ｴｸｽﾌﾟﾚｽ,000228,三洋ｴｸｽﾌﾟﾚｽ,1,紙,,000002,渡辺
2025/01/17(金),2025/01/17(金),2025/01/17(金),002294,中村展設,1,売上,000001,混合廃棄物A,20,20,03,kg,60,"1,200",37172,000002,B（残置）,001,処分費,16:49,17:05,000016,中村展設(港区),000001,ｵﾈｽﾄ,000001,新木場ﾘｻｲｸﾙ工場,001772,三洋ｴｸｽﾌﾟﾚｽ,000228,三洋ｴｸｽﾌﾟﾚｽ,1,紙,,000002,渡辺
2025/01/17(金),2025/01/17(金),2025/01/17(金),002294,中村展設,1,売上,000001,混合廃棄物A,40,40,03,kg,60,"2,400",37172,000002,B（残置）,001,処分費,16:49,17:05,000016,中村展設(港区),000001,ｵﾈｽﾄ,000001,新木場ﾘｻｲｸﾙ工場,001772,三洋ｴｸｽﾌﾟﾚｽ,000228,三洋ｴｸｽﾌﾟﾚｽ,1,紙,,000002,渡辺
2025/01/17(金),2025/01/17(金),2025/01/17(金),002294,中村展設,1,売上,000029,木くず,330,330,03,kg,35,"11,550",37172,000002,B（残置）,001,処分費,16:49,17:05,000016,中村展設(港区),000001,ｵﾈｽﾄ,000001,新木場ﾘｻｲｸﾙ工場,001772,三洋ｴｸｽﾌﾟﾚｽ,000228,三洋ｴｸｽﾌﾟﾚｽ,1,紙,,000002,渡辺
2025/01/17(金),2025/01/17(金),2025/01/17(金),002294,中村展設,1,売上,000030,選別,40,40,03,kg,40,"1,600",37172,000002,B（残置）,001,処分費,16:49,17:05,000016,中村展設(港区),000001,ｵﾈｽﾄ,000001,新木場ﾘｻｲｸﾙ工場,001772,三洋ｴｸｽﾌﾟﾚｽ,000228,三洋ｴｸｽﾌﾟﾚｽ,1,紙,,000002,渡辺
2025/01/17(金),2025/01/17(金),2025/01/17(金),002294,中村展設,2,支払,000068,GC 軽鉄･ｽﾁｰﾙ類,110,110,03,kg,15.5,"1,705",37172,000002,B（残置）,003,有価物,16:49,17:05,000016,中村展設(港区),000001,ｵﾈｽﾄ,000001,新木場ﾘｻｲｸﾙ工場,001772,三洋ｴｸｽﾌﾟﾚｽ,000228,三洋ｴｸｽﾌﾟﾚｽ,1,紙,,000002,渡辺
2025/01/17(金),2025/01/17(金),2025/01/17(金),002634,日経ﾌﾟﾗｻﾞ&ｻｰﾋﾞｽ,1,売上,000030,選別,"1,170","1,170",03,kg,65,"76,050",37169,000001,A（事業）,001,処分費,16:39,16:39,000001,日本経済新聞社東京本社ﾋﾞﾙ,000001,ｵﾈｽﾄ,000001,新木場ﾘｻｲｸﾙ工場,000028,五十嵐商会,000025,五十嵐商会,1,紙,,000002,渡辺
2025/01/17(金),2025/01/17(金),2025/01/17(金),002706,東京ｼﾝｺｰﾚｻﾞｰ,1,売上,000002,混合廃棄物B,440,440,03,kg,70,"30,800",37074,000004,D（建設）,001,処分費,11:01,11:01,000001,両新田商品ｾﾝﾀｰ,000001,ｵﾈｽﾄ,000001,新木場ﾘｻｲｸﾙ工場,000304,ﾊﾏﾀﾞｴﾝﾀｰﾌﾟﾗｲｽﾞ,000245,ﾊﾏﾀﾞｴﾝﾀｰﾌﾟﾗｲｽﾞ,1,紙,,000002,渡辺
2025/01/17(金),2025/01/17(金),2025/01/17(金),002706,東京ｼﾝｺｰﾚｻﾞｰ,1,売上,000004,混合廃棄物(焼却物),"1,020","1,020",03,kg,75,"76,500",37074,000004,D（建設）,001,処分費,11:01,11:01,000001,両新田商品ｾﾝﾀｰ,000001,ｵﾈｽﾄ,000001,新木場ﾘｻｲｸﾙ工場,000304,ﾊﾏﾀﾞｴﾝﾀｰﾌﾟﾗｲｽﾞ,000245,ﾊﾏﾀﾞｴﾝﾀｰﾌﾟﾗｲｽﾞ,1,紙,,000002,渡辺
2025/01/17(金),2025/01/17(金),2025/01/17(金),002766,ﾕｰﾌﾟﾗﾝﾄ,1,売上,000001,混合廃棄物A,130,130,03,kg,58,"7,540",37106,000004,D（建設）,001,処分費,12:41,12:47,000000,ﾕｰﾌﾟﾗﾝﾄ,000001,ｵﾈｽﾄ,000001,新木場ﾘｻｲｸﾙ工場,002766,ﾕｰﾌﾟﾗﾝﾄ,000014,泉土木,1,紙,,000001,矢作
2025/01/17(金),2025/01/17(金),2025/01/17(金),002766,ﾕｰﾌﾟﾗﾝﾄ,1,売上,000025,石膏ﾎﾞｰﾄﾞB,100,100,03,kg,45,"4,500",37106,000004,D（建設）,001,処分費,12:41,12:47,000000,ﾕｰﾌﾟﾗﾝﾄ,000001,ｵﾈｽﾄ,000001,新木場ﾘｻｲｸﾙ工場,002766,ﾕｰﾌﾟﾗﾝﾄ,000014,泉土木,1,紙,,000001,矢作
2025/01/17(金),2025/01/17(金),2025/01/17(金),002766,ﾕｰﾌﾟﾗﾝﾄ,1,売上,000026,石膏ﾎﾞｰﾄﾞC,100,100,03,kg,45,"4,500",37106,000004,D（建設）,001,処分費,12:41,12:47,000000,ﾕｰﾌﾟﾗﾝﾄ,000001,ｵﾈｽﾄ,000001,新木場ﾘｻｲｸﾙ工場,002766,ﾕｰﾌﾟﾗﾝﾄ,000014,泉土木,1,紙,,000001,矢作
2025/01/17(金),2025/01/17(金),2025/01/17(金),002977,ﾕﾀｶ設備工業,1,売上,000030,選別,440,440,03,kg,55,"24,200",37161,000004,D（建設）,001,処分費,16:06,16:06,000003,高南保育園改築に伴う冷暖房換気設備工事,000001,ｵﾈｽﾄ,000001,新木場ﾘｻｲｸﾙ工場,000016,泉土木,000014,泉土木,1,紙,,000001,矢作
2025/01/17(金),2025/01/17(金),2025/01/17(金),002977,ﾕﾀｶ設備工業,2,支払,000068,GC 軽鉄･ｽﾁｰﾙ類,120,120,03,kg,24.5,"2,940",37161,000004,D（建設）,003,有価物,16:06,16:06,000003,高南保育園改築に伴う冷暖房換気設備工事,000001,ｵﾈｽﾄ,000001,新木場ﾘｻｲｸﾙ工場,000016,泉土木,000014,泉土木,1,紙,,000001,矢作
2025/01/17(金),2025/01/17(金),2025/01/17(金),003003,ｵｶﾓﾄﾔ,1,売上,000001,混合廃棄物A,230,230,03,kg,65,"14,950",37054,000002,B（残置）,001,処分費,10:01,10:02,000044,ｱﾑｽｷｬﾝｼﾞｬﾊﾟﾝ,000001,ｵﾈｽﾄ,000001,新木場ﾘｻｲｸﾙ工場,000330,ﾘｸﾘｰﾝｻｰﾋﾞｽ,000267,ﾘｸﾘｰﾝｻｰﾋﾞｽ,1,紙,,000004,山本
2025/01/17(金),2025/01/17(金),2025/01/17(金),003023,竹中工務店東京本店安全環境部,2,支払,000068,GC 軽鉄･ｽﾁｰﾙ類,"1,470","1,470",03,kg,24.5,"36,015",37114,000004,D（建設）,003,有価物,13:21,13:21,000036,大都技研元麻布ゲストハウス,000001,ｵﾈｽﾄ,000001,新木場ﾘｻｲｸﾙ工場,000016,泉土木,000014,泉土木,1,紙,,000001,矢作
2025/01/17(金),2025/01/17(金),2025/01/17(金),003122,三井不動産ﾎﾃﾙﾏﾈｼﾞﾒﾝﾄ,1,売上,000001,混合廃棄物A,970,970,03,kg,54,"52,380",37050,000001,A（事業）,001,処分費,09:27,09:27,000001,三井ｶﾞｰﾃﾞﾝﾎﾃﾙ大手町,000001,ｵﾈｽﾄ,000001,新木場ﾘｻｲｸﾙ工場,000028,五十嵐商会,000025,五十嵐商会,1,紙,,000002,渡辺
2025/01/17(金),2025/01/17(金),2025/01/17(金),003147,中央建物,1,売上,000001,混合廃棄物A,150,150,03,kg,54,"8,100",37060,000001,A（事業）,001,処分費,10:23,10:23,000001,大倉本館,000001,ｵﾈｽﾄ,000001,新木場ﾘｻｲｸﾙ工場,000028,五十嵐商会,000025,五十嵐商会,1,紙,,000002,渡辺
2025/01/17(金),2025/01/17(金),2025/01/17(金),003186,ﾌﾟﾗﾝﾆﾝｸﾞｱｰﾄ,1,売上,000001,混合廃棄物A,"1,180","1,180",03,kg,65,"76,700",37145,000002,B（残置）,001,処分費,15:28,15:28,000001,(有)ﾌﾟﾗﾝﾆﾝｸﾞｱｰﾄ厚木工場,000001,ｵﾈｽﾄ,000001,新木場ﾘｻｲｸﾙ工場,002202,宮坂運送,000268,宮坂運送,1,紙,,000004,山本
2025/01/17(金),2025/01/17(金),2025/01/17(金),003229,set,1,売上,000001,混合廃棄物A,"2,190","2,190",03,kg,65,"142,350",37082,000002,B（残置）,001,処分費,11:26,11:33,000000,set,000001,ｵﾈｽﾄ,000001,新木場ﾘｻｲｸﾙ工場,002202,宮坂運送,000268,宮坂運送,1,紙,,000004,山本
2025/01/17(金),2025/01/17(金),2025/01/17(金),003288,北星鉛筆,1,売上,000002,混合廃棄物B,750,750,03,kg,65,"48,750",37146,000001,A,001,処分費,15:32,15:35,000000,北星鉛筆,000001,ｵﾈｽﾄ,000001,新木場ﾘｻｲｸﾙ工場,000332,吉野商会,000269,吉野商会,1,紙,,000006,川部
2025/01/17(金),2025/01/17(金),2025/01/17(金),003423,ﾘｺｰｼﾞｬﾊﾟﾝ,1,売上,000030,選別,30,30,03,kg,55,"1,650",37168,000004,D（建設）,001,処分費,16:12,16:12,000000,ﾘｺｰｼﾞｬﾊﾟﾝ,000001,ｵﾈｽﾄ,000001,新木場ﾘｻｲｸﾙ工場,000016,泉土木,000014,泉土木,1,紙,,000001,矢作
2025/01/17(金),2025/01/17(金),2025/01/17(金),003423,ﾘｺｰｼﾞｬﾊﾟﾝ,2,支払,000068,GC 軽鉄･ｽﾁｰﾙ類,20,20,03,kg,24.5,490,37168,000004,D（建設）,003,有価物,16:12,16:12,000000,ﾘｺｰｼﾞｬﾊﾟﾝ,000001,ｵﾈｽﾄ,000001,新木場ﾘｻｲｸﾙ工場,000016,泉土木,000014,泉土木,1,紙,,000001,矢作
2025/01/17(金),2025/01/17(金),2025/01/17(金),003742,大成有楽不動産（ﾚｿﾞﾝﾃﾞｨﾚｸｼｮﾝ）,1,売上,000001,混合廃棄物A,820,820,03,kg,54,"44,280",37041,000001,A（事業）,001,処分費,08:19,08:21,000001,日比谷潁川ﾋﾞﾙ,000001,ｵﾈｽﾄ,000001,新木場ﾘｻｲｸﾙ工場,000028,五十嵐商会,000025,五十嵐商会,1,紙,,000002,渡辺
2025/01/17(金),2025/01/17(金),2025/01/17(金),003882,ﾅｶﾑﾗ産興,1,売上,000002,混合廃棄物B,940,940,03,kg,70,"65,800",37037,000003,C（解体）,001,処分費,08:08,08:14,000018,相模原市緑区南橋本5-1-1,000001,ｵﾈｽﾄ,000001,新木場ﾘｻｲｸﾙ工場,003882,ﾅｶﾑﾗ産興,000783,ﾅｶﾑﾗ産興,1,紙,,000006,川部
2025/01/17(金),2025/01/17(金),2025/01/17(金),004039,(ｵﾈﾜﾝ)ﾄｯﾌﾟﾘﾕｰｽ,1,売上,000001,混合廃棄物A,440,440,03,kg,63,"27,720",37105,000002,B（残置）,001,処分費,12:48,12:48,000000,(ｵﾈﾜﾝ)ﾄｯﾌﾟﾘﾕｰｽ,000001,ｵﾈｽﾄ,000001,新木場ﾘｻｲｸﾙ工場,004039,(ｵﾈﾜﾝ)ﾄｯﾌﾟﾘﾕｰｽ,001021,ｵﾈｽﾄ･ﾜﾝ,1,紙,,000011,オネスト・ワン
2025/01/17(金),2025/01/17(金),2025/01/17(金),004039,(ｵﾈﾜﾝ)ﾄｯﾌﾟﾘﾕｰｽ,1,売上,000001,混合廃棄物A,480,480,03,kg,63,"30,240",37032,000002,B（残置）,001,処分費,07:11,07:18,000000,(ｵﾈﾜﾝ)ﾄｯﾌﾟﾘﾕｰｽ,000001,ｵﾈｽﾄ,000001,新木場ﾘｻｲｸﾙ工場,004039,(ｵﾈﾜﾝ)ﾄｯﾌﾟﾘﾕｰｽ,001021,ｵﾈｽﾄ･ﾜﾝ,1,紙,,000011,オネスト・ワン
2025/01/17(金),2025/01/17(金),2025/01/17(金),004039,(ｵﾈﾜﾝ)ﾄｯﾌﾟﾘﾕｰｽ,1,売上,000004,混合廃棄物(焼却物),200,200,03,kg,68,"13,600",37032,000002,B（残置）,001,処分費,07:11,07:18,000000,(ｵﾈﾜﾝ)ﾄｯﾌﾟﾘﾕｰｽ,000001,ｵﾈｽﾄ,000001,新木場ﾘｻｲｸﾙ工場,004039,(ｵﾈﾜﾝ)ﾄｯﾌﾟﾘﾕｰｽ,001021,ｵﾈｽﾄ･ﾜﾝ,1,紙,,000011,オネスト・ワン
2025/01/17(金),2025/01/17(金),2025/01/17(金),004071,ｴｽﾃｨｰｱｲ,1,売上,000002,混合廃棄物B,330,330,03,kg,70,"23,100",37112,000003,C（解体）,001,処分費,13:02,13:05,000025,東京都杉並区堀之内2-16-22,000001,ｵﾈｽﾄ,000001,新木場ﾘｻｲｸﾙ工場,004071,ｴｽﾃｨｰｱｲ,000185,ｴｽﾃｨｰｱｲ,1,紙,,000006,川部
2025/01/17(金),2025/01/17(金),2025/01/17(金),004071,ｴｽﾃｨｰｱｲ,1,売上,000021,軽量物系B(ｸﾞﾗｽｳｰﾙ),30,30,03,kg,80,"2,400",37112,000003,C（解体）,001,処分費,13:02,13:05,000025,東京都杉並区堀之内2-16-22,000001,ｵﾈｽﾄ,000001,新木場ﾘｻｲｸﾙ工場,004071,ｴｽﾃｨｰｱｲ,000185,ｴｽﾃｨｰｱｲ,1,紙,,000006,川部
2025/01/17(金),2025/01/17(金),2025/01/17(金),004074,東武ﾃﾞﾘﾊﾞﾘｰ,1,売上,000001,混合廃棄物A,900,900,03,kg,60,"54,000",37140,000004,D（建設）,001,処分費,15:07,15:14,000000,東武ﾃﾞﾘﾊﾞﾘｰ,000001,ｵﾈｽﾄ,000001,新木場ﾘｻｲｸﾙ工場,000033,富士商事,000029,富士商事,1,紙,,000004,山本
2025/01/17(金),2025/01/17(金),2025/01/17(金),004074,東武ﾃﾞﾘﾊﾞﾘｰ,1,売上,000001,混合廃棄物A,"1,370","1,370",03,kg,60,"82,200",37072,000004,D（建設）,001,処分費,10:53,10:59,000001,東武ﾃﾞﾘﾊﾞﾘｰ㈱物流ｾﾝﾀｰ,000001,ｵﾈｽﾄ,000001,新木場ﾘｻｲｸﾙ工場,000033,富士商事,000029,富士商事,1,紙,,000004,山本
2025/01/17(金),2025/01/17(金),2025/01/17(金),004074,東武ﾃﾞﾘﾊﾞﾘｰ,2,支払,000069,GD,"1,340","1,340",03,kg,1,"1,340",37090,000004,D（建設）,003,有価物,12:14,12:14,000000,東武ﾃﾞﾘﾊﾞﾘｰ,000001,ｵﾈｽﾄ,000001,新木場ﾘｻｲｸﾙ工場,000033,富士商事,000029,富士商事,1,紙,,000004,山本
2025/01/17(金),2025/01/17(金),2025/01/17(金),004092,ｱﾄﾞﾝｴｽﾃｰﾄ,1,売上,000001,混合廃棄物A,190,190,03,kg,65,"12,350",37132,000001,A（事業）,001,処分費,14:13,14:13,000001,ｱﾄﾞﾝ菊川ﾋﾞﾙ,000001,ｵﾈｽﾄ,000001,新木場ﾘｻｲｸﾙ工場,001546,江栄,000013,江栄,1,紙,,000002,渡辺
2025/01/17(金),2025/01/17(金),2025/01/17(金),004123,ｺﾛﾈｯﾄ,1,売上,000001,混合廃棄物A,500,500,03,kg,65,"32,500",37079,000001,A（事業）,001,処分費,11:19,11:41,000005,東京本社,000001,ｵﾈｽﾄ,000001,新木場ﾘｻｲｸﾙ工場,001454,谷津商会,000247,谷津商会,2,電子,,000002,渡辺
2025/01/17(金),2025/01/17(金),2025/01/17(金),004123,ｺﾛﾈｯﾄ,1,売上,000030,選別,80,80,03,kg,70,"5,600",37079,000001,A（事業）,001,処分費,11:19,11:41,000005,東京本社,000001,ｵﾈｽﾄ,000001,新木場ﾘｻｲｸﾙ工場,001454,谷津商会,000247,谷津商会,2,電子,,000002,渡辺
2025/01/17(金),2025/01/17(金),2025/01/17(金),004364,ｳｲﾝｸﾞ,1,売上,000001,混合廃棄物A,350,350,03,kg,65,"22,750",37175,000002,B（残置）,001,処分費,16:36,16:40,000000,ｳｲﾝｸﾞ,000001,ｵﾈｽﾄ,000001,新木場ﾘｻｲｸﾙ工場,004364,ｳｲﾝｸﾞ,000092,ｳｲﾝｸﾞ,1,紙,,000006,川部
2025/01/17(金),2025/01/17(金),2025/01/17(金),004364,ｳｲﾝｸﾞ,1,売上,000004,混合廃棄物(焼却物),40,40,03,kg,75,"3,000",37175,000002,B（残置）,001,処分費,16:36,16:40,000000,ｳｲﾝｸﾞ,000001,ｵﾈｽﾄ,000001,新木場ﾘｻｲｸﾙ工場,004364,ｳｲﾝｸﾞ,000092,ｳｲﾝｸﾞ,1,紙,,000006,川部
2025/01/17(金),2025/01/17(金),2025/01/17(金),004595,ﾘｻｲｸﾙﾚｽｷｭｰ,1,売上,000001,混合廃棄物A,90,90,03,kg,70,"6,300",37182,000002,B（残置）,001,処分費,17:20,17:21,000000,ﾘｻｲｸﾙﾚｽｷｭｰ,000001,ｵﾈｽﾄ,000001,新木場ﾘｻｲｸﾙ工場,004595,ﾘｻｲｸﾙﾚｽｷｭｰ,001040,ﾘｻｲｸﾙﾚｽｷｭｰ,1,紙,,000012,サン・テクノ
2025/01/17(金),2025/01/17(金),2025/01/17(金),004595,ﾘｻｲｸﾙﾚｽｷｭｰ,1,売上,000001,混合廃棄物A,150,150,03,kg,58,"8,700",37025,000006,F（他）,001,処分費,06:22,06:22,000000,ﾘｻｲｸﾙﾚｽｷｭｰ,000001,ｵﾈｽﾄ,000001,新木場ﾘｻｲｸﾙ工場,004595,ﾘｻｲｸﾙﾚｽｷｭｰ,001022,ｻﾝ･ﾃｸﾉ,1,紙,,000012,サン・テクノ
2025/01/17(金),2025/01/17(金),2025/01/17(金),004596,ﾀﾏｶﾞﾜ,1,売上,000001,混合廃棄物A,80,80,03,kg,65,"5,200",37118,000004,D（建設）,001,処分費,13:46,13:58,000035,ﾀﾞｲｱﾊﾟﾚｽ高尾,000001,ｵﾈｽﾄ,,,000351,那須野興業,000280,那須野興業,1,紙,,000004,山本
2025/01/17(金),2025/01/17(金),2025/01/17(金),004596,ﾀﾏｶﾞﾜ,2,支払,000068,GC 軽鉄･ｽﾁｰﾙ類,190,190,03,kg,26.5,"5,035",37118,000004,D（建設）,003,有価物,13:46,13:58,000035,ﾀﾞｲｱﾊﾟﾚｽ高尾,000001,ｵﾈｽﾄ,,,000351,那須野興業,000280,那須野興業,1,紙,,000004,山本
2025/01/17(金),2025/01/17(金),2025/01/17(金),004766,JR東日本環境ｱｸｾｽ,1,売上,000001,混合廃棄物A,"1,300","1,300",03,kg,55,"71,500",37039,000001,A（事業）,001,処分費,08:16,08:16,000001,東京資源循環ｾﾝﾀｰ,000001,ｵﾈｽﾄ,000001,新木場ﾘｻｲｸﾙ工場,004766,JR東日本環境ｱｸｾｽ,000426,JR東日本環境ｱｸｾｽ,2,電子,,000002,渡辺
2025/01/17(金),2025/01/17(金),2025/01/17(金),004766,JR東日本環境ｱｸｾｽ,1,売上,000001,混合廃棄物A,"1,360","1,360",03,kg,55,"74,800",37031,000001,A（事業）,001,処分費,07:04,07:04,000001,東京資源循環ｾﾝﾀｰ,000001,ｵﾈｽﾄ,000001,新木場ﾘｻｲｸﾙ工場,004766,JR東日本環境ｱｸｾｽ,000426,JR東日本環境ｱｸｾｽ,2,電子,,000002,渡辺
2025/01/17(金),2025/01/17(金),2025/01/17(金),004833,ﾘｰﾄﾞ,1,売上,000001,混合廃棄物A,80,80,03,kg,70,"5,600",37165,000004,D,001,処分費,16:10,16:19,000000,ﾘｰﾄﾞ,000001,ｵﾈｽﾄ,000001,新木場ﾘｻｲｸﾙ工場,004833,ﾘｰﾄﾞ,001043,ﾘｰﾄﾞ,1,紙,,000012,サン・テクノ
2025/01/17(金),2025/01/17(金),2025/01/17(金),004833,ﾘｰﾄﾞ,1,売上,000004,混合廃棄物(焼却物),180,180,03,kg,80,"14,400",37165,000004,D,001,処分費,16:10,16:19,000000,ﾘｰﾄﾞ,000001,ｵﾈｽﾄ,000001,新木場ﾘｻｲｸﾙ工場,004833,ﾘｰﾄﾞ,001043,ﾘｰﾄﾞ,1,紙,,000012,サン・テクノ
2025/01/17(金),2025/01/17(金),2025/01/17(金),004857,ﾀﾐﾔﾎｰﾑ,1,売上,000002,混合廃棄物B,650,650,03,kg,70,"45,500",37081,000003,C（解体）,001,処分費,11:19,11:23,000041,和光市中央解体工事,000001,ｵﾈｽﾄ,000001,新木場ﾘｻｲｸﾙ工場,007123,ﾓﾝﾎﾞﾙﾄﾞ,000462,ﾓﾝﾎﾞﾙﾄﾞ,1,紙,,000007,小林
2025/01/17(金),2025/01/17(金),2025/01/17(金),004926,NIPPO東京統括事業所,1,売上,000001,混合廃棄物A,"1,170",8,02,m3,0,0,37134,000004,D（建設）,001,処分費,14:35,14:38,000001,首都高出張所,000001,ｵﾈｽﾄ,000001,新木場ﾘｻｲｸﾙ工場,000001,ｵﾈｽﾄ,000435,NIPPO 東京統括事業所,1,紙,,000002,渡辺
2025/01/17(金),2025/01/17(金),2025/01/17(金),005011,ﾊﾙﾊﾟｴﾔ,1,売上,000001,混合廃棄物A,360,360,03,kg,65,"23,400",37149,000002,B（残置）,001,処分費,15:57,15:57,000000,ﾊﾙﾊﾟｴﾔ,000001,ｵﾈｽﾄ,000001,新木場ﾘｻｲｸﾙ工場,005011,ﾊﾙﾊﾟｴﾔ,000718,ﾊﾙﾊﾟｴﾔ,1,紙,,000005,今村（紀）
2025/01/17(金),2025/01/17(金),2025/01/17(金),005011,ﾊﾙﾊﾟｴﾔ,1,売上,000029,木くず,90,90,03,kg,35,"3,150",37149,000002,B（残置）,001,処分費,15:57,15:57,000000,ﾊﾙﾊﾟｴﾔ,000001,ｵﾈｽﾄ,000001,新木場ﾘｻｲｸﾙ工場,005011,ﾊﾙﾊﾟｴﾔ,000718,ﾊﾙﾊﾟｴﾔ,1,紙,,000005,今村（紀）
2025/01/17(金),2025/01/17(金),2025/01/17(金),005432,JBMｼﾞｰｻﾞｽﾋﾞﾙﾒﾝﾃﾅﾝｽ,1,売上,000001,混合廃棄物A,910,910,03,kg,65,"59,150",37113,000001,A（事業）,001,処分費,12:52,12:55,000001,新宿6丁目ﾋﾞﾙ,000001,ｵﾈｽﾄ,000001,新木場ﾘｻｲｸﾙ工場,001454,谷津商会,000247,谷津商会,1,紙,,000002,渡辺
2025/01/17(金),2025/01/17(金),2025/01/17(金),005856,olk,1,売上,000001,混合廃棄物A,"1,280","1,280",03,kg,60,"76,800",37153,000004,D（建設）,001,処分費,15:55,16:00,000002,翼工芸社　第3倉庫,000001,ｵﾈｽﾄ,000001,新木場ﾘｻｲｸﾙ工場,000001,ｵﾈｽﾄ,000471,"olk ",1,紙,,000002,渡辺
2025/01/17(金),2025/01/17(金),2025/01/17(金),005856,olk,1,売上,000109,運搬費(4t),,1,07,台,"20,000","20,000",37153,000004,D（建設）,002,運搬費,15:55,16:00,000002,翼工芸社　第3倉庫,000001,ｵﾈｽﾄ,000001,新木場ﾘｻｲｸﾙ工場,000001,ｵﾈｽﾄ,000471,"olk ",1,紙,,000002,渡辺
2025/01/17(金),2025/01/17(金),2025/01/17(金),006107,大京穴吹不動産,1,売上,000001,混合廃棄物A,160,160,03,kg,55,"8,800",37170,000002,B（残置）,001,処分費,16:24,16:24,000092,レクセルはるひ野フォレスタ(311),000001,ｵﾈｽﾄ,000001,新木場ﾘｻｲｸﾙ工場,004463,あるくる,000823,あるくる,1,紙,,000001,矢作
2025/01/17(金),2025/01/17(金),2025/01/17(金),006107,大京穴吹不動産,1,売上,000029,木くず,40,40,03,kg,42,"1,680",37170,000002,B（残置）,001,処分費,16:24,16:24,000092,レクセルはるひ野フォレスタ(311),000001,ｵﾈｽﾄ,000001,新木場ﾘｻｲｸﾙ工場,004463,あるくる,000823,あるくる,1,紙,,000001,矢作
2025/01/17(金),2025/01/17(金),2025/01/17(金),006176,ﾌｨｰﾙｹﾞｰﾄ,1,売上,000001,混合廃棄物A,80,80,03,kg,70,"5,600",37174,000004,D（建設）,001,処分費,16:26,16:31,000000,ﾌｨｰﾙｹﾞｰﾄ,000001,ｵﾈｽﾄ,000001,新木場ﾘｻｲｸﾙ工場,006176,ﾌｨｰﾙｹﾞｰﾄ,001056,ﾌｨｰﾙｹﾞｰﾄ,1,紙,,000012,サン・テクノ
2025/01/17(金),2025/01/17(金),2025/01/17(金),006345,ｸﾛｽｶﾝﾊﾟﾆｰ,1,売上,000001,混合廃棄物A,230,230,03,kg,65,"14,950",37038,000002,B（残置）,001,処分費,08:09,08:12,000000,ｸﾛｽｶﾝﾊﾟﾆｰ,000001,ｵﾈｽﾄ,000001,新木場ﾘｻｲｸﾙ工場,006171,Pasito,000485,Pasito,1,紙,,000007,小林
2025/01/17(金),2025/01/17(金),2025/01/17(金),006345,ｸﾛｽｶﾝﾊﾟﾆｰ,1,売上,000036,ﾏｯﾄﾚｽ(ｼﾝｸﾞﾙ),10,1,11,枚,"6,000","6,000",37038,000002,B（残置）,001,処分費,08:09,08:12,000000,ｸﾛｽｶﾝﾊﾟﾆｰ,000001,ｵﾈｽﾄ,000001,新木場ﾘｻｲｸﾙ工場,006171,Pasito,000485,Pasito,1,紙,,000007,小林
2025/01/17(金),2025/01/17(金),2025/01/17(金),006345,ｸﾛｽｶﾝﾊﾟﾆｰ,1,売上,000102,ﾏﾆﾌｪｽﾄ,,1,11,枚,50,50,37038,000002,B（残置）,001,処分費,08:09,08:12,000000,ｸﾛｽｶﾝﾊﾟﾆｰ,000001,ｵﾈｽﾄ,000001,新木場ﾘｻｲｸﾙ工場,006171,Pasito,000485,Pasito,1,紙,,000007,小林
2025/01/17(金),2025/01/17(金),2025/01/17(金),006381,日本ｴｺﾛｼﾞｰ,1,売上,000001,混合廃棄物A,980,980,03,kg,60,"58,800",37034,000002,B（残置）,001,処分費,07:26,07:29,000001,ﾌｧﾐﾘﾏｰﾄ文京湯島春日通り店,000001,ｵﾈｽﾄ,000001,新木場ﾘｻｲｸﾙ工場,000325,ﾀﾞｽﾄ商会,000262,ﾀﾞｽﾄ商会,1,紙,,000002,渡辺
2025/01/17(金),2025/01/17(金),2025/01/17(金),006509,ﾅｲﾃｯｸｽ,1,売上,000001,混合廃棄物A,270,270,03,kg,65,"17,550",37048,000001,A（事業）,001,処分費,09:12,09:17,000000,ﾅｲﾃｯｸｽ,000001,ｵﾈｽﾄ,000001,新木場ﾘｻｲｸﾙ工場,006509,ﾅｲﾃｯｸｽ,000182,ﾅｲﾃｯｸｽ,1,紙,,000004,山本
2025/01/17(金),2025/01/17(金),2025/01/17(金),006569,お世話や,1,売上,000001,混合廃棄物A,210,210,03,kg,60,"12,600",37083,000002,B（残置）,001,処分費,11:25,11:25,000001,お世話や　初台事務所,000001,ｵﾈｽﾄ,000001,新木場ﾘｻｲｸﾙ工場,001656,真和商事,000055,真和商事,1,紙,,000002,渡辺
2025/01/17(金),2025/01/17(金),2025/01/17(金),006569,お世話や,1,売上,000001,混合廃棄物A,"1,000","1,000",03,kg,60,"60,000",37166,000002,B（残置）,001,処分費,16:15,16:18,000000,お世話や,000001,ｵﾈｽﾄ,000001,新木場ﾘｻｲｸﾙ工場,001656,真和商事,000055,真和商事,1,紙,,000002,渡辺
2025/01/17(金),2025/01/17(金),2025/01/17(金),006635,ｼﾝｺﾈｸﾄ,1,売上,000001,混合廃棄物A,250,250,03,kg,65,"16,250",37184,000004,D（建設）,001,処分費,17:32,17:38,000000,ｼﾝｺﾈｸﾄ,000001,ｵﾈｽﾄ,000001,新木場ﾘｻｲｸﾙ工場,000757,宗徳環境,000586,宗徳環境,1,紙,,000004,山本
2025/01/17(金),2025/01/17(金),2025/01/17(金),006635,ｼﾝｺﾈｸﾄ,1,売上,000029,木くず,90,90,03,kg,35,"3,150",37184,000004,D（建設）,001,処分費,17:32,17:38,000000,ｼﾝｺﾈｸﾄ,000001,ｵﾈｽﾄ,000001,新木場ﾘｻｲｸﾙ工場,000757,宗徳環境,000586,宗徳環境,1,紙,,000004,山本
2025/01/17(金),2025/01/17(金),2025/01/17(金),006957,LIXILﾄｰﾀﾙｻｰﾋﾞｽ,1,売上,000001,混合廃棄物A,530,530,03,kg,58,"30,740",37068,000004,D（建設）,001,処分費,10:32,10:34,000000,LIXILﾄｰﾀﾙｻｰﾋﾞｽ,000001,ｵﾈｽﾄ,000001,新木場ﾘｻｲｸﾙ工場,000016,泉土木,000014,泉土木,1,紙,,000001,矢作
2025/01/17(金),2025/01/17(金),2025/01/17(金),007162,ｸﾚｽﾄ城南,1,売上,000002,混合廃棄物B,250,250,03,kg,70,"17,500",37139,000004,D（建設）,001,処分費,14:57,15:00,000019,千葉県市川市新浜1-21-16,000001,ｵﾈｽﾄ,000001,新木場ﾘｻｲｸﾙ工場,007162,ｸﾚｽﾄ城南,001073,ｸﾚｽﾄ城南,1,紙,,000012,サン・テクノ
2025/01/17(金),2025/01/17(金),2025/01/17(金),007334,ｲｹｱ･ｼﾞｬﾊﾟﾝ,1,売上,000001,混合廃棄物A,350,350,03,kg,54,"18,900",37071,000001,A（事業）,001,処分費,10:45,10:48,000001,IKEA原宿,000001,ｵﾈｽﾄ,000001,新木場ﾘｻｲｸﾙ工場,000028,五十嵐商会,000025,五十嵐商会,2,電子,,000002,渡辺
2025/01/17(金),2025/01/17(金),2025/01/17(金),007441,高松建設東京本店,1,売上,000002,混合廃棄物B,270,270,03,kg,70,"18,900",37051,000004,D（建設）,001,処分費,09:29,09:32,000004,代々木公園・ｴﾌ･ｱｲ興産ﾏﾝｼｮﾝ新築工,000001,ｵﾈｽﾄ,000001,新木場ﾘｻｲｸﾙ工場,000474,ｱｸﾛﾊﾞｯﾄｱｰﾑｽﾞ,000360,ｱｸﾛﾊﾞｯﾄｱｰﾑｽﾞ,2,電子,,000002,渡辺
2025/01/17(金),2025/01/17(金),2025/01/17(金),007447,日本ｴﾚﾍﾞｰﾀｰ製造,2,支払,000068,GC 軽鉄･ｽﾁｰﾙ類,"1,400","1,400",03,kg,24.5,"34,300",37088,000004,D（建設）,003,有価物,11:58,11:59,000000,日本ｴﾚﾍﾞｰﾀｰ製造,000001,ｵﾈｽﾄ,000001,新木場ﾘｻｲｸﾙ工場,000016,泉土木,000014,泉土木,1,紙,,000001,矢作
2025/01/17(金),2025/01/17(金),2025/01/17(金),007640,東京都住宅供給公社,1,売上,000001,混合廃棄物A,510,510,03,kg,65,"33,150",37121,000002,B（残置）,001,処分費,13:23,13:28,000060,西亀有1丁目ｱﾊﾟｰﾄ,000001,ｵﾈｽﾄ,000001,新木場ﾘｻｲｸﾙ工場,000988,さくら装建,000766,さくら装建,2,電子,,000002,渡辺
2025/01/17(金),2025/01/17(金),2025/01/17(金),007640,東京都住宅供給公社,1,売上,000001,混合廃棄物A,590,590,03,kg,65,"38,350",37116,000002,B（残置）,001,処分費,13:14,13:16,000180,南千住8丁目ｱﾊﾟｰﾄ,000001,ｵﾈｽﾄ,000001,新木場ﾘｻｲｸﾙ工場,000988,さくら装建,000766,さくら装建,2,電子,,000002,渡辺
2025/01/17(金),2025/01/17(金),2025/01/17(金),007764,ﾊﾟﾅｿﾆｯｸﾎｰﾑｽﾞ不動産,1,売上,000001,混合廃棄物A,370,3,02,m3,"12,000","36,000",37100,000002,B（残置）,001,処分費,12:03,12:05,000001,【東京】世田谷区　鎌田集積場,000001,ｵﾈｽﾄ,000001,新木場ﾘｻｲｸﾙ工場,000001,ｵﾈｽﾄ,000227,ﾊﾟﾅｿﾆｯｸﾎｰﾑｽﾞ不動産,2,電子,,000004,山本
2025/01/17(金),2025/01/17(金),2025/01/17(金),007764,ﾊﾟﾅｿﾆｯｸﾎｰﾑｽﾞ不動産,1,売上,000109,運搬費,,1,07,台,"24,000","24,000",37100,000002,B（残置）,002,運搬費,12:03,12:05,000001,【東京】世田谷区　鎌田集積場,000001,ｵﾈｽﾄ,000001,新木場ﾘｻｲｸﾙ工場,000001,ｵﾈｽﾄ,000227,ﾊﾟﾅｿﾆｯｸﾎｰﾑｽﾞ不動産,2,電子,,000004,山本
2025/01/17(金),2025/01/17(金),2025/01/17(金),007903,BANDAISPIRITS,1,売上,000004,混合廃棄物(焼却物),610,610,03,kg,58,"35,380",37135,000001,A（事業）,001,処分費,14:39,14:39,000000,BANDAISPIRITS,000001,ｵﾈｽﾄ,000001,新木場ﾘｻｲｸﾙ工場,000302,ﾖｼﾓﾘ,000244,ﾖｼﾓﾘ,1,紙,,000002,渡辺
2025/01/17(金),2025/01/17(金),2025/01/17(金),007917,ﾜｰｸﾏﾝ,1,売上,000001,混合廃棄物A,80,80,03,kg,65,"5,200",37154,000004,D（建設）,001,処分費,15:56,16:04,000000,ﾜｰｸﾏﾝ,000001,ｵﾈｽﾄ,000001,新木場ﾘｻｲｸﾙ工場,001051,Y-maxx,000808,Y-maxx,1,紙,,000004,山本
2025/01/17(金),2025/01/17(金),2025/01/17(金),007917,ﾜｰｸﾏﾝ,1,売上,000001,混合廃棄物A,280,280,03,kg,65,"18,200",37084,000004,D（建設）,001,処分費,11:52,11:52,000000,ﾜｰｸﾏﾝ,000001,ｵﾈｽﾄ,000001,新木場ﾘｻｲｸﾙ工場,001051,Y-maxx,000808,Y-maxx,1,紙,,000004,山本
2025/01/17(金),2025/01/17(金),2025/01/17(金),008011,首都高ﾒﾝﾃﾅﾝｽ西東京,1,売上,000001,混合廃棄物A,"1,570","1,570",03,kg,65,"102,050",37047,000004,D（建設）,001,処分費,09:00,09:03,000003,【浦和南基地】混廃・ガラ・木くず等（事務,000001,ｵﾈｽﾄ,000001,新木場ﾘｻｲｸﾙ工場,000001,ｵﾈｽﾄ,000213,首都高ﾒﾝﾃﾅﾝｽ西東京,1,紙,,000005,今村（紀）
2025/01/17(金),2025/01/17(金),2025/01/17(金),008011,首都高ﾒﾝﾃﾅﾝｽ西東京,1,売上,000109,運搬費,,1,07,台,"23,000","23,000",37047,000004,D（建設）,002,運搬費,09:00,09:03,000003,【浦和南基地】混廃・ガラ・木くず等（事務,000001,ｵﾈｽﾄ,000001,新木場ﾘｻｲｸﾙ工場,000001,ｵﾈｽﾄ,000213,首都高ﾒﾝﾃﾅﾝｽ西東京,1,紙,,000005,今村（紀）
2025/01/17(金),2025/01/17(金),2025/01/17(金),008122,日栄興業,1,売上,000001,混合廃棄物A,370,370,03,kg,60,"22,200",37052,000002,B（残置）,001,処分費,09:43,09:45,000001,標識補修2024-2,000001,ｵﾈｽﾄ,000001,新木場ﾘｻｲｸﾙ工場,001772,三洋ｴｸｽﾌﾟﾚｽ,000228,三洋ｴｸｽﾌﾟﾚｽ,1,紙,,000002,渡辺
2025/01/17(金),2025/01/17(金),2025/01/17(金),008214,藤木工務店東京支店,1,売上,000002,混合廃棄物B,100,100,03,kg,70,"7,000",37058,000004,D（建設）,001,処分費,10:17,10:17,000002,市ヶ谷寮解体工事,000001,ｵﾈｽﾄ,000001,新木場ﾘｻｲｸﾙ工場,000474,ｱｸﾛﾊﾞｯﾄｱｰﾑｽﾞ,000360,ｱｸﾛﾊﾞｯﾄｱｰﾑｽﾞ,2,電子,,000002,渡辺
2025/01/17(金),2025/01/17(金),2025/01/17(金),008214,藤木工務店東京支店,1,売上,000016,軽量物系A(発泡ｽﾁﾛｰﾙ),20,20,03,kg,200,"4,000",37058,000004,D（建設）,001,処分費,10:17,10:17,000002,市ヶ谷寮解体工事,000001,ｵﾈｽﾄ,000001,新木場ﾘｻｲｸﾙ工場,000474,ｱｸﾛﾊﾞｯﾄｱｰﾑｽﾞ,000360,ｱｸﾛﾊﾞｯﾄｱｰﾑｽﾞ,2,電子,,000002,渡辺
2025/01/17(金),2025/01/17(金),2025/01/17(金),008214,藤木工務店東京支店,1,売上,000016,軽量物系A(発泡ｽﾁﾛｰﾙ),80,80,03,kg,200,"16,000",37104,000004,D（建設）,001,処分費,12:21,12:21,000002,市ヶ谷寮解体工事,000001,ｵﾈｽﾄ,000001,新木場ﾘｻｲｸﾙ工場,000474,ｱｸﾛﾊﾞｯﾄｱｰﾑｽﾞ,000360,ｱｸﾛﾊﾞｯﾄｱｰﾑｽﾞ,2,電子,,000002,渡辺
2025/01/17(金),2025/01/17(金),2025/01/17(金),008290,日本通運㈱,1,売上,000029,木くず,620,620,03,kg,35,"21,700",37130,000001,A（事業）,001,処分費,14:05,14:07,000001,江東辰巳航空貨物ｾﾝﾀｰ,000001,ｵﾈｽﾄ,000001,新木場ﾘｻｲｸﾙ工場,000001,ｵﾈｽﾄ,000095,日本通運,2,電子,,000007,小林
2025/01/17(金),2025/01/17(金),2025/01/17(金),008290,日本通運㈱,1,売上,000038,廃ﾌﾟﾗｽﾁｯｸ類,50,50,03,kg,60,"3,000",37130,000001,A（事業）,001,処分費,14:05,14:07,000001,江東辰巳航空貨物ｾﾝﾀｰ,000001,ｵﾈｽﾄ,000001,新木場ﾘｻｲｸﾙ工場,000001,ｵﾈｽﾄ,000095,日本通運,2,電子,,000007,小林
2025/01/17(金),2025/01/17(金),2025/01/17(金),008290,日本通運㈱,1,売上,000109,運搬費,,1,07,台,"16,000","16,000",37130,000001,A（事業）,002,運搬費,14:05,14:07,000001,江東辰巳航空貨物ｾﾝﾀｰ,000001,ｵﾈｽﾄ,000001,新木場ﾘｻｲｸﾙ工場,000001,ｵﾈｽﾄ,000095,日本通運,2,電子,,000007,小林
2025/01/17(金),2025/01/17(金),2025/01/17(金),008342,ﾘｷｹﾝ,1,売上,000002,混合廃棄物B,"1,620","1,620",03,kg,70,"113,400",37124,000003,C（解体）,001,処分費,13:42,13:45,000002,(仮称)東品川4解体工事,000001,ｵﾈｽﾄ,000001,新木場ﾘｻｲｸﾙ工場,008343,JANSTAR,000627,JANSTAR,2,電子,,000006,川部
2025/01/17(金),2025/01/17(金),2025/01/17(金),008449,ﾌﾟﾚｲﾜﾝ,1,売上,000021,軽量物系B(ｸﾞﾗｽｳｰﾙ),240,240,03,kg,80,"19,200",37164,000003,C（解体）,001,処分費,16:10,16:14,000024,神奈川県横浜市瀬谷区三ツ境115-17,000001,ｵﾈｽﾄ,000001,新木場ﾘｻｲｸﾙ工場,008343,JANSTAR,000627,JANSTAR,1,紙,,000006,川部
2025/01/17(金),2025/01/17(金),2025/01/17(金),008529,ｳｨﾝ・ｳｨﾝ,1,売上,000001,混合廃棄物A,250,250,03,kg,65,"16,250",37173,000003,C（解体）,001,処分費,16:25,16:32,000000,ｳｨﾝ・ｳｨﾝ,000001,ｵﾈｽﾄ,000001,新木場ﾘｻｲｸﾙ工場,008529,ｳｨﾝ・ｳｨﾝ,001374,ｳｨﾝ･ｳｨﾝ,1,紙,,000007,小林
2025/01/17(金),2025/01/17(金),2025/01/17(金),008529,ｳｨﾝ・ｳｨﾝ,1,売上,000004,混合廃棄物(焼却物),60,60,03,kg,75,"4,500",37173,000003,C（解体）,001,処分費,16:25,16:32,000000,ｳｨﾝ・ｳｨﾝ,000001,ｵﾈｽﾄ,000001,新木場ﾘｻｲｸﾙ工場,008529,ｳｨﾝ・ｳｨﾝ,001374,ｳｨﾝ･ｳｨﾝ,1,紙,,000007,小林
2025/01/17(金),2025/01/17(金),2025/01/17(金),008775,KC工業,1,売上,000002,混合廃棄物B,580,580,03,kg,70,"40,600",37123,000004,D（建設）,001,処分費,13:35,13:40,000002,ｷｸﾔ商会,000001,ｵﾈｽﾄ,000001,新木場ﾘｻｲｸﾙ工場,001250,ｱﾝﾃﾞｽ,000971,ｱﾝﾃﾞｽ,1,紙,,000002,渡辺
2025/01/17(金),2025/01/17(金),2025/01/17(金),008793,PMG JAPAN,1,売上,000001,混合廃棄物A,20,20,03,kg,65,"1,300",37125,000002,B（残置）,001,処分費,14:06,14:19,000000,PMG JAPAN,000001,ｵﾈｽﾄ,000001,新木場ﾘｻｲｸﾙ工場,000291,ｵﾌｨｽﾋﾞﾙﾄﾞ,000234,ｵﾌｨｽﾋﾞﾙﾄﾞ,1,紙,,000002,渡辺
2025/01/17(金),2025/01/17(金),2025/01/17(金),008793,PMG JAPAN,1,売上,000029,木くず,160,160,03,kg,35,"5,600",37125,000002,B（残置）,001,処分費,14:06,14:19,000000,PMG JAPAN,000001,ｵﾈｽﾄ,000001,新木場ﾘｻｲｸﾙ工場,000291,ｵﾌｨｽﾋﾞﾙﾄﾞ,000234,ｵﾌｨｽﾋﾞﾙﾄﾞ,1,紙,,000002,渡辺
2025/01/17(金),2025/01/17(金),2025/01/17(金),008793,PMG JAPAN,1,売上,000030,選別,190,190,03,kg,70,"13,300",37125,000002,B（残置）,001,処分費,14:06,14:19,000000,PMG JAPAN,000001,ｵﾈｽﾄ,000001,新木場ﾘｻｲｸﾙ工場,000291,ｵﾌｨｽﾋﾞﾙﾄﾞ,000234,ｵﾌｨｽﾋﾞﾙﾄﾞ,1,紙,,000002,渡辺
2025/01/17(金),2025/01/17(金),2025/01/17(金),008793,PMG JAPAN,2,支払,000068,GC 軽鉄･ｽﾁｰﾙ類,20,20,03,kg,15.5,310,37125,000002,B（残置）,003,有価物,14:06,14:19,000000,PMG JAPAN,000001,ｵﾈｽﾄ,000001,新木場ﾘｻｲｸﾙ工場,000291,ｵﾌｨｽﾋﾞﾙﾄﾞ,000234,ｵﾌｨｽﾋﾞﾙﾄﾞ,1,紙,,000002,渡辺
2025/01/17(金),2025/01/17(金),2025/01/17(金),008794,あずさ第一高校 渋谷ｷｬﾝﾊﾟｽ,1,売上,000030,選別,40,40,03,kg,60,"2,400",37067,000002,B（残置）,001,処分費,10:39,10:46,000000,あずさ第一高校 渋谷ｷｬﾝﾊﾟｽ,000001,ｵﾈｽﾄ,000001,新木場ﾘｻｲｸﾙ工場,001308,ｵﾈｽﾄ･ﾜﾝ,001021,ｵﾈｽﾄ･ﾜﾝ,1,紙,,000011,オネスト・ワン
2025/01/17(金),2025/01/17(金),2025/01/17(金),008794,あずさ第一高校 渋谷ｷｬﾝﾊﾟｽ,1,売上,000030,選別,"1,370","1,370",03,kg,60,"82,200",37065,000002,B（残置）,001,処分費,10:38,10:38,000000,あずさ第一高校 渋谷ｷｬﾝﾊﾟｽ,000001,ｵﾈｽﾄ,000001,新木場ﾘｻｲｸﾙ工場,001308,ｵﾈｽﾄ･ﾜﾝ,001021,ｵﾈｽﾄ･ﾜﾝ,1,紙,,000011,オネスト・ワン
2025/01/17(金),2025/01/17(金),2025/01/17(金),008794,あずさ第一高校 渋谷ｷｬﾝﾊﾟｽ,2,支払,000064,ｱﾙﾐ類,280,280,03,kg,150,"42,000",37067,000002,B（残置）,003,有価物,10:39,10:46,000000,あずさ第一高校 渋谷ｷｬﾝﾊﾟｽ,000001,ｵﾈｽﾄ,000001,新木場ﾘｻｲｸﾙ工場,001308,ｵﾈｽﾄ･ﾜﾝ,001021,ｵﾈｽﾄ･ﾜﾝ,1,紙,,000011,オネスト・ワン
2025/01/17(金),2025/01/17(金),2025/01/17(金),008794,あずさ第一高校 渋谷ｷｬﾝﾊﾟｽ,2,支払,000068,GC 軽鉄･ｽﾁｰﾙ類,20,20,03,kg,28,560,37067,000002,B（残置）,003,有価物,10:39,10:46,000000,あずさ第一高校 渋谷ｷｬﾝﾊﾟｽ,000001,ｵﾈｽﾄ,000001,新木場ﾘｻｲｸﾙ工場,001308,ｵﾈｽﾄ･ﾜﾝ,001021,ｵﾈｽﾄ･ﾜﾝ,1,紙,,000011,オネスト・ワン
2025/01/18(土),2025/01/18(土),2025/01/18(土),000010,ｸﾛｻﾜ工業,1,売上,000002,混合廃棄物B,280,280,03,kg,70,"19,600",37213,000003,C（解体）,001,処分費,08:48,08:49,000013,葛飾区立石7-23-14,000001,ｵﾈｽﾄ,000001,新木場ﾘｻｲｸﾙ工場,000010,ｸﾛｻﾜ工業,000009,ｸﾛｻﾜ工業,1,紙,,000004,山本
2025/01/18(土),2025/01/18(土),2025/01/18(土),000063,鈴亀,1,売上,000002,混合廃棄物B,"1,390","1,390",03,kg,70,"97,300",37217,000005,E（中・積),001,処分費,09:08,09:11,000000,鈴亀,000001,ｵﾈｽﾄ,000001,新木場ﾘｻｲｸﾙ工場,000063,鈴亀,000052,鈴亀,1,紙,,000002,渡辺
2025/01/18(土),2025/01/18(土),2025/01/18(土),000068,"日本ｻﾆﾊﾟｯｸ ",1,売上,000001,混合廃棄物A,580,580,03,kg,60,"34,800",37202,000002,B（残置）,001,処分費,07:49,07:52,000000,"日本ｻﾆﾊﾟｯｸ ",000001,ｵﾈｽﾄ,000001,新木場ﾘｻｲｸﾙ工場,001656,真和商事,000055,真和商事,1,紙,,000002,渡辺
2025/01/18(土),2025/01/18(土),2025/01/18(土),000068,"日本ｻﾆﾊﾟｯｸ ",1,売上,000093,混合廃棄物(ﾋﾞﾝ･缶･ﾍﾟｯﾄﾎﾞﾄﾙ),140,140,03,kg,45,"6,300",37202,000002,B（残置）,001,処分費,07:49,07:52,000000,"日本ｻﾆﾊﾟｯｸ ",000001,ｵﾈｽﾄ,000001,新木場ﾘｻｲｸﾙ工場,001656,真和商事,000055,真和商事,1,紙,,000002,渡辺
2025/01/18(土),2025/01/18(土),2025/01/18(土),000286,ｷﾀｻﾞﾜ引越ｾﾝﾀｰ,1,売上,000001,混合廃棄物A,670,670,03,kg,65,"43,550",37210,000002,B（残置）,001,処分費,08:35,08:42,000000,ｷﾀｻﾞﾜ引越ｾﾝﾀｰ,000001,ｵﾈｽﾄ,000001,新木場ﾘｻｲｸﾙ工場,000286,ｷﾀｻﾞﾜ引越ｾﾝﾀｰ,000230,ｷﾀｻﾞﾜ引越ｾﾝﾀｰ,1,紙,,000006,川部
2025/01/18(土),2025/01/18(土),2025/01/18(土),000286,ｷﾀｻﾞﾜ引越ｾﾝﾀｰ,1,売上,000001,混合廃棄物A,"1,020","1,020",03,kg,65,"66,300",37280,000002,B（残置）,001,処分費,14:00,14:12,000000,ｷﾀｻﾞﾜ引越ｾﾝﾀｰ,000001,ｵﾈｽﾄ,000001,新木場ﾘｻｲｸﾙ工場,000286,ｷﾀｻﾞﾜ引越ｾﾝﾀｰ,000230,ｷﾀｻﾞﾜ引越ｾﾝﾀｰ,1,紙,,000006,川部
2025/01/18(土),2025/01/18(土),2025/01/18(土),000286,ｷﾀｻﾞﾜ引越ｾﾝﾀｰ,1,売上,000034,本畳,60,3,11,枚,"2,500","7,500",37280,000002,B（残置）,001,処分費,14:00,14:12,000000,ｷﾀｻﾞﾜ引越ｾﾝﾀｰ,000001,ｵﾈｽﾄ,000001,新木場ﾘｻｲｸﾙ工場,000286,ｷﾀｻﾞﾜ引越ｾﾝﾀｰ,000230,ｷﾀｻﾞﾜ引越ｾﾝﾀｰ,1,紙,,000006,川部
2025/01/18(土),2025/01/18(土),2025/01/18(土),000286,ｷﾀｻﾞﾜ引越ｾﾝﾀｰ,1,売上,000101,ﾏｯﾄﾚｽ,130,130,03,kg,100,"13,000",37210,000002,B（残置）,001,処分費,08:35,08:42,000000,ｷﾀｻﾞﾜ引越ｾﾝﾀｰ,000001,ｵﾈｽﾄ,000001,新木場ﾘｻｲｸﾙ工場,000286,ｷﾀｻﾞﾜ引越ｾﾝﾀｰ,000230,ｷﾀｻﾞﾜ引越ｾﾝﾀｰ,1,紙,,000006,川部
2025/01/18(土),2025/01/18(土),2025/01/18(土),000312,野口興業,1,売上,000001,混合廃棄物A,620,620,03,kg,45,"27,900",37208,000001,A（事業）,001,処分費,08:27,08:29,000000,野口興業,000001,ｵﾈｽﾄ,000001,新木場ﾘｻｲｸﾙ工場,000312,野口興業,000253,野口興業,1,紙,,000002,渡辺
2025/01/18(土),2025/01/18(土),2025/01/18(土),000462,ｽﾀｰﾂCAM,1,売上,000002,混合廃棄物B,340,340,03,kg,70,"23,800",37203,000004,D（建設）,001,処分費,08:02,08:04,000002,(仮称)神田錦町三丁目設備工事に伴う,000001,ｵﾈｽﾄ,000001,新木場ﾘｻｲｸﾙ工場,000474,ｱｸﾛﾊﾞｯﾄｱｰﾑｽﾞ,000360,ｱｸﾛﾊﾞｯﾄｱｰﾑｽﾞ,2,電子,,000002,渡辺
2025/01/18(土),2025/01/18(土),2025/01/18(土),000751,まごのて,1,売上,000001,混合廃棄物A,370,370,03,kg,65,"24,050",37197,000002,B（残置）,001,処分費,07:21,07:27,000000,まごのて,000001,ｵﾈｽﾄ,000001,新木場ﾘｻｲｸﾙ工場,000751,まごのて,000580,まごのて,2,電子,,000006,川部
2025/01/18(土),2025/01/18(土),2025/01/18(土),000751,まごのて,1,売上,000001,混合廃棄物A,760,760,03,kg,65,"49,400",37309,000002,B（残置）,001,処分費,17:42,17:55,000000,まごのて,000001,ｵﾈｽﾄ,000001,新木場ﾘｻｲｸﾙ工場,000751,まごのて,000580,まごのて,2,電子,,000006,川部
2025/01/18(土),2025/01/18(土),2025/01/18(土),000751,まごのて,1,売上,000001,混合廃棄物A,"1,620","1,620",03,kg,65,"105,300",37308,000002,B（残置）,001,処分費,17:36,17:52,000000,まごのて,000001,ｵﾈｽﾄ,000001,新木場ﾘｻｲｸﾙ工場,000751,まごのて,000580,まごのて,2,電子,,000006,川部
2025/01/18(土),2025/01/18(土),2025/01/18(土),000837,TASUKI,1,売上,000001,混合廃棄物A,80,80,03,kg,65,"5,200",37258,000004,D（建設）,001,処分費,12:11,12:14,000000,TASUKI,000001,ｵﾈｽﾄ,000001,新木場ﾘｻｲｸﾙ工場,000001,ｵﾈｽﾄ,001300,TASUKI,1,紙,,000004,山本
2025/01/18(土),2025/01/18(土),2025/01/18(土),000837,TASUKI,1,売上,000026,石膏ﾎﾞｰﾄﾞC,80,80,03,kg,80,"6,400",37258,000004,D（建設）,001,処分費,12:11,12:14,000000,TASUKI,000001,ｵﾈｽﾄ,000001,新木場ﾘｻｲｸﾙ工場,000001,ｵﾈｽﾄ,001300,TASUKI,1,紙,,000004,山本
2025/01/18(土),2025/01/18(土),2025/01/18(土),000837,TASUKI,1,売上,000352,運搬費(2ｔ車),,1,07,台,"25,000","25,000",37258,000004,D（建設）,002,運搬費,12:11,12:14,000000,TASUKI,000001,ｵﾈｽﾄ,000001,新木場ﾘｻｲｸﾙ工場,000001,ｵﾈｽﾄ,001300,TASUKI,1,紙,,000004,山本
2025/01/18(土),2025/01/18(土),2025/01/18(土),000885,ﾏｲﾝﾄﾞｶﾝﾊﾟﾆｰ合同会社,1,売上,000001,混合廃棄物A,270,270,03,kg,65,"17,550",37261,000002,B（残置）,001,処分費,12:25,12:32,000000,ﾏｲﾝﾄﾞｶﾝﾊﾟﾆｰ合同会社,000001,ｵﾈｽﾄ,000001,新木場ﾘｻｲｸﾙ工場,000885,ﾏｲﾝﾄﾞｶﾝﾊﾟﾆｰ合同会社,000685,ﾏｲﾝﾄﾞｶﾝﾊﾟﾆｰ,1,紙,,000005,今村（紀）
2025/01/18(土),2025/01/18(土),2025/01/18(土),000885,ﾏｲﾝﾄﾞｶﾝﾊﾟﾆｰ合同会社,1,売上,000029,木くず,50,50,03,kg,35,"1,750",37261,000002,B（残置）,001,処分費,12:25,12:32,000000,ﾏｲﾝﾄﾞｶﾝﾊﾟﾆｰ合同会社,000001,ｵﾈｽﾄ,000001,新木場ﾘｻｲｸﾙ工場,000885,ﾏｲﾝﾄﾞｶﾝﾊﾟﾆｰ合同会社,000685,ﾏｲﾝﾄﾞｶﾝﾊﾟﾆｰ,1,紙,,000005,今村（紀）
2025/01/18(土),2025/01/18(土),2025/01/18(土),000885,ﾏｲﾝﾄﾞｶﾝﾊﾟﾆｰ合同会社,1,売上,000492,混合廃棄物（羽毛物）,10,10,03,kg,250,"2,500",37261,000002,B（残置）,001,処分費,12:25,12:32,000000,ﾏｲﾝﾄﾞｶﾝﾊﾟﾆｰ合同会社,000001,ｵﾈｽﾄ,000001,新木場ﾘｻｲｸﾙ工場,000885,ﾏｲﾝﾄﾞｶﾝﾊﾟﾆｰ合同会社,000685,ﾏｲﾝﾄﾞｶﾝﾊﾟﾆｰ,1,紙,,000005,今村（紀）
2025/01/18(土),2025/01/18(土),2025/01/18(土),000926,おかたづけ田中くん,1,売上,000001,混合廃棄物A,260,260,03,kg,65,"16,900",37279,000002,B（残置）,001,処分費,13:52,14:01,000000,おかたづけ田中くん,000001,ｵﾈｽﾄ,000001,新木場ﾘｻｲｸﾙ工場,000926,おかたづけ田中くん,001312,おかたづけ田中くん,1,紙,,000002,渡辺
2025/01/18(土),2025/01/18(土),2025/01/18(土),000926,おかたづけ田中くん,1,売上,000029,木くず,60,60,03,kg,35,"2,100",37279,000002,B（残置）,001,処分費,13:52,14:01,000000,おかたづけ田中くん,000001,ｵﾈｽﾄ,000001,新木場ﾘｻｲｸﾙ工場,000926,おかたづけ田中くん,001312,おかたづけ田中くん,1,紙,,000002,渡辺
2025/01/18(土),2025/01/18(土),2025/01/18(土),001019,大城産業,1,売上,000021,軽量物系B(ｸﾞﾗｽｳｰﾙ),650,650,03,kg,80,"52,000",37283,000003,C（解体）,001,処分費,14:04,14:09,000001,資材置場,000001,ｵﾈｽﾄ,000001,新木場ﾘｻｲｸﾙ工場,001019,大城産業,000782,大城産業,1,紙,,000006,川部
2025/01/18(土),2025/01/18(土),2025/01/18(土),001206,ｶﾜｻｷ,1,売上,000001,混合廃棄物A,200,200,03,kg,65,"13,000",37235,000002,B（残置）,001,処分費,10:27,10:32,000000,ｶﾜｻｷ,000001,ｵﾈｽﾄ,000001,新木場ﾘｻｲｸﾙ工場,001206,ｶﾜｻｷ,000936,ｶﾜｻｷ,1,紙,,000007,小林
2025/01/18(土),2025/01/18(土),2025/01/18(土),001226,ｱｰﾙﾂｰ,1,売上,000029,木くず,80,80,03,kg,35,"2,800",37296,000002,B（残置）,001,処分費,15:11,15:14,000000,ｱｰﾙﾂｰ,000001,ｵﾈｽﾄ,000001,新木場ﾘｻｲｸﾙ工場,001226,ｱｰﾙﾂｰ,000950,ｱｰﾙﾂｰ,1,紙,,000006,川部
2025/01/18(土),2025/01/18(土),2025/01/18(土),001254,ﾄｯﾌﾟ,1,売上,000009,混合廃棄物(安定型),870,870,03,kg,60,"52,200",37219,000004,D（建設）,001,処分費,09:36,09:44,000001,ﾄｯﾌﾟ　吉川事業所,000001,ｵﾈｽﾄ,000001,新木場ﾘｻｲｸﾙ工場,001254,ﾄｯﾌﾟ,000975,ﾄｯﾌﾟ,1,紙,,000002,渡辺
2025/01/18(土),2025/01/18(土),2025/01/18(土),001254,ﾄｯﾌﾟ,1,売上,000017,軽量物系A(ｽﾀｲﾛﾌｫｰﾑ),10,10,03,kg,200,"2,000",37219,000004,D（建設）,001,処分費,09:36,09:44,000001,ﾄｯﾌﾟ　吉川事業所,000001,ｵﾈｽﾄ,000001,新木場ﾘｻｲｸﾙ工場,001254,ﾄｯﾌﾟ,000975,ﾄｯﾌﾟ,1,紙,,000002,渡辺
2025/01/18(土),2025/01/18(土),2025/01/18(土),001254,ﾄｯﾌﾟ,1,売上,000021,軽量物系B(ｸﾞﾗｽｳｰﾙ),60,60,03,kg,80,"4,800",37219,000004,D（建設）,001,処分費,09:36,09:44,000001,ﾄｯﾌﾟ　吉川事業所,000001,ｵﾈｽﾄ,000001,新木場ﾘｻｲｸﾙ工場,001254,ﾄｯﾌﾟ,000975,ﾄｯﾌﾟ,1,紙,,000002,渡辺
2025/01/18(土),2025/01/18(土),2025/01/18(土),001254,ﾄｯﾌﾟ,1,売上,000106,消火器,10,5,09,本,"1,500","7,500",37219,000004,D（建設）,001,処分費,09:36,09:44,000001,ﾄｯﾌﾟ　吉川事業所,000001,ｵﾈｽﾄ,000001,新木場ﾘｻｲｸﾙ工場,001254,ﾄｯﾌﾟ,000975,ﾄｯﾌﾟ,1,紙,,000002,渡辺
2025/01/18(土),2025/01/18(土),2025/01/18(土),001258,ﾎｿﾔ,1,売上,000001,混合廃棄物A,280,280,03,kg,65,"18,200",37212,000001,A（事業）,001,処分費,08:45,08:45,000000,ﾎｿﾔ,000001,ｵﾈｽﾄ,000001,新木場ﾘｻｲｸﾙ工場,001258,ﾎｿﾔ,000979,ﾎｿﾔ,1,紙,,000005,今村（紀）
2025/01/18(土),2025/01/18(土),2025/01/18(土),001318,丸伍産業,1,売上,000001,混合廃棄物A,600,600,03,kg,70,"42,000",37263,000004,D（建設）,001,処分費,12:40,12:40,000029,ｲﾝﾃﾘｱ附帯工作物撤去工事,000001,ｵﾈｽﾄ,000001,新木場ﾘｻｲｸﾙ工場,001318,丸伍産業,001030,丸伍産業,1,紙,,000012,サン・テクノ
2025/01/18(土),2025/01/18(土),2025/01/18(土),001318,丸伍産業,1,売上,000001,混合廃棄物A,670,670,03,kg,70,"46,900",37264,000004,D（建設）,001,処分費,12:56,12:56,000029,ｲﾝﾃﾘｱ附帯工作物撤去工事,000001,ｵﾈｽﾄ,000001,新木場ﾘｻｲｸﾙ工場,001318,丸伍産業,001030,丸伍産業,1,紙,,000012,サン・テクノ
2025/01/18(土),2025/01/18(土),2025/01/18(土),001429,東京技研,1,売上,000001,混合廃棄物A,330,330,03,kg,65,"21,450",37298,000001,A（事業）,001,処分費,15:33,15:35,000000,東京技研,000001,ｵﾈｽﾄ,000001,新木場ﾘｻｲｸﾙ工場,001546,江栄,000013,江栄,1,紙,,000002,渡辺
2025/01/18(土),2025/01/18(土),2025/01/18(土),001454,谷津商会,1,売上,000001,混合廃棄物A,420,420,03,kg,65,"27,300",37252,000001,A（事業）,001,処分費,11:42,11:43,000000,谷津商会,000001,ｵﾈｽﾄ,000001,新木場ﾘｻｲｸﾙ工場,001454,谷津商会,000247,谷津商会,1,紙,,000002,渡辺
2025/01/18(土),2025/01/18(土),2025/01/18(土),001480,新生紙ﾊﾟﾙﾌﾟ商事,1,売上,000001,混合廃棄物A,180,180,03,kg,65,"11,700",37198,000001,A（事業）,001,処分費,07:31,07:34,000001,OPﾋﾞﾙﾃﾞｨﾝｸﾞ,000001,ｵﾈｽﾄ,000001,新木場ﾘｻｲｸﾙ工場,001463,ﾅｺｼﾞ,000170,ﾅｺｼﾞ,1,紙,,000006,川部
2025/01/18(土),2025/01/18(土),2025/01/18(土),001629,絹川屋運送,2,支払,000068,GC 軽鉄･ｽﾁｰﾙ類,"1,390","1,390",03,kg,15.5,"21,545",37215,000006,F（他）,003,有価物,09:32,09:32,000000,絹川屋運送,000001,ｵﾈｽﾄ,000001,新木場ﾘｻｲｸﾙ工場,001629,絹川屋運送,001417,絹川屋運送,9,無,,000002,渡辺
2025/01/18(土),2025/01/18(土),2025/01/18(土),001629,絹川屋運送,2,支払,000068,GC 軽鉄･ｽﾁｰﾙ類,"1,970","1,970",03,kg,15.5,"30,535",37246,000006,F（他）,003,有価物,11:38,11:38,000000,絹川屋運送,000001,ｵﾈｽﾄ,000001,新木場ﾘｻｲｸﾙ工場,001629,絹川屋運送,001417,絹川屋運送,9,無,,000002,渡辺
2025/01/18(土),2025/01/18(土),2025/01/18(土),001629,絹川屋運送,2,支払,000068,GC 軽鉄･ｽﾁｰﾙ類,"2,050","2,050",03,kg,15.5,"31,775",37278,000006,F（他）,003,有価物,14:46,14:46,000000,絹川屋運送,000001,ｵﾈｽﾄ,000001,新木場ﾘｻｲｸﾙ工場,001629,絹川屋運送,001417,絹川屋運送,9,無,,000002,渡辺
2025/01/18(土),2025/01/18(土),2025/01/18(土),001656,真和商事,1,売上,000001,混合廃棄物A,850,850,03,kg,60,"51,000",37269,000002,B（残置）,001,処分費,13:17,13:20,000001,真和商事　杉並営業所,000001,ｵﾈｽﾄ,000001,新木場ﾘｻｲｸﾙ工場,001656,真和商事,000055,真和商事,1,紙,,000002,渡辺
2025/01/18(土),2025/01/18(土),2025/01/18(土),001892,東洋熱工業,1,売上,000108,室内機,80,80,03,kg,55,"4,400",37266,000004,D（建設）,001,処分費,12:47,12:48,000077,【M2サブ系統】緑山スタジオ AHU更新工事,000001,ｵﾈｽﾄ,000001,新木場ﾘｻｲｸﾙ工場,000016,泉土木,000014,泉土木,1,紙,,000001,矢作
2025/01/18(土),2025/01/18(土),2025/01/18(土),001892,東洋熱工業,2,支払,000070,室外機,790,790,03,kg,30,"23,700",37266,000004,D（建設）,003,有価物,12:47,12:48,000077,【M2サブ系統】緑山スタジオ AHU更新工事,000001,ｵﾈｽﾄ,000001,新木場ﾘｻｲｸﾙ工場,000016,泉土木,000014,泉土木,1,紙,,000001,矢作
2025/01/18(土),2025/01/18(土),2025/01/18(土),001947,ﾁｬｺｰﾙ市野,1,売上,000001,混合廃棄物A,500,500,03,kg,53,"26,500",37234,000001,A（事業）,001,処分費,10:37,10:37,000001,渋谷市野ﾋﾞﾙ,000001,ｵﾈｽﾄ,000001,新木場ﾘｻｲｸﾙ工場,000302,ﾖｼﾓﾘ,000244,ﾖｼﾓﾘ,1,紙,,000002,渡辺
2025/01/18(土),2025/01/18(土),2025/01/18(土),001989,関東ﾛｯｸｳｰﾙ,1,売上,000001,混合廃棄物A,230,230,03,kg,65,"14,950",37276,000004,D（建設）,001,処分費,13:35,13:37,000000,関東ﾛｯｸｳｰﾙ,000001,ｵﾈｽﾄ,000001,新木場ﾘｻｲｸﾙ工場,001988,鈴木運輸,000057,鈴木運輸,1,紙,,000002,渡辺
2025/01/18(土),2025/01/18(土),2025/01/18(土),001989,関東ﾛｯｸｳｰﾙ,1,売上,000021,軽量物系B(ｸﾞﾗｽｳｰﾙ),30,30,03,kg,80,"2,400",37276,000004,D（建設）,001,処分費,13:35,13:37,000000,関東ﾛｯｸｳｰﾙ,000001,ｵﾈｽﾄ,000001,新木場ﾘｻｲｸﾙ工場,001988,鈴木運輸,000057,鈴木運輸,1,紙,,000002,渡辺
2025/01/18(土),2025/01/18(土),2025/01/18(土),002006,三菱地所ﾌﾟﾛﾊﾟﾃｨﾏﾈｼﾞﾒﾝﾄ,1,売上,000001,混合廃棄物A,920,920,03,kg,54,"49,680",37232,000001,A（事業）,001,処分費,10:19,10:21,000001,JAﾋﾞﾙ,000001,ｵﾈｽﾄ,000001,新木場ﾘｻｲｸﾙ工場,000028,五十嵐商会,000025,五十嵐商会,1,紙,,000002,渡辺
2025/01/18(土),2025/01/18(土),2025/01/18(土),002056,東広,1,売上,000001,混合廃棄物A,470,470,03,kg,65,"30,550",37248,000002,B（残置）,001,処分費,11:29,11:32,000000,東広,000001,ｵﾈｽﾄ,000001,新木場ﾘｻｲｸﾙ工場,001976,ｼﾐｽﾞｵｸﾄ,000202,ｼﾐｽﾞｵｸﾄ,1,紙,,000005,今村（紀）
2025/01/18(土),2025/01/18(土),2025/01/18(土),002056,東広,1,売上,000015,混合廃棄物(反物),"1,100","1,100",03,kg,100,"110,000",37248,000002,B（残置）,001,処分費,11:29,11:32,000000,東広,000001,ｵﾈｽﾄ,000001,新木場ﾘｻｲｸﾙ工場,001976,ｼﾐｽﾞｵｸﾄ,000202,ｼﾐｽﾞｵｸﾄ,1,紙,,000005,今村（紀）
2025/01/18(土),2025/01/18(土),2025/01/18(土),002076,ｱｲﾎｰ東京支店,1,売上,000001,混合廃棄物A,330,330,03,kg,65,"21,450",37242,000003,C（解体）,001,処分費,11:07,11:11,000000,ｱｲﾎｰ東京支店,000001,ｵﾈｽﾄ,000001,新木場ﾘｻｲｸﾙ工場,000052,野呂商店（南水元）,000044,野呂商店（南水元）,1,紙,,000005,今村（紀）
2025/01/18(土),2025/01/18(土),2025/01/18(土),002076,ｱｲﾎｰ東京支店,1,売上,000046,ﾀﾞﾝﾎﾞｰﾙ,40,40,03,kg,10,400,37242,000003,C（解体）,001,処分費,11:07,11:11,000000,ｱｲﾎｰ東京支店,000001,ｵﾈｽﾄ,000001,新木場ﾘｻｲｸﾙ工場,000052,野呂商店（南水元）,000044,野呂商店（南水元）,1,紙,,000005,今村（紀）
2025/01/18(土),2025/01/18(土),2025/01/18(土),002196,丸山工務店,1,売上,000001,混合廃棄物A,130,130,03,kg,65,"8,450",37220,000004,D（建設）,001,処分費,09:31,09:31,000001,丸山工務店,000001,ｵﾈｽﾄ,000001,新木場ﾘｻｲｸﾙ工場,000154,京葉興業,000123,京葉興業,1,紙,,000004,山本
2025/01/18(土),2025/01/18(土),2025/01/18(土),002196,丸山工務店,1,売上,000001,混合廃棄物A,560,560,03,kg,65,"36,400",37218,000004,D（建設）,001,処分費,09:27,09:28,000001,丸山工務店,000001,ｵﾈｽﾄ,000001,新木場ﾘｻｲｸﾙ工場,000154,京葉興業,000123,京葉興業,1,紙,,000004,山本
2025/01/18(土),2025/01/18(土),2025/01/18(土),002196,丸山工務店,1,売上,000029,木くず,60,60,03,kg,35,"2,100",37218,000004,D（建設）,001,処分費,09:27,09:28,000001,丸山工務店,000001,ｵﾈｽﾄ,000001,新木場ﾘｻｲｸﾙ工場,000154,京葉興業,000123,京葉興業,1,紙,,000004,山本
2025/01/18(土),2025/01/18(土),2025/01/18(土),002204,ﾁﾄｾｱｰﾄ,1,売上,000001,混合廃棄物A,"1,710","1,710",03,kg,65,"111,150",37225,000002,B（残置）,001,処分費,10:02,10:05,000000,ﾁﾄｾｱｰﾄ,000001,ｵﾈｽﾄ,000001,新木場ﾘｻｲｸﾙ工場,002202,宮坂運送,000268,宮坂運送,1,紙,,000004,山本
2025/01/18(土),2025/01/18(土),2025/01/18(土),002211,ｱﾃﾅ,1,売上,000001,混合廃棄物A,100,100,03,kg,60,"6,000",37238,000002,B（残置）,001,処分費,10:54,10:56,000000,ｱﾃﾅ,000001,ｵﾈｽﾄ,000001,新木場ﾘｻｲｸﾙ工場,001772,三洋ｴｸｽﾌﾟﾚｽ,000228,三洋ｴｸｽﾌﾟﾚｽ,1,紙,,000002,渡辺
2025/01/18(土),2025/01/18(土),2025/01/18(土),002380,築地場外市場商店街(振),1,売上,000002,混合廃棄物B,410,410,03,kg,65,"26,650",37205,000002,B（残置）,001,処分費,08:17,08:17,000000,築地場外市場商店街(振),000001,ｵﾈｽﾄ,000001,新木場ﾘｻｲｸﾙ工場,001415,山口興業,001238,山口興業（BOND）,,,,000005,今村（紀）
2025/01/18(土),2025/01/18(土),2025/01/18(土),002410,ｸﾛﾉﾊﾞﾃﾞｻﾞｲﾝ,1,売上,000001,混合廃棄物A,"1,320","1,320",03,kg,65,"85,800",37196,000004,D（建設）,001,処分費,07:12,07:14,000025,代々木上原,000001,ｵﾈｽﾄ,000001,新木場ﾘｻｲｸﾙ工場,000133,ﾀﾞｲｲﾁ興業,000105,ﾀﾞｲｲﾁ興業,1,紙,,000004,山本
2025/01/18(土),2025/01/18(土),2025/01/18(土),002675,ｼﾈﾛﾝ･ｷｬﾝﾃﾞﾗ,1,売上,000001,混合廃棄物A,"2,510","2,510",03,kg,65,"163,150",37228,000004,D（建設）,001,処分費,10:18,10:20,000000,ｼﾈﾛﾝ･ｷｬﾝﾃﾞﾗ,000001,ｵﾈｽﾄ,000001,新木場ﾘｻｲｸﾙ工場,000361,全公研,000289,全公研,1,紙,,000004,山本
2025/01/18(土),2025/01/18(土),2025/01/18(土),003023,竹中工務店東京本店安全環境部,2,支払,000063,配線,190,190,03,kg,185,"35,150",37199,000004,D（建設）,003,有価物,07:58,07:59,000000,竹中工務店東京本店安全環境部,000001,ｵﾈｽﾄ,000001,新木場ﾘｻｲｸﾙ工場,000016,泉土木,000014,泉土木,1,紙,,000001,矢作
2025/01/18(土),2025/01/18(土),2025/01/18(土),003023,竹中工務店東京本店安全環境部,2,支払,000068,GC 軽鉄･ｽﾁｰﾙ類,550,550,03,kg,24.5,"13,475",37192,000004,D（建設）,003,有価物,06:40,06:40,000037,諸口（渋谷青山ＦＭ２５上）,000001,ｵﾈｽﾄ,000001,新木場ﾘｻｲｸﾙ工場,000016,泉土木,000014,泉土木,1,紙,,000001,矢作
2025/01/18(土),2025/01/18(土),2025/01/18(土),003023,竹中工務店東京本店安全環境部,2,支払,000068,GC 軽鉄･ｽﾁｰﾙ類,580,580,03,kg,24.5,"14,210",37295,000004,D（建設）,003,有価物,15:15,15:15,000042,偕成社市谷本社ビル２・４階改修２期,000001,ｵﾈｽﾄ,000001,新木場ﾘｻｲｸﾙ工場,000016,泉土木,000014,泉土木,1,紙,,000001,矢作
2025/01/18(土),2025/01/18(土),2025/01/18(土),003023,竹中工務店東京本店安全環境部,2,支払,000068,GC 軽鉄･ｽﾁｰﾙ類,620,620,03,kg,24.5,"15,190",37253,000004,D（建設）,003,有価物,12:04,12:04,000042,偕成社市谷本社ビル２・４階改修２期,000001,ｵﾈｽﾄ,000001,新木場ﾘｻｲｸﾙ工場,000016,泉土木,000014,泉土木,1,紙,,000001,矢作
2025/01/18(土),2025/01/18(土),2025/01/18(土),003023,竹中工務店東京本店安全環境部,2,支払,000068,GC 軽鉄･ｽﾁｰﾙ類,"1,330","1,330",03,kg,24.5,"32,585",37199,000004,D（建設）,003,有価物,07:58,07:59,000000,竹中工務店東京本店安全環境部,000001,ｵﾈｽﾄ,000001,新木場ﾘｻｲｸﾙ工場,000016,泉土木,000014,泉土木,1,紙,,000001,矢作
2025/01/18(土),2025/01/18(土),2025/01/18(土),003023,竹中工務店東京本店安全環境部,2,支払,000069,GD,230,230,03,kg,14,"3,220",37192,000004,D（建設）,003,有価物,06:40,06:40,000037,諸口（渋谷青山ＦＭ２５上）,000001,ｵﾈｽﾄ,000001,新木場ﾘｻｲｸﾙ工場,000016,泉土木,000014,泉土木,1,紙,,000001,矢作
2025/01/18(土),2025/01/18(土),2025/01/18(土),003122,三井不動産ﾎﾃﾙﾏﾈｼﾞﾒﾝﾄ,1,売上,000001,混合廃棄物A,820,820,03,kg,54,"44,280",37231,000001,A（事業）,001,処分費,10:25,10:25,000004,三井ｶﾞｰﾃﾞﾝﾎﾃﾙ神宮外苑の杜ﾌﾟﾚﾐｱ,000001,ｵﾈｽﾄ,000001,新木場ﾘｻｲｸﾙ工場,000028,五十嵐商会,000025,五十嵐商会,1,紙,,000002,渡辺
2025/01/18(土),2025/01/18(土),2025/01/18(土),003147,中央建物,1,売上,000001,混合廃棄物A,110,110,03,kg,54,"5,940",37214,000001,A（事業）,001,処分費,08:53,08:53,000001,大倉本館,000001,ｵﾈｽﾄ,000001,新木場ﾘｻｲｸﾙ工場,000028,五十嵐商会,000025,五十嵐商会,1,紙,,000002,渡辺
2025/01/18(土),2025/01/18(土),2025/01/18(土),003238,ｱﾀﾞｽﾄﾘｱ,1,売上,000001,混合廃棄物A,780,780,03,kg,63,"49,140",37306,000002,B（残置）,001,処分費,17:22,17:28,000003,ｱﾀﾞｽﾄﾘｱ(渋谷区),000001,ｵﾈｽﾄ,000001,新木場ﾘｻｲｸﾙ工場,001308,ｵﾈｽﾄ･ﾜﾝ,001021,ｵﾈｽﾄ･ﾜﾝ,1,紙,,000011,オネスト・ワン
2025/01/18(土),2025/01/18(土),2025/01/18(土),003238,ｱﾀﾞｽﾄﾘｱ,1,売上,000015,混合廃棄物(反物),790,790,03,kg,90,"71,100",37306,000002,B（残置）,001,処分費,17:22,17:28,000003,ｱﾀﾞｽﾄﾘｱ(渋谷区),000001,ｵﾈｽﾄ,000001,新木場ﾘｻｲｸﾙ工場,001308,ｵﾈｽﾄ･ﾜﾝ,001021,ｵﾈｽﾄ･ﾜﾝ,1,紙,,000011,オネスト・ワン
2025/01/18(土),2025/01/18(土),2025/01/18(土),003238,ｱﾀﾞｽﾄﾘｱ,1,売上,000030,選別,870,870,03,kg,60,"52,200",37249,000002,B（残置）,001,処分費,12:00,12:01,000003,ｱﾀﾞｽﾄﾘｱ(渋谷区),000001,ｵﾈｽﾄ,000001,新木場ﾘｻｲｸﾙ工場,001308,ｵﾈｽﾄ･ﾜﾝ,001021,ｵﾈｽﾄ･ﾜﾝ,1,紙,,000011,オネスト・ワン
2025/01/18(土),2025/01/18(土),2025/01/18(土),003238,ｱﾀﾞｽﾄﾘｱ,2,支払,000068,GC 軽鉄･ｽﾁｰﾙ類,"1,260","1,260",03,kg,28,"35,280",37249,000002,B（残置）,003,有価物,12:00,12:01,000003,ｱﾀﾞｽﾄﾘｱ(渋谷区),000001,ｵﾈｽﾄ,000001,新木場ﾘｻｲｸﾙ工場,001308,ｵﾈｽﾄ･ﾜﾝ,001021,ｵﾈｽﾄ･ﾜﾝ,1,紙,,000011,オネスト・ワン
2025/01/18(土),2025/01/18(土),2025/01/18(土),003283,鈴進産資源,1,売上,000002,混合廃棄物B,900,900,03,kg,70,"63,000",37301,000004,D（建設）,001,処分費,16:38,16:40,000000,鈴進産資源,000001,ｵﾈｽﾄ,000001,新木場ﾘｻｲｸﾙ工場,001225,ｹｲﾖｰｶﾞｰﾍﾞｯﾁﾞ,000949,ｹｲﾖｰｶﾞｰﾍﾞｯﾁﾞ,1,紙,,000002,渡辺
2025/01/18(土),2025/01/18(土),2025/01/18(土),003303,TANK,1,売上,000001,混合廃棄物A,170,170,03,kg,65,"11,050",37260,000004,D（建設）,001,処分費,12:20,12:26,000000,TANK,000001,ｵﾈｽﾄ,000001,新木場ﾘｻｲｸﾙ工場,001027,MINO,000787,MINO,1,紙,,000004,山本
2025/01/18(土),2025/01/18(土),2025/01/18(土),003580,大京穴吹建設,2,支払,000063,配線,100,100,03,kg,185,"18,500",37200,000004,D（建設）,003,有価物,08:24,08:25,000055,ﾚｸｾﾙｶﾞｰﾃﾞﾝ東所沢　大規模修繕,000001,ｵﾈｽﾄ,000001,新木場ﾘｻｲｸﾙ工場,000016,泉土木,000014,泉土木,1,紙,,000001,矢作
2025/01/18(土),2025/01/18(土),2025/01/18(土),003580,大京穴吹建設,2,支払,000068,GC 軽鉄･ｽﾁｰﾙ類,"1,930","1,930",03,kg,24.5,"47,285",37200,000004,D（建設）,003,有価物,08:24,08:25,000055,ﾚｸｾﾙｶﾞｰﾃﾞﾝ東所沢　大規模修繕,000001,ｵﾈｽﾄ,000001,新木場ﾘｻｲｸﾙ工場,000016,泉土木,000014,泉土木,1,紙,,000001,矢作
2025/01/18(土),2025/01/18(土),2025/01/18(土),003863,ｸﾛﾀﾞ,1,売上,000021,軽量物系B(ｸﾞﾗｽｳｰﾙ),280,280,03,kg,80,"22,400",37273,000004,D（建設）,001,処分費,13:30,13:32,000001,ｸﾛﾀﾞ（足立区）,000001,ｵﾈｽﾄ,000001,新木場ﾘｻｲｸﾙ工場,003863,ｸﾛﾀﾞ,000374,ｸﾛﾀﾞ,1,紙,,000002,渡辺
2025/01/18(土),2025/01/18(土),2025/01/18(土),003872,ｾｷｽｲﾊｲﾑ不動産,1,売上,000001,混合廃棄物A,60,60,03,kg,65,"3,900",37224,000004,D（建設）,001,処分費,09:48,09:52,000000,ｾｷｽｲﾊｲﾑ不動産,000001,ｵﾈｽﾄ,000001,新木場ﾘｻｲｸﾙ工場,000001,ｵﾈｽﾄ,000654,ｾｷｽｲﾊｲﾑ 不動産,1,紙,,000005,今村（紀）
2025/01/18(土),2025/01/18(土),2025/01/18(土),003872,ｾｷｽｲﾊｲﾑ不動産,1,売上,000001,混合廃棄物A,80,80,03,kg,65,"5,200",37233,000004,D（建設）,001,処分費,10:26,10:30,000000,ｾｷｽｲﾊｲﾑ不動産,000001,ｵﾈｽﾄ,000001,新木場ﾘｻｲｸﾙ工場,000001,ｵﾈｽﾄ,000654,ｾｷｽｲﾊｲﾑ 不動産,1,紙,,000005,今村（紀）
2025/01/18(土),2025/01/18(土),2025/01/18(土),003872,ｾｷｽｲﾊｲﾑ不動産,1,売上,000035,ｽﾀｲﾛ畳,60,6,11,枚,"3,500","21,000",37233,000004,D（建設）,001,処分費,10:26,10:30,000000,ｾｷｽｲﾊｲﾑ不動産,000001,ｵﾈｽﾄ,000001,新木場ﾘｻｲｸﾙ工場,000001,ｵﾈｽﾄ,000654,ｾｷｽｲﾊｲﾑ 不動産,1,紙,,000005,今村（紀）
2025/01/18(土),2025/01/18(土),2025/01/18(土),003872,ｾｷｽｲﾊｲﾑ不動産,1,売上,000352,運搬費(2ｔ車),,1,07,台,"27,000","27,000",37224,000004,D（建設）,002,運搬費,09:48,09:52,000000,ｾｷｽｲﾊｲﾑ不動産,000001,ｵﾈｽﾄ,000001,新木場ﾘｻｲｸﾙ工場,000001,ｵﾈｽﾄ,000654,ｾｷｽｲﾊｲﾑ 不動産,1,紙,,000005,今村（紀）
2025/01/18(土),2025/01/18(土),2025/01/18(土),003872,ｾｷｽｲﾊｲﾑ不動産,1,売上,000352,運搬費(2ｔ車),,1,07,台,"32,000","32,000",37233,000004,D（建設）,002,運搬費,10:26,10:30,000000,ｾｷｽｲﾊｲﾑ不動産,000001,ｵﾈｽﾄ,000001,新木場ﾘｻｲｸﾙ工場,000001,ｵﾈｽﾄ,000654,ｾｷｽｲﾊｲﾑ 不動産,1,紙,,000005,今村（紀）
2025/01/18(土),2025/01/18(土),2025/01/18(土),003981,ASUM,1,売上,000001,混合廃棄物A,280,280,03,kg,65,"18,200",37188,000003,C（解体）,001,処分費,06:25,06:25,000000,ASUM,000001,ｵﾈｽﾄ,000001,新木場ﾘｻｲｸﾙ工場,003981,ASUM,000381,ASUM,1,紙,,000007,小林
2025/01/18(土),2025/01/18(土),2025/01/18(土),003992,ﾓﾘﾃｯｸ,1,売上,000001,混合廃棄物A,"2,000","2,000",03,kg,65,"130,000",37211,000005,E,001,処分費,08:36,08:38,000000,ﾓﾘﾃｯｸ,000001,ｵﾈｽﾄ,000001,新木場ﾘｻｲｸﾙ工場,000001,ｵﾈｽﾄ,000707,ﾓﾘﾃｯｸ,1,紙,,000005,今村（紀）
2025/01/18(土),2025/01/18(土),2025/01/18(土),003992,ﾓﾘﾃｯｸ,1,売上,000349,運搬費(4ｔｺﾝﾃﾅ),,1,07,台,"16,000","16,000",37211,000005,E,002,運搬費,08:36,08:38,000000,ﾓﾘﾃｯｸ,000001,ｵﾈｽﾄ,000001,新木場ﾘｻｲｸﾙ工場,000001,ｵﾈｽﾄ,000707,ﾓﾘﾃｯｸ,1,紙,,000005,今村（紀）
2025/01/18(土),2025/01/18(土),2025/01/18(土),004108,ﾊﾟﾅｿﾆｯｸ産機ｼｽﾃﾑｽﾞ,1,売上,000001,混合廃棄物A,190,190,03,kg,50,"9,500",37312,000004,D（建設）,001,処分費,18:09,18:15,000138,ファミリーマート臼井駅北口店,000001,ｵﾈｽﾄ,000001,新木場ﾘｻｲｸﾙ工場,006436,ｻﾜ･ｺｰﾎﾟﾚｰｼｮﾝ,000873,伊藤忠ﾒﾀﾙｽﾞ,1,紙,,000001,矢作
2025/01/18(土),2025/01/18(土),2025/01/18(土),004240,ﾖｺﾄｸ,1,売上,000109,運搬費(4t),,1,07,台,"25,000","25,000",37230,000004,D（建設）,002,運搬費,10:35,10:42,000007,自転車ﾗｯｸ改修工事（千川駅北第一自転車駐,000001,ｵﾈｽﾄ,000001,新木場ﾘｻｲｸﾙ工場,000001,ｵﾈｽﾄ,000799,ﾖｺﾄｸ,1,紙,,000006,川部
2025/01/18(土),2025/01/18(土),2025/01/18(土),004240,ﾖｺﾄｸ,2,支払,000068,GC 軽鉄･ｽﾁｰﾙ類,720,720,03,kg,15.5,"11,160",37230,000004,D（建設）,003,有価物,10:35,10:42,000007,自転車ﾗｯｸ改修工事（千川駅北第一自転車駐,000001,ｵﾈｽﾄ,000001,新木場ﾘｻｲｸﾙ工場,000001,ｵﾈｽﾄ,000799,ﾖｺﾄｸ,1,紙,,000006,川部
2025/01/18(土),2025/01/18(土),2025/01/18(土),004343,S-tro,1,売上,000001,混合廃棄物A,80,80,03,kg,65,"5,200",37305,000002,B（残置）,001,処分費,17:05,17:07,000000,S-tro,000001,ｵﾈｽﾄ,000001,新木場ﾘｻｲｸﾙ工場,004343,S-tro,000402,S-tro,1,紙,,000007,小林
2025/01/18(土),2025/01/18(土),2025/01/18(土),004364,ｳｲﾝｸﾞ,1,売上,000001,混合廃棄物A,230,230,03,kg,65,"14,950",37236,000002,B（残置）,001,処分費,10:35,10:39,000048,ｼﾞｰﾝｽﾞﾒｲﾄ高田馬場店,000001,ｵﾈｽﾄ,000001,新木場ﾘｻｲｸﾙ工場,004364,ｳｲﾝｸﾞ,000092,ｳｲﾝｸﾞ,1,紙,,000006,川部
2025/01/18(土),2025/01/18(土),2025/01/18(土),004766,JR東日本環境ｱｸｾｽ,1,売上,000001,混合廃棄物A,"1,250","1,250",03,kg,55,"68,750",37204,000001,A（事業）,001,処分費,08:08,08:08,000001,東京資源循環ｾﾝﾀｰ,000001,ｵﾈｽﾄ,000001,新木場ﾘｻｲｸﾙ工場,004766,JR東日本環境ｱｸｾｽ,000426,JR東日本環境ｱｸｾｽ,2,電子,,000002,渡辺
2025/01/18(土),2025/01/18(土),2025/01/18(土),004794,東京ｸﾞﾗｽﾛﾝ,1,売上,000001,混合廃棄物A,90,90,03,kg,65,"5,850",37187,000003,C（解体）,001,処分費,06:58,07:01,000001,東京ｸﾞﾗｽﾛﾝ流山配送ｾﾝﾀｰ,000001,ｵﾈｽﾄ,000001,新木場ﾘｻｲｸﾙ工場,006236,池谷運送,000491,池谷運送,1,紙,,000007,小林
2025/01/18(土),2025/01/18(土),2025/01/18(土),004851,ﾓﾘｵｶ電気,1,売上,000001,混合廃棄物A,90,90,03,kg,65,"5,850",37285,000002,B（残置）,001,処分費,14:15,14:18,000000,ﾓﾘｵｶ電気,000001,ｵﾈｽﾄ,000001,新木場ﾘｻｲｸﾙ工場,004851,ﾓﾘｵｶ電気,001127,ﾓﾘｵｶ電気,1,紙,,000007,小林
2025/01/18(土),2025/01/18(土),2025/01/18(土),005011,ﾊﾙﾊﾟｴﾔ,1,売上,000001,混合廃棄物A,650,650,03,kg,65,"42,250",37303,000002,B（残置）,001,処分費,16:54,17:01,000000,ﾊﾙﾊﾟｴﾔ,000001,ｵﾈｽﾄ,000001,新木場ﾘｻｲｸﾙ工場,005011,ﾊﾙﾊﾟｴﾔ,000718,ﾊﾙﾊﾟｴﾔ,1,紙,,000005,今村（紀）
2025/01/18(土),2025/01/18(土),2025/01/18(土),005011,ﾊﾙﾊﾟｴﾔ,1,売上,000004,混合廃棄物(焼却物),100,100,03,kg,75,"7,500",37303,000002,B（残置）,001,処分費,16:54,17:01,000000,ﾊﾙﾊﾟｴﾔ,000001,ｵﾈｽﾄ,000001,新木場ﾘｻｲｸﾙ工場,005011,ﾊﾙﾊﾟｴﾔ,000718,ﾊﾙﾊﾟｴﾔ,1,紙,,000005,今村（紀）
2025/01/18(土),2025/01/18(土),2025/01/18(土),005016,高比良内装,1,売上,000002,混合廃棄物B,130,130,03,kg,65,"8,450",37250,000001,A（事業）,001,処分費,11:38,11:40,000001,高比良内装,000001,ｵﾈｽﾄ,000001,新木場ﾘｻｲｸﾙ工場,000332,吉野商会,000269,吉野商会,1,紙,,000006,川部
2025/01/18(土),2025/01/18(土),2025/01/18(土),005016,高比良内装,1,売上,000004,混合廃棄物(焼却物),290,290,03,kg,65,"18,850",37250,000001,A（事業）,001,処分費,11:38,11:40,000001,高比良内装,000001,ｵﾈｽﾄ,000001,新木場ﾘｻｲｸﾙ工場,000332,吉野商会,000269,吉野商会,1,紙,,000006,川部
2025/01/18(土),2025/01/18(土),2025/01/18(土),005099,日本ﾋﾟｰﾏｯｸ,1,売上,000001,混合廃棄物A,20,20,03,kg,65,"1,300",37272,000004,D（建設）,001,処分費,13:17,13:19,000007,CJﾋﾞﾙﾃﾞｨﾝｸﾞ,000001,ｵﾈｽﾄ,000001,新木場ﾘｻｲｸﾙ工場,001051,Y-maxx,000808,Y-maxx,1,紙,,000004,山本
2025/01/18(土),2025/01/18(土),2025/01/18(土),005113,明信,1,売上,000002,混合廃棄物B,50,50,03,kg,70,"3,500",37237,000003,C（解体）,001,処分費,10:48,10:51,000003,東京都豊島区駒込6-19-4,000001,ｵﾈｽﾄ,000001,新木場ﾘｻｲｸﾙ工場,005113,明信,000441,明信,1,紙,,000007,小林
2025/01/18(土),2025/01/18(土),2025/01/18(土),005113,明信,1,売上,000021,軽量物系B(ｸﾞﾗｽｳｰﾙ),20,20,03,kg,80,"1,600",37237,000003,C（解体）,001,処分費,10:48,10:51,000003,東京都豊島区駒込6-19-4,000001,ｵﾈｽﾄ,000001,新木場ﾘｻｲｸﾙ工場,005113,明信,000441,明信,1,紙,,000007,小林
2025/01/18(土),2025/01/18(土),2025/01/18(土),005272,森田章平,1,売上,000001,混合廃棄物A,"2,100","2,100",03,kg,54,"113,400",37240,000001,A（事業）,001,処分費,10:58,11:02,000001,ﾋﾞｽﾄﾛﾗｸﾞﾘ,000001,ｵﾈｽﾄ,000001,新木場ﾘｻｲｸﾙ工場,000028,五十嵐商会,000025,五十嵐商会,1,紙,,000002,渡辺
2025/01/18(土),2025/01/18(土),2025/01/18(土),005332,ﾌﾟﾛﾒﾛ･ｴﾑ,1,売上,000001,混合廃棄物A,180,180,03,kg,65,"11,700",37216,000003,C（解体）,001,処分費,08:56,08:59,000000,ﾌﾟﾛﾒﾛ･ｴﾑ,000001,ｵﾈｽﾄ,000001,新木場ﾘｻｲｸﾙ工場,005332,ﾌﾟﾛﾒﾛ･ｴﾑ,000725,ﾌﾟﾛﾒﾛ･ｴﾑ,1,紙,,000005,今村（紀）
2025/01/18(土),2025/01/18(土),2025/01/18(土),005575,渡辺ﾊﾟｲﾌﾟ,1,売上,000002,混合廃棄物B,580,580,03,kg,70,"40,600",37293,000003,C（解体）,001,処分費,14:50,14:54,000013,ﾚｼﾞﾃﾞｨｱ芝浦,000001,ｵﾈｽﾄ,000001,新木場ﾘｻｲｸﾙ工場,000362,ﾐﾔ産興,000290,ﾐﾔ産興,1,紙,,000004,山本
2025/01/18(土),2025/01/18(土),2025/01/18(土),005740,ｱｼｽﾄﾜｰｸ,1,売上,000021,軽量物系B(ｸﾞﾗｽｳｰﾙ),180,180,03,kg,80,"14,400",37259,000002,B（残置）,001,処分費,12:19,12:21,000003,南部邸改修工事,000001,ｵﾈｽﾄ,000001,新木場ﾘｻｲｸﾙ工場,005740,ｱｼｽﾄﾜｰｸ,000463,ｱｼｽﾄﾜｰｸ,1,紙,,000007,小林
2025/01/18(土),2025/01/18(土),2025/01/18(土),005740,ｱｼｽﾄﾜｰｸ,1,売上,000102,ﾏﾆﾌｪｽﾄ,,1,11,枚,50,50,37259,000002,B（残置）,001,処分費,12:19,12:21,000003,南部邸改修工事,000001,ｵﾈｽﾄ,000001,新木場ﾘｻｲｸﾙ工場,005740,ｱｼｽﾄﾜｰｸ,000463,ｱｼｽﾄﾜｰｸ,1,紙,,000007,小林
2025/01/18(土),2025/01/18(土),2025/01/18(土),005807,ｱｷﾅｲ,1,売上,000001,混合廃棄物A,270,270,03,kg,54,"14,580",37267,000001,A（事業）,001,処分費,13:08,14:11,000001,LA BODEGA丸の内店,000001,ｵﾈｽﾄ,000001,新木場ﾘｻｲｸﾙ工場,000028,五十嵐商会,000025,五十嵐商会,1,紙,,000002,渡辺
2025/01/18(土),2025/01/18(土),2025/01/18(土),005807,ｱｷﾅｲ,1,売上,000030,選別,330,330,03,kg,65,"21,450",37267,000001,A（事業）,001,処分費,13:08,14:11,000001,LA BODEGA丸の内店,000001,ｵﾈｽﾄ,000001,新木場ﾘｻｲｸﾙ工場,000028,五十嵐商会,000025,五十嵐商会,1,紙,,000002,渡辺
2025/01/18(土),2025/01/18(土),2025/01/18(土),005807,ｱｷﾅｲ,2,支払,000068,GC 軽鉄･ｽﾁｰﾙ類,80,80,03,kg,15.5,"1,240",37267,000001,A（事業）,003,有価物,13:08,14:11,000001,LA BODEGA丸の内店,000001,ｵﾈｽﾄ,000001,新木場ﾘｻｲｸﾙ工場,000028,五十嵐商会,000025,五十嵐商会,1,紙,,000002,渡辺
2025/01/18(土),2025/01/18(土),2025/01/18(土),005884,(ｻﾝﾃｸﾉ)ｻﾝﾄﾗｽﾄ,1,売上,000001,混合廃棄物A,800,800,03,kg,58,"46,400",37229,000006,F（他）,001,処分費,10:18,10:30,000089,木村ｺｰﾎﾟ,000001,ｵﾈｽﾄ,000001,新木場ﾘｻｲｸﾙ工場,005884,(ｻﾝﾃｸﾉ)ｻﾝﾄﾗｽﾄ,001022,ｻﾝ･ﾃｸﾉ,1,紙,,000012,サン・テクノ
2025/01/18(土),2025/01/18(土),2025/01/18(土),005884,(ｻﾝﾃｸﾉ)ｻﾝﾄﾗｽﾄ,1,売上,000004,混合廃棄物(焼却物),340,340,03,kg,68,"23,120",37229,000006,F（他）,001,処分費,10:18,10:30,000089,木村ｺｰﾎﾟ,000001,ｵﾈｽﾄ,000001,新木場ﾘｻｲｸﾙ工場,005884,(ｻﾝﾃｸﾉ)ｻﾝﾄﾗｽﾄ,001022,ｻﾝ･ﾃｸﾉ,1,紙,,000012,サン・テクノ
2025/01/18(土),2025/01/18(土),2025/01/18(土),005923,吉田機電東京支店,1,売上,000001,混合廃棄物A,60,60,03,kg,65,"3,900",37193,000004,D（建設）,001,処分費,06:30,06:31,000007,高島屋柏店,000001,ｵﾈｽﾄ,000001,新木場ﾘｻｲｸﾙ工場,000001,ｵﾈｽﾄ,000613,吉田機電大阪支店,2,電子,,000006,川部
2025/01/18(土),2025/01/18(土),2025/01/18(土),005923,吉田機電東京支店,1,売上,000001,混合廃棄物A,190,190,03,kg,65,"12,350",37291,000004,D（建設）,001,処分費,14:47,14:47,000006,住重ﾌｫｰｼﾞﾝｸﾞ,000001,ｵﾈｽﾄ,000001,新木場ﾘｻｲｸﾙ工場,000001,ｵﾈｽﾄ,000613,吉田機電大阪支店,2,電子,,000006,川部
2025/01/18(土),2025/01/18(土),2025/01/18(土),005923,吉田機電東京支店,1,売上,000108,室内機,130,130,03,kg,55,"7,150",37193,000004,D（建設）,001,処分費,06:30,06:31,000007,高島屋柏店,000001,ｵﾈｽﾄ,000001,新木場ﾘｻｲｸﾙ工場,000001,ｵﾈｽﾄ,000613,吉田機電大阪支店,2,電子,,000006,川部
2025/01/18(土),2025/01/18(土),2025/01/18(土),005923,吉田機電東京支店,1,売上,000109,運搬費,,1,07,台,"50,000","50,000",37193,000004,D（建設）,002,運搬費,06:30,06:31,000007,高島屋柏店,000001,ｵﾈｽﾄ,000001,新木場ﾘｻｲｸﾙ工場,000001,ｵﾈｽﾄ,000613,吉田機電大阪支店,2,電子,,000006,川部
2025/01/18(土),2025/01/18(土),2025/01/18(土),005923,吉田機電東京支店,1,売上,000109,運搬費(4tﾕﾆｯｸ),,1,07,台,"37,000","37,000",37291,000004,D（建設）,002,運搬費,14:47,14:47,000006,住重ﾌｫｰｼﾞﾝｸﾞ,000001,ｵﾈｽﾄ,000001,新木場ﾘｻｲｸﾙ工場,000001,ｵﾈｽﾄ,000613,吉田機電大阪支店,2,電子,,000006,川部
2025/01/18(土),2025/01/18(土),2025/01/18(土),005923,吉田機電東京支店,2,支払,000070,室外機,200,200,03,kg,30,"6,000",37193,000004,D（建設）,003,有価物,06:30,06:31,000007,高島屋柏店,000001,ｵﾈｽﾄ,000001,新木場ﾘｻｲｸﾙ工場,000001,ｵﾈｽﾄ,000613,吉田機電大阪支店,2,電子,,000006,川部
2025/01/18(土),2025/01/18(土),2025/01/18(土),006107,大京穴吹不動産,1,売上,000001,混合廃棄物A,10,10,03,kg,55,550,37287,000002,B（残置）,001,処分費,14:25,14:27,000000,大京穴吹不動産,000001,ｵﾈｽﾄ,000001,新木場ﾘｻｲｸﾙ工場,004463,あるくる,000823,あるくる,1,紙,,000001,矢作
2025/01/18(土),2025/01/18(土),2025/01/18(土),006107,大京穴吹不動産,1,売上,000029,木くず,20,20,03,kg,42,840,37287,000002,B（残置）,001,処分費,14:25,14:27,000000,大京穴吹不動産,000001,ｵﾈｽﾄ,000001,新木場ﾘｻｲｸﾙ工場,004463,あるくる,000823,あるくる,1,紙,,000001,矢作
2025/01/18(土),2025/01/18(土),2025/01/18(土),006509,ﾅｲﾃｯｸｽ,1,売上,000030,選別,720,720,03,kg,70,"50,400",37221,000001,A（事業）,001,処分費,09:35,09:35,000000,ﾅｲﾃｯｸｽ,000001,ｵﾈｽﾄ,000001,新木場ﾘｻｲｸﾙ工場,006509,ﾅｲﾃｯｸｽ,000182,ﾅｲﾃｯｸｽ,1,紙,,000004,山本
2025/01/18(土),2025/01/18(土),2025/01/18(土),006626,TMEIC,1,売上,000001,混合廃棄物A,510,510,03,kg,63,"32,130",37191,000002,B（残置）,001,処分費,06:29,06:29,000000,TMEIC,000001,ｵﾈｽﾄ,000001,新木場ﾘｻｲｸﾙ工場,001308,ｵﾈｽﾄ･ﾜﾝ,001021,ｵﾈｽﾄ･ﾜﾝ,2,電子,,000011,オネスト・ワン
2025/01/18(土),2025/01/18(土),2025/01/18(土),006626,TMEIC,1,売上,000030,選別,320,320,03,kg,60,"19,200",37191,000002,B（残置）,001,処分費,06:29,06:29,000000,TMEIC,000001,ｵﾈｽﾄ,000001,新木場ﾘｻｲｸﾙ工場,001308,ｵﾈｽﾄ･ﾜﾝ,001021,ｵﾈｽﾄ･ﾜﾝ,2,電子,,000011,オネスト・ワン
2025/01/18(土),2025/01/18(土),2025/01/18(土),006850,Blick,1,売上,000001,混合廃棄物A,700,700,03,kg,65,"45,500",37290,000003,C（解体）,001,処分費,14:35,14:37,000002,Blick(柏),000001,ｵﾈｽﾄ,000001,新木場ﾘｻｲｸﾙ工場,000001,ｵﾈｽﾄ,000528,Blick,1,紙,,000007,小林
2025/01/18(土),2025/01/18(土),2025/01/18(土),006850,Blick,1,売上,000349,運搬費(4ｔｺﾝﾃﾅ),,1,07,台,"28,000","28,000",37290,000003,C（解体）,002,運搬費,14:35,14:37,000002,Blick(柏),000001,ｵﾈｽﾄ,000001,新木場ﾘｻｲｸﾙ工場,000001,ｵﾈｽﾄ,000528,Blick,1,紙,,000007,小林
2025/01/18(土),2025/01/18(土),2025/01/18(土),006867,便利屋BACK UP,1,売上,000001,混合廃棄物A,80,80,03,kg,60,"4,800",37189,000002,B（残置）,001,処分費,06:26,06:26,000000,便利屋BACK UP,000001,ｵﾈｽﾄ,000001,新木場ﾘｻｲｸﾙ工場,006867,便利屋BACK UP,00537X,便利屋BACK UP,1,紙,,000007,小林
2025/01/18(土),2025/01/18(土),2025/01/18(土),007187,東央建設,1,売上,000002,混合廃棄物B,520,520,03,kg,70,"36,400",37300,000002,B（残置）,001,処分費,16:30,16:33,000004,東京都北区中十条3-20-17,000001,ｵﾈｽﾄ,000001,新木場ﾘｻｲｸﾙ工場,007767,ﾀﾆｶﾜ,001061,ﾀﾆｶﾜ,1,紙,,000012,サン・テクノ
2025/01/18(土),2025/01/18(土),2025/01/18(土),007375,ｳｴｽﾄﾊﾞﾚｰ,1,売上,000002,混合廃棄物B,210,210,03,kg,70,"14,700",37311,000003,C（解体）,001,処分費,18:08,18:13,000059,東京都練馬区春日町4-1-26,000001,ｵﾈｽﾄ,000001,新木場ﾘｻｲｸﾙ工場,008129,BAT,001152,BAT,1,紙,,000007,小林
2025/01/18(土),2025/01/18(土),2025/01/18(土),007438,東西建築ｻｰﾋﾞｽ東京支社,1,売上,000001,混合廃棄物A,50,50,03,kg,58,"2,900",37239,000004,D（建設）,001,処分費,10:54,11:17,000040,九段南ビル消火ポンプ更新工事,000001,ｵﾈｽﾄ,000001,新木場ﾘｻｲｸﾙ工場,000016,泉土木,000014,泉土木,1,紙,,000001,矢作
2025/01/18(土),2025/01/18(土),2025/01/18(土),007438,東西建築ｻｰﾋﾞｽ東京支社,2,支払,000068,GC 軽鉄･ｽﾁｰﾙ類,390,390,03,kg,24.5,"9,555",37239,000004,D（建設）,003,有価物,10:54,11:17,000040,九段南ビル消火ポンプ更新工事,000001,ｵﾈｽﾄ,000001,新木場ﾘｻｲｸﾙ工場,000016,泉土木,000014,泉土木,1,紙,,000001,矢作
2025/01/18(土),2025/01/18(土),2025/01/18(土),007438,東西建築ｻｰﾋﾞｽ東京支社,2,支払,000120,ﾓｰﾀｰ,60,60,03,kg,100,"6,000",37239,000004,D（建設）,003,有価物,10:54,11:17,000040,九段南ビル消火ポンプ更新工事,000001,ｵﾈｽﾄ,000001,新木場ﾘｻｲｸﾙ工場,000016,泉土木,000014,泉土木,1,紙,,000001,矢作
2025/01/18(土),2025/01/18(土),2025/01/18(土),007602,日耐,1,売上,000002,混合廃棄物B,"1,330","1,330",03,kg,70,"93,100",37201,000005,E（中・積),001,処分費,07:41,07:43,000001,日耐,000001,ｵﾈｽﾄ,000001,新木場ﾘｻｲｸﾙ工場,004650,丸正環境ｾﾝﾀｰ,000601,丸正環境ｾﾝﾀｰ,1,紙,,000006,川部
2025/01/18(土),2025/01/18(土),2025/01/18(土),007647,英優建設,1,売上,000001,混合廃棄物A,90,90,03,kg,65,"5,850",37227,000002,B（残置）,001,処分費,10:09,10:09,000040,英優建設（渋谷区富ヶ谷）,000001,ｵﾈｽﾄ,000001,新木場ﾘｻｲｸﾙ工場,007489,ﾌｫｰﾒｰｼｮﾝ,001020,ﾌｫｰﾒｰｼｮﾝ,1,紙,,000007,小林
2025/01/18(土),2025/01/18(土),2025/01/18(土),007647,英優建設,1,売上,000024,石膏ﾎﾞｰﾄﾞA,10,10,03,kg,40,400,37227,000002,B（残置）,001,処分費,10:09,10:09,000040,英優建設（渋谷区富ヶ谷）,000001,ｵﾈｽﾄ,000001,新木場ﾘｻｲｸﾙ工場,007489,ﾌｫｰﾒｰｼｮﾝ,001020,ﾌｫｰﾒｰｼｮﾝ,1,紙,,000007,小林
2025/01/18(土),2025/01/18(土),2025/01/18(土),007647,英優建設,1,売上,000029,木くず,70,70,03,kg,35,"2,450",37227,000002,B（残置）,001,処分費,10:09,10:09,000040,英優建設（渋谷区富ヶ谷）,000001,ｵﾈｽﾄ,000001,新木場ﾘｻｲｸﾙ工場,007489,ﾌｫｰﾒｰｼｮﾝ,001020,ﾌｫｰﾒｰｼｮﾝ,1,紙,,000007,小林
2025/01/18(土),2025/01/18(土),2025/01/18(土),007844,栗原内装,1,売上,000001,混合廃棄物A,"1,050","1,050",03,kg,65,"68,250",37190,000004,D（建設）,001,処分費,06:27,06:27,000002,港区六本木7-8-8,000001,ｵﾈｽﾄ,000001,新木場ﾘｻｲｸﾙ工場,000144,H&N,000115,H&N,1,紙,,000002,渡辺
2025/01/18(土),2025/01/18(土),2025/01/18(土),008031,ｲｰｽﾞ,1,売上,000010,混合廃棄物(ﾎﾞｰﾄﾞ混入),900,900,03,kg,100,"90,000",37244,000004,D（建設）,001,処分費,11:16,11:19,000022,成田市立公津の杜中学校,000001,ｵﾈｽﾄ,000001,新木場ﾘｻｲｸﾙ工場,000001,ｵﾈｽﾄ,001159,関東空調設備,1,紙,,000006,川部
2025/01/18(土),2025/01/18(土),2025/01/18(土),008031,ｲｰｽﾞ,1,売上,000349,運搬費(4ｔｺﾝﾃﾅ),,1,07,台,"33,000","33,000",37244,000004,D（建設）,002,運搬費,11:16,11:19,000022,成田市立公津の杜中学校,000001,ｵﾈｽﾄ,000001,新木場ﾘｻｲｸﾙ工場,000001,ｵﾈｽﾄ,001159,関東空調設備,1,紙,,000006,川部
2025/01/18(土),2025/01/18(土),2025/01/18(土),008060,ﾐﾗｲﾄ･ﾜﾝ,1,売上,000001,混合廃棄物A,"1,760","1,760",03,kg,60,"105,600",37262,000004,D（建設）,001,処分費,12:46,12:53,000003,電気通信工事,000001,ｵﾈｽﾄ,000001,新木場ﾘｻｲｸﾙ工場,003444,上野運輸,000271,上野運輸,1,紙,,000004,山本
2025/01/18(土),2025/01/18(土),2025/01/18(土),008116,日立ﾌﾟﾗﾝﾄｻｰﾋﾞｽ,2,支払,000068,GC 軽鉄･ｽﾁｰﾙ類,"1,560","1,560",03,kg,24.5,"38,220",37281,000004,D（建設）,003,有価物,14:28,14:30,000004,上組横浜支店出田町青果ｾﾝﾀｰ1号上屋3・5号,000001,ｵﾈｽﾄ,000001,新木場ﾘｻｲｸﾙ工場,000016,泉土木,000014,泉土木,1,紙,,000001,矢作
2025/01/18(土),2025/01/18(土),2025/01/18(土),008116,日立ﾌﾟﾗﾝﾄｻｰﾋﾞｽ,2,支払,000068,GC 軽鉄･ｽﾁｰﾙ類,"1,690","1,690",03,kg,24.5,"41,405",37282,000004,D（建設）,003,有価物,14:53,14:54,000004,上組横浜支店出田町青果ｾﾝﾀｰ1号上屋3・5号,000001,ｵﾈｽﾄ,000001,新木場ﾘｻｲｸﾙ工場,000016,泉土木,000014,泉土木,1,紙,,000001,矢作
2025/01/18(土),2025/01/18(土),2025/01/18(土),008245,興和東京支店,1,売上,000001,混合廃棄物A,720,720,03,kg,53,"38,160",37207,000001,A（事業）,001,処分費,08:13,08:15,000000,興和東京支店,000001,ｵﾈｽﾄ,000001,新木場ﾘｻｲｸﾙ工場,000302,ﾖｼﾓﾘ,000244,ﾖｼﾓﾘ,1,紙,,000002,渡辺
2025/01/18(土),2025/01/18(土),2025/01/18(土),008383,ﾋﾉｷﾔｸﾞﾙｰﾌﾟ,1,売上,000002,混合廃棄物B,660,660,03,kg,65,"42,900",37226,000003,C（解体）,001,処分費,10:03,10:07,000005,横浜市鶴見区東寺尾6丁目計画　解体工事（,000001,ｵﾈｽﾄ,000001,新木場ﾘｻｲｸﾙ工場,002245,三友建設,000658,三友建設,2,電子,,000002,渡辺
2025/01/18(土),2025/01/18(土),2025/01/18(土),008462,Sｲﾝﾀﾞｳｴｽﾄ,1,売上,000004,混合廃棄物(焼却物),570,570,03,kg,75,"42,750",37247,000002,B（残置）,001,処分費,11:21,11:21,000000,Sｲﾝﾀﾞｳｴｽﾄ,000001,ｵﾈｽﾄ,000001,新木場ﾘｻｲｸﾙ工場,008462,Sｲﾝﾀﾞｳｴｽﾄ,000444,S･ｲﾝﾀﾞ ｳｴｽﾄ,1,紙,,000007,小林
2025/01/18(土),2025/01/18(土),2025/01/18(土),008462,Sｲﾝﾀﾞｳｴｽﾄ,1,売上,000004,混合廃棄物(焼却物),640,640,03,kg,75,"48,000",37299,000002,B（残置）,001,処分費,16:29,16:34,000000,Sｲﾝﾀﾞｳｴｽﾄ,000001,ｵﾈｽﾄ,000001,新木場ﾘｻｲｸﾙ工場,008462,Sｲﾝﾀﾞｳｴｽﾄ,000444,S･ｲﾝﾀﾞ ｳｴｽﾄ,1,紙,,000007,小林
2025/01/18(土),2025/01/18(土),2025/01/18(土),008496,ますでん,2,支払,000069,GD,700,700,03,kg,14,"9,800",37302,000004,D（建設）,003,有価物,17:03,17:03,000001,区立赤塚保育園外1施設照明設備改修工事,000001,ｵﾈｽﾄ,000001,新木場ﾘｻｲｸﾙ工場,000016,泉土木,000014,泉土木,1,紙,,000001,矢作
2025/01/18(土),2025/01/18(土),2025/01/18(土),008726,宝印刷,1,売上,000016,軽量物系A(発泡ｽﾁﾛｰﾙ),120,120,03,kg,200,"24,000",37274,000001,A（事業）,001,処分費,13:38,13:38,000000,宝印刷,000001,ｵﾈｽﾄ,000001,新木場ﾘｻｲｸﾙ工場,001856,SUN-K,000261,SUNｰK,1,紙,,000006,川部
2025/01/18(土),2025/01/18(土),2025/01/18(土),008764,ﾜﾝｳｯﾄﾞ,1,売上,000002,混合廃棄物B,880,880,03,kg,70,"61,600",37254,000003,C（解体）,001,処分費,12:02,12:05,000001,AGAｽｷﾝｸﾘﾆｯｸ,000001,ｵﾈｽﾄ,000001,新木場ﾘｻｲｸﾙ工場,000362,ﾐﾔ産興,000290,ﾐﾔ産興,1,紙,,000004,山本
2025/01/18(土),2025/01/18(土),2025/01/18(土),008768,ﾊﾟｰｿﾅﾙｷｬﾘｱｺﾝｻﾙﾃｨﾝｸﾞ,1,売上,000001,混合廃棄物A,10,10,03,kg,65,650,37277,000002,B（残置）,001,処分費,13:47,14:27,000001,ﾊﾟｰｿﾅﾙｷｬﾘｱｺﾝｻﾙﾃｨﾝｸﾞ(町田),000001,ｵﾈｽﾄ,000001,新木場ﾘｻｲｸﾙ工場,000110,ﾃｲｿｳ物流ｻｰﾋﾞｽ,000088,ﾃｲｿｳ物流ｻｰﾋﾞｽ,1,紙,,000002,渡辺
2025/01/18(土),2025/01/18(土),2025/01/18(土),008768,ﾊﾟｰｿﾅﾙｷｬﾘｱｺﾝｻﾙﾃｨﾝｸﾞ,1,売上,000030,選別,320,320,03,kg,70,"22,400",37257,000002,B（残置）,001,処分費,12:30,12:31,000001,ﾊﾟｰｿﾅﾙｷｬﾘｱｺﾝｻﾙﾃｨﾝｸﾞ(町田),000001,ｵﾈｽﾄ,000001,新木場ﾘｻｲｸﾙ工場,000110,ﾃｲｿｳ物流ｻｰﾋﾞｽ,000088,ﾃｲｿｳ物流ｻｰﾋﾞｽ,1,紙,,000002,渡辺
2025/01/18(土),2025/01/18(土),2025/01/18(土),008768,ﾊﾟｰｿﾅﾙｷｬﾘｱｺﾝｻﾙﾃｨﾝｸﾞ,1,売上,000030,選別,620,620,03,kg,70,"43,400",37277,000002,B（残置）,001,処分費,13:47,14:27,000001,ﾊﾟｰｿﾅﾙｷｬﾘｱｺﾝｻﾙﾃｨﾝｸﾞ(町田),000001,ｵﾈｽﾄ,000001,新木場ﾘｻｲｸﾙ工場,000110,ﾃｲｿｳ物流ｻｰﾋﾞｽ,000088,ﾃｲｿｳ物流ｻｰﾋﾞｽ,1,紙,,000002,渡辺
2025/01/18(土),2025/01/18(土),2025/01/18(土),008768,ﾊﾟｰｿﾅﾙｷｬﾘｱｺﾝｻﾙﾃｨﾝｸﾞ,2,支払,000068,GC 軽鉄･ｽﾁｰﾙ類,720,720,03,kg,15.5,"11,160",37257,000002,B（残置）,003,有価物,12:30,12:31,000001,ﾊﾟｰｿﾅﾙｷｬﾘｱｺﾝｻﾙﾃｨﾝｸﾞ(町田),000001,ｵﾈｽﾄ,000001,新木場ﾘｻｲｸﾙ工場,000110,ﾃｲｿｳ物流ｻｰﾋﾞｽ,000088,ﾃｲｿｳ物流ｻｰﾋﾞｽ,1,紙,,000002,渡辺
2025/01/18(土),2025/01/18(土),2025/01/18(土),008780,三井物産企業投資,1,売上,000030,選別,80,80,03,kg,60,"4,800",37270,000002,B（残置）,001,処分費,14:01,14:02,000000,三井物産企業投資,000001,ｵﾈｽﾄ,000001,新木場ﾘｻｲｸﾙ工場,006008,洗足池運輸,001021,ｵﾈｽﾄ･ﾜﾝ,1,紙,,000011,オネスト・ワン
2025/01/18(土),2025/01/18(土),2025/01/18(土),008780,三井物産企業投資,2,支払,000068,GC 軽鉄･ｽﾁｰﾙ類,740,740,03,kg,28,"20,720",37270,000002,B（残置）,003,有価物,14:01,14:02,000000,三井物産企業投資,000001,ｵﾈｽﾄ,000001,新木場ﾘｻｲｸﾙ工場,006008,洗足池運輸,001021,ｵﾈｽﾄ･ﾜﾝ,1,紙,,000011,オネスト・ワン
2025/01/18(土),2025/01/18(土),2025/01/18(土),008796,ﾀﾞｲｺｰ,1,売上,000001,混合廃棄物A,810,810,03,kg,63,"51,030",37307,000002,B（残置）,001,処分費,17:46,18:06,000001,ﾀﾞｲｺｰ(港区),000001,ｵﾈｽﾄ,000001,新木場ﾘｻｲｸﾙ工場,001308,ｵﾈｽﾄ･ﾜﾝ,001021,ｵﾈｽﾄ･ﾜﾝ,1,紙,,000011,オネスト・ワン
2025/01/18(土),2025/01/18(土),2025/01/18(土),008796,ﾀﾞｲｺｰ,1,売上,000029,木くず,350,350,03,kg,25,"8,750",37307,000002,B（残置）,001,処分費,17:46,18:06,000001,ﾀﾞｲｺｰ(港区),000001,ｵﾈｽﾄ,000001,新木場ﾘｻｲｸﾙ工場,001308,ｵﾈｽﾄ･ﾜﾝ,001021,ｵﾈｽﾄ･ﾜﾝ,1,紙,,000011,オネスト・ワン
2025/01/18(土),2025/01/18(土),2025/01/18(土),008796,ﾀﾞｲｺｰ,1,売上,000030,選別,320,320,03,kg,60,"19,200",37307,000002,B（残置）,001,処分費,17:46,18:06,000001,ﾀﾞｲｺｰ(港区),000001,ｵﾈｽﾄ,000001,新木場ﾘｻｲｸﾙ工場,001308,ｵﾈｽﾄ･ﾜﾝ,001021,ｵﾈｽﾄ･ﾜﾝ,1,紙,,000011,オネスト・ワン
2025/01/18(土),2025/01/18(土),2025/01/18(土),008796,ﾀﾞｲｺｰ,1,売上,000030,選別,"2,010","2,010",03,kg,60,"120,600",37268,000002,B（残置）,001,処分費,13:24,13:24,000001,ﾀﾞｲｺｰ(港区),000001,ｵﾈｽﾄ,000001,新木場ﾘｻｲｸﾙ工場,001308,ｵﾈｽﾄ･ﾜﾝ,001021,ｵﾈｽﾄ･ﾜﾝ,1,紙,,000011,オネスト・ワン
2025/01/18(土),2025/01/18(土),2025/01/18(土),008796,ﾀﾞｲｺｰ,2,支払,000068,GC 軽鉄･ｽﾁｰﾙ類,20,20,03,kg,28,560,37307,000002,B（残置）,003,有価物,17:46,18:06,000001,ﾀﾞｲｺｰ(港区),000001,ｵﾈｽﾄ,000001,新木場ﾘｻｲｸﾙ工場,001308,ｵﾈｽﾄ･ﾜﾝ,001021,ｵﾈｽﾄ･ﾜﾝ,1,紙,,000011,オネスト・ワン
2025/01/18(土),2025/01/18(土),2025/01/18(土),008797,学校図書,1,売上,000030,選別,140,140,03,kg,60,"8,400",37241,000002,B（残置）,001,処分費,11:08,11:08,000000,学校図書,000001,ｵﾈｽﾄ,000001,新木場ﾘｻｲｸﾙ工場,001308,ｵﾈｽﾄ･ﾜﾝ,001021,ｵﾈｽﾄ･ﾜﾝ,1,紙,,000011,オネスト・ワン
2025/01/18(土),2025/01/18(土),2025/01/18(土),008797,学校図書,2,支払,000068,GC 軽鉄･ｽﾁｰﾙ類,80,80,03,kg,28,"2,240",37241,000002,B（残置）,003,有価物,11:08,11:08,000000,学校図書,000001,ｵﾈｽﾄ,000001,新木場ﾘｻｲｸﾙ工場,001308,ｵﾈｽﾄ･ﾜﾝ,001021,ｵﾈｽﾄ･ﾜﾝ,1,紙,,000011,オネスト・ワン
2025/01/19(日),2025/01/19(日),2025/01/19(日),000086,"奉仕社 誠印 ",1,売上,000001,混合廃棄物A,70,70,03,kg,65,"4,550",37323,000002,B（残置）,001,処分費,10:27,10:27,000000,"奉仕社 誠印 ",000001,ｵﾈｽﾄ,000001,新木場ﾘｻｲｸﾙ工場,000086,"奉仕社 誠印 ",000072,"奉仕社 誠印  ",1,紙,,000007,小林
2025/01/19(日),2025/01/19(日),2025/01/19(日),000086,"奉仕社 誠印 ",1,売上,000004,混合廃棄物(焼却物),80,80,03,kg,75,"6,000",37323,000002,B（残置）,001,処分費,10:27,10:27,000000,"奉仕社 誠印 ",000001,ｵﾈｽﾄ,000001,新木場ﾘｻｲｸﾙ工場,000086,"奉仕社 誠印 ",000072,"奉仕社 誠印  ",1,紙,,000007,小林
2025/01/19(日),2025/01/19(日),2025/01/19(日),000110,ﾃｲｿｳ物流ｻｰﾋﾞｽ,1,売上,000001,混合廃棄物A,320,320,03,kg,65,"20,800",37334,000002,B（残置）,001,処分費,13:06,13:06,000000,ﾃｲｿｳ物流ｻｰﾋﾞｽ,000001,ｵﾈｽﾄ,000001,新木場ﾘｻｲｸﾙ工場,000110,ﾃｲｿｳ物流ｻｰﾋﾞｽ,000088,ﾃｲｿｳ物流ｻｰﾋﾞｽ,1,紙,,000002,渡辺
2025/01/19(日),2025/01/19(日),2025/01/19(日),000740,ﾌﾛﾝﾃｨｱ,1,売上,000001,混合廃棄物A,"1,610","1,610",03,kg,60,"96,600",37318,000001,A（事業）,001,処分費,10:14,10:17,000001,ﾌﾛﾝﾃｨｱ入谷ﾘｻｲｸﾙ工場,000001,ｵﾈｽﾄ,000001,新木場ﾘｻｲｸﾙ工場,000740,ﾌﾛﾝﾃｨｱ,000570,ﾌﾛﾝﾃｨｱ（渡辺・足立区）,1,紙,,000002,渡辺
2025/01/19(日),2025/01/19(日),2025/01/19(日),000740,ﾌﾛﾝﾃｨｱ,1,売上,000001,混合廃棄物A,"1,620","1,620",03,kg,60,"97,200",37336,000001,A（事業）,001,処分費,13:12,13:14,000001,ﾌﾛﾝﾃｨｱ入谷ﾘｻｲｸﾙ工場,000001,ｵﾈｽﾄ,000001,新木場ﾘｻｲｸﾙ工場,000740,ﾌﾛﾝﾃｨｱ,000570,ﾌﾛﾝﾃｨｱ（渡辺・足立区）,1,紙,,000002,渡辺
2025/01/19(日),2025/01/19(日),2025/01/19(日),000751,まごのて,1,売上,000001,混合廃棄物A,460,460,03,kg,65,"29,900",37338,000002,B（残置）,001,処分費,13:13,13:17,000000,まごのて,000001,ｵﾈｽﾄ,000001,新木場ﾘｻｲｸﾙ工場,000751,まごのて,000580,まごのて,2,電子,,000006,川部
2025/01/19(日),2025/01/19(日),2025/01/19(日),000751,まごのて,1,売上,000001,混合廃棄物A,560,560,03,kg,65,"36,400",37362,000002,B,001,処分費,16:39,16:47,000000,まごのて,000001,ｵﾈｽﾄ,000001,新木場ﾘｻｲｸﾙ工場,000751,まごのて,000580,まごのて,2,電子,,000006,川部
2025/01/19(日),2025/01/19(日),2025/01/19(日),000926,おかたづけ田中くん,1,売上,000001,混合廃棄物A,120,120,03,kg,65,"7,800",37355,000002,B（残置）,001,処分費,15:46,15:49,000000,おかたづけ田中くん,000001,ｵﾈｽﾄ,000001,新木場ﾘｻｲｸﾙ工場,000926,おかたづけ田中くん,001312,おかたづけ田中くん,1,紙,,000002,渡辺
2025/01/19(日),2025/01/19(日),2025/01/19(日),000926,おかたづけ田中くん,1,売上,000001,混合廃棄物A,270,270,03,kg,65,"17,550",37325,000002,B（残置）,001,処分費,10:46,10:55,000000,おかたづけ田中くん,000001,ｵﾈｽﾄ,000001,新木場ﾘｻｲｸﾙ工場,000926,おかたづけ田中くん,001312,おかたづけ田中くん,1,紙,,000002,渡辺
2025/01/19(日),2025/01/19(日),2025/01/19(日),000926,おかたづけ田中くん,1,売上,000029,木くず,20,20,03,kg,35,700,37355,000002,B（残置）,001,処分費,15:46,15:49,000000,おかたづけ田中くん,000001,ｵﾈｽﾄ,000001,新木場ﾘｻｲｸﾙ工場,000926,おかたづけ田中くん,001312,おかたづけ田中くん,1,紙,,000002,渡辺
2025/01/19(日),2025/01/19(日),2025/01/19(日),000926,おかたづけ田中くん,1,売上,000029,木くず,250,250,03,kg,35,"8,750",37325,000002,B（残置）,001,処分費,10:46,10:55,000000,おかたづけ田中くん,000001,ｵﾈｽﾄ,000001,新木場ﾘｻｲｸﾙ工場,000926,おかたづけ田中くん,001312,おかたづけ田中くん,1,紙,,000002,渡辺
2025/01/19(日),2025/01/19(日),2025/01/19(日),001048,司工業,1,売上,000002,混合廃棄物B,490,490,03,kg,70,"34,300",37345,000003,C（解体）,001,処分費,14:38,14:40,000000,司工業,000001,ｵﾈｽﾄ,000001,新木場ﾘｻｲｸﾙ工場,001048,司工業,000805,司工業,1,紙,,000004,山本
2025/01/19(日),2025/01/19(日),2025/01/19(日),001203,ﾏﾙﾐﾔ社,1,売上,000001,混合廃棄物A,140,140,03,kg,65,"9,100",37358,000002,B（残置）,001,処分費,15:51,15:55,000000,ﾏﾙﾐﾔ社,000001,ｵﾈｽﾄ,000001,新木場ﾘｻｲｸﾙ工場,001203,ﾏﾙﾐﾔ社,000934,ﾏﾙﾐﾔ社,1,紙,,000002,渡辺
2025/01/19(日),2025/01/19(日),2025/01/19(日),001203,ﾏﾙﾐﾔ社,1,売上,000004,混合廃棄物(焼却物),60,60,03,kg,75,"4,500",37358,000002,B（残置）,001,処分費,15:51,15:55,000000,ﾏﾙﾐﾔ社,000001,ｵﾈｽﾄ,000001,新木場ﾘｻｲｸﾙ工場,001203,ﾏﾙﾐﾔ社,000934,ﾏﾙﾐﾔ社,1,紙,,000002,渡辺
2025/01/19(日),2025/01/19(日),2025/01/19(日),001226,ｱｰﾙﾂｰ,1,売上,000001,混合廃棄物A,100,100,03,kg,65,"6,500",37349,000002,B（残置）,001,処分費,15:00,15:02,000000,ｱｰﾙﾂｰ,000001,ｵﾈｽﾄ,000001,新木場ﾘｻｲｸﾙ工場,001226,ｱｰﾙﾂｰ,000950,ｱｰﾙﾂｰ,1,紙,,000006,川部
2025/01/19(日),2025/01/19(日),2025/01/19(日),001318,丸伍産業,1,売上,000002,混合廃棄物B,310,310,03,kg,75,"23,250",37327,000004,D（建設）,001,処分費,11:05,11:08,000029,ｲﾝﾃﾘｱ附帯工作物撤去工事,000001,ｵﾈｽﾄ,000001,新木場ﾘｻｲｸﾙ工場,001318,丸伍産業,001030,丸伍産業,1,紙,,000012,サン・テクノ
2025/01/19(日),2025/01/19(日),2025/01/19(日),001434,(ｻﾝﾃｸﾉ)東和ｴﾝｼﾞﾆｱﾘﾝｸﾞ,1,売上,000001,混合廃棄物A,90,90,03,kg,58,"5,220",37347,000006,F（他）,001,処分費,14:47,14:47,000026,赤坂ｲﾝﾀｰｼﾃｨｶﾝﾌｧﾚﾝｽ,000001,ｵﾈｽﾄ,000001,新木場ﾘｻｲｸﾙ工場,005884,(ｻﾝﾃｸﾉ)ｻﾝﾄﾗｽﾄ,001022,ｻﾝ･ﾃｸﾉ,1,紙,,000012,サン・テクノ
2025/01/19(日),2025/01/19(日),2025/01/19(日),001454,谷津商会,1,売上,000001,混合廃棄物A,460,460,03,kg,65,"29,900",37319,000001,A（事業）,001,処分費,10:19,10:21,000000,谷津商会,000001,ｵﾈｽﾄ,000001,新木場ﾘｻｲｸﾙ工場,001454,谷津商会,000247,谷津商会,1,紙,,000002,渡辺
2025/01/19(日),2025/01/19(日),2025/01/19(日),001739,三機工業（八丁堀）,1,売上,000001,混合廃棄物A,30,30,03,kg,65,"1,950",37350,000004,D（建設）,001,処分費,15:12,15:15,000015,愛宕グリーンヒルズMORIタワー,000001,ｵﾈｽﾄ,000001,新木場ﾘｻｲｸﾙ工場,001051,Y-maxx,000808,Y-maxx,1,紙,,000004,山本
2025/01/19(日),2025/01/19(日),2025/01/19(日),001739,三機工業（八丁堀）,1,売上,000029,木くず,240,240,03,kg,35,"8,400",37350,000004,D（建設）,001,処分費,15:12,15:15,000015,愛宕グリーンヒルズMORIタワー,000001,ｵﾈｽﾄ,000001,新木場ﾘｻｲｸﾙ工場,001051,Y-maxx,000808,Y-maxx,1,紙,,000004,山本
2025/01/19(日),2025/01/19(日),2025/01/19(日),001896,東京大気社ｻｰﾋﾞｽ,1,売上,000010,混合廃棄物(ﾎﾞｰﾄﾞ混入),530,530,03,kg,60,"31,800",37361,000004,D（建設）,001,処分費,16:25,16:27,000001,みずほ情報総研株式会社西葛西作業所,000001,ｵﾈｽﾄ,000001,新木場ﾘｻｲｸﾙ工場,000016,泉土木,000014,泉土木,1,紙,,000001,矢作
2025/01/19(日),2025/01/19(日),2025/01/19(日),002332,太平ｴﾝｼﾞﾆｱﾘﾝｸﾞ,1,売上,000001,混合廃棄物A,340,340,03,kg,65,"22,100",37343,000004,D（建設）,001,処分費,14:02,14:06,000023,中山ﾋﾞﾙ,000001,ｵﾈｽﾄ,000001,新木場ﾘｻｲｸﾙ工場,000361,全公研,000289,全公研,1,紙,,000004,山本
2025/01/19(日),2025/01/19(日),2025/01/19(日),002332,太平ｴﾝｼﾞﾆｱﾘﾝｸﾞ,1,売上,000026,石膏ﾎﾞｰﾄﾞC,40,40,03,kg,80,"3,200",37343,000004,D（建設）,001,処分費,14:02,14:06,000023,中山ﾋﾞﾙ,000001,ｵﾈｽﾄ,000001,新木場ﾘｻｲｸﾙ工場,000361,全公研,000289,全公研,1,紙,,000004,山本
2025/01/19(日),2025/01/19(日),2025/01/19(日),002845,TOKYO MOVE.com,1,売上,000001,混合廃棄物A,100,100,03,kg,65,"6,500",37335,000002,B（残置）,001,処分費,13:02,13:10,000001,TOKYO MOVE.com,000001,ｵﾈｽﾄ,000001,新木場ﾘｻｲｸﾙ工場,002845,TOKYO MOVE.com,000862,TOKYO MOVE.com,1,紙,,000004,山本
2025/01/19(日),2025/01/19(日),2025/01/19(日),002845,TOKYO MOVE.com,1,売上,000013,混合廃棄物(ｿﾌｧｰ),40,40,03,kg,100,"4,000",37335,000002,B（残置）,001,処分費,13:02,13:10,000001,TOKYO MOVE.com,000001,ｵﾈｽﾄ,000001,新木場ﾘｻｲｸﾙ工場,002845,TOKYO MOVE.com,000862,TOKYO MOVE.com,1,紙,,000004,山本
2025/01/19(日),2025/01/19(日),2025/01/19(日),002845,TOKYO MOVE.com,1,売上,000029,木くず,170,170,03,kg,35,"5,950",37335,000002,B（残置）,001,処分費,13:02,13:10,000001,TOKYO MOVE.com,000001,ｵﾈｽﾄ,000001,新木場ﾘｻｲｸﾙ工場,002845,TOKYO MOVE.com,000862,TOKYO MOVE.com,1,紙,,000004,山本
2025/01/19(日),2025/01/19(日),2025/01/19(日),003023,竹中工務店東京本店安全環境部,1,売上,000030,選別,200,200,03,kg,55,"11,000",37333,000004,D（建設）,001,処分費,13:06,13:07,000042,偕成社市谷本社ビル２・４階改修２期,000001,ｵﾈｽﾄ,000001,新木場ﾘｻｲｸﾙ工場,000016,泉土木,000014,泉土木,1,紙,,000001,矢作
2025/01/19(日),2025/01/19(日),2025/01/19(日),003023,竹中工務店東京本店安全環境部,2,支払,000068,GC 軽鉄･ｽﾁｰﾙ類,320,320,03,kg,24.5,"7,840",37316,000004,D（建設）,003,有価物,10:17,10:17,000011,竹中ＯＣＢ地下１階改修,000001,ｵﾈｽﾄ,000001,新木場ﾘｻｲｸﾙ工場,000016,泉土木,000014,泉土木,2,電子,,000001,矢作
2025/01/19(日),2025/01/19(日),2025/01/19(日),003023,竹中工務店東京本店安全環境部,2,支払,000068,GC 軽鉄･ｽﾁｰﾙ類,770,770,03,kg,24.5,"18,865",37333,000004,D（建設）,003,有価物,13:06,13:07,000042,偕成社市谷本社ビル２・４階改修２期,000001,ｵﾈｽﾄ,000001,新木場ﾘｻｲｸﾙ工場,000016,泉土木,000014,泉土木,1,紙,,000001,矢作
2025/01/19(日),2025/01/19(日),2025/01/19(日),003023,竹中工務店東京本店安全環境部,2,支払,000069,GD,870,870,03,kg,14,"12,180",37321,000004,D（建設）,003,有価物,10:25,10:25,000037,諸口（渋谷青山ＦＭ２５上）,000001,ｵﾈｽﾄ,000001,新木場ﾘｻｲｸﾙ工場,000016,泉土木,000014,泉土木,1,紙,,000001,矢作
2025/01/19(日),2025/01/19(日),2025/01/19(日),003140,ｻﾞｲﾏｯｸｽ,1,売上,000001,混合廃棄物A,110,110,03,kg,58,"6,380",37346,000004,D（建設）,001,処分費,14:43,14:58,000000,ｻﾞｲﾏｯｸｽ,000001,ｵﾈｽﾄ,000001,新木場ﾘｻｲｸﾙ工場,000016,泉土木,000014,泉土木,1,紙,,000001,矢作
2025/01/19(日),2025/01/19(日),2025/01/19(日),003140,ｻﾞｲﾏｯｸｽ,1,売上,000046,ﾀﾞﾝﾎﾞｰﾙ,30,30,03,kg,0,0,37346,000004,D（建設）,001,処分費,14:43,14:58,000000,ｻﾞｲﾏｯｸｽ,000001,ｵﾈｽﾄ,000001,新木場ﾘｻｲｸﾙ工場,000016,泉土木,000014,泉土木,1,紙,,000001,矢作
2025/01/19(日),2025/01/19(日),2025/01/19(日),003140,ｻﾞｲﾏｯｸｽ,2,支払,000069,GD,630,630,03,kg,14,"8,820",37346,000004,D（建設）,003,有価物,14:43,14:58,000000,ｻﾞｲﾏｯｸｽ,000001,ｵﾈｽﾄ,000001,新木場ﾘｻｲｸﾙ工場,000016,泉土木,000014,泉土木,1,紙,,000001,矢作
2025/01/19(日),2025/01/19(日),2025/01/19(日),003141,ｴﾑ･ｼｽﾃﾑ,1,売上,000001,混合廃棄物A,20,20,03,kg,58,"1,160",37352,000004,D（建設）,001,処分費,15:24,15:37,000004,寿ﾋﾞﾙ,000001,ｵﾈｽﾄ,000001,新木場ﾘｻｲｸﾙ工場,000016,泉土木,000014,泉土木,1,紙,,000001,矢作
2025/01/19(日),2025/01/19(日),2025/01/19(日),003141,ｴﾑ･ｼｽﾃﾑ,1,売上,000108,室内機,40,40,03,kg,55,"2,200",37352,000004,D（建設）,001,処分費,15:24,15:37,000004,寿ﾋﾞﾙ,000001,ｵﾈｽﾄ,000001,新木場ﾘｻｲｸﾙ工場,000016,泉土木,000014,泉土木,1,紙,,000001,矢作
2025/01/19(日),2025/01/19(日),2025/01/19(日),003141,ｴﾑ･ｼｽﾃﾑ,2,支払,000070,室外機,70,70,03,kg,30,"2,100",37352,000004,D（建設）,003,有価物,15:24,15:37,000004,寿ﾋﾞﾙ,000001,ｵﾈｽﾄ,000001,新木場ﾘｻｲｸﾙ工場,000016,泉土木,000014,泉土木,1,紙,,000001,矢作
2025/01/19(日),2025/01/19(日),2025/01/19(日),003423,ﾘｺｰｼﾞｬﾊﾟﾝ,1,売上,000001,混合廃棄物A,50,50,03,kg,58,"2,900",37339,000004,D（建設）,001,処分費,13:35,13:49,000000,ﾘｺｰｼﾞｬﾊﾟﾝ,000001,ｵﾈｽﾄ,000001,新木場ﾘｻｲｸﾙ工場,000016,泉土木,000014,泉土木,1,紙,,000001,矢作
2025/01/19(日),2025/01/19(日),2025/01/19(日),003423,ﾘｺｰｼﾞｬﾊﾟﾝ,1,売上,000108,室内機,100,100,03,kg,55,"5,500",37339,000004,D（建設）,001,処分費,13:35,13:49,000000,ﾘｺｰｼﾞｬﾊﾟﾝ,000001,ｵﾈｽﾄ,000001,新木場ﾘｻｲｸﾙ工場,000016,泉土木,000014,泉土木,1,紙,,000001,矢作
2025/01/19(日),2025/01/19(日),2025/01/19(日),003423,ﾘｺｰｼﾞｬﾊﾟﾝ,2,支払,000070,室外機,270,270,03,kg,30,"8,100",37339,000004,D（建設）,003,有価物,13:35,13:49,000000,ﾘｺｰｼﾞｬﾊﾟﾝ,000001,ｵﾈｽﾄ,000001,新木場ﾘｻｲｸﾙ工場,000016,泉土木,000014,泉土木,1,紙,,000001,矢作
2025/01/19(日),2025/01/19(日),2025/01/19(日),003440,ｽﾏｲﾙ,1,売上,000001,混合廃棄物A,290,290,03,kg,65,"18,850",37315,000004,D（建設）,001,処分費,10:07,10:09,000000,ｽﾏｲﾙ,000001,ｵﾈｽﾄ,000001,新木場ﾘｻｲｸﾙ工場,000351,那須野興業,000280,那須野興業,1,紙,,000004,山本
2025/01/19(日),2025/01/19(日),2025/01/19(日),004364,ｳｲﾝｸﾞ,1,売上,000001,混合廃棄物A,30,30,03,kg,65,"1,950",37351,000002,B（残置）,001,処分費,15:17,15:21,000000,ｳｲﾝｸﾞ,000001,ｵﾈｽﾄ,000001,新木場ﾘｻｲｸﾙ工場,004364,ｳｲﾝｸﾞ,000092,ｳｲﾝｸﾞ,1,紙,,000006,川部
2025/01/19(日),2025/01/19(日),2025/01/19(日),004364,ｳｲﾝｸﾞ,1,売上,000001,混合廃棄物A,450,450,03,kg,65,"29,250",37332,000002,B（残置）,001,処分費,11:33,11:33,000049,西川邸,000001,ｵﾈｽﾄ,000001,新木場ﾘｻｲｸﾙ工場,004364,ｳｲﾝｸﾞ,000092,ｳｲﾝｸﾞ,1,紙,,000006,川部
2025/01/19(日),2025/01/19(日),2025/01/19(日),004364,ｳｲﾝｸﾞ,1,売上,000029,木くず,340,340,03,kg,35,"11,900",37351,000002,B（残置）,001,処分費,15:17,15:21,000000,ｳｲﾝｸﾞ,000001,ｵﾈｽﾄ,000001,新木場ﾘｻｲｸﾙ工場,004364,ｳｲﾝｸﾞ,000092,ｳｲﾝｸﾞ,1,紙,,000006,川部
2025/01/19(日),2025/01/19(日),2025/01/19(日),004394,第一工芸社,1,売上,000001,混合廃棄物A,240,240,03,kg,65,"15,600",37342,000002,B（残置）,001,処分費,13:51,13:52,000021,東京ﾊﾟﾜｰﾃｸﾉﾛｼﾞｰ東扇島,000001,ｵﾈｽﾄ,000001,新木場ﾘｻｲｸﾙ工場,000330,ﾘｸﾘｰﾝｻｰﾋﾞｽ,000267,ﾘｸﾘｰﾝｻｰﾋﾞｽ,1,紙,,000004,山本
2025/01/19(日),2025/01/19(日),2025/01/19(日),004574,栗田建業,1,売上,000002,混合廃棄物B,290,290,03,kg,70,"20,300",37314,000003,C（解体）,001,処分費,10:01,10:03,000023,早川様邸解体工事,000001,ｵﾈｽﾄ,000001,新木場ﾘｻｲｸﾙ工場,004574,栗田建業,000412,栗田建業,1,紙,,000002,渡辺
2025/01/19(日),2025/01/19(日),2025/01/19(日),004594,ﾌﾞﾙｰｸﾘｰﾝ,1,売上,000001,混合廃棄物A,470,470,03,kg,65,"30,550",37330,000002,B（残置）,001,処分費,11:20,11:20,000000,ﾌﾞﾙｰｸﾘｰﾝ,000001,ｵﾈｽﾄ,000001,新木場ﾘｻｲｸﾙ工場,004594,ﾌﾞﾙｰｸﾘｰﾝ,000413,ﾌﾞﾙｰｸﾘｰﾝ,1,紙,,000007,小林
2025/01/19(日),2025/01/19(日),2025/01/19(日),004594,ﾌﾞﾙｰｸﾘｰﾝ,1,売上,000001,混合廃棄物A,730,730,03,kg,65,"47,450",37344,000002,B（残置）,001,処分費,14:12,14:16,000000,ﾌﾞﾙｰｸﾘｰﾝ,000001,ｵﾈｽﾄ,000001,新木場ﾘｻｲｸﾙ工場,004594,ﾌﾞﾙｰｸﾘｰﾝ,000413,ﾌﾞﾙｰｸﾘｰﾝ,1,紙,,000007,小林
2025/01/19(日),2025/01/19(日),2025/01/19(日),004594,ﾌﾞﾙｰｸﾘｰﾝ,1,売上,000013,混合廃棄物(ｿﾌｧｰ),20,20,03,kg,100,"2,000",37344,000002,B（残置）,001,処分費,14:12,14:16,000000,ﾌﾞﾙｰｸﾘｰﾝ,000001,ｵﾈｽﾄ,000001,新木場ﾘｻｲｸﾙ工場,004594,ﾌﾞﾙｰｸﾘｰﾝ,000413,ﾌﾞﾙｰｸﾘｰﾝ,1,紙,,000007,小林
2025/01/19(日),2025/01/19(日),2025/01/19(日),005727,富山,1,売上,000002,混合廃棄物B,80,80,03,kg,70,"5,600",37317,000003,C（解体）,001,処分費,10:14,10:15,000014,市川市福栄4-8-6,000001,ｵﾈｽﾄ,000001,新木場ﾘｻｲｸﾙ工場,005727,富山,000896,富山,1,紙,,000004,山本
2025/01/19(日),2025/01/19(日),2025/01/19(日),005727,富山,1,売上,000002,混合廃棄物B,220,220,03,kg,70,"15,400",37331,000003,C（解体）,001,処分費,11:28,11:37,000014,市川市福栄4-8-6,000001,ｵﾈｽﾄ,000001,新木場ﾘｻｲｸﾙ工場,005727,富山,000896,富山,1,紙,,000004,山本
2025/01/19(日),2025/01/19(日),2025/01/19(日),005727,富山,1,売上,000004,混合廃棄物(焼却物),90,90,03,kg,75,"6,750",37331,000003,C（解体）,001,処分費,11:28,11:37,000014,市川市福栄4-8-6,000001,ｵﾈｽﾄ,000001,新木場ﾘｻｲｸﾙ工場,005727,富山,000896,富山,1,紙,,000004,山本
2025/01/19(日),2025/01/19(日),2025/01/19(日),006108,ｽﾀｰﾂｱﾒﾆﾃｨｰ,1,売上,000001,混合廃棄物A,50,50,03,kg,55,"2,750",37328,000002,B（残置）,001,処分費,11:11,11:15,000023,ｸﾞﾗﾝﾄﾞｰﾙHIKO(103)残置物撤去作業,000001,ｵﾈｽﾄ,000001,新木場ﾘｻｲｸﾙ工場,004463,あるくる,000823,あるくる,1,紙,,000001,矢作
2025/01/19(日),2025/01/19(日),2025/01/19(日),006108,ｽﾀｰﾂｱﾒﾆﾃｨｰ,1,売上,000029,木くず,80,80,03,kg,42,"3,360",37328,000002,B（残置）,001,処分費,11:11,11:15,000023,ｸﾞﾗﾝﾄﾞｰﾙHIKO(103)残置物撤去作業,000001,ｵﾈｽﾄ,000001,新木場ﾘｻｲｸﾙ工場,004463,あるくる,000823,あるくる,1,紙,,000001,矢作
2025/01/19(日),2025/01/19(日),2025/01/19(日),006108,ｽﾀｰﾂｱﾒﾆﾃｨｰ,1,売上,000038,廃ﾌﾟﾗｽﾁｯｸ類,30,30,03,kg,48,"1,440",37328,000002,B（残置）,001,処分費,11:11,11:15,000023,ｸﾞﾗﾝﾄﾞｰﾙHIKO(103)残置物撤去作業,000001,ｵﾈｽﾄ,000001,新木場ﾘｻｲｸﾙ工場,004463,あるくる,000823,あるくる,1,紙,,000001,矢作
2025/01/19(日),2025/01/19(日),2025/01/19(日),006240,ﾐｲﾜｽ,1,売上,000002,混合廃棄物B,790,790,03,kg,70,"55,300",37340,000003,C（解体）,001,処分費,13:38,13:42,000012,1F内装工事,000001,ｵﾈｽﾄ,000001,新木場ﾘｻｲｸﾙ工場,000057,ﾜｲｽﾞ,000047,ﾜｲｽﾞ,1,紙,,000005,今村（紀）
2025/01/19(日),2025/01/19(日),2025/01/19(日),007438,東西建築ｻｰﾋﾞｽ東京支社,1,売上,000001,混合廃棄物A,240,240,03,kg,58,"13,920",37359,000004,D（建設）,001,処分費,16:01,16:09,000015,三井住友銀行ｸﾞﾘｰﾝｻｰﾋﾞｽ東京業務部EV更新に,000001,ｵﾈｽﾄ,000001,新木場ﾘｻｲｸﾙ工場,000016,泉土木,000014,泉土木,1,紙,,000001,矢作
2025/01/19(日),2025/01/19(日),2025/01/19(日),007438,東西建築ｻｰﾋﾞｽ東京支社,2,支払,000070,室外機,810,810,03,kg,30,"24,300",37359,000004,D（建設）,003,有価物,16:01,16:09,000015,三井住友銀行ｸﾞﾘｰﾝｻｰﾋﾞｽ東京業務部EV更新に,000001,ｵﾈｽﾄ,000001,新木場ﾘｻｲｸﾙ工場,000016,泉土木,000014,泉土木,1,紙,,000001,矢作
2025/01/19(日),2025/01/19(日),2025/01/19(日),007531,内田洋行,1,売上,000002,混合廃棄物B,"1,260","1,260",03,kg,70,"88,200",37313,000004,D（建設）,001,処分費,10:01,10:05,000041,Regusｻﾝｼｬｲﾝ池袋,000001,ｵﾈｽﾄ,000001,新木場ﾘｻｲｸﾙ工場,000226,ｽﾃｱ,000188,ｽﾃｱ,1,紙,,000004,山本
2025/01/19(日),2025/01/19(日),2025/01/19(日),007568,ﾗｲﾌｻｰﾋﾞｽｼﾞｬﾊﾟﾝ,1,売上,000001,混合廃棄物A,610,610,03,kg,65,"39,650",37353,000002,B（残置）,001,処分費,15:27,15:33,000000,ﾗｲﾌｻｰﾋﾞｽｼﾞｬﾊﾟﾝ,000001,ｵﾈｽﾄ,000001,新木場ﾘｻｲｸﾙ工場,007568,ﾗｲﾌｻｰﾋﾞｽｼﾞｬﾊﾟﾝ,001107,ﾗｲﾌｻｰﾋﾞｽｼﾞｬﾊﾟﾝ,1,紙,,000012,サン・テクノ
2025/01/19(日),2025/01/19(日),2025/01/19(日),007670,AIZAWA GROUP,1,売上,000010,混合廃棄物(ﾎﾞｰﾄﾞ混入),"1,850","1,850",03,kg,100,"185,000",37324,000003,C（解体）,001,処分費,10:28,10:28,000014,きびや亀有店,000001,ｵﾈｽﾄ,000001,新木場ﾘｻｲｸﾙ工場,007670,AIZAWA GROUP,001196,AIZAWA GROUP,1,紙,,000007,小林
2025/01/19(日),2025/01/19(日),2025/01/19(日),007820,ｺｽﾓ石油ﾌﾟﾛﾊﾟﾃｨｻｰﾋﾞｽ,1,売上,000001,混合廃棄物A,40,40,03,kg,63,"2,520",37354,000002,B（残置）,001,処分費,15:38,15:44,000001,ｺｽﾓ石油ﾌﾟﾛﾊﾟﾃｨｻｰﾋﾞｽ,000001,ｵﾈｽﾄ,000001,新木場ﾘｻｲｸﾙ工場,001308,ｵﾈｽﾄ･ﾜﾝ,001021,ｵﾈｽﾄ･ﾜﾝ,1,紙,,000011,オネスト・ワン
2025/01/19(日),2025/01/19(日),2025/01/19(日),007820,ｺｽﾓ石油ﾌﾟﾛﾊﾟﾃｨｻｰﾋﾞｽ,1,売上,000030,選別,150,150,03,kg,60,"9,000",37354,000002,B（残置）,001,処分費,15:38,15:44,000001,ｺｽﾓ石油ﾌﾟﾛﾊﾟﾃｨｻｰﾋﾞｽ,000001,ｵﾈｽﾄ,000001,新木場ﾘｻｲｸﾙ工場,001308,ｵﾈｽﾄ･ﾜﾝ,001021,ｵﾈｽﾄ･ﾜﾝ,1,紙,,000011,オネスト・ワン
2025/01/19(日),2025/01/19(日),2025/01/19(日),007820,ｺｽﾓ石油ﾌﾟﾛﾊﾟﾃｨｻｰﾋﾞｽ,2,支払,000068,GC 軽鉄･ｽﾁｰﾙ類,150,150,03,kg,28,"4,200",37354,000002,B（残置）,003,有価物,15:38,15:44,000001,ｺｽﾓ石油ﾌﾟﾛﾊﾟﾃｨｻｰﾋﾞｽ,000001,ｵﾈｽﾄ,000001,新木場ﾘｻｲｸﾙ工場,001308,ｵﾈｽﾄ･ﾜﾝ,001021,ｵﾈｽﾄ･ﾜﾝ,1,紙,,000011,オネスト・ワン
2025/01/19(日),2025/01/19(日),2025/01/19(日),008465,ｼﾐｽﾞﾋﾞﾙﾗｲﾌｹｱ,1,売上,000001,混合廃棄物A,80,80,03,kg,58,"4,640",37326,000004,D（建設）,001,処分費,10:59,11:12,000003,BF355158　清水建設本社ﾋﾞﾙ,000001,ｵﾈｽﾄ,000001,新木場ﾘｻｲｸﾙ工場,000016,泉土木,000014,泉土木,1,紙,,000001,矢作
2025/01/19(日),2025/01/19(日),2025/01/19(日),008465,ｼﾐｽﾞﾋﾞﾙﾗｲﾌｹｱ,1,売上,000046,ﾀﾞﾝﾎﾞｰﾙ,50,50,03,kg,0,0,37326,000004,D（建設）,001,処分費,10:59,11:12,000003,BF355158　清水建設本社ﾋﾞﾙ,000001,ｵﾈｽﾄ,000001,新木場ﾘｻｲｸﾙ工場,000016,泉土木,000014,泉土木,1,紙,,000001,矢作
2025/01/19(日),2025/01/19(日),2025/01/19(日),008465,ｼﾐｽﾞﾋﾞﾙﾗｲﾌｹｱ,2,支払,000068,GC 軽鉄･ｽﾁｰﾙ類,550,550,03,kg,24.5,"13,475",37326,000004,D（建設）,003,有価物,10:59,11:12,000003,BF355158　清水建設本社ﾋﾞﾙ,000001,ｵﾈｽﾄ,000001,新木場ﾘｻｲｸﾙ工場,000016,泉土木,000014,泉土木,1,紙,,000001,矢作
2025/01/20(月),2025/01/20(月),2025/01/20(月),000026,ｼｰﾒﾝｽﾍﾙｽｹｱ,1,売上,000001,混合廃棄物A,640,640,03,kg,60,"38,400",37382,000006,F（他）,001,処分費,08:30,08:35,000001,ｼｰﾒﾝｽﾍﾙｽｹｱ平和島ｾﾝﾀｰ,000001,ｵﾈｽﾄ,000001,新木場ﾘｻｲｸﾙ工場,000243,田端運輸,000097,ｼｰﾒﾝｽﾍﾙｽｹｱ,1,紙,,000003,蛯子
2025/01/20(月),2025/01/20(月),2025/01/20(月),000026,ｼｰﾒﾝｽﾍﾙｽｹｱ,1,売上,000001,混合廃棄物A,730,730,03,kg,60,"43,800",37379,000006,F（他）,001,処分費,08:19,08:28,000001,ｼｰﾒﾝｽﾍﾙｽｹｱ平和島ｾﾝﾀｰ,000001,ｵﾈｽﾄ,000001,新木場ﾘｻｲｸﾙ工場,000243,田端運輸,000097,ｼｰﾒﾝｽﾍﾙｽｹｱ,1,紙,,000003,蛯子
2025/01/20(月),2025/01/20(月),2025/01/20(月),000096,高昇解体,1,売上,000002,混合廃棄物B,560,560,03,kg,70,"39,200",37470,000003,C（解体）,001,処分費,15:59,16:01,000013,東京都墨田区墨田4-41-3,000001,ｵﾈｽﾄ,000001,新木場ﾘｻｲｸﾙ工場,000096,高昇解体,000078,高昇解体,1,紙,,000007,小林
2025/01/20(月),2025/01/20(月),2025/01/20(月),000118,伊豆野工業,1,売上,000002,混合廃棄物B,620,620,03,kg,70,"43,400",37380,000004,D（建設）,001,処分費,08:21,08:23,000000,伊豆野工業,000001,ｵﾈｽﾄ,000001,新木場ﾘｻｲｸﾙ工場,000118,伊豆野工業,000093,伊豆野工業,1,紙,,000006,川部
2025/01/20(月),2025/01/20(月),2025/01/20(月),000166,NEOﾌｧｼﾘﾃｨ,1,売上,000001,混合廃棄物A,670,670,03,kg,65,"43,550",37413,000004,D（建設）,001,処分費,11:09,11:15,000001,平沼小学校増築その他工事（空調衛生設備工,000001,ｵﾈｽﾄ,000001,新木場ﾘｻｲｸﾙ工場,001051,Y-maxx,000808,Y-maxx,1,紙,,000004,山本
2025/01/20(月),2025/01/20(月),2025/01/20(月),000166,NEOﾌｧｼﾘﾃｨ,1,売上,000046,ﾀﾞﾝﾎﾞｰﾙ,120,120,03,kg,5,600,37413,000004,D（建設）,001,処分費,11:09,11:15,000001,平沼小学校増築その他工事（空調衛生設備工,000001,ｵﾈｽﾄ,000001,新木場ﾘｻｲｸﾙ工場,001051,Y-maxx,000808,Y-maxx,1,紙,,000004,山本
2025/01/20(月),2025/01/20(月),2025/01/20(月),000190,興農,1,売上,000001,混合廃棄物A,280,280,03,kg,65,"18,200",37388,000001,A（事業）,001,処分費,08:58,09:04,000000,興農,000001,ｵﾈｽﾄ,000001,新木場ﾘｻｲｸﾙ工場,000190,興農,000156,興農,1,紙,,000007,小林
2025/01/20(月),2025/01/20(月),2025/01/20(月),000272,新建産業,1,売上,000001,混合廃棄物A,160,160,03,kg,65,"10,400",37430,000001,A（事業）,001,処分費,12:35,12:41,000028,ｸﾞｯﾄﾞ東京営業所,000001,ｵﾈｽﾄ,000001,新木場ﾘｻｲｸﾙ工場,000272,新建産業,000222,新建産業,1,紙,,000006,川部
2025/01/20(月),2025/01/20(月),2025/01/20(月),000272,新建産業,1,売上,000001,混合廃棄物A,200,200,03,kg,65,"13,000",37364,000001,A（事業）,001,処分費,07:00,07:03,000028,ｸﾞｯﾄﾞ東京営業所,000001,ｵﾈｽﾄ,000001,新木場ﾘｻｲｸﾙ工場,000272,新建産業,000222,新建産業,1,紙,,000006,川部
2025/01/20(月),2025/01/20(月),2025/01/20(月),000272,新建産業,1,売上,000001,混合廃棄物A,230,230,03,kg,65,"14,950",37403,000001,A（事業）,001,処分費,10:28,10:30,000000,新建産業,000001,ｵﾈｽﾄ,000001,新木場ﾘｻｲｸﾙ工場,000272,新建産業,000222,新建産業,1,紙,,000006,川部
2025/01/20(月),2025/01/20(月),2025/01/20(月),000272,新建産業,1,売上,000029,木くず,360,360,03,kg,35,"12,600",37430,000001,A（事業）,001,処分費,12:35,12:41,000028,ｸﾞｯﾄﾞ東京営業所,000001,ｵﾈｽﾄ,000001,新木場ﾘｻｲｸﾙ工場,000272,新建産業,000222,新建産業,1,紙,,000006,川部
2025/01/20(月),2025/01/20(月),2025/01/20(月),000281,ﾒﾀｳｫｰﾀｰ,1,売上,000022,軽量物系B(FRP),650,8,02,m3,"18,000","144,000",37454,000004,D（建設）,001,処分費,14:35,14:35,000009,中野水再生ｾﾝﾀｰ反応槽機械設備再構築工事,000001,ｵﾈｽﾄ,000001,新木場ﾘｻｲｸﾙ工場,000001,ｵﾈｽﾄ,000281,ﾒﾀｳｫｰﾀｰ,1,紙,,000010,メタウォーター
2025/01/20(月),2025/01/20(月),2025/01/20(月),000281,ﾒﾀｳｫｰﾀｰ,1,売上,000022,軽量物系B(FRP),820,12,02,m3,"18,000","216,000",37405,000004,D（建設）,001,処分費,10:50,10:50,000009,中野水再生ｾﾝﾀｰ反応槽機械設備再構築工事,000001,ｵﾈｽﾄ,000001,新木場ﾘｻｲｸﾙ工場,000001,ｵﾈｽﾄ,000281,ﾒﾀｳｫｰﾀｰ,1,紙,,000010,メタウォーター
2025/01/20(月),2025/01/20(月),2025/01/20(月),000281,ﾒﾀｳｫｰﾀｰ,1,売上,000109,運搬費,,1,07,台,"21,000","21,000",37405,000004,D（建設）,002,運搬費,10:50,10:50,000009,中野水再生ｾﾝﾀｰ反応槽機械設備再構築工事,000001,ｵﾈｽﾄ,000001,新木場ﾘｻｲｸﾙ工場,000001,ｵﾈｽﾄ,000281,ﾒﾀｳｫｰﾀｰ,1,紙,,000010,メタウォーター
2025/01/20(月),2025/01/20(月),2025/01/20(月),000281,ﾒﾀｳｫｰﾀｰ,1,売上,000109,運搬費,,1,07,台,"21,000","21,000",37454,000004,D（建設）,002,運搬費,14:35,14:35,000009,中野水再生ｾﾝﾀｰ反応槽機械設備再構築工事,000001,ｵﾈｽﾄ,000001,新木場ﾘｻｲｸﾙ工場,000001,ｵﾈｽﾄ,000281,ﾒﾀｳｫｰﾀｰ,1,紙,,000010,メタウォーター
2025/01/20(月),2025/01/20(月),2025/01/20(月),000294,北斗JAPAN,1,売上,000001,混合廃棄物A,340,340,03,kg,65,"22,100",37483,000002,B,001,処分費,17:02,17:11,000000,北斗JAPAN,000001,ｵﾈｽﾄ,000001,新木場ﾘｻｲｸﾙ工場,000294,北斗JAPAN,000237,北斗JAPAN,1,紙,,000006,川部
2025/01/20(月),2025/01/20(月),2025/01/20(月),000302,ﾖｼﾓﾘ,1,売上,000001,混合廃棄物A,660,660,03,kg,53,"34,980",37367,000001,A（事業）,001,処分費,07:16,07:18,000001,ﾖｼﾓﾘ扇ﾘｻｲｸﾙｾﾝﾀｰ,000001,ｵﾈｽﾄ,000001,新木場ﾘｻｲｸﾙ工場,000302,ﾖｼﾓﾘ,000244,ﾖｼﾓﾘ,1,紙,,000002,渡辺
2025/01/20(月),2025/01/20(月),2025/01/20(月),000302,ﾖｼﾓﾘ,1,売上,000003,混合廃棄物C,"1,480","1,480",03,kg,58,"85,840",37365,000001,A（事業）,001,処分費,07:08,07:10,000001,ﾖｼﾓﾘ扇ﾘｻｲｸﾙｾﾝﾀｰ,000001,ｵﾈｽﾄ,000001,新木場ﾘｻｲｸﾙ工場,000302,ﾖｼﾓﾘ,000244,ﾖｼﾓﾘ,1,紙,,000002,渡辺
2025/01/20(月),2025/01/20(月),2025/01/20(月),000312,野口興業,1,売上,000001,混合廃棄物A,640,640,03,kg,45,"28,800",37369,000001,A（事業）,001,処分費,07:28,07:34,000000,野口興業,000001,ｵﾈｽﾄ,000001,新木場ﾘｻｲｸﾙ工場,000312,野口興業,000253,野口興業,1,紙,,000002,渡辺
2025/01/20(月),2025/01/20(月),2025/01/20(月),000312,野口興業,1,売上,000001,混合廃棄物A,780,780,03,kg,45,"35,100",37370,000001,A（事業）,001,処分費,07:38,07:47,000000,野口興業,000001,ｵﾈｽﾄ,000001,新木場ﾘｻｲｸﾙ工場,000312,野口興業,000253,野口興業,1,紙,,000002,渡辺
2025/01/20(月),2025/01/20(月),2025/01/20(月),000400,ｸﾛｰﾊﾞｰｽﾞｴｺ,1,売上,000001,混合廃棄物A,360,360,03,kg,65,"23,400",37384,000002,B（残置）,001,処分費,08:45,08:45,000000,ｸﾛｰﾊﾞｰｽﾞｴｺ,000001,ｵﾈｽﾄ,000001,新木場ﾘｻｲｸﾙ工場,000400,ｸﾛｰﾊﾞｰｽﾞｴｺ,000320,ｸﾛｰﾊﾞｰｽﾞｴｺ,1,紙,,000002,渡辺
2025/01/20(月),2025/01/20(月),2025/01/20(月),000447,共同印刷,1,売上,000001,混合廃棄物A,250,250,03,kg,60,"15,000",37460,000001,A（事業）,001,処分費,14:45,14:47,000000,共同印刷,000001,ｵﾈｽﾄ,000001,新木場ﾘｻｲｸﾙ工場,000001,ｵﾈｽﾄ,000344,共同印刷,2,電子,,000002,渡辺
2025/01/20(月),2025/01/20(月),2025/01/20(月),000447,共同印刷,1,売上,000024,石膏ﾎﾞｰﾄﾞA,10,10,03,kg,40,400,37460,000001,A（事業）,001,処分費,14:45,14:47,000000,共同印刷,000001,ｵﾈｽﾄ,000001,新木場ﾘｻｲｸﾙ工場,000001,ｵﾈｽﾄ,000344,共同印刷,2,電子,,000002,渡辺
2025/01/20(月),2025/01/20(月),2025/01/20(月),000447,共同印刷,1,売上,000109,運搬費,,1,07,台,"23,000","23,000",37460,000001,A（事業）,002,運搬費,14:45,14:47,000000,共同印刷,000001,ｵﾈｽﾄ,000001,新木場ﾘｻｲｸﾙ工場,000001,ｵﾈｽﾄ,000344,共同印刷,2,電子,,000002,渡辺
2025/01/20(月),2025/01/20(月),2025/01/20(月),000477,企業組合 あうん,1,売上,000004,混合廃棄物(焼却物),230,230,03,kg,75,"17,250",37400,000002,B（残置）,001,処分費,10:28,10:28,000000,企業組合 あうん,000001,ｵﾈｽﾄ,000001,新木場ﾘｻｲｸﾙ工場,000477,企業組合 あうん,000362,企業組合 あうん,1,紙,,000007,小林
2025/01/20(月),2025/01/20(月),2025/01/20(月),000477,企業組合 あうん,1,売上,000029,木くず,110,110,03,kg,35,"3,850",37400,000002,B（残置）,001,処分費,10:28,10:28,000000,企業組合 あうん,000001,ｵﾈｽﾄ,000001,新木場ﾘｻｲｸﾙ工場,000477,企業組合 あうん,000362,企業組合 あうん,1,紙,,000007,小林
2025/01/20(月),2025/01/20(月),2025/01/20(月),000477,企業組合 あうん,1,売上,000492,混合廃棄物（羽毛物）,10,10,03,kg,250,"2,500",37400,000002,B（残置）,001,処分費,10:28,10:28,000000,企業組合 あうん,000001,ｵﾈｽﾄ,000001,新木場ﾘｻｲｸﾙ工場,000477,企業組合 あうん,000362,企業組合 あうん,1,紙,,000007,小林
2025/01/20(月),2025/01/20(月),2025/01/20(月),000542,SCRAP,1,売上,000001,混合廃棄物A,80,80,03,kg,65,"5,200",37412,000002,B（残置）,001,処分費,11:06,11:08,000002,日本ﾊﾟｰﾌﾟﾙ　第三保管倉庫,000001,ｵﾈｽﾄ,000001,新木場ﾘｻｲｸﾙ工場,000001,ｵﾈｽﾄ,000407,SCRAP,1,紙,,000002,渡辺
2025/01/20(月),2025/01/20(月),2025/01/20(月),000542,SCRAP,1,売上,000109,運搬費,,1,07,台,"28,000","28,000",37412,000002,B（残置）,002,運搬費,11:06,11:08,000002,日本ﾊﾟｰﾌﾟﾙ　第三保管倉庫,000001,ｵﾈｽﾄ,000001,新木場ﾘｻｲｸﾙ工場,000001,ｵﾈｽﾄ,000407,SCRAP,1,紙,,000002,渡辺
2025/01/20(月),2025/01/20(月),2025/01/20(月),000589,両角商店,1,売上,000001,混合廃棄物A,170,170,03,kg,65,"11,050",37391,000005,E（中・積),001,処分費,09:23,09:23,000000,両角商店,000001,ｵﾈｽﾄ,000001,新木場ﾘｻｲｸﾙ工場,000589,両角商店,001253,両角商店,1,紙,,000006,川部
2025/01/20(月),2025/01/20(月),2025/01/20(月),000589,両角商店,1,売上,000102,ﾏﾆﾌｪｽﾄ,,20,11,枚,50,"1,000",37391,000005,E（中・積),001,処分費,09:23,09:23,000000,両角商店,000001,ｵﾈｽﾄ,000001,新木場ﾘｻｲｸﾙ工場,000589,両角商店,001253,両角商店,1,紙,,000006,川部
2025/01/20(月),2025/01/20(月),2025/01/20(月),000712,ｴﾑﾃﾝｻﾎﾟｰﾄ,1,売上,000001,混合廃棄物A,500,500,03,kg,65,"32,500",37477,000002,B（残置）,001,処分費,16:25,16:34,000000,ｴﾑﾃﾝｻﾎﾟｰﾄ,000001,ｵﾈｽﾄ,000001,新木場ﾘｻｲｸﾙ工場,000712,ｴﾑﾃﾝｻﾎﾟｰﾄ,001283,ｴﾑﾃﾝｻﾎﾟｰﾄ,1,紙,,000007,小林
2025/01/20(月),2025/01/20(月),2025/01/20(月),000712,ｴﾑﾃﾝｻﾎﾟｰﾄ,1,売上,000031,金庫,90,90,03,kg,80,"7,200",37477,000002,B（残置）,001,処分費,16:25,16:34,000000,ｴﾑﾃﾝｻﾎﾟｰﾄ,000001,ｵﾈｽﾄ,000001,新木場ﾘｻｲｸﾙ工場,000712,ｴﾑﾃﾝｻﾎﾟｰﾄ,001283,ｴﾑﾃﾝｻﾎﾟｰﾄ,1,紙,,000007,小林
2025/01/20(月),2025/01/20(月),2025/01/20(月),000736,(ｻﾝﾃｸﾉ)ｲﾝ･ｻﾎﾟｰﾄ,1,売上,000002,混合廃棄物B,"1,470","1,470",03,kg,63,"92,610",37374,000006,F（他）,001,処分費,08:07,08:10,000000,(ｻﾝﾃｸﾉ)ｲﾝ･ｻﾎﾟｰﾄ,000001,ｵﾈｽﾄ,000001,新木場ﾘｻｲｸﾙ工場,001748,(ｻﾝﾃｸﾉ)ｽﾀｰﾀﾞｽﾄ社,001022,ｻﾝ･ﾃｸﾉ,1,紙,,000012,サン・テクノ
2025/01/20(月),2025/01/20(月),2025/01/20(月),000874,ﾄｼｴﾝｼﾞﾆｱﾘﾝｸﾞ,1,売上,000001,混合廃棄物A,170,170,03,kg,65,"11,050",37397,000002,B（残置）,001,処分費,09:59,10:02,000001,坂浜事業所,000001,ｵﾈｽﾄ,000001,新木場ﾘｻｲｸﾙ工場,000874,ﾄｼｴﾝｼﾞﾆｱﾘﾝｸﾞ,000679,ﾄｼｴﾝｼﾞﾆｱﾘﾝｸﾞ,1,紙,,000005,今村（紀）
2025/01/20(月),2025/01/20(月),2025/01/20(月),001141,ｷｬﾌﾟﾃｨｴﾝｼﾞﾆｱﾘﾝｸﾞ,1,売上,000001,混合廃棄物A,290,290,03,kg,65,"18,850",37410,000004,D（建設）,001,処分費,11:10,11:35,000003,ＴＧ川崎ビル,000001,ｵﾈｽﾄ,000001,新木場ﾘｻｲｸﾙ工場,000001,ｵﾈｽﾄ,000113,ｷｬﾌﾟﾃｨｴﾝｼﾞﾆｱﾘﾝｸﾞ,1,紙,,000006,川部
2025/01/20(月),2025/01/20(月),2025/01/20(月),001141,ｷｬﾌﾟﾃｨｴﾝｼﾞﾆｱﾘﾝｸﾞ,1,売上,000026,石膏ﾎﾞｰﾄﾞC,20,20,03,kg,80,"1,600",37410,000004,D（建設）,001,処分費,11:10,11:35,000003,ＴＧ川崎ビル,000001,ｵﾈｽﾄ,000001,新木場ﾘｻｲｸﾙ工場,000001,ｵﾈｽﾄ,000113,ｷｬﾌﾟﾃｨｴﾝｼﾞﾆｱﾘﾝｸﾞ,1,紙,,000006,川部
2025/01/20(月),2025/01/20(月),2025/01/20(月),001141,ｷｬﾌﾟﾃｨｴﾝｼﾞﾆｱﾘﾝｸﾞ,1,売上,000352,運搬費(2ｔ車),,1,07,台,"24,000","24,000",37410,000004,D（建設）,002,運搬費,11:10,11:35,000003,ＴＧ川崎ビル,000001,ｵﾈｽﾄ,000001,新木場ﾘｻｲｸﾙ工場,000001,ｵﾈｽﾄ,000113,ｷｬﾌﾟﾃｨｴﾝｼﾞﾆｱﾘﾝｸﾞ,1,紙,,000006,川部
2025/01/20(月),2025/01/20(月),2025/01/20(月),001141,ｷｬﾌﾟﾃｨｴﾝｼﾞﾆｱﾘﾝｸﾞ,1,売上,000460,GC　軽鉄・ｽﾁｰﾙ類,750,750,03,kg,0,0,37410,000004,D（建設）,001,処分費,11:10,11:35,000003,ＴＧ川崎ビル,000001,ｵﾈｽﾄ,000001,新木場ﾘｻｲｸﾙ工場,000001,ｵﾈｽﾄ,000113,ｷｬﾌﾟﾃｨｴﾝｼﾞﾆｱﾘﾝｸﾞ,1,紙,,000006,川部
2025/01/20(月),2025/01/20(月),2025/01/20(月),001159,ﾂﾊﾞｻ建業,1,売上,000016,軽量物系A(発泡ｽﾁﾛｰﾙ),10,10,03,kg,200,"2,000",37429,000003,C（解体）,001,処分費,12:26,12:31,000003,（仮称）千葉県印西店解体撤去工事,000001,ｵﾈｽﾄ,000001,新木場ﾘｻｲｸﾙ工場,000042,翼工業,000037,翼工業,1,紙,,000004,山本
2025/01/20(月),2025/01/20(月),2025/01/20(月),001159,ﾂﾊﾞｻ建業,1,売上,000021,軽量物系B(ｸﾞﾗｽｳｰﾙ),660,660,03,kg,80,"52,800",37429,000003,C（解体）,001,処分費,12:26,12:31,000003,（仮称）千葉県印西店解体撤去工事,000001,ｵﾈｽﾄ,000001,新木場ﾘｻｲｸﾙ工場,000042,翼工業,000037,翼工業,1,紙,,000004,山本
2025/01/20(月),2025/01/20(月),2025/01/20(月),001203,ﾏﾙﾐﾔ社,1,売上,000001,混合廃棄物A,110,110,03,kg,65,"7,150",37466,000002,B（残置）,001,処分費,15:28,15:32,000000,ﾏﾙﾐﾔ社,000001,ｵﾈｽﾄ,000001,新木場ﾘｻｲｸﾙ工場,001203,ﾏﾙﾐﾔ社,000934,ﾏﾙﾐﾔ社,1,紙,,000002,渡辺
2025/01/20(月),2025/01/20(月),2025/01/20(月),001244,銀座急送,1,売上,000001,混合廃棄物A,500,500,03,kg,65,"32,500",37482,000002,B（残置）,001,処分費,16:50,16:59,000001,銀座急送㈱辰巳DS,000001,ｵﾈｽﾄ,000001,新木場ﾘｻｲｸﾙ工場,001244,銀座急送,000965,銀座急送,1,紙,,000002,渡辺
2025/01/20(月),2025/01/20(月),2025/01/20(月),001348,上間重機,1,売上,000002,混合廃棄物B,40,40,03,kg,70,"2,800",37435,000003,C（解体）,001,処分費,12:59,13:02,000004,沓掛様邸解体工事,000001,ｵﾈｽﾄ,000001,新木場ﾘｻｲｸﾙ工場,001361,三信ﾃｯｸ,001367,三信ﾃｯｸ,1,紙,,000007,小林
2025/01/20(月),2025/01/20(月),2025/01/20(月),001348,上間重機,1,売上,000021,軽量物系B(ｸﾞﾗｽｳｰﾙ),160,160,03,kg,80,"12,800",37435,000003,C（解体）,001,処分費,12:59,13:02,000004,沓掛様邸解体工事,000001,ｵﾈｽﾄ,000001,新木場ﾘｻｲｸﾙ工場,001361,三信ﾃｯｸ,001367,三信ﾃｯｸ,1,紙,,000007,小林
2025/01/20(月),2025/01/20(月),2025/01/20(月),001384,ﾄﾞﾘｰﾑｹﾞｰﾄ,1,売上,000001,混合廃棄物A,"1,360","1,360",03,kg,65,"88,400",37393,000001,A（事業）,001,処分費,09:51,09:51,000000,ﾄﾞﾘｰﾑｹﾞｰﾄ,000001,ｵﾈｽﾄ,000001,新木場ﾘｻｲｸﾙ工場,000337,協立輸送,000274,協立輸送,1,紙,,000006,川部
2025/01/20(月),2025/01/20(月),2025/01/20(月),001388,ZebraJapan,1,売上,000001,混合廃棄物A,440,440,03,kg,65,"28,600",37442,000001,A（事業）,001,処分費,13:44,13:46,000001,Flying Tiger Copenhagem,000001,ｵﾈｽﾄ,000001,新木場ﾘｻｲｸﾙ工場,001546,江栄,000013,江栄,1,紙,,000002,渡辺
2025/01/20(月),2025/01/20(月),2025/01/20(月),001395,昭和女子大学,1,売上,000001,混合廃棄物A,120,120,03,kg,65,"7,800",37445,000001,A（事業）,001,処分費,13:51,13:53,000000,昭和女子大学,000001,ｵﾈｽﾄ,000001,新木場ﾘｻｲｸﾙ工場,000019,ﾀｹｴｲ,000016,ﾀｹｴｲ,1,紙,,000007,小林
2025/01/20(月),2025/01/20(月),2025/01/20(月),001423,佐々木商店,1,売上,000020,軽量物系A(ｳﾚﾀﾝ),860,860,03,kg,200,"172,000",37373,000004,D（建設）,001,処分費,07:58,08:00,000000,佐々木商店,000001,ｵﾈｽﾄ,000001,新木場ﾘｻｲｸﾙ工場,000743,石崎産業,000573,石崎産業,1,紙,,000002,渡辺
2025/01/20(月),2025/01/20(月),2025/01/20(月),001434,(ｻﾝﾃｸﾉ)東和ｴﾝｼﾞﾆｱﾘﾝｸﾞ,1,売上,000001,混合廃棄物A,50,50,03,kg,58,"2,900",37417,000006,F（他）,001,処分費,11:30,11:41,000027,虎ノ門ﾋﾙｽﾞﾌｫｰﾗﾑ操作車,000001,ｵﾈｽﾄ,000001,新木場ﾘｻｲｸﾙ工場,001438,(ｻﾝﾃｸﾉ)三興運輸(葛飾区),001022,ｻﾝ･ﾃｸﾉ,1,紙,,000012,サン・テクノ
2025/01/20(月),2025/01/20(月),2025/01/20(月),001434,(ｻﾝﾃｸﾉ)東和ｴﾝｼﾞﾆｱﾘﾝｸﾞ,1,売上,000030,選別,20,20,03,kg,50,"1,000",37417,000006,F（他）,001,処分費,11:30,11:41,000027,虎ノ門ﾋﾙｽﾞﾌｫｰﾗﾑ操作車,000001,ｵﾈｽﾄ,000001,新木場ﾘｻｲｸﾙ工場,001438,(ｻﾝﾃｸﾉ)三興運輸(葛飾区),001022,ｻﾝ･ﾃｸﾉ,1,紙,,000012,サン・テクノ
2025/01/20(月),2025/01/20(月),2025/01/20(月),001454,谷津商会,1,売上,000001,混合廃棄物A,100,100,03,kg,65,"6,500",37425,000001,A（事業）,001,処分費,11:55,12:12,000000,谷津商会,000001,ｵﾈｽﾄ,000001,新木場ﾘｻｲｸﾙ工場,001454,谷津商会,000247,谷津商会,1,紙,,000002,渡辺
2025/01/20(月),2025/01/20(月),2025/01/20(月),001454,谷津商会,1,売上,000030,選別,140,140,03,kg,70,"9,800",37425,000001,A（事業）,001,処分費,11:55,12:12,000000,谷津商会,000001,ｵﾈｽﾄ,000001,新木場ﾘｻｲｸﾙ工場,001454,谷津商会,000247,谷津商会,1,紙,,000002,渡辺
2025/01/20(月),2025/01/20(月),2025/01/20(月),001454,谷津商会,1,売上,000086,ﾄﾅｰ,10,10,03,kg,150,"1,500",37425,000001,A（事業）,001,処分費,11:55,12:12,000000,谷津商会,000001,ｵﾈｽﾄ,000001,新木場ﾘｻｲｸﾙ工場,001454,谷津商会,000247,谷津商会,1,紙,,000002,渡辺
2025/01/20(月),2025/01/20(月),2025/01/20(月),001494,坪野谷紙業,1,売上,000001,混合廃棄物A,"1,570","1,570",03,kg,65,"102,050",37424,000001,A（事業）,001,処分費,11:49,11:49,000001,江戸川事業所,000001,ｵﾈｽﾄ,000001,新木場ﾘｻｲｸﾙ工場,001494,坪野谷紙業,000629,坪野谷紙業,1,紙,,000002,渡辺
2025/01/20(月),2025/01/20(月),2025/01/20(月),001635,大阪ｼｰﾘﾝｸﾞ印刷,1,売上,000001,混合廃棄物A,"1,890","1,890",03,kg,68,"128,520",37416,000001,A（事業）,001,処分費,11:19,11:19,000002,三井物産流通ｸﾞﾙｰﾌﾟ㈱,000001,ｵﾈｽﾄ,000001,新木場ﾘｻｲｸﾙ工場,000001,ｵﾈｽﾄ,001211,大阪ｼｰﾘﾝｸﾞ印刷,2,電子,,000002,渡辺
2025/01/20(月),2025/01/20(月),2025/01/20(月),001635,大阪ｼｰﾘﾝｸﾞ印刷,1,売上,000001,混合廃棄物A,"2,160","2,160",03,kg,68,"146,880",37404,000001,A（事業）,001,処分費,10:20,10:22,000002,三井物産流通ｸﾞﾙｰﾌﾟ㈱,000001,ｵﾈｽﾄ,000001,新木場ﾘｻｲｸﾙ工場,000001,ｵﾈｽﾄ,001211,大阪ｼｰﾘﾝｸﾞ印刷,1,紙,,000002,渡辺
2025/01/20(月),2025/01/20(月),2025/01/20(月),001635,大阪ｼｰﾘﾝｸﾞ印刷,1,売上,000001,混合廃棄物A,"2,260","2,260",03,kg,68,"153,680",37411,000001,A（事業）,001,処分費,10:59,11:04,000002,三井物産流通ｸﾞﾙｰﾌﾟ㈱,000001,ｵﾈｽﾄ,000001,新木場ﾘｻｲｸﾙ工場,000001,ｵﾈｽﾄ,001211,大阪ｼｰﾘﾝｸﾞ印刷,2,電子,,000002,渡辺
2025/01/20(月),2025/01/20(月),2025/01/20(月),001635,大阪ｼｰﾘﾝｸﾞ印刷,1,売上,000109,運搬費,,1,07,台,"28,000","28,000",37404,000001,A（事業）,002,運搬費,10:20,10:22,000002,三井物産流通ｸﾞﾙｰﾌﾟ㈱,000001,ｵﾈｽﾄ,000001,新木場ﾘｻｲｸﾙ工場,000001,ｵﾈｽﾄ,001211,大阪ｼｰﾘﾝｸﾞ印刷,1,紙,,000002,渡辺
2025/01/20(月),2025/01/20(月),2025/01/20(月),001635,大阪ｼｰﾘﾝｸﾞ印刷,1,売上,000109,運搬費,,1,07,台,"28,000","28,000",37411,000001,A（事業）,002,運搬費,10:59,11:04,000002,三井物産流通ｸﾞﾙｰﾌﾟ㈱,000001,ｵﾈｽﾄ,000001,新木場ﾘｻｲｸﾙ工場,000001,ｵﾈｽﾄ,001211,大阪ｼｰﾘﾝｸﾞ印刷,2,電子,,000002,渡辺
2025/01/20(月),2025/01/20(月),2025/01/20(月),001635,大阪ｼｰﾘﾝｸﾞ印刷,1,売上,000109,運搬費,,1,07,台,"28,000","28,000",37416,000001,A（事業）,002,運搬費,11:19,11:19,000002,三井物産流通ｸﾞﾙｰﾌﾟ㈱,000001,ｵﾈｽﾄ,000001,新木場ﾘｻｲｸﾙ工場,000001,ｵﾈｽﾄ,001211,大阪ｼｰﾘﾝｸﾞ印刷,2,電子,,000002,渡辺
2025/01/20(月),2025/01/20(月),2025/01/20(月),001656,真和商事,1,売上,000001,混合廃棄物A,410,410,03,kg,60,"24,600",37375,000002,B（残置）,001,処分費,08:08,08:13,000001,真和商事　杉並営業所,000001,ｵﾈｽﾄ,000001,新木場ﾘｻｲｸﾙ工場,001656,真和商事,000055,真和商事,1,紙,,000002,渡辺
2025/01/20(月),2025/01/20(月),2025/01/20(月),001656,真和商事,1,売上,000093,混合廃棄物(ﾋﾞﾝ･缶･ﾍﾟｯﾄﾎﾞﾄﾙ),100,100,03,kg,45,"4,500",37375,000002,B（残置）,001,処分費,08:08,08:13,000001,真和商事　杉並営業所,000001,ｵﾈｽﾄ,000001,新木場ﾘｻｲｸﾙ工場,001656,真和商事,000055,真和商事,1,紙,,000002,渡辺
2025/01/20(月),2025/01/20(月),2025/01/20(月),001892,東洋熱工業,1,売上,000001,混合廃棄物A,20,20,03,kg,58,"1,160",37474,000004,D（建設）,001,処分費,16:08,16:23,000064,東武谷内田建設新春日部事務所新築工事,000001,ｵﾈｽﾄ,000001,新木場ﾘｻｲｸﾙ工場,000016,泉土木,000014,泉土木,1,紙,,000001,矢作
2025/01/20(月),2025/01/20(月),2025/01/20(月),001892,東洋熱工業,1,売上,000001,混合廃棄物A,80,80,03,kg,58,"4,640",37450,000004,D（建設）,001,処分費,14:06,14:22,000040,綾瀬屋上防水・外壁改修空調その他工事,000001,ｵﾈｽﾄ,000001,新木場ﾘｻｲｸﾙ工場,000016,泉土木,000014,泉土木,1,紙,,000001,矢作
2025/01/20(月),2025/01/20(月),2025/01/20(月),001892,東洋熱工業,1,売上,000030,選別,230,230,03,kg,55,"12,650",37450,000004,D（建設）,001,処分費,14:06,14:22,000040,綾瀬屋上防水・外壁改修空調その他工事,000001,ｵﾈｽﾄ,000001,新木場ﾘｻｲｸﾙ工場,000016,泉土木,000014,泉土木,1,紙,,000001,矢作
2025/01/20(月),2025/01/20(月),2025/01/20(月),001892,東洋熱工業,1,売上,000108,室内機,60,60,03,kg,55,"3,300",37450,000004,D（建設）,001,処分費,14:06,14:22,000040,綾瀬屋上防水・外壁改修空調その他工事,000001,ｵﾈｽﾄ,000001,新木場ﾘｻｲｸﾙ工場,000016,泉土木,000014,泉土木,1,紙,,000001,矢作
2025/01/20(月),2025/01/20(月),2025/01/20(月),001892,東洋熱工業,2,支払,000068,GC 軽鉄･ｽﾁｰﾙ類,90,90,03,kg,24.5,"2,205",37474,000004,D（建設）,003,有価物,16:08,16:23,000064,東武谷内田建設新春日部事務所新築工事,000001,ｵﾈｽﾄ,000001,新木場ﾘｻｲｸﾙ工場,000016,泉土木,000014,泉土木,1,紙,,000001,矢作
2025/01/20(月),2025/01/20(月),2025/01/20(月),001892,東洋熱工業,2,支払,000070,室外機,80,80,03,kg,30,"2,400",37450,000004,D（建設）,003,有価物,14:06,14:22,000040,綾瀬屋上防水・外壁改修空調その他工事,000001,ｵﾈｽﾄ,000001,新木場ﾘｻｲｸﾙ工場,000016,泉土木,000014,泉土木,1,紙,,000001,矢作
2025/01/20(月),2025/01/20(月),2025/01/20(月),001971,NTTｱｰﾊﾞﾝﾊﾞﾘｭｰｻﾎﾟｰﾄ,1,売上,000001,混合廃棄物A,"1,020","1,020",03,kg,54,"55,080",37401,000001,A（事業）,001,処分費,10:14,10:16,000006,ﾄﾗｯﾄﾞ目白,000001,ｵﾈｽﾄ,000001,新木場ﾘｻｲｸﾙ工場,000028,五十嵐商会,000025,五十嵐商会,1,紙,,000002,渡辺
2025/01/20(月),2025/01/20(月),2025/01/20(月),002175,ｱｸｼｽｴﾝｼﾞﾆｱﾘﾝｸﾞ,1,売上,000001,混合廃棄物A,220,220,03,kg,65,"14,300",37399,000004,D（建設）,001,処分費,10:13,10:15,000002,大手町ﾀﾜｰ　みずほ銀行,000001,ｵﾈｽﾄ,000001,新木場ﾘｻｲｸﾙ工場,000351,那須野興業,000280,那須野興業,1,紙,,000004,山本
2025/01/20(月),2025/01/20(月),2025/01/20(月),002205,俳優座劇場,1,売上,000001,混合廃棄物A,40,40,03,kg,65,"2,600",37428,000002,B（残置）,001,処分費,12:14,12:20,000001,俳優座劇場越谷工場,000001,ｵﾈｽﾄ,000001,新木場ﾘｻｲｸﾙ工場,002202,宮坂運送,000268,宮坂運送,1,紙,,000004,山本
2025/01/20(月),2025/01/20(月),2025/01/20(月),002205,俳優座劇場,1,売上,000001,混合廃棄物A,350,350,03,kg,65,"22,750",37469,000002,B（残置）,001,処分費,15:52,15:56,000001,俳優座劇場越谷工場,000001,ｵﾈｽﾄ,000001,新木場ﾘｻｲｸﾙ工場,002202,宮坂運送,000268,宮坂運送,1,紙,,000004,山本
2025/01/20(月),2025/01/20(月),2025/01/20(月),002205,俳優座劇場,1,売上,000016,軽量物系A(発泡ｽﾁﾛｰﾙ),320,320,03,kg,200,"64,000",37428,000002,B（残置）,001,処分費,12:14,12:20,000001,俳優座劇場越谷工場,000001,ｵﾈｽﾄ,000001,新木場ﾘｻｲｸﾙ工場,002202,宮坂運送,000268,宮坂運送,1,紙,,000004,山本
2025/01/20(月),2025/01/20(月),2025/01/20(月),002238,ｱｰﾙﾂｰ(小林),1,売上,000001,混合廃棄物A,"1,470","1,470",03,kg,65,"95,550",37459,000002,B（残置）,001,処分費,14:44,14:46,000013,貝塚様邸,000001,ｵﾈｽﾄ,000001,新木場ﾘｻｲｸﾙ工場,000001,ｵﾈｽﾄ,000561,ｱｰﾙﾂｰ,1,紙,,000007,小林
2025/01/20(月),2025/01/20(月),2025/01/20(月),002238,ｱｰﾙﾂｰ(小林),1,売上,000349,運搬費,,1,07,台,"28,000","28,000",37459,000002,B（残置）,002,運搬費,14:44,14:46,000013,貝塚様邸,000001,ｵﾈｽﾄ,000001,新木場ﾘｻｲｸﾙ工場,000001,ｵﾈｽﾄ,000561,ｱｰﾙﾂｰ,1,紙,,000007,小林
2025/01/20(月),2025/01/20(月),2025/01/20(月),002242,三井不動産ﾋﾞﾙﾏﾈｼﾞﾒﾝﾄﾘﾉﾍﾞｰｼｮﾝ事業部,1,売上,000001,混合廃棄物A,90,90,03,kg,58,"5,220",37443,000004,D（建設）,001,処分費,13:45,13:47,000027,新木場第二センタービル,000001,ｵﾈｽﾄ,000001,新木場ﾘｻｲｸﾙ工場,000016,泉土木,000014,泉土木,1,紙,,000001,矢作
2025/01/20(月),2025/01/20(月),2025/01/20(月),002246,東ｿｰ物流,1,売上,000001,混合廃棄物A,840,840,03,kg,60,"50,400",37386,000002,B（残置）,001,処分費,08:50,08:52,000000,東ｿｰ物流,000001,ｵﾈｽﾄ,000001,新木場ﾘｻｲｸﾙ工場,001772,三洋ｴｸｽﾌﾟﾚｽ,000228,三洋ｴｸｽﾌﾟﾚｽ,1,紙,,000002,渡辺
2025/01/20(月),2025/01/20(月),2025/01/20(月),002355,市川不動産,1,売上,000002,混合廃棄物B,630,630,03,kg,70,"44,100",37371,000004,D（建設）,001,処分費,07:38,07:40,000014,服部様邸,000001,ｵﾈｽﾄ,000001,新木場ﾘｻｲｸﾙ工場,000229,ｱｽﾏ･ｸﾘｰﾝ,000191,ｱｽﾏ･ｸﾘｰﾝ,1,紙,,000002,渡辺
2025/01/20(月),2025/01/20(月),2025/01/20(月),002380,築地場外市場商店街(振),1,売上,000002,混合廃棄物B,300,300,03,kg,65,"19,500",37378,000002,B（残置）,001,処分費,08:19,08:19,000000,築地場外市場商店街(振),000001,ｵﾈｽﾄ,000001,新木場ﾘｻｲｸﾙ工場,001415,山口興業,001238,山口興業（BOND）,,,,000005,今村（紀）
2025/01/20(月),2025/01/20(月),2025/01/20(月),002497,菱刈産業,1,売上,000001,混合廃棄物A,"1,170","1,170",03,kg,65,"76,050",37414,000004,D（建設）,001,処分費,11:28,11:30,000001,菱刈産業,000001,ｵﾈｽﾄ,000001,新木場ﾘｻｲｸﾙ工場,000361,全公研,000289,全公研,1,紙,,000004,山本
2025/01/20(月),2025/01/20(月),2025/01/20(月),002614,ｸﾘﾅｯﾌﾟ,1,売上,000001,混合廃棄物A,780,780,03,kg,57,"44,460",37458,000005,E（中・積),001,処分費,14:52,15:21,000004,ｸﾘﾅｯﾌﾟ横浜北ｼｮｰﾙｰﾑ,000001,ｵﾈｽﾄ,000001,新木場ﾘｻｲｸﾙ工場,000300,丸三松本商事,000242,丸三松本商事,1,紙,,000002,渡辺
2025/01/20(月),2025/01/20(月),2025/01/20(月),002614,ｸﾘﾅｯﾌﾟ,1,売上,000030,選別,270,270,03,kg,65,"17,550",37458,000005,E（中・積),001,処分費,14:52,15:21,000004,ｸﾘﾅｯﾌﾟ横浜北ｼｮｰﾙｰﾑ,000001,ｵﾈｽﾄ,000001,新木場ﾘｻｲｸﾙ工場,000300,丸三松本商事,000242,丸三松本商事,1,紙,,000002,渡辺
2025/01/20(月),2025/01/20(月),2025/01/20(月),002914,晃立設備,1,売上,000002,混合廃棄物B,660,660,03,kg,70,"46,200",37446,000003,C（解体）,001,処分費,13:58,14:01,000000,晃立設備,000001,ｵﾈｽﾄ,000001,新木場ﾘｻｲｸﾙ工場,000362,ﾐﾔ産興,000290,ﾐﾔ産興,1,紙,,000004,山本
2025/01/20(月),2025/01/20(月),2025/01/20(月),003122,三井不動産ﾎﾃﾙﾏﾈｼﾞﾒﾝﾄ,1,売上,000001,混合廃棄物A,230,230,03,kg,54,"12,420",37372,000001,A（事業）,001,処分費,07:42,07:42,000001,三井ｶﾞｰﾃﾞﾝﾎﾃﾙ大手町,000001,ｵﾈｽﾄ,000001,新木場ﾘｻｲｸﾙ工場,000028,五十嵐商会,000025,五十嵐商会,1,紙,,000002,渡辺
2025/01/20(月),2025/01/20(月),2025/01/20(月),003147,中央建物,1,売上,000001,混合廃棄物A,250,250,03,kg,54,"13,500",37402,000001,A（事業）,001,処分費,10:21,10:24,000001,大倉本館,000001,ｵﾈｽﾄ,000001,新木場ﾘｻｲｸﾙ工場,000028,五十嵐商会,000025,五十嵐商会,1,紙,,000002,渡辺
2025/01/20(月),2025/01/20(月),2025/01/20(月),003303,TANK,1,売上,000001,混合廃棄物A,140,140,03,kg,65,"9,100",37440,000004,D（建設）,001,処分費,13:07,13:12,000000,TANK,000001,ｵﾈｽﾄ,000001,新木場ﾘｻｲｸﾙ工場,001027,MINO,000787,MINO,1,紙,,000004,山本
2025/01/20(月),2025/01/20(月),2025/01/20(月),003423,ﾘｺｰｼﾞｬﾊﾟﾝ,2,支払,000060,ﾄﾗﾝｽ,530,530,03,kg,40,"21,200",37376,000004,D（建設）,003,有価物,08:14,08:17,000000,ﾘｺｰｼﾞｬﾊﾟﾝ,000001,ｵﾈｽﾄ,000001,新木場ﾘｻｲｸﾙ工場,000016,泉土木,000014,泉土木,1,紙,,000001,矢作
2025/01/20(月),2025/01/20(月),2025/01/20(月),003423,ﾘｺｰｼﾞｬﾊﾟﾝ,2,支払,000068,GC 軽鉄･ｽﾁｰﾙ類,"1,190","1,190",03,kg,24.5,"29,155",37376,000004,D（建設）,003,有価物,08:14,08:17,000000,ﾘｺｰｼﾞｬﾊﾟﾝ,000001,ｵﾈｽﾄ,000001,新木場ﾘｻｲｸﾙ工場,000016,泉土木,000014,泉土木,1,紙,,000001,矢作
2025/01/20(月),2025/01/20(月),2025/01/20(月),003492,東ｲﾝ,1,売上,000001,混合廃棄物A,500,500,03,kg,60,"30,000",37366,000002,B（残置）,001,処分費,07:15,07:21,000002,東ｲﾝ(江東区),000001,ｵﾈｽﾄ,000001,新木場ﾘｻｲｸﾙ工場,007489,ﾌｫｰﾒｰｼｮﾝ,001020,ﾌｫｰﾒｰｼｮﾝ,1,紙,,000007,小林
2025/01/20(月),2025/01/20(月),2025/01/20(月),003580,大京穴吹建設,1,売上,000001,混合廃棄物A,10,10,03,kg,58,580,37487,000004,D（建設）,001,処分費,17:49,17:50,000000,大京穴吹建設,000001,ｵﾈｽﾄ,000001,新木場ﾘｻｲｸﾙ工場,000016,泉土木,000014,泉土木,1,紙,,000001,矢作
2025/01/20(月),2025/01/20(月),2025/01/20(月),003580,大京穴吹建設,2,支払,000068,GC 軽鉄･ｽﾁｰﾙ類,"1,210","1,210",03,kg,24.5,"29,645",37472,000004,D（建設）,003,有価物,15:59,16:12,000055,ﾚｸｾﾙｶﾞｰﾃﾞﾝ東所沢　大規模修繕,000001,ｵﾈｽﾄ,000001,新木場ﾘｻｲｸﾙ工場,000016,泉土木,000014,泉土木,1,紙,,000001,矢作
2025/01/20(月),2025/01/20(月),2025/01/20(月),003742,大成有楽不動産（ﾚｿﾞﾝﾃﾞｨﾚｸｼｮﾝ）,1,売上,000001,混合廃棄物A,"1,000","1,000",03,kg,54,"54,000",37387,000001,A（事業）,001,処分費,09:01,09:01,000001,日比谷潁川ﾋﾞﾙ,000001,ｵﾈｽﾄ,000001,新木場ﾘｻｲｸﾙ工場,000028,五十嵐商会,000025,五十嵐商会,1,紙,,000002,渡辺
2025/01/20(月),2025/01/20(月),2025/01/20(月),003860,Tsukasyo,1,売上,000029,木くず,120,120,03,kg,35,"4,200",37420,000003,C（解体）,001,処分費,11:46,11:48,000001,Tsukasyo（北小岩4-35-4）,000001,ｵﾈｽﾄ,000001,新木場ﾘｻｲｸﾙ工場,008397,Tsukasyo,000373,Tsukasyo,1,紙,,000007,小林
2025/01/20(月),2025/01/20(月),2025/01/20(月),004003,便利屋ﾐﾔﾅﾐ,1,売上,000001,混合廃棄物A,210,210,03,kg,65,"13,650",37484,000002,B（残置）,001,処分費,17:08,17:19,000001,よろず屋いちばん,000001,ｵﾈｽﾄ,000001,新木場ﾘｻｲｸﾙ工場,004003,便利屋ﾐﾔﾅﾐ,001113,便利屋ﾐﾔﾅﾐ,1,紙,,000012,サン・テクノ
2025/01/20(月),2025/01/20(月),2025/01/20(月),004003,便利屋ﾐﾔﾅﾐ,1,売上,000029,木くず,130,130,03,kg,35,"4,550",37484,000002,B（残置）,001,処分費,17:08,17:19,000001,よろず屋いちばん,000001,ｵﾈｽﾄ,000001,新木場ﾘｻｲｸﾙ工場,004003,便利屋ﾐﾔﾅﾐ,001113,便利屋ﾐﾔﾅﾐ,1,紙,,000012,サン・テクノ
2025/01/20(月),2025/01/20(月),2025/01/20(月),004003,便利屋ﾐﾔﾅﾐ,1,売上,000102,ﾏﾆﾌｪｽﾄ,,50,11,枚,50,"2,500",37484,000002,B（残置）,001,処分費,17:08,17:19,000001,よろず屋いちばん,000001,ｵﾈｽﾄ,000001,新木場ﾘｻｲｸﾙ工場,004003,便利屋ﾐﾔﾅﾐ,001113,便利屋ﾐﾔﾅﾐ,1,紙,,000012,サン・テクノ
2025/01/20(月),2025/01/20(月),2025/01/20(月),004074,東武ﾃﾞﾘﾊﾞﾘｰ,1,売上,000001,混合廃棄物A,20,20,03,kg,60,"1,200",37421,000004,D（建設）,001,処分費,11:47,12:10,000000,東武ﾃﾞﾘﾊﾞﾘｰ,000001,ｵﾈｽﾄ,000001,新木場ﾘｻｲｸﾙ工場,000033,富士商事,000029,富士商事,1,紙,,000004,山本
2025/01/20(月),2025/01/20(月),2025/01/20(月),004074,東武ﾃﾞﾘﾊﾞﾘｰ,1,売上,000029,木くず,110,110,03,kg,35,"3,850",37421,000004,D（建設）,001,処分費,11:47,12:10,000000,東武ﾃﾞﾘﾊﾞﾘｰ,000001,ｵﾈｽﾄ,000001,新木場ﾘｻｲｸﾙ工場,000033,富士商事,000029,富士商事,1,紙,,000004,山本
2025/01/20(月),2025/01/20(月),2025/01/20(月),004074,東武ﾃﾞﾘﾊﾞﾘｰ,2,支払,000068,GC 軽鉄･ｽﾁｰﾙ類,240,240,03,kg,26.5,"6,360",37473,000004,D（建設）,003,有価物,16:25,16:25,000000,東武ﾃﾞﾘﾊﾞﾘｰ,000001,ｵﾈｽﾄ,000001,新木場ﾘｻｲｸﾙ工場,000033,富士商事,000029,富士商事,1,紙,,000004,山本
2025/01/20(月),2025/01/20(月),2025/01/20(月),004074,東武ﾃﾞﾘﾊﾞﾘｰ,2,支払,000068,GC 軽鉄･ｽﾁｰﾙ類,770,770,03,kg,26.5,"20,405",37434,000004,D（建設）,003,有価物,12:27,12:29,000000,東武ﾃﾞﾘﾊﾞﾘｰ,000001,ｵﾈｽﾄ,000001,新木場ﾘｻｲｸﾙ工場,000033,富士商事,000029,富士商事,1,紙,,000004,山本
2025/01/20(月),2025/01/20(月),2025/01/20(月),004074,東武ﾃﾞﾘﾊﾞﾘｰ,2,支払,000069,GD,770,770,03,kg,1,770,37434,000004,D（建設）,003,有価物,12:27,12:29,000000,東武ﾃﾞﾘﾊﾞﾘｰ,000001,ｵﾈｽﾄ,000001,新木場ﾘｻｲｸﾙ工場,000033,富士商事,000029,富士商事,1,紙,,000004,山本
2025/01/20(月),2025/01/20(月),2025/01/20(月),004074,東武ﾃﾞﾘﾊﾞﾘｰ,2,支払,000069,GD,"1,330","1,330",03,kg,1,"1,330",37421,000004,D（建設）,003,有価物,11:47,12:10,000000,東武ﾃﾞﾘﾊﾞﾘｰ,000001,ｵﾈｽﾄ,000001,新木場ﾘｻｲｸﾙ工場,000033,富士商事,000029,富士商事,1,紙,,000004,山本
2025/01/20(月),2025/01/20(月),2025/01/20(月),004074,東武ﾃﾞﾘﾊﾞﾘｰ,2,支払,000069,GD,"1,330","1,330",03,kg,1,"1,330",37473,000004,D（建設）,003,有価物,16:25,16:25,000000,東武ﾃﾞﾘﾊﾞﾘｰ,000001,ｵﾈｽﾄ,000001,新木場ﾘｻｲｸﾙ工場,000033,富士商事,000029,富士商事,1,紙,,000004,山本
2025/01/20(月),2025/01/20(月),2025/01/20(月),004534,東海交通機械,1,売上,000030,選別,360,360,03,kg,60,"21,600",37451,000004,D（建設）,001,処分費,14:10,14:16,000005,東海交通機械東京支店,000001,ｵﾈｽﾄ,000001,新木場ﾘｻｲｸﾙ工場,000361,全公研,000289,全公研,1,紙,,000004,山本
2025/01/20(月),2025/01/20(月),2025/01/20(月),004639,ｱｸｾｽ有明,1,売上,000001,混合廃棄物A,430,430,03,kg,65,"27,950",37426,000004,D（建設）,001,処分費,11:56,12:04,000000,ｱｸｾｽ有明,000001,ｵﾈｽﾄ,000001,新木場ﾘｻｲｸﾙ工場,004639,ｱｸｾｽ有明,000419,ｱｸｾｽ有明,1,紙,,000002,渡辺
2025/01/20(月),2025/01/20(月),2025/01/20(月),004639,ｱｸｾｽ有明,1,売上,000001,混合廃棄物A,870,870,03,kg,65,"56,550",37398,000004,D（建設）,001,処分費,10:05,10:09,000000,ｱｸｾｽ有明,000001,ｵﾈｽﾄ,000001,新木場ﾘｻｲｸﾙ工場,004639,ｱｸｾｽ有明,000419,ｱｸｾｽ有明,1,紙,,000002,渡辺
2025/01/20(月),2025/01/20(月),2025/01/20(月),004639,ｱｸｾｽ有明,1,売上,000029,木くず,180,180,03,kg,35,"6,300",37426,000004,D（建設）,001,処分費,11:56,12:04,000000,ｱｸｾｽ有明,000001,ｵﾈｽﾄ,000001,新木場ﾘｻｲｸﾙ工場,004639,ｱｸｾｽ有明,000419,ｱｸｾｽ有明,1,紙,,000002,渡辺
2025/01/20(月),2025/01/20(月),2025/01/20(月),004663,かねたや家具店,1,売上,000078,ｶﾞﾗｽ･ｺﾝｸﾘｰﾄ･陶磁器くず,"2,350",4,02,m3,"16,000","64,000",37508,000006,F（他）,001,処分費,08:16,08:16,000001,かねたや家具店　流通ｾﾝﾀｰ,000001,ｵﾈｽﾄ,000001,新木場ﾘｻｲｸﾙ工場,000001,ｵﾈｽﾄ,000562,かねたや家具店,1,紙,,000013,かねたや
2025/01/20(月),2025/01/20(月),2025/01/20(月),004663,かねたや家具店,1,売上,000403,収集運搬費(4ｔｱｰﾑﾛｰﾙ車),,1,07,台,"25,000","25,000",37508,000006,F（他）,002,運搬費,08:16,08:16,000001,かねたや家具店　流通ｾﾝﾀｰ,000001,ｵﾈｽﾄ,000001,新木場ﾘｻｲｸﾙ工場,000001,ｵﾈｽﾄ,000562,かねたや家具店,1,紙,,000013,かねたや
2025/01/20(月),2025/01/20(月),2025/01/20(月),004766,JR東日本環境ｱｸｾｽ,1,売上,000001,混合廃棄物A,"1,300","1,300",03,kg,55,"71,500",37377,000001,A（事業）,001,処分費,08:13,08:13,000001,東京資源循環ｾﾝﾀｰ,000001,ｵﾈｽﾄ,000001,新木場ﾘｻｲｸﾙ工場,004766,JR東日本環境ｱｸｾｽ,000426,JR東日本環境ｱｸｾｽ,2,電子,,000002,渡辺
2025/01/20(月),2025/01/20(月),2025/01/20(月),004766,JR東日本環境ｱｸｾｽ,1,売上,000001,混合廃棄物A,"1,520","1,520",03,kg,55,"83,600",37396,000001,A（事業）,001,処分費,10:06,10:06,000001,東京資源循環ｾﾝﾀｰ,000001,ｵﾈｽﾄ,000001,新木場ﾘｻｲｸﾙ工場,004766,JR東日本環境ｱｸｾｽ,000426,JR東日本環境ｱｸｾｽ,2,電子,,000002,渡辺
2025/01/20(月),2025/01/20(月),2025/01/20(月),004856,AMUU,1,売上,000002,混合廃棄物B,390,390,03,kg,70,"27,300",37408,000003,C（解体）,001,処分費,10:45,10:47,000013,東京都品川区小山台1-28-4,000001,ｵﾈｽﾄ,000001,新木場ﾘｻｲｸﾙ工場,004856,AMUU,001132,AMUU,1,紙,,000007,小林
2025/01/20(月),2025/01/20(月),2025/01/20(月),004856,AMUU,1,売上,000002,混合廃棄物B,460,460,03,kg,70,"32,200",37431,000003,C（解体）,001,処分費,12:47,12:50,000013,東京都品川区小山台1-28-4,000001,ｵﾈｽﾄ,000001,新木場ﾘｻｲｸﾙ工場,004856,AMUU,001132,AMUU,1,紙,,000007,小林
2025/01/20(月),2025/01/20(月),2025/01/20(月),004856,AMUU,1,売上,000003,混合廃棄物C,550,550,03,kg,80,"44,000",37444,000003,C（解体）,001,処分費,13:50,13:53,000013,東京都品川区小山台1-28-4,000001,ｵﾈｽﾄ,000001,新木場ﾘｻｲｸﾙ工場,004856,AMUU,001132,AMUU,1,紙,,000007,小林
2025/01/20(月),2025/01/20(月),2025/01/20(月),005011,ﾊﾙﾊﾟｴﾔ,1,売上,000001,混合廃棄物A,230,230,03,kg,65,"14,950",37461,000002,B（残置）,001,処分費,14:56,15:11,000000,ﾊﾙﾊﾟｴﾔ,000001,ｵﾈｽﾄ,000001,新木場ﾘｻｲｸﾙ工場,005011,ﾊﾙﾊﾟｴﾔ,000718,ﾊﾙﾊﾟｴﾔ,1,紙,,000005,今村（紀）
2025/01/20(月),2025/01/20(月),2025/01/20(月),005011,ﾊﾙﾊﾟｴﾔ,1,売上,000001,混合廃棄物A,390,390,03,kg,65,"25,350",37385,000002,B（残置）,001,処分費,08:49,09:04,000000,ﾊﾙﾊﾟｴﾔ,000001,ｵﾈｽﾄ,000001,新木場ﾘｻｲｸﾙ工場,005011,ﾊﾙﾊﾟｴﾔ,000718,ﾊﾙﾊﾟｴﾔ,1,紙,,000005,今村（紀）
2025/01/20(月),2025/01/20(月),2025/01/20(月),005011,ﾊﾙﾊﾟｴﾔ,1,売上,000004,混合廃棄物(焼却物),100,100,03,kg,75,"7,500",37461,000002,B（残置）,001,処分費,14:56,15:11,000000,ﾊﾙﾊﾟｴﾔ,000001,ｵﾈｽﾄ,000001,新木場ﾘｻｲｸﾙ工場,005011,ﾊﾙﾊﾟｴﾔ,000718,ﾊﾙﾊﾟｴﾔ,1,紙,,000005,今村（紀）
2025/01/20(月),2025/01/20(月),2025/01/20(月),005011,ﾊﾙﾊﾟｴﾔ,1,売上,000029,木くず,470,470,03,kg,35,"16,450",37385,000002,B（残置）,001,処分費,08:49,09:04,000000,ﾊﾙﾊﾟｴﾔ,000001,ｵﾈｽﾄ,000001,新木場ﾘｻｲｸﾙ工場,005011,ﾊﾙﾊﾟｴﾔ,000718,ﾊﾙﾊﾟｴﾔ,1,紙,,000005,今村（紀）
2025/01/20(月),2025/01/20(月),2025/01/20(月),005011,ﾊﾙﾊﾟｴﾔ,1,売上,000029,木くず,510,510,03,kg,35,"17,850",37461,000002,B（残置）,001,処分費,14:56,15:11,000000,ﾊﾙﾊﾟｴﾔ,000001,ｵﾈｽﾄ,000001,新木場ﾘｻｲｸﾙ工場,005011,ﾊﾙﾊﾟｴﾔ,000718,ﾊﾙﾊﾟｴﾔ,1,紙,,000005,今村（紀）
2025/01/20(月),2025/01/20(月),2025/01/20(月),005112,RM企画　中山十四夏津,1,売上,000001,混合廃棄物A,690,690,03,kg,65,"44,850",37467,000002,B（残置）,001,処分費,15:34,15:47,000000,RM企画　中山十四夏津,000001,ｵﾈｽﾄ,000001,新木場ﾘｻｲｸﾙ工場,005112,RM企画　中山十四夏津,000440,RM企画,1,紙,,000007,小林
2025/01/20(月),2025/01/20(月),2025/01/20(月),005112,RM企画　中山十四夏津,1,売上,000029,木くず,400,400,03,kg,35,"14,000",37467,000002,B（残置）,001,処分費,15:34,15:47,000000,RM企画　中山十四夏津,000001,ｵﾈｽﾄ,000001,新木場ﾘｻｲｸﾙ工場,005112,RM企画　中山十四夏津,000440,RM企画,1,紙,,000007,小林
2025/01/20(月),2025/01/20(月),2025/01/20(月),006034,新菱冷熱工業都市環境事業部,1,売上,000001,混合廃棄物A,420,420,03,kg,65,"27,300",37394,000004,D（建設）,001,処分費,09:48,09:50,000007,【松井】西新宿六丁目地域冷暖房施設　第1,000001,ｵﾈｽﾄ,000001,新木場ﾘｻｲｸﾙ工場,000001,ｵﾈｽﾄ,000594,新菱冷熱工業都市環境事業部,1,紙,,000006,川部
2025/01/20(月),2025/01/20(月),2025/01/20(月),006034,新菱冷熱工業都市環境事業部,1,売上,000353,運搬費(3ｔｺﾝﾃﾅ車),,1,07,台,"24,000","24,000",37394,000004,D（建設）,002,運搬費,09:48,09:50,000007,【松井】西新宿六丁目地域冷暖房施設　第1,000001,ｵﾈｽﾄ,000001,新木場ﾘｻｲｸﾙ工場,000001,ｵﾈｽﾄ,000594,新菱冷熱工業都市環境事業部,1,紙,,000006,川部
2025/01/20(月),2025/01/20(月),2025/01/20(月),006076,TWC,1,売上,000002,混合廃棄物B,160,160,03,kg,70,"11,200",37389,000003,C（解体）,001,処分費,09:40,09:40,000015,【仮称】小川様邸解体工事計画,000001,ｵﾈｽﾄ,000001,新木場ﾘｻｲｸﾙ工場,001361,三信ﾃｯｸ,001367,三信ﾃｯｸ,1,紙,,000007,小林
2025/01/20(月),2025/01/20(月),2025/01/20(月),006076,TWC,1,売上,000021,軽量物系B(ｸﾞﾗｽｳｰﾙ),60,60,03,kg,80,"4,800",37389,000003,C（解体）,001,処分費,09:40,09:40,000015,【仮称】小川様邸解体工事計画,000001,ｵﾈｽﾄ,000001,新木場ﾘｻｲｸﾙ工場,001361,三信ﾃｯｸ,001367,三信ﾃｯｸ,1,紙,,000007,小林
2025/01/20(月),2025/01/20(月),2025/01/20(月),006107,大京穴吹不動産,1,売上,000001,混合廃棄物A,80,80,03,kg,55,"4,400",37465,000002,B（残置）,001,処分費,15:27,15:32,000094,レクセルシティ三鷹(604),000001,ｵﾈｽﾄ,000001,新木場ﾘｻｲｸﾙ工場,004463,あるくる,000823,あるくる,1,紙,,000001,矢作
2025/01/20(月),2025/01/20(月),2025/01/20(月),006107,大京穴吹不動産,1,売上,000029,木くず,40,40,03,kg,42,"1,680",37465,000002,B（残置）,001,処分費,15:27,15:32,000094,レクセルシティ三鷹(604),000001,ｵﾈｽﾄ,000001,新木場ﾘｻｲｸﾙ工場,004463,あるくる,000823,あるくる,1,紙,,000001,矢作
2025/01/20(月),2025/01/20(月),2025/01/20(月),006262,ｱｲﾃｨｵｰ,1,売上,000020,軽量物系A(ｳﾚﾀﾝ),40,40,03,kg,0,0,37383,000004,D（建設）,001,処分費,08:38,08:38,000000,ｱｲﾃｨｵｰ,000001,ｵﾈｽﾄ,000001,新木場ﾘｻｲｸﾙ工場,000001,ｵﾈｽﾄ,000486,ｱｲﾃｨｵｰ,1,紙,,000002,渡辺
2025/01/20(月),2025/01/20(月),2025/01/20(月),006345,ｸﾛｽｶﾝﾊﾟﾆｰ,1,売上,000001,混合廃棄物A,620,620,03,kg,65,"40,300",37480,000002,B（残置）,001,処分費,16:37,16:44,000000,ｸﾛｽｶﾝﾊﾟﾆｰ,000001,ｵﾈｽﾄ,000001,新木場ﾘｻｲｸﾙ工場,006171,Pasito,000485,Pasito,1,紙,,000007,小林
2025/01/20(月),2025/01/20(月),2025/01/20(月),006345,ｸﾛｽｶﾝﾊﾟﾆｰ,1,売上,000036,ﾏｯﾄﾚｽ(ｼﾝｸﾞﾙ),10,1,11,枚,"6,000","6,000",37480,000002,B（残置）,001,処分費,16:37,16:44,000000,ｸﾛｽｶﾝﾊﾟﾆｰ,000001,ｵﾈｽﾄ,000001,新木場ﾘｻｲｸﾙ工場,006171,Pasito,000485,Pasito,1,紙,,000007,小林
2025/01/20(月),2025/01/20(月),2025/01/20(月),006538,ﾃｸﾉ菱和,1,売上,000001,混合廃棄物A,280,280,03,kg,65,"18,200",37390,000004,D（建設）,001,処分費,09:15,09:18,000005,4104三菱UFJ銀行多摩ﾋﾞｼﾞﾈｽｾﾝﾀｰO棟空調機更,000001,ｵﾈｽﾄ,000001,新木場ﾘｻｲｸﾙ工場,008089,ｷｭｰﾋﾞｯｸ,000808,Y-maxx,1,紙,,000004,山本
2025/01/20(月),2025/01/20(月),2025/01/20(月),006538,ﾃｸﾉ菱和,1,売上,000026,石膏ﾎﾞｰﾄﾞC,20,20,03,kg,80,"1,600",37390,000004,D（建設）,001,処分費,09:15,09:18,000005,4104三菱UFJ銀行多摩ﾋﾞｼﾞﾈｽｾﾝﾀｰO棟空調機更,000001,ｵﾈｽﾄ,000001,新木場ﾘｻｲｸﾙ工場,008089,ｷｭｰﾋﾞｯｸ,000808,Y-maxx,1,紙,,000004,山本
2025/01/20(月),2025/01/20(月),2025/01/20(月),006576,ﾗﾝﾄﾞﾏｯｸ,1,売上,000001,混合廃棄物A,400,400,03,kg,60,"24,000",37406,000002,B（残置）,001,処分費,10:36,10:38,000002,ﾗﾝﾄﾞﾏｯｸ　ﾃﾞｻﾞｲﾝﾜｰｸｽ,000001,ｵﾈｽﾄ,000001,新木場ﾘｻｲｸﾙ工場,001656,真和商事,000055,真和商事,1,紙,,000002,渡辺
2025/01/20(月),2025/01/20(月),2025/01/20(月),006594,ｾｲｺｰﾋﾞﾙｼｽﾃﾑ　,1,売上,000001,混合廃棄物A,640,640,03,kg,60,"38,400",37471,000002,B（残置）,001,処分費,15:59,16:04,000001,渋谷公会堂,000001,ｵﾈｽﾄ,000001,新木場ﾘｻｲｸﾙ工場,001656,真和商事,000055,真和商事,1,紙,,000002,渡辺
2025/01/20(月),2025/01/20(月),2025/01/20(月),006618,(ｻﾝﾃｸﾉ)三豊興産,1,売上,000001,混合廃棄物A,680,680,03,kg,58,"39,440",37363,000006,F（他）,001,処分費,08:29,07:04,000000,(ｻﾝﾃｸﾉ)三豊興産,000001,ｵﾈｽﾄ,000001,新木場ﾘｻｲｸﾙ工場,006618,(ｻﾝﾃｸﾉ)三豊興産,001022,ｻﾝ･ﾃｸﾉ,1,紙,,000012,サン・テクノ
2025/01/20(月),2025/01/20(月),2025/01/20(月),007194,高岡電気工業,1,売上,000001,混合廃棄物A,510,510,03,kg,65,"33,150",37464,000004,D（建設）,001,処分費,15:04,15:09,000000,高岡電気工業,000001,ｵﾈｽﾄ,000001,新木場ﾘｻｲｸﾙ工場,001051,Y-maxx,000808,Y-maxx,1,紙,,000004,山本
2025/01/20(月),2025/01/20(月),2025/01/20(月),007194,高岡電気工業,1,売上,000016,軽量物系A(発泡ｽﾁﾛｰﾙ),40,40,03,kg,200,"8,000",37455,000004,D（建設）,001,処分費,14:26,14:37,000000,高岡電気工業,000001,ｵﾈｽﾄ,000001,新木場ﾘｻｲｸﾙ工場,001051,Y-maxx,000808,Y-maxx,1,紙,,000004,山本
2025/01/20(月),2025/01/20(月),2025/01/20(月),007194,高岡電気工業,1,売上,000029,木くず,810,810,03,kg,35,"28,350",37455,000004,D（建設）,001,処分費,14:26,14:37,000000,高岡電気工業,000001,ｵﾈｽﾄ,000001,新木場ﾘｻｲｸﾙ工場,001051,Y-maxx,000808,Y-maxx,1,紙,,000004,山本
2025/01/20(月),2025/01/20(月),2025/01/20(月),007447,日本ｴﾚﾍﾞｰﾀｰ製造,1,売上,000001,混合廃棄物A,60,60,03,kg,58,"3,480",37433,000004,D（建設）,001,処分費,12:16,12:47,000016,荻窪郵便局ゆうﾊﾟｯｸｾﾝﾀｰ作業所昇降機設備,000001,ｵﾈｽﾄ,000001,新木場ﾘｻｲｸﾙ工場,000016,泉土木,000014,泉土木,1,紙,,000001,矢作
2025/01/20(月),2025/01/20(月),2025/01/20(月),007447,日本ｴﾚﾍﾞｰﾀｰ製造,2,支払,000068,GC 軽鉄･ｽﾁｰﾙ類,"1,340","1,340",03,kg,24.5,"32,830",37433,000004,D（建設）,003,有価物,12:16,12:47,000016,荻窪郵便局ゆうﾊﾟｯｸｾﾝﾀｰ作業所昇降機設備,000001,ｵﾈｽﾄ,000001,新木場ﾘｻｲｸﾙ工場,000016,泉土木,000014,泉土木,1,紙,,000001,矢作
2025/01/20(月),2025/01/20(月),2025/01/20(月),007447,日本ｴﾚﾍﾞｰﾀｰ製造,2,支払,000068,GC 軽鉄･ｽﾁｰﾙ類,"1,700","1,700",03,kg,24.5,"41,650",37457,000004,D（建設）,003,有価物,14:44,14:52,000012,都営小松川二丁目第2ｱﾊﾟｰﾄ昇降機ﾘﾆｭｰｱﾙ工事,000001,ｵﾈｽﾄ,000001,新木場ﾘｻｲｸﾙ工場,000016,泉土木,000014,泉土木,1,紙,,000001,矢作
2025/01/20(月),2025/01/20(月),2025/01/20(月),007447,日本ｴﾚﾍﾞｰﾀｰ製造,2,支払,000069,GD,80,80,03,kg,14,"1,120",37433,000004,D（建設）,003,有価物,12:16,12:47,000016,荻窪郵便局ゆうﾊﾟｯｸｾﾝﾀｰ作業所昇降機設備,000001,ｵﾈｽﾄ,000001,新木場ﾘｻｲｸﾙ工場,000016,泉土木,000014,泉土木,1,紙,,000001,矢作
2025/01/20(月),2025/01/20(月),2025/01/20(月),007447,日本ｴﾚﾍﾞｰﾀｰ製造,2,支払,000120,ﾓｰﾀｰ,100,100,03,kg,100,"10,000",37433,000004,D（建設）,003,有価物,12:16,12:47,000016,荻窪郵便局ゆうﾊﾟｯｸｾﾝﾀｰ作業所昇降機設備,000001,ｵﾈｽﾄ,000001,新木場ﾘｻｲｸﾙ工場,000016,泉土木,000014,泉土木,1,紙,,000001,矢作
2025/01/20(月),2025/01/20(月),2025/01/20(月),007591,SKY,1,売上,000002,混合廃棄物B,500,500,03,kg,70,"35,000",37395,000004,D（建設）,001,処分費,09:57,10:01,000011,原宿ﾋﾞﾙ,000001,ｵﾈｽﾄ,000001,新木場ﾘｻｲｸﾙ工場,000210,ES産業,000175,ES産業,1,紙,,000002,渡辺
2025/01/20(月),2025/01/20(月),2025/01/20(月),007591,SKY,1,売上,000021,軽量物系B(ｸﾞﾗｽｳｰﾙ),210,210,03,kg,80,"16,800",37395,000004,D（建設）,001,処分費,09:57,10:01,000011,原宿ﾋﾞﾙ,000001,ｵﾈｽﾄ,000001,新木場ﾘｻｲｸﾙ工場,000210,ES産業,000175,ES産業,1,紙,,000002,渡辺
2025/01/20(月),2025/01/20(月),2025/01/20(月),007694,ﾚｽﾄﾚｰｼｮﾝｼﾞｬﾊﾟﾝ,1,売上,000001,混合廃棄物A,130,130,03,kg,65,"8,450",37368,000002,B（残置）,001,処分費,07:24,07:25,000000,ﾚｽﾄﾚｰｼｮﾝｼﾞｬﾊﾟﾝ,000001,ｵﾈｽﾄ,000001,新木場ﾘｻｲｸﾙ工場,007694,ﾚｽﾄﾚｰｼｮﾝｼﾞｬﾊﾟﾝ,001242,ﾚｽﾄﾚｰｼｮﾝｼﾞｬﾊﾟﾝ,1,紙,,000005,今村（紀）
2025/01/20(月),2025/01/20(月),2025/01/20(月),007694,ﾚｽﾄﾚｰｼｮﾝｼﾞｬﾊﾟﾝ,1,売上,000102,ﾏﾆﾌｪｽﾄ,,1,11,枚,50,50,37368,000002,B（残置）,001,処分費,07:24,07:25,000000,ﾚｽﾄﾚｰｼｮﾝｼﾞｬﾊﾟﾝ,000001,ｵﾈｽﾄ,000001,新木場ﾘｻｲｸﾙ工場,007694,ﾚｽﾄﾚｰｼｮﾝｼﾞｬﾊﾟﾝ,001242,ﾚｽﾄﾚｰｼｮﾝｼﾞｬﾊﾟﾝ,1,紙,,000005,今村（紀）
2025/01/20(月),2025/01/20(月),2025/01/20(月),007737,ｲﾍﾞﾝﾄ･ﾄｩｴﾝﾃｨ･ﾜﾝ,1,売上,000001,混合廃棄物A,140,140,03,kg,65,"9,100",37419,000002,B（残置）,001,処分費,11:37,11:41,000001,ｲﾍﾞﾝﾄﾄｩｴﾝﾃｨｰﾜﾝ（横浜市）,000001,ｵﾈｽﾄ,000001,新木場ﾘｻｲｸﾙ工場,007489,ﾌｫｰﾒｰｼｮﾝ,001020,ﾌｫｰﾒｰｼｮﾝ,1,紙,,000007,小林
2025/01/20(月),2025/01/20(月),2025/01/20(月),007858,F's,1,売上,000002,混合廃棄物B,"1,160","1,160",03,kg,70,"81,200",37436,000003,C（解体）,001,処分費,13:06,13:09,000018,解体現場,000001,ｵﾈｽﾄ,000001,新木場ﾘｻｲｸﾙ工場,007858,F's,001269,F's（ｴﾌｽﾞ）,1,紙,,000004,山本
2025/01/20(月),2025/01/20(月),2025/01/20(月),007954,ﾄﾗｲｱｯﾌﾟ,1,売上,000024,石膏ﾎﾞｰﾄﾞA,140,140,03,kg,40,"5,600",37423,000002,B（残置）,001,処分費,11:46,11:52,000009,ﾄﾗｲｱｯﾌﾟ(渋谷区),000001,ｵﾈｽﾄ,000001,新木場ﾘｻｲｸﾙ工場,007489,ﾌｫｰﾒｰｼｮﾝ,001020,ﾌｫｰﾒｰｼｮﾝ,1,紙,,000007,小林
2025/01/20(月),2025/01/20(月),2025/01/20(月),007954,ﾄﾗｲｱｯﾌﾟ,1,売上,000029,木くず,120,120,03,kg,35,"4,200",37423,000002,B（残置）,001,処分費,11:46,11:52,000009,ﾄﾗｲｱｯﾌﾟ(渋谷区),000001,ｵﾈｽﾄ,000001,新木場ﾘｻｲｸﾙ工場,007489,ﾌｫｰﾒｰｼｮﾝ,001020,ﾌｫｰﾒｰｼｮﾝ,1,紙,,000007,小林
2025/01/20(月),2025/01/20(月),2025/01/20(月),008290,日本通運㈱,1,売上,000038,廃ﾌﾟﾗｽﾁｯｸ類,270,270,03,kg,60,"16,200",37438,000001,A（事業）,001,処分費,13:06,13:06,000005,原木ｲﾝﾀｰﾅｼｮﾅﾙﾛｼﾞｽﾃｨｸｽﾀｳﾝNO.2,000001,ｵﾈｽﾄ,000001,新木場ﾘｻｲｸﾙ工場,000001,ｵﾈｽﾄ,000095,日本通運,2,電子,,000007,小林
2025/01/20(月),2025/01/20(月),2025/01/20(月),008290,日本通運㈱,1,売上,000109,運搬費,,1,07,台,"21,000","21,000",37438,000001,A（事業）,002,運搬費,13:06,13:06,000005,原木ｲﾝﾀｰﾅｼｮﾅﾙﾛｼﾞｽﾃｨｸｽﾀｳﾝNO.2,000001,ｵﾈｽﾄ,000001,新木場ﾘｻｲｸﾙ工場,000001,ｵﾈｽﾄ,000095,日本通運,2,電子,,000007,小林
2025/01/20(月),2025/01/20(月),2025/01/20(月),008342,ﾘｷｹﾝ,1,売上,000002,混合廃棄物B,490,490,03,kg,70,"34,300",37392,000003,C（解体）,001,処分費,09:47,09:50,000002,(仮称)東品川4解体工事,000001,ｵﾈｽﾄ,000001,新木場ﾘｻｲｸﾙ工場,008343,JANSTAR,000627,JANSTAR,2,電子,,000006,川部
2025/01/20(月),2025/01/20(月),2025/01/20(月),008352,ASKOT,1,売上,000002,混合廃棄物B,100,100,03,kg,70,"7,000",37485,000003,C（解体）,001,処分費,17:26,17:29,000014,足立区港北解体工事,000001,ｵﾈｽﾄ,000001,新木場ﾘｻｲｸﾙ工場,007123,ﾓﾝﾎﾞﾙﾄﾞ,000462,ﾓﾝﾎﾞﾙﾄﾞ,1,紙,,000007,小林
2025/01/20(月),2025/01/20(月),2025/01/20(月),008465,ｼﾐｽﾞﾋﾞﾙﾗｲﾌｹｱ,1,売上,000001,混合廃棄物A,70,70,03,kg,58,"4,060",37479,000004,D（建設）,001,処分費,16:29,16:42,000003,BF355158　清水建設本社ﾋﾞﾙ,000001,ｵﾈｽﾄ,000001,新木場ﾘｻｲｸﾙ工場,000016,泉土木,000014,泉土木,1,紙,,000001,矢作
2025/01/20(月),2025/01/20(月),2025/01/20(月),008465,ｼﾐｽﾞﾋﾞﾙﾗｲﾌｹｱ,2,支払,000068,GC 軽鉄･ｽﾁｰﾙ類,60,60,03,kg,24.5,"1,470",37479,000004,D（建設）,003,有価物,16:29,16:42,000003,BF355158　清水建設本社ﾋﾞﾙ,000001,ｵﾈｽﾄ,000001,新木場ﾘｻｲｸﾙ工場,000016,泉土木,000014,泉土木,1,紙,,000001,矢作
2025/01/20(月),2025/01/20(月),2025/01/20(月),008760,ｾﾞｸｵｽ,1,売上,000002,混合廃棄物B,260,260,03,kg,70,"18,200",37447,000003,C（解体）,001,処分費,13:59,14:03,000001,渋谷区代々木3丁目既存建物解体工事,000001,ｵﾈｽﾄ,000001,新木場ﾘｻｲｸﾙ工場,001049,三豊工業,000806,三豊工業,1,紙,,000006,川部
2025/01/20(月),2025/01/20(月),2025/01/20(月),008760,ｾﾞｸｵｽ,1,売上,000021,軽量物系B(ｸﾞﾗｽｳｰﾙ),280,280,03,kg,80,"22,400",37468,000003,C（解体）,001,処分費,15:40,15:46,000001,渋谷区代々木3丁目既存建物解体工事,000001,ｵﾈｽﾄ,000001,新木場ﾘｻｲｸﾙ工場,001049,三豊工業,000806,三豊工業,1,紙,,000006,川部
2025/01/20(月),2025/01/20(月),2025/01/20(月),008760,ｾﾞｸｵｽ,1,売上,000021,軽量物系B(ｸﾞﾗｽｳｰﾙ),520,520,03,kg,80,"41,600",37407,000003,C（解体）,001,処分費,10:35,10:40,000001,渋谷区代々木3丁目既存建物解体工事,000001,ｵﾈｽﾄ,000001,新木場ﾘｻｲｸﾙ工場,001049,三豊工業,000806,三豊工業,1,紙,,000006,川部
2025/01/20(月),2025/01/20(月),2025/01/20(月),008792,ｴｽｹｰ石鹸,1,売上,000009,混合廃棄物(安定型),280,280,03,kg,80,"22,400",37409,000004,D（建設）,001,処分費,10:46,10:51,000001,ｴｽｹｰ石鹸(川口市),000001,ｵﾈｽﾄ,000001,新木場ﾘｻｲｸﾙ工場,004864,市川産業,000430,市川産業,1,紙,,000002,渡辺
2025/01/20(月),2025/02/11(火),2025/02/11(火),004721,関電工　社会ｲﾝﾌﾗ統括本部,1,売上,000018,軽量物系A(ｽﾎﾟﾝｼﾞ),80,80,03,kg,150,"12,000",37441,000004,D（建設）,001,処分費,13:38,13:50,000040,【auオープン】相模原陽光台４丁目,000001,ｵﾈｽﾄ,000001,新木場ﾘｻｲｸﾙ工場,000001,ｵﾈｽﾄ,000762,関電工,1,紙,,000005,今村（紀）
2025/01/20(月),2025/02/11(火),2025/02/11(火),004721,関電工　社会ｲﾝﾌﾗ統括本部,1,売上,000030,廃ﾌﾟﾗｽﾁｯｸ（選別）,50,50,03,kg,70,"3,500",37441,000004,D（建設）,001,処分費,13:38,13:50,000040,【auオープン】相模原陽光台４丁目,000001,ｵﾈｽﾄ,000001,新木場ﾘｻｲｸﾙ工場,000001,ｵﾈｽﾄ,000762,関電工,1,紙,,000005,今村（紀）
2025/01/20(月),2025/02/11(火),2025/02/11(火),004721,関電工　社会ｲﾝﾌﾗ統括本部,1,売上,000091,ｺﾝｸﾘｰﾄがら(有筋),"3,800","3,800",03,kg,20,"76,000",37452,000004,D（建設）,001,処分費,14:13,14:13,000039,【WiMAX】土浦荒川沖局,000001,ｵﾈｽﾄ,000001,新木場ﾘｻｲｸﾙ工場,000001,ｵﾈｽﾄ,000762,関電工,1,紙,,000005,今村（紀）
2025/01/20(月),2025/02/11(火),2025/02/11(火),004721,関電工　社会ｲﾝﾌﾗ統括本部,1,売上,000109,運搬費,,1,07,台,"40,000","40,000",37441,000004,D（建設）,002,運搬費,13:38,13:50,000040,【auオープン】相模原陽光台４丁目,000001,ｵﾈｽﾄ,000001,新木場ﾘｻｲｸﾙ工場,000001,ｵﾈｽﾄ,000762,関電工,1,紙,,000005,今村（紀）
2025/01/20(月),2025/02/11(火),2025/02/11(火),004721,関電工　社会ｲﾝﾌﾗ統括本部,1,売上,000460,GC　軽鉄・ｽﾁｰﾙ類,440,440,03,kg,1,440,37441,000004,D（建設）,001,処分費,13:38,13:50,000040,【auオープン】相模原陽光台４丁目,000001,ｵﾈｽﾄ,000001,新木場ﾘｻｲｸﾙ工場,000001,ｵﾈｽﾄ,000762,関電工,1,紙,,000005,今村（紀）
2025/01/20(月),2025/02/11(火),2025/02/11(火),004721,関電工　社会ｲﾝﾌﾗ統括本部,1,売上,000508,運搬費（8ｔ車）,,1,03,kg,"40,000","40,000",37452,000004,D（建設）,002,運搬費,14:13,14:13,000039,【WiMAX】土浦荒川沖局,000001,ｵﾈｽﾄ,000001,新木場ﾘｻｲｸﾙ工場,000001,ｵﾈｽﾄ,000762,関電工,1,紙,,000005,今村（紀）
2025/01/21(火),2025/01/21(火),2025/01/21(火),000026,ｼｰﾒﾝｽﾍﾙｽｹｱ,1,売上,000001,混合廃棄物A,"1,960","1,960",03,kg,60,"117,600",37521,000006,F（他）,001,処分費,10:00,10:18,000001,ｼｰﾒﾝｽﾍﾙｽｹｱ平和島ｾﾝﾀｰ,000001,ｵﾈｽﾄ,000001,新木場ﾘｻｲｸﾙ工場,000243,田端運輸,000097,ｼｰﾒﾝｽﾍﾙｽｹｱ,1,紙,,000003,蛯子
2025/01/21(火),2025/01/21(火),2025/01/21(火),000026,ｼｰﾒﾝｽﾍﾙｽｹｱ,1,売上,000001,混合廃棄物A,"2,460","2,460",03,kg,60,"147,600",37561,000006,F（他）,001,処分費,12:25,12:25,000001,ｼｰﾒﾝｽﾍﾙｽｹｱ平和島ｾﾝﾀｰ,000001,ｵﾈｽﾄ,000001,新木場ﾘｻｲｸﾙ工場,000243,田端運輸,000097,ｼｰﾒﾝｽﾍﾙｽｹｱ,1,紙,,000003,蛯子
2025/01/21(火),2025/01/21(火),2025/01/21(火),000096,高昇解体,1,売上,000002,混合廃棄物B,730,730,03,kg,70,"51,100",37609,000003,C（解体）,001,処分費,14:57,15:00,000013,東京都墨田区墨田4-41-3,000001,ｵﾈｽﾄ,000001,新木場ﾘｻｲｸﾙ工場,000096,高昇解体,000078,高昇解体,1,紙,,000007,小林
2025/01/21(火),2025/01/21(火),2025/01/21(火),000146,日興ﾋﾞｼﾞﾈｽｼｽﾃﾑｽﾞ,1,売上,000030,選別,110,110,03,kg,70,"7,700",37554,000002,B（残置）,001,処分費,11:58,11:59,000001,水岩新砂物流ｾﾝﾀｰ,000001,ｵﾈｽﾄ,000001,新木場ﾘｻｲｸﾙ工場,000001,ｵﾈｽﾄ,000117,日興ﾋﾞｼﾞﾈｽｼｽﾃﾑｽﾞ,1,紙,,000006,川部
2025/01/21(火),2025/01/21(火),2025/01/21(火),000146,日興ﾋﾞｼﾞﾈｽｼｽﾃﾑｽﾞ,1,売上,000030,選別,150,150,03,kg,70,"10,500",37535,000002,B（残置）,001,処分費,10:44,10:44,000001,水岩新砂物流ｾﾝﾀｰ,000001,ｵﾈｽﾄ,000001,新木場ﾘｻｲｸﾙ工場,000001,ｵﾈｽﾄ,000117,日興ﾋﾞｼﾞﾈｽｼｽﾃﾑｽﾞ,1,紙,,000006,川部
2025/01/21(火),2025/01/21(火),2025/01/21(火),000146,日興ﾋﾞｼﾞﾈｽｼｽﾃﾑｽﾞ,1,売上,000109,運搬費,,1,07,台,"38,000","38,000",37523,000002,B（残置）,002,運搬費,09:49,09:49,000001,水岩新砂物流ｾﾝﾀｰ,000001,ｵﾈｽﾄ,000001,新木場ﾘｻｲｸﾙ工場,000001,ｵﾈｽﾄ,000117,日興ﾋﾞｼﾞﾈｽｼｽﾃﾑｽﾞ,1,紙,,000006,川部
2025/01/21(火),2025/01/21(火),2025/01/21(火),000146,日興ﾋﾞｼﾞﾈｽｼｽﾃﾑｽﾞ,1,売上,000109,運搬費,,1,07,台,"38,000","38,000",37535,000002,B（残置）,002,運搬費,10:44,10:44,000001,水岩新砂物流ｾﾝﾀｰ,000001,ｵﾈｽﾄ,000001,新木場ﾘｻｲｸﾙ工場,000001,ｵﾈｽﾄ,000117,日興ﾋﾞｼﾞﾈｽｼｽﾃﾑｽﾞ,1,紙,,000006,川部
2025/01/21(火),2025/01/21(火),2025/01/21(火),000146,日興ﾋﾞｼﾞﾈｽｼｽﾃﾑｽﾞ,1,売上,000109,運搬費,,1,07,台,"38,000","38,000",37547,000002,B（残置）,002,運搬費,11:20,11:20,000001,水岩新砂物流ｾﾝﾀｰ,000001,ｵﾈｽﾄ,000001,新木場ﾘｻｲｸﾙ工場,000001,ｵﾈｽﾄ,000117,日興ﾋﾞｼﾞﾈｽｼｽﾃﾑｽﾞ,1,紙,,000006,川部
2025/01/21(火),2025/01/21(火),2025/01/21(火),000146,日興ﾋﾞｼﾞﾈｽｼｽﾃﾑｽﾞ,1,売上,000109,運搬費,,1,07,台,"38,000","38,000",37554,000002,B（残置）,002,運搬費,11:58,11:59,000001,水岩新砂物流ｾﾝﾀｰ,000001,ｵﾈｽﾄ,000001,新木場ﾘｻｲｸﾙ工場,000001,ｵﾈｽﾄ,000117,日興ﾋﾞｼﾞﾈｽｼｽﾃﾑｽﾞ,1,紙,,000006,川部
2025/01/21(火),2025/01/21(火),2025/01/21(火),000146,日興ﾋﾞｼﾞﾈｽｼｽﾃﾑｽﾞ,2,支払,000068,GC 軽鉄･ｽﾁｰﾙ類,"1,130","1,130",03,kg,15.5,"17,515",37554,000002,B（残置）,003,有価物,11:58,11:59,000001,水岩新砂物流ｾﾝﾀｰ,000001,ｵﾈｽﾄ,000001,新木場ﾘｻｲｸﾙ工場,000001,ｵﾈｽﾄ,000117,日興ﾋﾞｼﾞﾈｽｼｽﾃﾑｽﾞ,1,紙,,000006,川部
2025/01/21(火),2025/01/21(火),2025/01/21(火),000146,日興ﾋﾞｼﾞﾈｽｼｽﾃﾑｽﾞ,2,支払,000068,GC 軽鉄･ｽﾁｰﾙ類,"1,210","1,210",03,kg,15.5,"18,755",37523,000002,B（残置）,003,有価物,09:49,09:49,000001,水岩新砂物流ｾﾝﾀｰ,000001,ｵﾈｽﾄ,000001,新木場ﾘｻｲｸﾙ工場,000001,ｵﾈｽﾄ,000117,日興ﾋﾞｼﾞﾈｽｼｽﾃﾑｽﾞ,1,紙,,000006,川部
2025/01/21(火),2025/01/21(火),2025/01/21(火),000146,日興ﾋﾞｼﾞﾈｽｼｽﾃﾑｽﾞ,2,支払,000068,GC 軽鉄･ｽﾁｰﾙ類,"2,090","2,090",03,kg,15.5,"32,395",37535,000002,B（残置）,003,有価物,10:44,10:44,000001,水岩新砂物流ｾﾝﾀｰ,000001,ｵﾈｽﾄ,000001,新木場ﾘｻｲｸﾙ工場,000001,ｵﾈｽﾄ,000117,日興ﾋﾞｼﾞﾈｽｼｽﾃﾑｽﾞ,1,紙,,000006,川部
2025/01/21(火),2025/01/21(火),2025/01/21(火),000146,日興ﾋﾞｼﾞﾈｽｼｽﾃﾑｽﾞ,2,支払,000068,GC 軽鉄･ｽﾁｰﾙ類,"2,260","2,260",03,kg,15.5,"35,030",37547,000002,B（残置）,003,有価物,11:20,11:20,000001,水岩新砂物流ｾﾝﾀｰ,000001,ｵﾈｽﾄ,000001,新木場ﾘｻｲｸﾙ工場,000001,ｵﾈｽﾄ,000117,日興ﾋﾞｼﾞﾈｽｼｽﾃﾑｽﾞ,1,紙,,000006,川部
2025/01/21(火),2025/01/21(火),2025/01/21(火),000200,巴工業,1,売上,000014,混合廃棄物,30,0.5,02,m3,"10,000","5,000",37606,000004,D（建設）,001,処分費,14:34,14:35,000024,【日合】令和6年度伊勢原終末処理場新汚泥,000001,ｵﾈｽﾄ,000001,新木場ﾘｻｲｸﾙ工場,000001,ｵﾈｽﾄ,000166,巴工業,1,紙,,000005,今村（紀）
2025/01/21(火),2025/01/21(火),2025/01/21(火),000200,巴工業,1,売上,000350,運搬費(4ｔﾕﾆｯｸ車),,1,07,台,"35,000","35,000",37606,000004,D（建設）,002,運搬費,14:34,14:35,000024,【日合】令和6年度伊勢原終末処理場新汚泥,000001,ｵﾈｽﾄ,000001,新木場ﾘｻｲｸﾙ工場,000001,ｵﾈｽﾄ,000166,巴工業,1,紙,,000005,今村（紀）
2025/01/21(火),2025/01/21(火),2025/01/21(火),000272,新建産業,1,売上,000001,混合廃棄物A,210,210,03,kg,65,"13,650",37545,000001,A（事業）,001,処分費,11:25,11:28,000000,新建産業,000001,ｵﾈｽﾄ,000001,新木場ﾘｻｲｸﾙ工場,000272,新建産業,000222,新建産業,1,紙,,000006,川部
2025/01/21(火),2025/01/21(火),2025/01/21(火),000272,新建産業,1,売上,000001,混合廃棄物A,390,390,03,kg,65,"25,350",37558,000001,A（事業）,001,処分費,12:14,12:18,000030,協和電機工業,000001,ｵﾈｽﾄ,000001,新木場ﾘｻｲｸﾙ工場,000272,新建産業,000222,新建産業,1,紙,,000006,川部
2025/01/21(火),2025/01/21(火),2025/01/21(火),000286,ｷﾀｻﾞﾜ引越ｾﾝﾀｰ,1,売上,000001,混合廃棄物A,700,700,03,kg,65,"45,500",37531,000002,B（残置）,001,処分費,10:31,10:42,000000,ｷﾀｻﾞﾜ引越ｾﾝﾀｰ,000001,ｵﾈｽﾄ,000001,新木場ﾘｻｲｸﾙ工場,000286,ｷﾀｻﾞﾜ引越ｾﾝﾀｰ,000230,ｷﾀｻﾞﾜ引越ｾﾝﾀｰ,1,紙,,000006,川部
2025/01/21(火),2025/01/21(火),2025/01/21(火),000286,ｷﾀｻﾞﾜ引越ｾﾝﾀｰ,1,売上,000013,混合廃棄物(ｿﾌｧｰ),50,50,03,kg,100,"5,000",37531,000002,B（残置）,001,処分費,10:31,10:42,000000,ｷﾀｻﾞﾜ引越ｾﾝﾀｰ,000001,ｵﾈｽﾄ,000001,新木場ﾘｻｲｸﾙ工場,000286,ｷﾀｻﾞﾜ引越ｾﾝﾀｰ,000230,ｷﾀｻﾞﾜ引越ｾﾝﾀｰ,1,紙,,000006,川部
2025/01/21(火),2025/01/21(火),2025/01/21(火),000286,ｷﾀｻﾞﾜ引越ｾﾝﾀｰ,1,売上,000101,ﾏｯﾄﾚｽ,80,80,03,kg,100,"8,000",37531,000002,B（残置）,001,処分費,10:31,10:42,000000,ｷﾀｻﾞﾜ引越ｾﾝﾀｰ,000001,ｵﾈｽﾄ,000001,新木場ﾘｻｲｸﾙ工場,000286,ｷﾀｻﾞﾜ引越ｾﾝﾀｰ,000230,ｷﾀｻﾞﾜ引越ｾﾝﾀｰ,1,紙,,000006,川部
2025/01/21(火),2025/01/21(火),2025/01/21(火),000289,ｼﾃｨﾛｼﾞｽﾃｨｯｸｽ,1,売上,000001,混合廃棄物A,310,310,03,kg,65,"20,150",37563,000002,B（残置）,001,処分費,12:24,12:24,000001,NAVIO,000001,ｵﾈｽﾄ,000001,新木場ﾘｻｲｸﾙ工場,000289,ｼﾃｨﾛｼﾞｽﾃｨｯｸｽ,000232,ｼﾃｨﾛｼﾞｽﾃｨｯｸｽ,1,紙,,000006,川部
2025/01/21(火),2025/01/21(火),2025/01/21(火),000291,ｵﾌｨｽﾋﾞﾙﾄﾞ,1,売上,000001,混合廃棄物A,370,370,03,kg,65,"24,050",37572,000002,B（残置）,001,処分費,12:54,13:02,000001,ｵﾌｨｽﾋﾞﾙﾄﾞ,000001,ｵﾈｽﾄ,000001,新木場ﾘｻｲｸﾙ工場,000291,ｵﾌｨｽﾋﾞﾙﾄﾞ,000234,ｵﾌｨｽﾋﾞﾙﾄﾞ,1,紙,,000002,渡辺
2025/01/21(火),2025/01/21(火),2025/01/21(火),000291,ｵﾌｨｽﾋﾞﾙﾄﾞ,1,売上,000046,ﾀﾞﾝﾎﾞｰﾙ,30,30,03,kg,35,"1,050",37572,000002,B（残置）,001,処分費,12:54,13:02,000001,ｵﾌｨｽﾋﾞﾙﾄﾞ,000001,ｵﾈｽﾄ,000001,新木場ﾘｻｲｸﾙ工場,000291,ｵﾌｨｽﾋﾞﾙﾄﾞ,000234,ｵﾌｨｽﾋﾞﾙﾄﾞ,1,紙,,000002,渡辺
2025/01/21(火),2025/01/21(火),2025/01/21(火),000302,ﾖｼﾓﾘ,1,売上,000004,混合廃棄物(焼却物),880,880,03,kg,58,"51,040",37605,000001,A（事業）,001,処分費,14:42,14:47,000001,ﾖｼﾓﾘ扇ﾘｻｲｸﾙｾﾝﾀｰ,000001,ｵﾈｽﾄ,000001,新木場ﾘｻｲｸﾙ工場,000302,ﾖｼﾓﾘ,000244,ﾖｼﾓﾘ,1,紙,,000002,渡辺
2025/01/21(火),2025/01/21(火),2025/01/21(火),000302,ﾖｼﾓﾘ,1,売上,000004,混合廃棄物(焼却物),"2,740","2,740",03,kg,58,"158,920",37500,000001,A（事業）,001,処分費,07:13,07:18,000001,ﾖｼﾓﾘ扇ﾘｻｲｸﾙｾﾝﾀｰ,000001,ｵﾈｽﾄ,000001,新木場ﾘｻｲｸﾙ工場,000302,ﾖｼﾓﾘ,000244,ﾖｼﾓﾘ,1,紙,,000002,渡辺
2025/01/21(火),2025/01/21(火),2025/01/21(火),000311,泉宣宏社,1,売上,000001,混合廃棄物A,780,780,03,kg,55,"42,900",37559,000004,D（建設）,001,処分費,12:14,12:16,000000,泉宣宏社,000001,ｵﾈｽﾄ,000001,新木場ﾘｻｲｸﾙ工場,000001,ｵﾈｽﾄ,000252,泉宣宏社,1,紙,,000002,渡辺
2025/01/21(火),2025/01/21(火),2025/01/21(火),000311,泉宣宏社,1,売上,000109,運搬費,,1,07,台,"23,000","23,000",37559,000004,D（建設）,002,運搬費,12:14,12:16,000000,泉宣宏社,000001,ｵﾈｽﾄ,000001,新木場ﾘｻｲｸﾙ工場,000001,ｵﾈｽﾄ,000252,泉宣宏社,1,紙,,000002,渡辺
2025/01/21(火),2025/01/21(火),2025/01/21(火),000312,野口興業,1,売上,000001,混合廃棄物A,710,710,03,kg,45,"31,950",37513,000001,A（事業）,001,処分費,08:46,08:51,000000,野口興業,000001,ｵﾈｽﾄ,000001,新木場ﾘｻｲｸﾙ工場,000312,野口興業,000253,野口興業,1,紙,,000002,渡辺
2025/01/21(火),2025/01/21(火),2025/01/21(火),000372,ｱｲﾋﾞｰｶﾝﾊﾟﾆｰ,1,売上,000001,混合廃棄物A,380,380,03,kg,65,"24,700",37593,000001,A（事業）,001,処分費,14:11,14:11,000001,ｱﾌﾀﾇｰﾝﾃｨｰ・ﾗﾌﾞｱﾝﾄﾞﾃｰﾌﾞﾙ表参道店,000001,ｵﾈｽﾄ,000001,新木場ﾘｻｲｸﾙ工場,001546,江栄,000013,江栄,1,紙,,000002,渡辺
2025/01/21(火),2025/01/21(火),2025/01/21(火),000462,ｽﾀｰﾂCAM,1,売上,000002,混合廃棄物B,490,490,03,kg,70,"34,300",37620,000004,D（建設）,001,処分費,16:02,16:05,000004,りそな銀行浦安支店解体工事,000001,ｵﾈｽﾄ,000001,新木場ﾘｻｲｸﾙ工場,000474,ｱｸﾛﾊﾞｯﾄｱｰﾑｽﾞ,000360,ｱｸﾛﾊﾞｯﾄｱｰﾑｽﾞ,2,電子,,000002,渡辺
2025/01/21(火),2025/01/21(火),2025/01/21(火),000474,ｱｸﾛﾊﾞｯﾄｱｰﾑｽﾞ,1,売上,000002,混合廃棄物B,180,180,03,kg,70,"12,600",37598,000004,D（建設）,001,処分費,14:14,14:18,000003,外苑前北青山2丁目計画新築工事に伴う解体,000001,ｵﾈｽﾄ,000001,新木場ﾘｻｲｸﾙ工場,000474,ｱｸﾛﾊﾞｯﾄｱｰﾑｽﾞ,000360,ｱｸﾛﾊﾞｯﾄｱｰﾑｽﾞ,1,紙,,000002,渡辺
2025/01/21(火),2025/01/21(火),2025/01/21(火),000483,ｺﾝﾀｸﾄ,1,売上,000001,混合廃棄物A,110,110,03,kg,65,"7,150",37626,000002,B（残置）,001,処分費,16:28,16:28,000000,ｺﾝﾀｸﾄ,000001,ｵﾈｽﾄ,000001,新木場ﾘｻｲｸﾙ工場,000483,ｺﾝﾀｸﾄ,000367,ｺﾝﾀｸﾄ,1,紙,,000007,小林
2025/01/21(火),2025/01/21(火),2025/01/21(火),000483,ｺﾝﾀｸﾄ,1,売上,000029,木くず,30,30,03,kg,35,"1,050",37626,000002,B（残置）,001,処分費,16:28,16:28,000000,ｺﾝﾀｸﾄ,000001,ｵﾈｽﾄ,000001,新木場ﾘｻｲｸﾙ工場,000483,ｺﾝﾀｸﾄ,000367,ｺﾝﾀｸﾄ,1,紙,,000007,小林
2025/01/21(火),2025/01/21(火),2025/01/21(火),000691,Re建装,1,売上,000001,混合廃棄物A,60,60,03,kg,65,"3,900",37532,000003,C（解体）,001,処分費,10:32,10:36,000000,Re建装,000001,ｵﾈｽﾄ,000001,新木場ﾘｻｲｸﾙ工場,000691,Re建装,001275,Re建装,1,紙,,000007,小林
2025/01/21(火),2025/01/21(火),2025/01/21(火),000691,Re建装,1,売上,000006,混合廃棄物(壁紙・ｸﾛｽ),140,140,03,kg,75,"10,500",37532,000003,C（解体）,001,処分費,10:32,10:36,000000,Re建装,000001,ｵﾈｽﾄ,000001,新木場ﾘｻｲｸﾙ工場,000691,Re建装,001275,Re建装,1,紙,,000007,小林
2025/01/21(火),2025/01/21(火),2025/01/21(火),000712,ｴﾑﾃﾝｻﾎﾟｰﾄ,1,売上,000030,選別,920,920,03,kg,70,"64,400",37600,000002,B（残置）,001,処分費,15:03,15:03,000000,ｴﾑﾃﾝｻﾎﾟｰﾄ,000001,ｵﾈｽﾄ,000001,新木場ﾘｻｲｸﾙ工場,000712,ｴﾑﾃﾝｻﾎﾟｰﾄ,001283,ｴﾑﾃﾝｻﾎﾟｰﾄ,1,紙,,000007,小林
2025/01/21(火),2025/01/21(火),2025/01/21(火),000712,ｴﾑﾃﾝｻﾎﾟｰﾄ,1,売上,000030,選別,"1,530","1,530",03,kg,70,"107,100",37575,000002,B（残置）,001,処分費,13:08,13:10,000000,ｴﾑﾃﾝｻﾎﾟｰﾄ,000001,ｵﾈｽﾄ,000001,新木場ﾘｻｲｸﾙ工場,000712,ｴﾑﾃﾝｻﾎﾟｰﾄ,001283,ｴﾑﾃﾝｻﾎﾟｰﾄ,1,紙,,000007,小林
2025/01/21(火),2025/01/21(火),2025/01/21(火),000712,ｴﾑﾃﾝｻﾎﾟｰﾄ,2,支払,000064,ｱﾙﾐ類,20,20,03,kg,50,"1,000",37575,000002,B（残置）,003,有価物,13:08,13:10,000000,ｴﾑﾃﾝｻﾎﾟｰﾄ,000001,ｵﾈｽﾄ,000001,新木場ﾘｻｲｸﾙ工場,000712,ｴﾑﾃﾝｻﾎﾟｰﾄ,001283,ｴﾑﾃﾝｻﾎﾟｰﾄ,1,紙,,000007,小林
2025/01/21(火),2025/01/21(火),2025/01/21(火),000712,ｴﾑﾃﾝｻﾎﾟｰﾄ,2,支払,000068,GC 軽鉄･ｽﾁｰﾙ類,370,370,03,kg,15.5,"5,735",37575,000002,B（残置）,003,有価物,13:08,13:10,000000,ｴﾑﾃﾝｻﾎﾟｰﾄ,000001,ｵﾈｽﾄ,000001,新木場ﾘｻｲｸﾙ工場,000712,ｴﾑﾃﾝｻﾎﾟｰﾄ,001283,ｴﾑﾃﾝｻﾎﾟｰﾄ,1,紙,,000007,小林
2025/01/21(火),2025/01/21(火),2025/01/21(火),000736,(ｻﾝﾃｸﾉ)ｲﾝ･ｻﾎﾟｰﾄ,1,売上,000002,混合廃棄物B,940,940,03,kg,63,"59,220",37497,000006,F（他）,001,処分費,06:33,06:33,000000,(ｻﾝﾃｸﾉ)ｲﾝ･ｻﾎﾟｰﾄ,000001,ｵﾈｽﾄ,000001,新木場ﾘｻｲｸﾙ工場,001748,(ｻﾝﾃｸﾉ)ｽﾀｰﾀﾞｽﾄ社,001022,ｻﾝ･ﾃｸﾉ,1,紙,,000012,サン・テクノ
2025/01/21(火),2025/01/21(火),2025/01/21(火),000751,まごのて,1,売上,000001,混合廃棄物A,970,970,03,kg,65,"63,050",37635,000002,B（残置）,001,処分費,17:24,17:41,000000,まごのて,000001,ｵﾈｽﾄ,000001,新木場ﾘｻｲｸﾙ工場,000751,まごのて,000580,まごのて,2,電子,,000006,川部
2025/01/21(火),2025/01/21(火),2025/01/21(火),000751,まごのて,1,売上,000033,ﾀｲﾔ(ﾎｲﾙ無),10,1,09,本,"2,500","2,500",37635,000002,B（残置）,001,処分費,17:24,17:41,000000,まごのて,000001,ｵﾈｽﾄ,000001,新木場ﾘｻｲｸﾙ工場,000751,まごのて,000580,まごのて,2,電子,,000006,川部
2025/01/21(火),2025/01/21(火),2025/01/21(火),000751,まごのて,1,売上,000106,消火器,10,2,09,本,"1,500","3,000",37635,000002,B（残置）,001,処分費,17:24,17:41,000000,まごのて,000001,ｵﾈｽﾄ,000001,新木場ﾘｻｲｸﾙ工場,000751,まごのて,000580,まごのて,2,電子,,000006,川部
2025/01/21(火),2025/01/21(火),2025/01/21(火),000855,BrainForest,1,売上,000002,混合廃棄物B,770,770,03,kg,70,"53,900",37581,000002,B（残置）,001,処分費,13:41,13:47,000003,（仮）埼玉県桶川市南2丁目解体工事,000001,ｵﾈｽﾄ,000001,新木場ﾘｻｲｸﾙ工場,000074,横田住建,000061,横田住建,1,紙,,000007,小林
2025/01/21(火),2025/01/21(火),2025/01/21(火),000923,港区教育委員会事務局　学校教育部,1,売上,000014,混合廃棄物,120,120,03,kg,45,"5,400",37529,000006,F（他）,001,処分費,10:30,10:35,000011,笄小学校,000001,ｵﾈｽﾄ,000001,新木場ﾘｻｲｸﾙ工場,000001,ｵﾈｽﾄ,001311,港区教育委員会事務局　学校教育部,1,紙,,000007,小林
2025/01/21(火),2025/01/21(火),2025/01/21(火),000923,港区教育委員会事務局　学校教育部,1,売上,000014,混合廃棄物,130,130,03,kg,45,"5,850",37522,000006,F（他）,001,処分費,09:56,09:56,000007,白金小学校,000001,ｵﾈｽﾄ,000001,新木場ﾘｻｲｸﾙ工場,000001,ｵﾈｽﾄ,001311,港区教育委員会事務局　学校教育部,1,紙,,000007,小林
2025/01/21(火),2025/01/21(火),2025/01/21(火),000923,港区教育委員会事務局　学校教育部,1,売上,000014,混合廃棄物,200,200,03,kg,45,"9,000",37525,000006,F（他）,001,処分費,10:04,10:04,000011,笄小学校,000001,ｵﾈｽﾄ,000001,新木場ﾘｻｲｸﾙ工場,000001,ｵﾈｽﾄ,001311,港区教育委員会事務局　学校教育部,1,紙,,000007,小林
2025/01/21(火),2025/01/21(火),2025/01/21(火),001074,共栄学園,1,売上,000014,混合廃棄物,410,410,03,kg,50,"20,500",37520,000001,A（事業）,001,処分費,10:32,10:02,000000,共栄学園,000001,ｵﾈｽﾄ,000001,新木場ﾘｻｲｸﾙ工場,000001,ｵﾈｽﾄ,000825,学校法人 共栄学園,1,紙,,000006,川部
2025/01/21(火),2025/01/21(火),2025/01/21(火),001203,ﾏﾙﾐﾔ社,1,売上,000001,混合廃棄物A,330,330,03,kg,65,"21,450",37549,000002,B（残置）,001,処分費,11:26,11:30,000000,ﾏﾙﾐﾔ社,000001,ｵﾈｽﾄ,000001,新木場ﾘｻｲｸﾙ工場,001203,ﾏﾙﾐﾔ社,000934,ﾏﾙﾐﾔ社,1,紙,,000002,渡辺
2025/01/21(火),2025/01/21(火),2025/01/21(火),001212,永田興業,1,売上,000001,混合廃棄物A,560,560,03,kg,65,"36,400",37582,000002,B（残置）,001,処分費,13:42,13:46,000000,永田興業,000001,ｵﾈｽﾄ,000001,新木場ﾘｻｲｸﾙ工場,001212,永田興業,000939,永田興業,1,紙,,000007,小林
2025/01/21(火),2025/01/21(火),2025/01/21(火),001226,ｱｰﾙﾂｰ,1,売上,000001,混合廃棄物A,40,40,03,kg,65,"2,600",37616,000002,B（残置）,001,処分費,15:45,15:45,000000,ｱｰﾙﾂｰ,000001,ｵﾈｽﾄ,000001,新木場ﾘｻｲｸﾙ工場,001226,ｱｰﾙﾂｰ,000950,ｱｰﾙﾂｰ,1,紙,,000006,川部
2025/01/21(火),2025/01/21(火),2025/01/21(火),001226,ｱｰﾙﾂｰ,1,売上,000029,木くず,80,80,03,kg,35,"2,800",37616,000002,B（残置）,001,処分費,15:45,15:45,000000,ｱｰﾙﾂｰ,000001,ｵﾈｽﾄ,000001,新木場ﾘｻｲｸﾙ工場,001226,ｱｰﾙﾂｰ,000950,ｱｰﾙﾂｰ,1,紙,,000006,川部
2025/01/21(火),2025/01/21(火),2025/01/21(火),001226,ｱｰﾙﾂｰ,1,売上,000036,ﾏｯﾄﾚｽ(ｼﾝｸﾞﾙ),20,1,11,枚,"6,000","6,000",37616,000002,B（残置）,001,処分費,15:45,15:45,000000,ｱｰﾙﾂｰ,000001,ｵﾈｽﾄ,000001,新木場ﾘｻｲｸﾙ工場,001226,ｱｰﾙﾂｰ,000950,ｱｰﾙﾂｰ,1,紙,,000006,川部
2025/01/21(火),2025/01/21(火),2025/01/21(火),001230,ﾊﾘｰｽﾞﾀﾞｲﾅﾐｯｸｽ,1,売上,000001,混合廃棄物A,370,370,03,kg,65,"24,050",37527,000002,B（残置）,001,処分費,10:37,10:37,000001,ﾊﾘｰｽﾞ畑倉庫,000001,ｵﾈｽﾄ,000001,新木場ﾘｻｲｸﾙ工場,001230,ﾊﾘｰｽﾞﾀﾞｲﾅﾐｯｸｽ,00954X,【売掛】ﾊﾘｰｽﾞﾀﾞｲﾅﾐｯｸｽ,1,紙,,000007,小林
2025/01/21(火),2025/01/21(火),2025/01/21(火),001258,ﾎｿﾔ,1,売上,000001,混合廃棄物A,80,80,03,kg,65,"5,200",37499,000001,A（事業）,001,処分費,07:06,07:09,000000,ﾎｿﾔ,000001,ｵﾈｽﾄ,000001,新木場ﾘｻｲｸﾙ工場,001258,ﾎｿﾔ,000979,ﾎｿﾔ,1,紙,,000005,今村（紀）
2025/01/21(火),2025/01/21(火),2025/01/21(火),001318,丸伍産業,1,売上,000001,混合廃棄物A,390,390,03,kg,70,"27,300",37505,000004,D（建設）,001,処分費,08:04,08:06,000030,石崎邸附帯撤去工事,000001,ｵﾈｽﾄ,000001,新木場ﾘｻｲｸﾙ工場,001318,丸伍産業,001030,丸伍産業,1,紙,,000012,サン・テクノ
2025/01/21(火),2025/01/21(火),2025/01/21(火),001434,(ｻﾝﾃｸﾉ)東和ｴﾝｼﾞﾆｱﾘﾝｸﾞ,1,売上,000001,混合廃棄物A,50,50,03,kg,58,"2,900",37538,000006,F（他）,001,処分費,10:58,10:59,000101,住友商事銀座,000001,ｵﾈｽﾄ,000001,新木場ﾘｻｲｸﾙ工場,001438,(ｻﾝﾃｸﾉ)三興運輸(葛飾区),001022,ｻﾝ･ﾃｸﾉ,1,紙,,000012,サン・テクノ
2025/01/21(火),2025/01/21(火),2025/01/21(火),001480,新生紙ﾊﾟﾙﾌﾟ商事,1,売上,000001,混合廃棄物A,200,200,03,kg,65,"13,000",37501,000001,A（事業）,001,処分費,07:20,07:25,000001,OPﾋﾞﾙﾃﾞｨﾝｸﾞ,000001,ｵﾈｽﾄ,000001,新木場ﾘｻｲｸﾙ工場,001463,ﾅｺｼﾞ,000170,ﾅｺｼﾞ,1,紙,,000006,川部
2025/01/21(火),2025/01/21(火),2025/01/21(火),001497,岩瀬運輸機工,1,売上,000001,混合廃棄物A,440,440,03,kg,65,"28,600",37617,000001,A（事業）,001,処分費,15:59,16:18,000000,岩瀬運輸機工,000001,ｵﾈｽﾄ,000001,新木場ﾘｻｲｸﾙ工場,001497,岩瀬運輸機工,000629,坪野谷紙業,1,紙,,000002,渡辺
2025/01/21(火),2025/01/21(火),2025/01/21(火),001497,岩瀬運輸機工,1,売上,000029,木くず,"1,760","1,760",03,kg,35,"61,600",37617,000001,A（事業）,001,処分費,15:59,16:18,000000,岩瀬運輸機工,000001,ｵﾈｽﾄ,000001,新木場ﾘｻｲｸﾙ工場,001497,岩瀬運輸機工,000629,坪野谷紙業,1,紙,,000002,渡辺
2025/01/21(火),2025/01/21(火),2025/01/21(火),001597,ﾈｸｽﾄ,1,売上,000004,混合廃棄物(焼却物),"1,870","1,870",03,kg,75,"140,250",37604,000002,B（残置）,001,処分費,14:34,14:34,000000,ﾈｸｽﾄ,000001,ｵﾈｽﾄ,000001,新木場ﾘｻｲｸﾙ工場,001597,ﾈｸｽﾄ,000317,遠藤商事,1,紙,,000002,渡辺
2025/01/21(火),2025/01/21(火),2025/01/21(火),001614,ｼﾝﾉﾌﾟﾗﾝﾆﾝｸﾞ,1,売上,000001,混合廃棄物A,290,290,03,kg,65,"18,850",37592,000004,D（建設）,001,処分費,14:04,14:06,000007,ﾌﾟﾗﾝﾍﾞﾙｼﾞｪｰﾙ,000001,ｵﾈｽﾄ,000001,新木場ﾘｻｲｸﾙ工場,000351,那須野興業,000280,那須野興業,1,紙,,000004,山本
2025/01/21(火),2025/01/21(火),2025/01/21(火),001656,真和商事,1,売上,000001,混合廃棄物A,480,480,03,kg,60,"28,800",37625,000002,B（残置）,001,処分費,16:09,16:09,000001,真和商事　杉並営業所,000001,ｵﾈｽﾄ,000001,新木場ﾘｻｲｸﾙ工場,001656,真和商事,000055,真和商事,1,紙,,000002,渡辺
2025/01/21(火),2025/01/21(火),2025/01/21(火),001656,真和商事,1,売上,000001,混合廃棄物A,730,730,03,kg,60,"43,800",37614,000002,B（残置）,001,処分費,15:28,15:31,000001,真和商事　杉並営業所,000001,ｵﾈｽﾄ,000001,新木場ﾘｻｲｸﾙ工場,001656,真和商事,000055,真和商事,1,紙,,000002,渡辺
2025/01/21(火),2025/01/21(火),2025/01/21(火),001834,ｶｼﾑﾗ,1,売上,000001,混合廃棄物A,570,570,03,kg,65,"37,050",37502,000001,A（事業）,001,処分費,07:21,07:23,000000,ｶｼﾑﾗ,000001,ｵﾈｽﾄ,000001,新木場ﾘｻｲｸﾙ工場,000393,栄運輸,000314,栄運輸,1,紙,,000002,渡辺
2025/01/21(火),2025/01/21(火),2025/01/21(火),001947,ﾁｬｺｰﾙ市野,1,売上,000001,混合廃棄物A,610,610,03,kg,53,"32,330",37533,000001,A（事業）,001,処分費,10:49,10:52,000001,渋谷市野ﾋﾞﾙ,000001,ｵﾈｽﾄ,000001,新木場ﾘｻｲｸﾙ工場,000302,ﾖｼﾓﾘ,000244,ﾖｼﾓﾘ,1,紙,,000002,渡辺
2025/01/21(火),2025/01/21(火),2025/01/21(火),001971,NTTｱｰﾊﾞﾝﾊﾞﾘｭｰｻﾎﾟｰﾄ,1,売上,000001,混合廃棄物A,630,630,03,kg,54,"34,020",37528,000001,A（事業）,001,処分費,10:30,10:30,000006,ﾄﾗｯﾄﾞ目白,000001,ｵﾈｽﾄ,000001,新木場ﾘｻｲｸﾙ工場,000028,五十嵐商会,000025,五十嵐商会,1,紙,,000002,渡辺
2025/01/21(火),2025/01/21(火),2025/01/21(火),002006,三菱地所ﾌﾟﾛﾊﾟﾃｨﾏﾈｼﾞﾒﾝﾄ,1,売上,000001,混合廃棄物A,"1,040","1,040",03,kg,54,"56,160",37534,000001,A（事業）,001,処分費,10:46,10:46,000001,JAﾋﾞﾙ,000001,ｵﾈｽﾄ,000001,新木場ﾘｻｲｸﾙ工場,000028,五十嵐商会,000025,五十嵐商会,1,紙,,000002,渡辺
2025/01/21(火),2025/01/21(火),2025/01/21(火),002064,ｼﾞｪｲ･ｴｰ･ﾌｰｽﾞ,1,売上,000001,混合廃棄物A,"1,250","1,250",03,kg,65,"81,250",37599,000001,A（事業）,001,処分費,14:22,14:27,000001,営業本部/荒川工場,000001,ｵﾈｽﾄ,000001,新木場ﾘｻｲｸﾙ工場,000053,小早川運輸,000045,小早川運輸,1,紙,,000002,渡辺
2025/01/21(火),2025/01/21(火),2025/01/21(火),002115,ﾗｸｰﾝﾎｰﾙﾃﾞｨﾝｸﾞｽ,1,売上,000001,混合廃棄物A,870,870,03,kg,53,"46,110",37511,000001,A（事業）,001,処分費,08:37,08:37,000000,ﾗｸｰﾝﾎｰﾙﾃﾞｨﾝｸﾞｽ,000001,ｵﾈｽﾄ,000001,新木場ﾘｻｲｸﾙ工場,000302,ﾖｼﾓﾘ,000244,ﾖｼﾓﾘ,1,紙,,000002,渡辺
2025/01/21(火),2025/01/21(火),2025/01/21(火),002245,三友建設,1,売上,000002,混合廃棄物B,340,340,03,kg,65,"22,100",37607,000003,C（解体）,001,処分費,14:56,14:59,000000,三友建設,000001,ｵﾈｽﾄ,000001,新木場ﾘｻｲｸﾙ工場,002245,三友建設,000658,三友建設,2,電子,,000002,渡辺
2025/01/21(火),2025/01/21(火),2025/01/21(火),002292,三菱地所,1,売上,000001,混合廃棄物A,130,130,03,kg,58,"7,540",37492,000002,B（残置）,001,処分費,06:30,06:31,000007,国際ﾋﾞﾙ,000001,ｵﾈｽﾄ,000001,新木場ﾘｻｲｸﾙ工場,001308,ｵﾈｽﾄ･ﾜﾝ,001021,ｵﾈｽﾄ･ﾜﾝ,1,紙,,000011,オネスト・ワン
2025/01/21(火),2025/01/21(火),2025/01/21(火),002292,三菱地所,1,売上,000001,混合廃棄物A,"2,160","2,160",03,kg,58,"125,280",37490,000002,B（残置）,001,処分費,06:30,06:31,000007,国際ﾋﾞﾙ,000001,ｵﾈｽﾄ,000001,新木場ﾘｻｲｸﾙ工場,001308,ｵﾈｽﾄ･ﾜﾝ,001021,ｵﾈｽﾄ･ﾜﾝ,1,紙,,000011,オネスト・ワン
2025/01/21(火),2025/01/21(火),2025/01/21(火),002292,三菱地所,1,売上,000013,混合廃棄物(ｿﾌｧｰ),720,720,03,kg,90,"64,800",37495,000002,B（残置）,001,処分費,06:32,06:33,000007,国際ﾋﾞﾙ,000001,ｵﾈｽﾄ,000001,新木場ﾘｻｲｸﾙ工場,001308,ｵﾈｽﾄ･ﾜﾝ,001021,ｵﾈｽﾄ･ﾜﾝ,1,紙,,000011,オネスト・ワン
2025/01/21(火),2025/01/21(火),2025/01/21(火),002292,三菱地所,1,売上,000030,選別,570,570,03,kg,43,"24,510",37492,000002,B（残置）,001,処分費,06:30,06:31,000007,国際ﾋﾞﾙ,000001,ｵﾈｽﾄ,000001,新木場ﾘｻｲｸﾙ工場,001308,ｵﾈｽﾄ･ﾜﾝ,001021,ｵﾈｽﾄ･ﾜﾝ,1,紙,,000011,オネスト・ワン
2025/01/21(火),2025/01/21(火),2025/01/21(火),002292,三菱地所,1,売上,000030,選別,600,600,03,kg,43,"25,800",37490,000002,B（残置）,001,処分費,06:30,06:31,000007,国際ﾋﾞﾙ,000001,ｵﾈｽﾄ,000001,新木場ﾘｻｲｸﾙ工場,001308,ｵﾈｽﾄ･ﾜﾝ,001021,ｵﾈｽﾄ･ﾜﾝ,1,紙,,000011,オネスト・ワン
2025/01/21(火),2025/01/21(火),2025/01/21(火),002292,三菱地所,1,売上,000030,選別,750,750,03,kg,43,"32,250",37495,000002,B（残置）,001,処分費,06:32,06:33,000007,国際ﾋﾞﾙ,000001,ｵﾈｽﾄ,000001,新木場ﾘｻｲｸﾙ工場,001308,ｵﾈｽﾄ･ﾜﾝ,001021,ｵﾈｽﾄ･ﾜﾝ,1,紙,,000011,オネスト・ワン
2025/01/21(火),2025/01/21(火),2025/01/21(火),002292,三菱地所,2,支払,000068,GC 軽鉄･ｽﾁｰﾙ類,40,40,03,kg,28,"1,120",37490,000002,B（残置）,003,有価物,06:30,06:31,000007,国際ﾋﾞﾙ,000001,ｵﾈｽﾄ,000001,新木場ﾘｻｲｸﾙ工場,001308,ｵﾈｽﾄ･ﾜﾝ,001021,ｵﾈｽﾄ･ﾜﾝ,1,紙,,000011,オネスト・ワン
2025/01/21(火),2025/01/21(火),2025/01/21(火),002292,三菱地所,2,支払,000068,GC 軽鉄･ｽﾁｰﾙ類,40,40,03,kg,28,"1,120",37492,000002,B（残置）,003,有価物,06:30,06:31,000007,国際ﾋﾞﾙ,000001,ｵﾈｽﾄ,000001,新木場ﾘｻｲｸﾙ工場,001308,ｵﾈｽﾄ･ﾜﾝ,001021,ｵﾈｽﾄ･ﾜﾝ,1,紙,,000011,オネスト・ワン
2025/01/21(火),2025/01/21(火),2025/01/21(火),002361,ﾔﾏﾀﾞﾃﾞﾝｷ,1,売上,000002,混合廃棄物B,400,400,03,kg,70,"28,000",37512,000004,D（建設）,001,処分費,08:38,08:41,000114,田中様,000001,ｵﾈｽﾄ,000001,新木場ﾘｻｲｸﾙ工場,000229,ｱｽﾏ･ｸﾘｰﾝ,000191,ｱｽﾏ･ｸﾘｰﾝ,1,紙,,000002,渡辺
2025/01/21(火),2025/01/21(火),2025/01/21(火),002402,高砂熱学工業,1,売上,000001,混合廃棄物A,460,460,03,kg,58,"26,680",37498,000004,D（建設）,001,処分費,06:33,06:33,000004,伊勢丹新宿店　関連施設工事,000001,ｵﾈｽﾄ,000001,新木場ﾘｻｲｸﾙ工場,000016,泉土木,000014,泉土木,1,紙,,000001,矢作
2025/01/21(火),2025/01/21(火),2025/01/21(火),002592,医療法人社団松和会,1,売上,000001,混合廃棄物A,210,210,03,kg,65,"13,650",37519,000001,A（事業）,001,処分費,09:19,09:20,000001,望星赤羽ｸﾘﾆｯｸ,000001,ｵﾈｽﾄ,000001,新木場ﾘｻｲｸﾙ工場,000061,芝商会,000050,芝商会,1,紙,,000007,小林
2025/01/21(火),2025/01/21(火),2025/01/21(火),002627,ｻﾃﾗｲﾄｼﾞｬﾊﾟﾝ,1,売上,000001,混合廃棄物A,110,110,03,kg,54,"5,940",37515,000001,A（事業）,001,処分費,09:06,09:09,000001,ﾌｧﾛｼﾃｨﾋﾞﾙ(ﾗ･ﾋﾟｽﾀ新橋),000001,ｵﾈｽﾄ,000001,新木場ﾘｻｲｸﾙ工場,000028,五十嵐商会,000025,五十嵐商会,1,紙,,000002,渡辺
2025/01/21(火),2025/01/21(火),2025/01/21(火),002768,読売旅行,1,売上,000001,混合廃棄物A,390,390,03,kg,65,"25,350",37578,000001,A（事業）,001,処分費,13:04,13:04,000000,読売旅行,000001,ｵﾈｽﾄ,000001,新木場ﾘｻｲｸﾙ工場,001454,谷津商会,000247,谷津商会,1,紙,,000002,渡辺
2025/01/21(火),2025/01/21(火),2025/01/21(火),002880,ﾀｳﾝﾎﾃﾙ,1,売上,000001,混合廃棄物A,470,470,03,kg,65,"30,550",37576,000002,B（残置）,001,処分費,13:01,13:13,000001,横浜ﾀｳﾝﾎﾃﾙ,000001,ｵﾈｽﾄ,000001,新木場ﾘｻｲｸﾙ工場,000001,ｵﾈｽﾄ,000821,ﾀｳﾝﾎﾃﾙ,1,紙,,000001,矢作
2025/01/21(火),2025/01/21(火),2025/01/21(火),002880,ﾀｳﾝﾎﾃﾙ,1,売上,000011,混合廃棄物(処理困難物),40,40,03,kg,200,"8,000",37576,000002,B（残置）,001,処分費,13:01,13:13,000001,横浜ﾀｳﾝﾎﾃﾙ,000001,ｵﾈｽﾄ,000001,新木場ﾘｻｲｸﾙ工場,000001,ｵﾈｽﾄ,000821,ﾀｳﾝﾎﾃﾙ,1,紙,,000001,矢作
2025/01/21(火),2025/01/21(火),2025/01/21(火),002880,ﾀｳﾝﾎﾃﾙ,1,売上,000103,乾電池,10,10,03,kg,200,"2,000",37576,000002,B（残置）,001,処分費,13:01,13:13,000001,横浜ﾀｳﾝﾎﾃﾙ,000001,ｵﾈｽﾄ,000001,新木場ﾘｻｲｸﾙ工場,000001,ｵﾈｽﾄ,000821,ﾀｳﾝﾎﾃﾙ,1,紙,,000001,矢作
2025/01/21(火),2025/01/21(火),2025/01/21(火),002880,ﾀｳﾝﾎﾃﾙ,1,売上,000105,蛍光灯,10,10,03,kg,200,"2,000",37576,000002,B（残置）,001,処分費,13:01,13:13,000001,横浜ﾀｳﾝﾎﾃﾙ,000001,ｵﾈｽﾄ,000001,新木場ﾘｻｲｸﾙ工場,000001,ｵﾈｽﾄ,000821,ﾀｳﾝﾎﾃﾙ,1,紙,,000001,矢作
2025/01/21(火),2025/01/21(火),2025/01/21(火),002880,ﾀｳﾝﾎﾃﾙ,1,売上,000352,運搬費(2ｔ車),,1,07,台,"20,000","20,000",37576,000002,B（残置）,002,運搬費,13:01,13:13,000001,横浜ﾀｳﾝﾎﾃﾙ,000001,ｵﾈｽﾄ,000001,新木場ﾘｻｲｸﾙ工場,000001,ｵﾈｽﾄ,000821,ﾀｳﾝﾎﾃﾙ,1,紙,,000001,矢作
2025/01/21(火),2025/01/21(火),2025/01/21(火),002915,HSMｴﾝｼﾞﾆｱﾘﾝｸﾞ,1,売上,000002,混合廃棄物B,640,640,03,kg,70,"44,800",37550,000002,B（残置）,001,処分費,11:44,11:55,000022,ﾗｲﾌｺｰﾎﾟﾚｰｼｮﾝ船橋ﾌﾟﾛｾｽｾﾝﾀｰ,000001,ｵﾈｽﾄ,000001,新木場ﾘｻｲｸﾙ工場,002915,HSMｴﾝｼﾞﾆｱﾘﾝｸﾞ,000800,HSMｴﾝｼﾞﾆｱﾘﾝｸﾞ,1,紙,,000004,山本
2025/01/21(火),2025/01/21(火),2025/01/21(火),002915,HSMｴﾝｼﾞﾆｱﾘﾝｸﾞ,1,売上,000011,混合廃棄物(処理困難物),50,50,03,kg,100,"5,000",37550,000002,B（残置）,001,処分費,11:44,11:55,000022,ﾗｲﾌｺｰﾎﾟﾚｰｼｮﾝ船橋ﾌﾟﾛｾｽｾﾝﾀｰ,000001,ｵﾈｽﾄ,000001,新木場ﾘｻｲｸﾙ工場,002915,HSMｴﾝｼﾞﾆｱﾘﾝｸﾞ,000800,HSMｴﾝｼﾞﾆｱﾘﾝｸﾞ,1,紙,,000004,山本
2025/01/21(火),2025/01/21(火),2025/01/21(火),002983,東西化学産業,1,売上,000001,混合廃棄物A,360,360,03,kg,60,"21,600",37588,000001,A（事業）,001,処分費,14:02,14:02,000001,東西化学産業（辰巳）,000001,ｵﾈｽﾄ,000001,新木場ﾘｻｲｸﾙ工場,000001,ｵﾈｽﾄ,001188,東西化学産業,1,紙,,000004,山本
2025/01/21(火),2025/01/21(火),2025/01/21(火),002983,東西化学産業,1,売上,000349,運搬費(4ｔｺﾝﾃﾅ),,1,07,台,"20,000","20,000",37588,000001,A（事業）,002,運搬費,14:02,14:02,000001,東西化学産業（辰巳）,000001,ｵﾈｽﾄ,000001,新木場ﾘｻｲｸﾙ工場,000001,ｵﾈｽﾄ,001188,東西化学産業,1,紙,,000004,山本
2025/01/21(火),2025/01/21(火),2025/01/21(火),002999,ﾊﾞﾝﾀﾝ,1,売上,000001,混合廃棄物A,300,300,03,kg,65,"19,500",37489,000001,A（事業）,001,処分費,07:06,07:08,000001,ﾊﾞﾝﾀﾝ中目黒3号館,000001,ｵﾈｽﾄ,000001,新木場ﾘｻｲｸﾙ工場,000079,五十嵐商事,000065,五十嵐商事,1,紙,,000002,渡辺
2025/01/21(火),2025/01/21(火),2025/01/21(火),003083,昌平工務店,1,売上,000001,混合廃棄物A,780,780,03,kg,58,"45,240",37514,000004,D（建設）,001,処分費,08:56,08:58,000000,昌平工務店,000001,ｵﾈｽﾄ,000001,新木場ﾘｻｲｸﾙ工場,000016,泉土木,000014,泉土木,1,紙,,000001,矢作
2025/01/21(火),2025/01/21(火),2025/01/21(火),003117,裕工ﾛｰﾗｰ製作所,1,売上,000001,混合廃棄物A,"1,760","1,760",03,kg,60,"105,600",37510,000002,B（残置）,001,処分費,08:23,08:25,000000,裕工ﾛｰﾗｰ製作所,000001,ｵﾈｽﾄ,000001,新木場ﾘｻｲｸﾙ工場,000325,ﾀﾞｽﾄ商会,000262,ﾀﾞｽﾄ商会,1,紙,,000002,渡辺
2025/01/21(火),2025/01/21(火),2025/01/21(火),003117,裕工ﾛｰﾗｰ製作所,1,売上,000086,ﾄﾅｰ,30,30,03,kg,150,"4,500",37510,000002,B（残置）,001,処分費,08:23,08:25,000000,裕工ﾛｰﾗｰ製作所,000001,ｵﾈｽﾄ,000001,新木場ﾘｻｲｸﾙ工場,000325,ﾀﾞｽﾄ商会,000262,ﾀﾞｽﾄ商会,1,紙,,000002,渡辺
2025/01/21(火),2025/01/21(火),2025/01/21(火),003180,ｵﾌｨｽ増永,1,売上,000002,混合廃棄物B,430,430,03,kg,70,"30,100",37553,000004,D（建設）,001,処分費,11:59,12:04,000038,泉町6丁目,000001,ｵﾈｽﾄ,000001,新木場ﾘｻｲｸﾙ工場,000210,ES産業,000175,ES産業,1,紙,,000002,渡辺
2025/01/21(火),2025/01/21(火),2025/01/21(火),003180,ｵﾌｨｽ増永,1,売上,000021,軽量物系B(ｸﾞﾗｽｳｰﾙ),180,180,03,kg,80,"14,400",37553,000004,D（建設）,001,処分費,11:59,12:04,000038,泉町6丁目,000001,ｵﾈｽﾄ,000001,新木場ﾘｻｲｸﾙ工場,000210,ES産業,000175,ES産業,1,紙,,000002,渡辺
2025/01/21(火),2025/01/21(火),2025/01/21(火),003245,ｱｸﾞﾚｯｸｽ,1,売上,000002,混合廃棄物B,"1,740","1,740",03,kg,54,"93,960",37518,000001,A（事業）,001,処分費,09:29,09:29,000001,東池袋ｾﾝﾄﾗﾙﾌﾟﾚｲｽﾋﾞﾙ(ｱｸﾞﾚｯｸｽ）,000001,ｵﾈｽﾄ,000001,新木場ﾘｻｲｸﾙ工場,000028,五十嵐商会,000025,五十嵐商会,1,紙,,000002,渡辺
2025/01/21(火),2025/01/21(火),2025/01/21(火),003294,不二熱学工業,1,売上,000001,混合廃棄物A,90,90,03,kg,58,"5,220",37583,000004,D（建設）,001,処分費,13:47,14:09,000001,ｷｯｻﾞﾆｱ東京空調更新計画,000001,ｵﾈｽﾄ,000001,新木場ﾘｻｲｸﾙ工場,000016,泉土木,000014,泉土木,1,紙,,000001,矢作
2025/01/21(火),2025/01/21(火),2025/01/21(火),003294,不二熱学工業,2,支払,000070,室外機,800,800,03,kg,30,"24,000",37586,000004,D（建設）,003,有価物,13:43,13:43,000001,ｷｯｻﾞﾆｱ東京空調更新計画,000001,ｵﾈｽﾄ,000001,新木場ﾘｻｲｸﾙ工場,000016,泉土木,000014,泉土木,1,紙,,000001,矢作
2025/01/21(火),2025/01/21(火),2025/01/21(火),003294,不二熱学工業,2,支払,000070,室外機,850,850,03,kg,30,"25,500",37574,000004,D（建設）,003,有価物,13:15,13:15,000001,ｷｯｻﾞﾆｱ東京空調更新計画,000001,ｵﾈｽﾄ,000001,新木場ﾘｻｲｸﾙ工場,000016,泉土木,000014,泉土木,1,紙,,000001,矢作
2025/01/21(火),2025/01/21(火),2025/01/21(火),003294,不二熱学工業,2,支払,000070,室外機,870,870,03,kg,30,"26,100",37583,000004,D（建設）,003,有価物,13:47,14:09,000001,ｷｯｻﾞﾆｱ東京空調更新計画,000001,ｵﾈｽﾄ,000001,新木場ﾘｻｲｸﾙ工場,000016,泉土木,000014,泉土木,1,紙,,000001,矢作
2025/01/21(火),2025/01/21(火),2025/01/21(火),003489,ﾃｨﾌｧﾆｰ･ｱﾝﾄﾞ･ｶﾝﾊﾟﾆｰ･ｼﾞｬﾊﾟﾝ･ｲﾝｸ,1,売上,000001,混合廃棄物A,60,60,03,kg,65,"3,900",37628,000002,B（残置）,001,処分費,16:39,17:03,000000,ﾃｨﾌｧﾆｰ･ｱﾝﾄﾞ･ｶﾝﾊﾟﾆｰ･ｼﾞｬﾊﾟﾝ･ｲﾝｸ,000001,ｵﾈｽﾄ,000001,新木場ﾘｻｲｸﾙ工場,000110,ﾃｲｿｳ物流ｻｰﾋﾞｽ,000088,ﾃｲｿｳ物流ｻｰﾋﾞｽ,1,紙,,000002,渡辺
2025/01/21(火),2025/01/21(火),2025/01/21(火),003489,ﾃｨﾌｧﾆｰ･ｱﾝﾄﾞ･ｶﾝﾊﾟﾆｰ･ｼﾞｬﾊﾟﾝ･ｲﾝｸ,1,売上,000030,選別,490,490,03,kg,70,"34,300",37628,000002,B（残置）,001,処分費,16:39,17:03,000000,ﾃｨﾌｧﾆｰ･ｱﾝﾄﾞ･ｶﾝﾊﾟﾆｰ･ｼﾞｬﾊﾟﾝ･ｲﾝｸ,000001,ｵﾈｽﾄ,000001,新木場ﾘｻｲｸﾙ工場,000110,ﾃｲｿｳ物流ｻｰﾋﾞｽ,000088,ﾃｲｿｳ物流ｻｰﾋﾞｽ,1,紙,,000002,渡辺
2025/01/21(火),2025/01/21(火),2025/01/21(火),003489,ﾃｨﾌｧﾆｰ･ｱﾝﾄﾞ･ｶﾝﾊﾟﾆｰ･ｼﾞｬﾊﾟﾝ･ｲﾝｸ,2,支払,000068,GC 軽鉄･ｽﾁｰﾙ類,200,200,03,kg,15.5,"3,100",37628,000002,B（残置）,003,有価物,16:39,17:03,000000,ﾃｨﾌｧﾆｰ･ｱﾝﾄﾞ･ｶﾝﾊﾟﾆｰ･ｼﾞｬﾊﾟﾝ･ｲﾝｸ,000001,ｵﾈｽﾄ,000001,新木場ﾘｻｲｸﾙ工場,000110,ﾃｲｿｳ物流ｻｰﾋﾞｽ,000088,ﾃｲｿｳ物流ｻｰﾋﾞｽ,1,紙,,000002,渡辺
2025/01/21(火),2025/01/21(火),2025/01/21(火),003492,東ｲﾝ,1,売上,000001,混合廃棄物A,280,280,03,kg,60,"16,800",37517,000002,B（残置）,001,処分費,09:25,09:25,000000,東ｲﾝ,000001,ｵﾈｽﾄ,000001,新木場ﾘｻｲｸﾙ工場,007489,ﾌｫｰﾒｰｼｮﾝ,001020,ﾌｫｰﾒｰｼｮﾝ,1,紙,,000007,小林
2025/01/21(火),2025/01/21(火),2025/01/21(火),003492,東ｲﾝ,1,売上,000001,混合廃棄物A,"1,050","1,050",03,kg,60,"63,000",37516,000002,B（残置）,001,処分費,09:07,09:13,000000,東ｲﾝ,000001,ｵﾈｽﾄ,000001,新木場ﾘｻｲｸﾙ工場,007489,ﾌｫｰﾒｰｼｮﾝ,001020,ﾌｫｰﾒｰｼｮﾝ,1,紙,,000007,小林
2025/01/21(火),2025/01/21(火),2025/01/21(火),003694,ﾖｼﾀﾞ防災設備,1,売上,000001,混合廃棄物A,40,40,03,kg,65,"2,600",37597,000004,D（建設）,001,処分費,14:13,14:33,000000,ﾖｼﾀﾞ防災設備,000001,ｵﾈｽﾄ,000001,新木場ﾘｻｲｸﾙ工場,000001,ｵﾈｽﾄ,000649,ﾖｼﾀﾞ防災設備,1,紙,,000005,今村（紀）
2025/01/21(火),2025/01/21(火),2025/01/21(火),003694,ﾖｼﾀﾞ防災設備,1,売上,000026,石膏ﾎﾞｰﾄﾞC,60,60,03,kg,80,"4,800",37597,000004,D（建設）,001,処分費,14:13,14:33,000000,ﾖｼﾀﾞ防災設備,000001,ｵﾈｽﾄ,000001,新木場ﾘｻｲｸﾙ工場,000001,ｵﾈｽﾄ,000649,ﾖｼﾀﾞ防災設備,1,紙,,000005,今村（紀）
2025/01/21(火),2025/01/21(火),2025/01/21(火),003694,ﾖｼﾀﾞ防災設備,1,売上,000030,選別,760,760,03,kg,70,"53,200",37597,000004,D（建設）,001,処分費,14:13,14:33,000000,ﾖｼﾀﾞ防災設備,000001,ｵﾈｽﾄ,000001,新木場ﾘｻｲｸﾙ工場,000001,ｵﾈｽﾄ,000649,ﾖｼﾀﾞ防災設備,1,紙,,000005,今村（紀）
2025/01/21(火),2025/01/21(火),2025/01/21(火),003694,ﾖｼﾀﾞ防災設備,1,売上,000054,ﾊﾞｯﾃﾘｰ,20,4,06,個,800,"3,200",37597,000004,D（建設）,001,処分費,14:13,14:33,000000,ﾖｼﾀﾞ防災設備,000001,ｵﾈｽﾄ,000001,新木場ﾘｻｲｸﾙ工場,000001,ｵﾈｽﾄ,000649,ﾖｼﾀﾞ防災設備,1,紙,,000005,今村（紀）
2025/01/21(火),2025/01/21(火),2025/01/21(火),003694,ﾖｼﾀﾞ防災設備,1,売上,000353,運搬費(3ｔｺﾝﾃﾅ車),,1,07,台,"20,000","20,000",37597,000004,D（建設）,002,運搬費,14:13,14:33,000000,ﾖｼﾀﾞ防災設備,000001,ｵﾈｽﾄ,000001,新木場ﾘｻｲｸﾙ工場,000001,ｵﾈｽﾄ,000649,ﾖｼﾀﾞ防災設備,1,紙,,000005,今村（紀）
2025/01/21(火),2025/01/21(火),2025/01/21(火),003694,ﾖｼﾀﾞ防災設備,2,支払,000068,GC 軽鉄･ｽﾁｰﾙ類,100,100,03,kg,15.5,"1,550",37597,000004,D（建設）,003,有価物,14:13,14:33,000000,ﾖｼﾀﾞ防災設備,000001,ｵﾈｽﾄ,000001,新木場ﾘｻｲｸﾙ工場,000001,ｵﾈｽﾄ,000649,ﾖｼﾀﾞ防災設備,1,紙,,000005,今村（紀）
2025/01/21(火),2025/01/21(火),2025/01/21(火),003872,ｾｷｽｲﾊｲﾑ不動産,1,売上,000001,混合廃棄物A,20,20,03,kg,65,"1,300",37536,000004,D（建設）,001,処分費,10:53,10:53,000000,ｾｷｽｲﾊｲﾑ不動産,000001,ｵﾈｽﾄ,000001,新木場ﾘｻｲｸﾙ工場,000001,ｵﾈｽﾄ,000654,ｾｷｽｲﾊｲﾑ 不動産,1,紙,,000005,今村（紀）
2025/01/21(火),2025/01/21(火),2025/01/21(火),003872,ｾｷｽｲﾊｲﾑ不動産,1,売上,000006,混合廃棄物(壁紙・ｸﾛｽ),70,70,03,kg,75,"5,250",37536,000004,D（建設）,001,処分費,10:53,10:53,000000,ｾｷｽｲﾊｲﾑ不動産,000001,ｵﾈｽﾄ,000001,新木場ﾘｻｲｸﾙ工場,000001,ｵﾈｽﾄ,000654,ｾｷｽｲﾊｲﾑ 不動産,1,紙,,000005,今村（紀）
2025/01/21(火),2025/01/21(火),2025/01/21(火),003872,ｾｷｽｲﾊｲﾑ不動産,1,売上,000352,運搬費(2ｔ車),,1,07,台,"27,000","27,000",37536,000004,D（建設）,002,運搬費,10:53,10:53,000000,ｾｷｽｲﾊｲﾑ不動産,000001,ｵﾈｽﾄ,000001,新木場ﾘｻｲｸﾙ工場,000001,ｵﾈｽﾄ,000654,ｾｷｽｲﾊｲﾑ 不動産,1,紙,,000005,今村（紀）
2025/01/21(火),2025/01/21(火),2025/01/21(火),003981,ASUM,1,売上,000001,混合廃棄物A,380,380,03,kg,65,"24,700",37494,000003,C（解体）,001,処分費,06:32,06:32,000000,ASUM,000001,ｵﾈｽﾄ,000001,新木場ﾘｻｲｸﾙ工場,003981,ASUM,000381,ASUM,1,紙,,000007,小林
2025/01/21(火),2025/01/21(火),2025/01/21(火),004003,便利屋ﾐﾔﾅﾐ,1,売上,000001,混合廃棄物A,50,50,03,kg,65,"3,250",37555,000002,B（残置）,001,処分費,12:00,12:11,000000,便利屋ﾐﾔﾅﾐ,000001,ｵﾈｽﾄ,000001,新木場ﾘｻｲｸﾙ工場,004003,便利屋ﾐﾔﾅﾐ,001113,便利屋ﾐﾔﾅﾐ,1,紙,,000012,サン・テクノ
2025/01/21(火),2025/01/21(火),2025/01/21(火),004003,便利屋ﾐﾔﾅﾐ,1,売上,000004,混合廃棄物(焼却物),110,110,03,kg,75,"8,250",37555,000002,B（残置）,001,処分費,12:00,12:11,000000,便利屋ﾐﾔﾅﾐ,000001,ｵﾈｽﾄ,000001,新木場ﾘｻｲｸﾙ工場,004003,便利屋ﾐﾔﾅﾐ,001113,便利屋ﾐﾔﾅﾐ,1,紙,,000012,サン・テクノ
2025/01/21(火),2025/01/21(火),2025/01/21(火),004039,(ｵﾈﾜﾝ)ﾄｯﾌﾟﾘﾕｰｽ,1,売上,000001,混合廃棄物A,430,430,03,kg,63,"27,090",37632,000002,B,001,処分費,17:11,17:16,000000,(ｵﾈﾜﾝ)ﾄｯﾌﾟﾘﾕｰｽ,000001,ｵﾈｽﾄ,000001,新木場ﾘｻｲｸﾙ工場,004039,(ｵﾈﾜﾝ)ﾄｯﾌﾟﾘﾕｰｽ,001021,ｵﾈｽﾄ･ﾜﾝ,1,紙,,000011,オネスト・ワン
2025/01/21(火),2025/01/21(火),2025/01/21(火),004071,ｴｽﾃｨｰｱｲ,1,売上,000002,混合廃棄物B,320,320,03,kg,70,"22,400",37602,000003,C（解体）,001,処分費,14:32,14:36,000025,東京都杉並区堀之内2-16-22,000001,ｵﾈｽﾄ,000001,新木場ﾘｻｲｸﾙ工場,004071,ｴｽﾃｨｰｱｲ,000185,ｴｽﾃｨｰｱｲ,1,紙,,000006,川部
2025/01/21(火),2025/01/21(火),2025/01/21(火),004074,東武ﾃﾞﾘﾊﾞﾘｰ,1,売上,000001,混合廃棄物A,90,90,03,kg,60,"5,400",37488,000004,D（建設）,001,処分費,07:00,07:33,000000,東武ﾃﾞﾘﾊﾞﾘｰ,000001,ｵﾈｽﾄ,000001,新木場ﾘｻｲｸﾙ工場,000033,富士商事,000029,富士商事,1,紙,,000004,山本
2025/01/21(火),2025/01/21(火),2025/01/21(火),004074,東武ﾃﾞﾘﾊﾞﾘｰ,1,売上,000001,混合廃棄物A,"1,380","1,380",03,kg,60,"82,800",37622,000004,D（建設）,001,処分費,16:24,16:29,000000,東武ﾃﾞﾘﾊﾞﾘｰ,000001,ｵﾈｽﾄ,000001,新木場ﾘｻｲｸﾙ工場,000033,富士商事,000029,富士商事,1,紙,,000004,山本
2025/01/21(火),2025/01/21(火),2025/01/21(火),004074,東武ﾃﾞﾘﾊﾞﾘｰ,1,売上,000016,軽量物系A(発泡ｽﾁﾛｰﾙ),130,130,03,kg,150,"19,500",37542,000004,D（建設）,001,処分費,11:15,11:15,000000,東武ﾃﾞﾘﾊﾞﾘｰ,000001,ｵﾈｽﾄ,000001,新木場ﾘｻｲｸﾙ工場,000033,富士商事,000029,富士商事,1,紙,,000004,山本
2025/01/21(火),2025/01/21(火),2025/01/21(火),004074,東武ﾃﾞﾘﾊﾞﾘｰ,1,売上,000030,選別,250,250,03,kg,60,"15,000",37488,000004,D（建設）,001,処分費,07:00,07:33,000000,東武ﾃﾞﾘﾊﾞﾘｰ,000001,ｵﾈｽﾄ,000001,新木場ﾘｻｲｸﾙ工場,000033,富士商事,000029,富士商事,1,紙,,000004,山本
2025/01/21(火),2025/01/21(火),2025/01/21(火),004074,東武ﾃﾞﾘﾊﾞﾘｰ,2,支払,000068,GC 軽鉄･ｽﾁｰﾙ類,600,600,03,kg,26.5,"15,900",37488,000004,D（建設）,003,有価物,07:00,07:33,000000,東武ﾃﾞﾘﾊﾞﾘｰ,000001,ｵﾈｽﾄ,000001,新木場ﾘｻｲｸﾙ工場,000033,富士商事,000029,富士商事,1,紙,,000004,山本
2025/01/21(火),2025/01/21(火),2025/01/21(火),004108,ﾊﾟﾅｿﾆｯｸ産機ｼｽﾃﾑｽﾞ,1,売上,000001,混合廃棄物A,140,140,03,kg,50,"7,000",37631,000004,D（建設）,001,処分費,17:11,17:15,000139,ファミリーマート市原松ヶ島一丁目店,000001,ｵﾈｽﾄ,000001,新木場ﾘｻｲｸﾙ工場,006436,ｻﾜ･ｺｰﾎﾟﾚｰｼｮﾝ,000873,伊藤忠ﾒﾀﾙｽﾞ,1,紙,,000001,矢作
2025/01/21(火),2025/01/21(火),2025/01/21(火),004108,ﾊﾟﾅｿﾆｯｸ産機ｼｽﾃﾑｽﾞ,1,売上,000029,木くず,410,410,03,kg,35,"14,350",37541,000004,D（建設）,001,処分費,11:14,11:18,000001,協和興運,000001,ｵﾈｽﾄ,000001,新木場ﾘｻｲｸﾙ工場,000033,富士商事,000873,伊藤忠ﾒﾀﾙｽﾞ,2,電子,,000001,矢作
2025/01/21(火),2025/01/21(火),2025/01/21(火),004108,ﾊﾟﾅｿﾆｯｸ産機ｼｽﾃﾑｽﾞ,2,支払,000438,ﾀﾞﾝﾎﾞｰﾙ,270,270,03,kg,5,"1,350",37541,000004,D（建設）,003,有価物,11:14,11:18,000001,協和興運,000001,ｵﾈｽﾄ,000001,新木場ﾘｻｲｸﾙ工場,000033,富士商事,000873,伊藤忠ﾒﾀﾙｽﾞ,2,電子,,000001,矢作
2025/01/21(火),2025/01/21(火),2025/01/21(火),004113,大手町ﾌﾟﾚｲｽ管理業務共同体,1,売上,000001,混合廃棄物A,570,570,03,kg,54,"30,780",37611,000001,A（事業）,001,処分費,15:10,15:44,000001,大手町ﾌﾟﾚｲｽ,000001,ｵﾈｽﾄ,000001,新木場ﾘｻｲｸﾙ工場,000028,五十嵐商会,000025,五十嵐商会,2,電子,,000002,渡辺
2025/01/21(火),2025/01/21(火),2025/01/21(火),004113,大手町ﾌﾟﾚｲｽ管理業務共同体,1,売上,000030,選別,220,220,03,kg,65,"14,300",37611,000001,A（事業）,001,処分費,15:10,15:44,000001,大手町ﾌﾟﾚｲｽ,000001,ｵﾈｽﾄ,000001,新木場ﾘｻｲｸﾙ工場,000028,五十嵐商会,000025,五十嵐商会,2,電子,,000002,渡辺
2025/01/21(火),2025/01/21(火),2025/01/21(火),004162,ｲﾄｰｷ（日本橋）,1,売上,000001,混合廃棄物A,"1,300","1,300",03,kg,65,"84,500",37565,000002,B（残置）,001,処分費,12:26,12:47,000000,ｲﾄｰｷ（日本橋）,000001,ｵﾈｽﾄ,000001,新木場ﾘｻｲｸﾙ工場,000354,泉商店,000283,泉商店,2,電子,,000006,川部
2025/01/21(火),2025/01/21(火),2025/01/21(火),004162,ｲﾄｰｷ（日本橋）,1,売上,000030,選別,20,20,03,kg,70,"1,400",37565,000002,B（残置）,001,処分費,12:26,12:47,000000,ｲﾄｰｷ（日本橋）,000001,ｵﾈｽﾄ,000001,新木場ﾘｻｲｸﾙ工場,000354,泉商店,000283,泉商店,2,電子,,000006,川部
2025/01/21(火),2025/01/21(火),2025/01/21(火),004162,ｲﾄｰｷ（日本橋）,2,支払,000064,ｱﾙﾐ類,20,20,03,kg,30,600,37565,000002,B（残置）,003,有価物,12:26,12:47,000000,ｲﾄｰｷ（日本橋）,000001,ｵﾈｽﾄ,000001,新木場ﾘｻｲｸﾙ工場,000354,泉商店,000283,泉商店,2,電子,,000006,川部
2025/01/21(火),2025/01/21(火),2025/01/21(火),004162,ｲﾄｰｷ（日本橋）,2,支払,000068,GC 軽鉄･ｽﾁｰﾙ類,360,360,03,kg,15.5,"5,580",37565,000002,B（残置）,003,有価物,12:26,12:47,000000,ｲﾄｰｷ（日本橋）,000001,ｵﾈｽﾄ,000001,新木場ﾘｻｲｸﾙ工場,000354,泉商店,000283,泉商店,2,電子,,000006,川部
2025/01/21(火),2025/01/21(火),2025/01/21(火),004240,ﾖｺﾄｸ,1,売上,000109,運搬費,,1,07,台,"25,000","25,000",37539,000004,D（建設）,002,運搬費,10:52,10:53,000007,自転車ﾗｯｸ改修工事（千川駅北第一自転車駐,000001,ｵﾈｽﾄ,000001,新木場ﾘｻｲｸﾙ工場,000001,ｵﾈｽﾄ,000799,ﾖｺﾄｸ,1,紙,,000006,川部
2025/01/21(火),2025/01/21(火),2025/01/21(火),004240,ﾖｺﾄｸ,2,支払,000068,GC 軽鉄･ｽﾁｰﾙ類,660,660,03,kg,15.5,"10,230",37539,000004,D（建設）,003,有価物,10:52,10:53,000007,自転車ﾗｯｸ改修工事（千川駅北第一自転車駐,000001,ｵﾈｽﾄ,000001,新木場ﾘｻｲｸﾙ工場,000001,ｵﾈｽﾄ,000799,ﾖｺﾄｸ,1,紙,,000006,川部
2025/01/21(火),2025/01/21(火),2025/01/21(火),004418,ﾃﾙｳｪﾙ東日本,1,売上,000001,混合廃棄物A,"2,810","2,810",03,kg,65,"182,650",37566,000001,A（事業）,001,処分費,12:34,13:39,000005,みつわ台倉庫,000001,ｵﾈｽﾄ,000001,新木場ﾘｻｲｸﾙ工場,000028,五十嵐商会,000248,ﾃﾙｳｪﾙ東日本,2,電子,,000002,渡辺
2025/01/21(火),2025/01/21(火),2025/01/21(火),004418,ﾃﾙｳｪﾙ東日本,1,売上,000053,金属くず,"1,620","1,620",03,kg,15,"24,300",37562,000001,A（事業）,001,処分費,12:20,12:20,000005,みつわ台倉庫,000001,ｵﾈｽﾄ,000001,新木場ﾘｻｲｸﾙ工場,000028,五十嵐商会,000248,ﾃﾙｳｪﾙ東日本,2,電子,,000002,渡辺
2025/01/21(火),2025/01/21(火),2025/01/21(火),004584,ﾍﾞﾝﾘｰ社,1,売上,000001,混合廃棄物A,280,280,03,kg,65,"18,200",37601,000004,D（建設）,001,処分費,14:33,14:37,000000,ﾍﾞﾝﾘｰ社,000001,ｵﾈｽﾄ,000001,新木場ﾘｻｲｸﾙ工場,000001,ｵﾈｽﾄ,000919,ﾃｨｰｴｰ運送,1,紙,,000004,山本
2025/01/21(火),2025/01/21(火),2025/01/21(火),004584,ﾍﾞﾝﾘｰ社,1,売上,000006,混合廃棄物(壁紙・ｸﾛｽ),"1,120","1,120",03,kg,75,"84,000",37601,000004,D（建設）,001,処分費,14:33,14:37,000000,ﾍﾞﾝﾘｰ社,000001,ｵﾈｽﾄ,000001,新木場ﾘｻｲｸﾙ工場,000001,ｵﾈｽﾄ,000919,ﾃｨｰｴｰ運送,1,紙,,000004,山本
2025/01/21(火),2025/01/21(火),2025/01/21(火),004584,ﾍﾞﾝﾘｰ社,1,売上,000349,運搬費(4ｔｺﾝﾃﾅ),,1,07,台,"22,000","22,000",37601,000004,D（建設）,002,運搬費,14:33,14:37,000000,ﾍﾞﾝﾘｰ社,000001,ｵﾈｽﾄ,000001,新木場ﾘｻｲｸﾙ工場,000001,ｵﾈｽﾄ,000919,ﾃｨｰｴｰ運送,1,紙,,000004,山本
2025/01/21(火),2025/01/21(火),2025/01/21(火),004766,JR東日本環境ｱｸｾｽ,1,売上,000001,混合廃棄物A,"1,140","1,140",03,kg,55,"62,700",37544,000001,A（事業）,001,処分費,11:19,11:19,000001,東京資源循環ｾﾝﾀｰ,000001,ｵﾈｽﾄ,000001,新木場ﾘｻｲｸﾙ工場,004766,JR東日本環境ｱｸｾｽ,000426,JR東日本環境ｱｸｾｽ,2,電子,,000002,渡辺
2025/01/21(火),2025/01/21(火),2025/01/21(火),004766,JR東日本環境ｱｸｾｽ,1,売上,000001,混合廃棄物A,"1,320","1,320",03,kg,55,"72,600",37506,000001,A（事業）,001,処分費,08:19,08:19,000001,東京資源循環ｾﾝﾀｰ,000001,ｵﾈｽﾄ,000001,新木場ﾘｻｲｸﾙ工場,004766,JR東日本環境ｱｸｾｽ,000426,JR東日本環境ｱｸｾｽ,2,電子,,000002,渡辺
2025/01/21(火),2025/01/21(火),2025/01/21(火),004794,東京ｸﾞﾗｽﾛﾝ,1,売上,000001,混合廃棄物A,640,640,03,kg,60,"38,400",37630,000002,B（残置）,001,処分費,16:50,16:52,000004,東京ｸﾞﾗｽﾛﾝ八王子物流,000001,ｵﾈｽﾄ,000001,新木場ﾘｻｲｸﾙ工場,002654,加藤好大商店,000041,加藤好大商店,1,紙,,000004,山本
2025/01/21(火),2025/01/21(火),2025/01/21(火),005124,NCP,1,売上,000001,混合廃棄物A,200,200,03,kg,58,"11,600",37557,000004,D（建設）,001,処分費,12:14,12:14,000000,NCP,000001,ｵﾈｽﾄ,000001,新木場ﾘｻｲｸﾙ工場,000016,泉土木,000014,泉土木,1,紙,,000001,矢作
2025/01/21(火),2025/01/21(火),2025/01/21(火),005138,doudan,1,売上,000002,混合廃棄物B,"1,300","1,300",03,kg,70,"91,000",37590,000004,D（建設）,001,処分費,13:53,13:56,000035,上大岡店,000001,ｵﾈｽﾄ,000001,新木場ﾘｻｲｸﾙ工場,001250,ｱﾝﾃﾞｽ,000971,ｱﾝﾃﾞｽ,1,紙,,000002,渡辺
2025/01/21(火),2025/01/21(火),2025/01/21(火),005175,砂子興業,1,売上,000002,混合廃棄物B,100,100,03,kg,70,"7,000",37636,000003,C（解体）,001,処分費,17:43,17:45,000000,砂子興業,000001,ｵﾈｽﾄ,000001,新木場ﾘｻｲｸﾙ工場,005175,砂子興業,000445,砂子興業,1,紙,,000007,小林
2025/01/21(火),2025/01/21(火),2025/01/21(火),005175,砂子興業,1,売上,000006,混合廃棄物(壁紙・ｸﾛｽ),390,390,03,kg,75,"29,250",37636,000003,C（解体）,001,処分費,17:43,17:45,000000,砂子興業,000001,ｵﾈｽﾄ,000001,新木場ﾘｻｲｸﾙ工場,005175,砂子興業,000445,砂子興業,1,紙,,000007,小林
2025/01/21(火),2025/01/21(火),2025/01/21(火),005231,ｲﾝｸﾞ,1,売上,000002,混合廃棄物B,520,520,03,kg,65,"33,800",37551,000003,C（解体）,001,処分費,11:45,11:49,000022,旧ﾊﾟｰｸﾌﾟﾗｻﾞﾎﾃﾙ改修工事,000001,ｵﾈｽﾄ,000001,新木場ﾘｻｲｸﾙ工場,005231,ｲﾝｸﾞ,000676,ｲﾝｸﾞ,1,紙,,000002,渡辺
2025/01/21(火),2025/01/21(火),2025/01/21(火),005231,ｲﾝｸﾞ,1,売上,000492,混合廃棄物（羽毛物）,10,10,03,kg,250,"2,500",37551,000003,C（解体）,001,処分費,11:45,11:49,000022,旧ﾊﾟｰｸﾌﾟﾗｻﾞﾎﾃﾙ改修工事,000001,ｵﾈｽﾄ,000001,新木場ﾘｻｲｸﾙ工場,005231,ｲﾝｸﾞ,000676,ｲﾝｸﾞ,1,紙,,000002,渡辺
2025/01/21(火),2025/01/21(火),2025/01/21(火),005575,渡辺ﾊﾟｲﾌﾟ,1,売上,000002,混合廃棄物B,350,350,03,kg,70,"24,500",37637,000003,C（解体）,001,処分費,17:49,17:52,000070,目黒ﾌﾗﾜｰﾏﾝｼｮﾝ　,000001,ｵﾈｽﾄ,000001,新木場ﾘｻｲｸﾙ工場,000362,ﾐﾔ産興,000290,ﾐﾔ産興,1,紙,,000004,山本
2025/01/21(火),2025/01/21(火),2025/01/21(火),005575,渡辺ﾊﾟｲﾌﾟ,1,売上,000002,混合廃棄物B,700,700,03,kg,70,"49,000",37571,000003,C（解体）,001,処分費,12:53,12:58,000083,ﾘﾊﾞｰｼﾃｨ,000001,ｵﾈｽﾄ,000001,新木場ﾘｻｲｸﾙ工場,000362,ﾐﾔ産興,000290,ﾐﾔ産興,1,紙,,000004,山本
2025/01/21(火),2025/01/21(火),2025/01/21(火),005585,東京ｾﾝﾄﾗﾙｴｱｺﾝ,1,売上,000001,混合廃棄物A,220,220,03,kg,63,"13,860",37577,000002,B（残置）,001,処分費,13:07,13:21,000002,東京ｾﾝﾄﾗﾙｴｱｺﾝ倉庫,000001,ｵﾈｽﾄ,000001,新木場ﾘｻｲｸﾙ工場,001308,ｵﾈｽﾄ･ﾜﾝ,001021,ｵﾈｽﾄ･ﾜﾝ,1,紙,,000011,オネスト・ワン
2025/01/21(火),2025/01/21(火),2025/01/21(火),005585,東京ｾﾝﾄﾗﾙｴｱｺﾝ,1,売上,000030,選別,40,40,03,kg,60,"2,400",37577,000002,B（残置）,001,処分費,13:07,13:21,000002,東京ｾﾝﾄﾗﾙｴｱｺﾝ倉庫,000001,ｵﾈｽﾄ,000001,新木場ﾘｻｲｸﾙ工場,001308,ｵﾈｽﾄ･ﾜﾝ,001021,ｵﾈｽﾄ･ﾜﾝ,1,紙,,000011,オネスト・ワン
2025/01/21(火),2025/01/21(火),2025/01/21(火),005727,富山,1,売上,000016,軽量物系A(発泡ｽﾁﾛｰﾙ),180,180,03,kg,200,"36,000",37570,000003,C（解体）,001,処分費,12:33,12:38,000015,世田谷区桜新町1-14-17,000001,ｵﾈｽﾄ,000001,新木場ﾘｻｲｸﾙ工場,005727,富山,000896,富山,1,紙,,000004,山本
2025/01/21(火),2025/01/21(火),2025/01/21(火),005727,富山,1,売上,000021,軽量物系B(ｸﾞﾗｽｳｰﾙ),40,40,03,kg,80,"3,200",37570,000003,C（解体）,001,処分費,12:33,12:38,000015,世田谷区桜新町1-14-17,000001,ｵﾈｽﾄ,000001,新木場ﾘｻｲｸﾙ工場,005727,富山,000896,富山,1,紙,,000004,山本
2025/01/21(火),2025/01/21(火),2025/01/21(火),005951,雄飛,1,売上,000002,混合廃棄物B,"1,540","1,540",03,kg,70,"107,800",37615,000003,C（解体）,001,処分費,15:41,15:47,000013,川口市赤井316-2,000001,ｵﾈｽﾄ,000001,新木場ﾘｻｲｸﾙ工場,005951,雄飛,000903,雄飛,1,紙,,000004,山本
2025/01/21(火),2025/01/21(火),2025/01/21(火),006032,ﾍﾞﾙ興産,1,売上,000001,混合廃棄物A,430,430,03,kg,65,"27,950",37568,000003,C（解体）,001,処分費,12:57,12:57,000000,ﾍﾞﾙ興産,000001,ｵﾈｽﾄ,000001,新木場ﾘｻｲｸﾙ工場,006032,ﾍﾞﾙ興産,001146,ﾍﾞﾙ興産,1,紙,,000007,小林
2025/01/21(火),2025/01/21(火),2025/01/21(火),006032,ﾍﾞﾙ興産,1,売上,000001,混合廃棄物A,530,530,03,kg,65,"34,450",37629,000003,C（解体）,001,処分費,17:01,17:07,000000,ﾍﾞﾙ興産,000001,ｵﾈｽﾄ,000001,新木場ﾘｻｲｸﾙ工場,006032,ﾍﾞﾙ興産,001146,ﾍﾞﾙ興産,1,紙,,000007,小林
2025/01/21(火),2025/01/21(火),2025/01/21(火),006032,ﾍﾞﾙ興産,1,売上,000102,ﾏﾆﾌｪｽﾄ,,30,11,枚,50,"1,500",37629,000003,C（解体）,001,処分費,17:01,17:07,000000,ﾍﾞﾙ興産,000001,ｵﾈｽﾄ,000001,新木場ﾘｻｲｸﾙ工場,006032,ﾍﾞﾙ興産,001146,ﾍﾞﾙ興産,1,紙,,000007,小林
2025/01/21(火),2025/01/21(火),2025/01/21(火),006074,ｸﾘｰﾝﾌﾟﾗﾝﾆﾝｸﾞ,1,売上,000002,混合廃棄物B,310,310,03,kg,70,"21,700",37509,000005,E（中・積),001,処分費,08:24,08:26,000000,ｸﾘｰﾝﾌﾟﾗﾝﾆﾝｸﾞ,000001,ｵﾈｽﾄ,000001,新木場ﾘｻｲｸﾙ工場,004650,丸正環境ｾﾝﾀｰ,000601,丸正環境ｾﾝﾀｰ,1,紙,,000006,川部
2025/01/21(火),2025/01/21(火),2025/01/21(火),006074,ｸﾘｰﾝﾌﾟﾗﾝﾆﾝｸﾞ,1,売上,000034,本畳,400,20,11,枚,"2,500","50,000",37509,000005,E（中・積),001,処分費,08:24,08:26,000000,ｸﾘｰﾝﾌﾟﾗﾝﾆﾝｸﾞ,000001,ｵﾈｽﾄ,000001,新木場ﾘｻｲｸﾙ工場,004650,丸正環境ｾﾝﾀｰ,000601,丸正環境ｾﾝﾀｰ,1,紙,,000006,川部
2025/01/21(火),2025/01/21(火),2025/01/21(火),006089,MCJ,1,売上,000001,混合廃棄物A,30,30,03,kg,54,"1,620",37537,000001,A（事業）,001,処分費,10:57,11:14,000001,大手町ﾌﾟﾚｲｽ,000001,ｵﾈｽﾄ,000001,新木場ﾘｻｲｸﾙ工場,000028,五十嵐商会,000025,五十嵐商会,1,紙,,000002,渡辺
2025/01/21(火),2025/01/21(火),2025/01/21(火),006089,MCJ,1,売上,000030,選別,950,950,03,kg,65,"61,750",37537,000001,A（事業）,001,処分費,10:57,11:14,000001,大手町ﾌﾟﾚｲｽ,000001,ｵﾈｽﾄ,000001,新木場ﾘｻｲｸﾙ工場,000028,五十嵐商会,000025,五十嵐商会,1,紙,,000002,渡辺
2025/01/21(火),2025/01/21(火),2025/01/21(火),006089,MCJ,2,支払,000068,GC 軽鉄･ｽﾁｰﾙ類,40,40,03,kg,15.5,620,37537,000001,A（事業）,003,有価物,10:57,11:14,000001,大手町ﾌﾟﾚｲｽ,000001,ｵﾈｽﾄ,000001,新木場ﾘｻｲｸﾙ工場,000028,五十嵐商会,000025,五十嵐商会,1,紙,,000002,渡辺
2025/01/21(火),2025/01/21(火),2025/01/21(火),006108,ｽﾀｰﾂｱﾒﾆﾃｨｰ,1,売上,000001,混合廃棄物A,30,30,03,kg,55,"1,650",37556,000002,B（残置）,001,処分費,12:01,12:06,000024,ｻﾝﾌﾟﾗｻﾞ南行徳(201)残置物撤去作業,000001,ｵﾈｽﾄ,000001,新木場ﾘｻｲｸﾙ工場,004463,あるくる,000823,あるくる,1,紙,,000001,矢作
2025/01/21(火),2025/01/21(火),2025/01/21(火),006108,ｽﾀｰﾂｱﾒﾆﾃｨｰ,1,売上,000029,木くず,20,20,03,kg,42,840,37556,000002,B（残置）,001,処分費,12:01,12:06,000024,ｻﾝﾌﾟﾗｻﾞ南行徳(201)残置物撤去作業,000001,ｵﾈｽﾄ,000001,新木場ﾘｻｲｸﾙ工場,004463,あるくる,000823,あるくる,1,紙,,000001,矢作
2025/01/21(火),2025/01/21(火),2025/01/21(火),006509,ﾅｲﾃｯｸｽ,1,売上,000001,混合廃棄物A,280,280,03,kg,65,"18,200",37504,000001,A（事業）,001,処分費,07:58,08:06,000000,ﾅｲﾃｯｸｽ,000001,ｵﾈｽﾄ,000001,新木場ﾘｻｲｸﾙ工場,006509,ﾅｲﾃｯｸｽ,000182,ﾅｲﾃｯｸｽ,1,紙,,000004,山本
2025/01/21(火),2025/01/21(火),2025/01/21(火),006509,ﾅｲﾃｯｸｽ,1,売上,000030,選別,800,800,03,kg,70,"56,000",37613,000001,A（事業）,001,処分費,15:17,15:17,000000,ﾅｲﾃｯｸｽ,000001,ｵﾈｽﾄ,000001,新木場ﾘｻｲｸﾙ工場,006509,ﾅｲﾃｯｸｽ,000182,ﾅｲﾃｯｸｽ,1,紙,,000004,山本
2025/01/21(火),2025/01/21(火),2025/01/21(火),006569,お世話や,1,売上,000001,混合廃棄物A,230,230,03,kg,60,"13,800",37524,000002,B（残置）,001,処分費,10:01,10:03,000000,お世話や,000001,ｵﾈｽﾄ,000001,新木場ﾘｻｲｸﾙ工場,001656,真和商事,000055,真和商事,1,紙,,000002,渡辺
2025/01/21(火),2025/01/21(火),2025/01/21(火),006569,お世話や,1,売上,000001,混合廃棄物A,800,800,03,kg,60,"48,000",37585,000002,B（残置）,001,処分費,13:52,13:55,000001,お世話や　初台事務所,000001,ｵﾈｽﾄ,000001,新木場ﾘｻｲｸﾙ工場,001656,真和商事,000055,真和商事,1,紙,,000002,渡辺
2025/01/21(火),2025/01/21(火),2025/01/21(火),006569,お世話や,1,売上,000036,ﾏｯﾄﾚｽ(ｼﾝｸﾞﾙ),10,1,11,枚,"4,000","4,000",37585,000002,B（残置）,001,処分費,13:52,13:55,000001,お世話や　初台事務所,000001,ｵﾈｽﾄ,000001,新木場ﾘｻｲｸﾙ工場,001656,真和商事,000055,真和商事,1,紙,,000002,渡辺
2025/01/21(火),2025/01/21(火),2025/01/21(火),006653,公益財団法人東京都ｻｯｶｰ協会,1,売上,000001,混合廃棄物A,380,380,03,kg,65,"24,700",37579,000002,B（残置）,001,処分費,13:13,13:13,000000,公益財団法人東京都ｻｯｶｰ協会,000001,ｵﾈｽﾄ,000001,新木場ﾘｻｲｸﾙ工場,001976,ｼﾐｽﾞｵｸﾄ,000202,ｼﾐｽﾞｵｸﾄ,1,紙,,000005,今村（紀）
2025/01/21(火),2025/01/21(火),2025/01/21(火),007002,ﾗﾝﾃﾞｨﾝｸﾞｼｽﾃﾑ,1,売上,000001,混合廃棄物A,580,3.5,02,m3,"10,000","35,000",37591,000003,C（解体）,001,処分費,14:03,14:05,000005,産業廃棄物処分(墨田区),000001,ｵﾈｽﾄ,000001,新木場ﾘｻｲｸﾙ工場,000001,ｵﾈｽﾄ,000860,ﾗﾝﾃﾞｨﾝｸﾞｼｽﾃﾑ,1,紙,,000007,小林
2025/01/21(火),2025/01/21(火),2025/01/21(火),007002,ﾗﾝﾃﾞｨﾝｸﾞｼｽﾃﾑ,1,売上,000109,運搬費,,1,07,台,"23,000","23,000",37591,000003,C（解体）,002,運搬費,14:03,14:05,000005,産業廃棄物処分(墨田区),000001,ｵﾈｽﾄ,000001,新木場ﾘｻｲｸﾙ工場,000001,ｵﾈｽﾄ,000860,ﾗﾝﾃﾞｨﾝｸﾞｼｽﾃﾑ,1,紙,,000007,小林
2025/01/21(火),2025/01/21(火),2025/01/21(火),007091,原口解体,1,売上,000017,軽量物系A(ｽﾀｲﾛﾌｫｰﾑ),40,40,03,kg,200,"8,000",37580,000003,C（解体）,001,処分費,13:32,13:32,000008,大野町作業所,000001,ｵﾈｽﾄ,000001,新木場ﾘｻｲｸﾙ工場,007091,原口解体,000882,原口解体,1,紙,,000004,山本
2025/01/21(火),2025/01/21(火),2025/01/21(火),007387,ｴｸｼｵｸﾞﾙｰﾌﾟ,1,売上,000001,混合廃棄物A,570,570,03,kg,60,"34,200",37621,000004,D（建設）,001,処分費,15:42,15:46,000004,電気通信工事,000001,ｵﾈｽﾄ,000001,新木場ﾘｻｲｸﾙ工場,003444,上野運輸,000271,上野運輸,1,紙,,000004,山本
2025/01/21(火),2025/01/21(火),2025/01/21(火),007684,ﾉｰｽﾊｰﾊﾞｰ,1,売上,000029,木くず,180,180,03,kg,35,"6,300",37623,000004,D（建設）,001,処分費,16:04,16:07,000000,ﾉｰｽﾊｰﾊﾞｰ,000001,ｵﾈｽﾄ,000001,新木場ﾘｻｲｸﾙ工場,007684,ﾉｰｽﾊｰﾊﾞｰ,001186,ﾉｰｽﾊｰﾊﾞｰ,1,紙,,000005,今村（紀）
2025/01/21(火),2025/01/21(火),2025/01/21(火),007764,ﾊﾟﾅｿﾆｯｸﾎｰﾑｽﾞ不動産,1,売上,000001,混合廃棄物A,560,4,02,m3,"12,000","48,000",37594,000002,B（残置）,001,処分費,14:13,14:15,000001,【東京】世田谷区　鎌田集積場,000001,ｵﾈｽﾄ,000001,新木場ﾘｻｲｸﾙ工場,000001,ｵﾈｽﾄ,000227,ﾊﾟﾅｿﾆｯｸﾎｰﾑｽﾞ不動産,2,電子,,000004,山本
2025/01/21(火),2025/01/21(火),2025/01/21(火),007764,ﾊﾟﾅｿﾆｯｸﾎｰﾑｽﾞ不動産,1,売上,000006,混合廃棄物(壁紙・ｸﾛｽ),,1,02,m3,"12,000","12,000",37594,000002,B（残置）,001,処分費,14:13,14:15,000001,【東京】世田谷区　鎌田集積場,000001,ｵﾈｽﾄ,000001,新木場ﾘｻｲｸﾙ工場,000001,ｵﾈｽﾄ,000227,ﾊﾟﾅｿﾆｯｸﾎｰﾑｽﾞ不動産,2,電子,,000004,山本
2025/01/21(火),2025/01/21(火),2025/01/21(火),007764,ﾊﾟﾅｿﾆｯｸﾎｰﾑｽﾞ不動産,1,売上,000109,運搬費,,1,07,台,"24,000","24,000",37594,000002,B（残置）,002,運搬費,14:13,14:15,000001,【東京】世田谷区　鎌田集積場,000001,ｵﾈｽﾄ,000001,新木場ﾘｻｲｸﾙ工場,000001,ｵﾈｽﾄ,000227,ﾊﾟﾅｿﾆｯｸﾎｰﾑｽﾞ不動産,2,電子,,000004,山本
2025/01/21(火),2025/01/21(火),2025/01/21(火),007856,ﾐﾗｲﾄ･ﾜﾝ･ﾈｸｽﾄ,1,売上,000046,ﾀﾞﾝﾎﾞｰﾙ,540,540,03,kg,0,0,37548,000004,D（建設）,001,処分費,11:33,11:39,000003,横浜第2合同庁舎専有部照明器具LED化工事,000001,ｵﾈｽﾄ,000001,新木場ﾘｻｲｸﾙ工場,000016,泉土木,000014,泉土木,1,紙,,000001,矢作
2025/01/21(火),2025/01/21(火),2025/01/21(火),007856,ﾐﾗｲﾄ･ﾜﾝ･ﾈｸｽﾄ,2,支払,000068,GC 軽鉄･ｽﾁｰﾙ類,"2,000","2,000",03,kg,24.5,"49,000",37560,000004,D（建設）,003,有価物,12:08,12:08,000003,横浜第2合同庁舎専有部照明器具LED化工事,000001,ｵﾈｽﾄ,000001,新木場ﾘｻｲｸﾙ工場,000016,泉土木,000014,泉土木,1,紙,,000001,矢作
2025/01/21(火),2025/01/21(火),2025/01/21(火),007917,ﾜｰｸﾏﾝ,1,売上,000001,混合廃棄物A,140,140,03,kg,65,"9,100",37633,000004,D（建設）,001,処分費,17:23,17:26,000000,ﾜｰｸﾏﾝ,000001,ｵﾈｽﾄ,000001,新木場ﾘｻｲｸﾙ工場,001051,Y-maxx,000808,Y-maxx,1,紙,,000004,山本
2025/01/21(火),2025/01/21(火),2025/01/21(火),008343,JANSTAR,1,売上,000002,混合廃棄物B,"1,330","1,330",03,kg,70,"93,100",37507,000003,C（解体）,001,処分費,08:14,08:15,000033,東京都江戸川区船堀4-8-21,000001,ｵﾈｽﾄ,000001,新木場ﾘｻｲｸﾙ工場,008343,JANSTAR,000627,JANSTAR,1,紙,,000006,川部
2025/01/21(火),2025/01/21(火),2025/01/21(火),008535,ﾌﾟﾘﾝﾄﾜｰｸｽ,1,売上,000001,混合廃棄物A,330,330,03,kg,65,"21,450",37610,000006,F（他）,001,処分費,15:19,15:19,000000,ﾌﾟﾘﾝﾄﾜｰｸｽ,000001,ｵﾈｽﾄ,000001,新木場ﾘｻｲｸﾙ工場,008535,ﾌﾟﾘﾝﾄﾜｰｸｽ,001377,ﾌﾟﾘﾝﾄﾜｰｸｽ,1,紙,,000002,渡辺
2025/01/21(火),2025/01/21(火),2025/01/21(火),008535,ﾌﾟﾘﾝﾄﾜｰｸｽ,1,売上,000026,石膏ﾎﾞｰﾄﾞC,20,20,03,kg,80,"1,600",37610,000006,F（他）,001,処分費,15:19,15:19,000000,ﾌﾟﾘﾝﾄﾜｰｸｽ,000001,ｵﾈｽﾄ,000001,新木場ﾘｻｲｸﾙ工場,008535,ﾌﾟﾘﾝﾄﾜｰｸｽ,001377,ﾌﾟﾘﾝﾄﾜｰｸｽ,1,紙,,000002,渡辺
2025/01/21(火),2025/01/21(火),2025/01/21(火),008535,ﾌﾟﾘﾝﾄﾜｰｸｽ,1,売上,000033,ﾀｲﾔ(ﾎｲﾙ無),10,1,09,本,"2,500","2,500",37610,000006,F（他）,001,処分費,15:19,15:19,000000,ﾌﾟﾘﾝﾄﾜｰｸｽ,000001,ｵﾈｽﾄ,000001,新木場ﾘｻｲｸﾙ工場,008535,ﾌﾟﾘﾝﾄﾜｰｸｽ,001377,ﾌﾟﾘﾝﾄﾜｰｸｽ,1,紙,,000002,渡辺
2025/01/21(火),2025/01/21(火),2025/01/21(火),008548,佐々木興業,1,売上,000002,混合廃棄物B,560,560,03,kg,70,"39,200",37540,000003,C（解体）,001,処分費,11:02,11:04,000006,三郷市彦成2-74-1,000001,ｵﾈｽﾄ,000001,新木場ﾘｻｲｸﾙ工場,008548,佐々木興業,001380,佐々木興業,1,紙,,000007,小林
2025/01/21(火),2025/01/21(火),2025/01/21(火),008686,三信工務店,1,売上,000002,混合廃棄物B,310,310,03,kg,70,"21,700",37612,000003,C（解体）,001,処分費,15:11,15:19,000001,（仮称）台東区上野2丁目既存建物解体工事,000001,ｵﾈｽﾄ,000001,新木場ﾘｻｲｸﾙ工場,001014,南都興業,000779,南都興業,1,紙,,000006,川部
2025/01/21(火),2025/01/21(火),2025/01/21(火),008686,三信工務店,1,売上,000021,軽量物系B(ｸﾞﾗｽｳｰﾙ),740,740,03,kg,80,"59,200",37612,000003,C（解体）,001,処分費,15:11,15:19,000001,（仮称）台東区上野2丁目既存建物解体工事,000001,ｵﾈｽﾄ,000001,新木場ﾘｻｲｸﾙ工場,001014,南都興業,000779,南都興業,1,紙,,000006,川部
2025/01/21(火),2025/01/21(火),2025/01/21(火),008807,青木義広,1,売上,000001,混合廃棄物A,"2,400","2,400",03,kg,60,"144,000",37627,000001,A（事業）,001,処分費,16:38,16:41,000000,青木義広,000001,ｵﾈｽﾄ,000001,新木場ﾘｻｲｸﾙ工場,001856,SUN-K,000261,SUNｰK,1,紙,,000006,川部
2025/01/22(水),2025/01/22(水),2025/01/22(水),000026,ｼｰﾒﾝｽﾍﾙｽｹｱ,1,売上,000001,混合廃棄物A,500,500,03,kg,60,"30,000",37658,000006,F（他）,001,処分費,08:52,08:58,000001,ｼｰﾒﾝｽﾍﾙｽｹｱ平和島ｾﾝﾀｰ,000001,ｵﾈｽﾄ,000001,新木場ﾘｻｲｸﾙ工場,000243,田端運輸,000097,ｼｰﾒﾝｽﾍﾙｽｹｱ,1,紙,,000003,蛯子
2025/01/22(水),2025/01/22(水),2025/01/22(水),000026,ｼｰﾒﾝｽﾍﾙｽｹｱ,1,売上,000001,混合廃棄物A,"1,090","1,090",03,kg,60,"65,400",37664,000006,F（他）,001,処分費,09:49,09:55,000001,ｼｰﾒﾝｽﾍﾙｽｹｱ平和島ｾﾝﾀｰ,000001,ｵﾈｽﾄ,000001,新木場ﾘｻｲｸﾙ工場,000243,田端運輸,000097,ｼｰﾒﾝｽﾍﾙｽｹｱ,1,紙,,000003,蛯子
2025/01/22(水),2025/01/22(水),2025/01/22(水),000026,ｼｰﾒﾝｽﾍﾙｽｹｱ,1,売上,000001,混合廃棄物A,"1,290","1,290",03,kg,60,"77,400",37660,000006,F（他）,001,処分費,09:21,09:29,000001,ｼｰﾒﾝｽﾍﾙｽｹｱ平和島ｾﾝﾀｰ,000001,ｵﾈｽﾄ,000001,新木場ﾘｻｲｸﾙ工場,000243,田端運輸,000097,ｼｰﾒﾝｽﾍﾙｽｹｱ,1,紙,,000003,蛯子
2025/01/22(水),2025/01/22(水),2025/01/22(水),000026,ｼｰﾒﾝｽﾍﾙｽｹｱ,1,売上,000001,混合廃棄物A,"1,850","1,850",03,kg,60,"111,000",37683,000006,F（他）,001,処分費,11:11,11:16,000001,ｼｰﾒﾝｽﾍﾙｽｹｱ平和島ｾﾝﾀｰ,000001,ｵﾈｽﾄ,000001,新木場ﾘｻｲｸﾙ工場,000243,田端運輸,000097,ｼｰﾒﾝｽﾍﾙｽｹｱ,1,紙,,000003,蛯子
2025/01/22(水),2025/01/22(水),2025/01/22(水),000026,ｼｰﾒﾝｽﾍﾙｽｹｱ,1,売上,000001,混合廃棄物A,"1,900","1,900",03,kg,60,"114,000",37692,000006,F（他）,001,処分費,11:36,11:48,000001,ｼｰﾒﾝｽﾍﾙｽｹｱ平和島ｾﾝﾀｰ,000001,ｵﾈｽﾄ,000001,新木場ﾘｻｲｸﾙ工場,000243,田端運輸,000097,ｼｰﾒﾝｽﾍﾙｽｹｱ,1,紙,,000003,蛯子
2025/01/22(水),2025/01/22(水),2025/01/22(水),000027,司工業,1,売上,000016,軽量物系A(発泡ｽﾁﾛｰﾙ),90,90,03,kg,200,"18,000",37771,000004,D（建設）,001,処分費,17:20,17:26,000008,（仮称）ｸﾘｵ三宿2丁目計画解体工事,000001,ｵﾈｽﾄ,000001,新木場ﾘｻｲｸﾙ工場,008436,永利建設工業,000150,永利建設工業,1,紙,,000003,蛯子
2025/01/22(水),2025/01/22(水),2025/01/22(水),000091,渥美運輸,1,売上,000001,混合廃棄物A,200,200,03,kg,65,"13,000",37739,000001,A（事業）,001,処分費,15:43,15:43,000000,渥美運輸,000001,ｵﾈｽﾄ,000001,新木場ﾘｻｲｸﾙ工場,000091,渥美運輸,000075,渥美運輸,1,紙,,000006,川部
2025/01/22(水),2025/01/22(水),2025/01/22(水),000093,ｴｰ･ｴﾑ開発,1,売上,000002,混合廃棄物B,380,380,03,kg,70,"26,600",37647,000003,C,001,処分費,07:18,07:20,000000,ｴｰ･ｴﾑ開発,000001,ｵﾈｽﾄ,000001,新木場ﾘｻｲｸﾙ工場,000093,ｴｰ･ｴﾑ開発,000076,ｴｰ･ｴﾑ開発,1,紙,,000007,小林
2025/01/22(水),2025/01/22(水),2025/01/22(水),000093,ｴｰ･ｴﾑ開発,1,売上,000004,混合廃棄物(焼却物),390,390,03,kg,75,"29,250",37647,000003,C,001,処分費,07:18,07:20,000000,ｴｰ･ｴﾑ開発,000001,ｵﾈｽﾄ,000001,新木場ﾘｻｲｸﾙ工場,000093,ｴｰ･ｴﾑ開発,000076,ｴｰ･ｴﾑ開発,1,紙,,000007,小林
2025/01/22(水),2025/01/22(水),2025/01/22(水),000202,ｼﾌﾞﾔｴｺｸﾘｰﾝｻｰﾋﾞｽ,1,売上,000001,混合廃棄物A,740,740,03,kg,65,"48,100",37697,000002,B（残置）,001,処分費,12:07,12:30,000000,ｼﾌﾞﾔｴｺｸﾘｰﾝｻｰﾋﾞｽ,000001,ｵﾈｽﾄ,000001,新木場ﾘｻｲｸﾙ工場,000202,ｼﾌﾞﾔｴｺｸﾘｰﾝｻｰﾋﾞｽ,000167,ｼﾌﾞﾔｴｺｸﾘｰﾝｻｰﾋﾞｽ,1,紙,,000006,川部
2025/01/22(水),2025/01/22(水),2025/01/22(水),000202,ｼﾌﾞﾔｴｺｸﾘｰﾝｻｰﾋﾞｽ,2,支払,000068,GC 軽鉄･ｽﾁｰﾙ類,130,130,03,kg,16,"2,080",37697,000002,B（残置）,003,有価物,12:07,12:30,000000,ｼﾌﾞﾔｴｺｸﾘｰﾝｻｰﾋﾞｽ,000001,ｵﾈｽﾄ,000001,新木場ﾘｻｲｸﾙ工場,000202,ｼﾌﾞﾔｴｺｸﾘｰﾝｻｰﾋﾞｽ,000167,ｼﾌﾞﾔｴｺｸﾘｰﾝｻｰﾋﾞｽ,1,紙,,000006,川部
2025/01/22(水),2025/01/22(水),2025/01/22(水),000238,日本貨物鉄道関東支社川崎車両所,1,売上,000001,混合廃棄物A,"2,400","2,400",03,kg,65,"156,000",37703,000004,D（建設）,001,処分費,13:03,13:07,000000,日本貨物鉄道関東支社川崎車両所,000001,ｵﾈｽﾄ,000001,新木場ﾘｻｲｸﾙ工場,000001,ｵﾈｽﾄ,000123,京葉興業,1,紙,,000004,山本
2025/01/22(水),2025/01/22(水),2025/01/22(水),000238,日本貨物鉄道関東支社川崎車両所,1,売上,000349,運搬費(4ｔｺﾝﾃﾅ),,1,07,台,"23,000","23,000",37703,000004,D（建設）,002,運搬費,13:03,13:07,000000,日本貨物鉄道関東支社川崎車両所,000001,ｵﾈｽﾄ,000001,新木場ﾘｻｲｸﾙ工場,000001,ｵﾈｽﾄ,000123,京葉興業,1,紙,,000004,山本
2025/01/22(水),2025/01/22(水),2025/01/22(水),000272,新建産業,1,売上,000001,混合廃棄物A,200,200,03,kg,65,"13,000",37684,000001,A（事業）,001,処分費,11:01,11:01,000000,新建産業,000001,ｵﾈｽﾄ,000001,新木場ﾘｻｲｸﾙ工場,000272,新建産業,000222,新建産業,1,紙,,000006,川部
2025/01/22(水),2025/01/22(水),2025/01/22(水),000281,ﾒﾀｳｫｰﾀｰ,1,売上,000014,混合廃棄物,"1,040",4,02,m3,"10,000","40,000",37674,000004,D（建設）,001,処分費,10:32,10:33,000003,森ヶ崎水再生ｾﾝﾀｰ(東)反応槽機械設備再構築,000001,ｵﾈｽﾄ,000001,新木場ﾘｻｲｸﾙ工場,000001,ｵﾈｽﾄ,000281,ﾒﾀｳｫｰﾀｰ,1,紙,,000010,メタウォーター
2025/01/22(水),2025/01/22(水),2025/01/22(水),000281,ﾒﾀｳｫｰﾀｰ,1,売上,000350,運搬費(4ｔﾕﾆｯｸ車),,1,07,台,"30,000","30,000",37674,000004,D（建設）,002,運搬費,10:32,10:33,000003,森ヶ崎水再生ｾﾝﾀｰ(東)反応槽機械設備再構築,000001,ｵﾈｽﾄ,000001,新木場ﾘｻｲｸﾙ工場,000001,ｵﾈｽﾄ,000281,ﾒﾀｳｫｰﾀｰ,1,紙,,000010,メタウォーター
2025/01/22(水),2025/01/22(水),2025/01/22(水),000286,ｷﾀｻﾞﾜ引越ｾﾝﾀｰ,1,売上,000001,混合廃棄物A,620,620,03,kg,65,"40,300",37732,000002,B（残置）,001,処分費,15:25,15:36,000000,ｷﾀｻﾞﾜ引越ｾﾝﾀｰ,000001,ｵﾈｽﾄ,000001,新木場ﾘｻｲｸﾙ工場,000286,ｷﾀｻﾞﾜ引越ｾﾝﾀｰ,000230,ｷﾀｻﾞﾜ引越ｾﾝﾀｰ,1,紙,,000006,川部
2025/01/22(水),2025/01/22(水),2025/01/22(水),000286,ｷﾀｻﾞﾜ引越ｾﾝﾀｰ,1,売上,000004,混合廃棄物(焼却物),260,260,03,kg,75,"19,500",37732,000002,B（残置）,001,処分費,15:25,15:36,000000,ｷﾀｻﾞﾜ引越ｾﾝﾀｰ,000001,ｵﾈｽﾄ,000001,新木場ﾘｻｲｸﾙ工場,000286,ｷﾀｻﾞﾜ引越ｾﾝﾀｰ,000230,ｷﾀｻﾞﾜ引越ｾﾝﾀｰ,1,紙,,000006,川部
2025/01/22(水),2025/01/22(水),2025/01/22(水),000286,ｷﾀｻﾞﾜ引越ｾﾝﾀｰ,1,売上,000101,ﾏｯﾄﾚｽ,10,10,03,kg,100,"1,000",37732,000002,B（残置）,001,処分費,15:25,15:36,000000,ｷﾀｻﾞﾜ引越ｾﾝﾀｰ,000001,ｵﾈｽﾄ,000001,新木場ﾘｻｲｸﾙ工場,000286,ｷﾀｻﾞﾜ引越ｾﾝﾀｰ,000230,ｷﾀｻﾞﾜ引越ｾﾝﾀｰ,1,紙,,000006,川部
2025/01/22(水),2025/01/22(水),2025/01/22(水),000294,北斗JAPAN,1,売上,000001,混合廃棄物A,620,620,03,kg,65,"40,300",37768,000002,B（残置）,001,処分費,17:33,17:44,000000,北斗JAPAN,000001,ｵﾈｽﾄ,000001,新木場ﾘｻｲｸﾙ工場,000294,北斗JAPAN,000237,北斗JAPAN,1,紙,,000006,川部
2025/01/22(水),2025/01/22(水),2025/01/22(水),000294,北斗JAPAN,1,売上,000004,混合廃棄物(焼却物),260,260,03,kg,75,"19,500",37768,000002,B（残置）,001,処分費,17:33,17:44,000000,北斗JAPAN,000001,ｵﾈｽﾄ,000001,新木場ﾘｻｲｸﾙ工場,000294,北斗JAPAN,000237,北斗JAPAN,1,紙,,000006,川部
2025/01/22(水),2025/01/22(水),2025/01/22(水),000302,ﾖｼﾓﾘ,1,売上,000003,混合廃棄物C,"2,920","2,920",03,kg,58,"169,360",37657,000001,A（事業）,001,処分費,08:51,08:55,000001,ﾖｼﾓﾘ扇ﾘｻｲｸﾙｾﾝﾀｰ,000001,ｵﾈｽﾄ,000001,新木場ﾘｻｲｸﾙ工場,000302,ﾖｼﾓﾘ,000244,ﾖｼﾓﾘ,1,紙,,000002,渡辺
2025/01/22(水),2025/01/22(水),2025/01/22(水),000312,野口興業,1,売上,000001,混合廃棄物A,290,290,03,kg,45,"13,050",37649,000001,A（事業）,001,処分費,07:33,07:41,000000,野口興業,000001,ｵﾈｽﾄ,000001,新木場ﾘｻｲｸﾙ工場,000312,野口興業,000253,野口興業,1,紙,,000002,渡辺
2025/01/22(水),2025/01/22(水),2025/01/22(水),000312,野口興業,1,売上,000001,混合廃棄物A,520,520,03,kg,45,"23,400",37648,000001,A（事業）,001,処分費,07:32,07:35,000000,野口興業,000001,ｵﾈｽﾄ,000001,新木場ﾘｻｲｸﾙ工場,000312,野口興業,000253,野口興業,1,紙,,000002,渡辺
2025/01/22(水),2025/01/22(水),2025/01/22(水),000326,ｱﾍﾞﾏｷ,1,売上,000002,混合廃棄物B,500,500,03,kg,70,"35,000",37740,000004,D（建設）,001,処分費,15:41,15:45,000044,博進　神明町倉庫,000001,ｵﾈｽﾄ,000001,新木場ﾘｻｲｸﾙ工場,000326,ｱﾍﾞﾏｷ,000263,ｱﾍﾞﾏｷ,1,紙,,000002,渡辺
2025/01/22(水),2025/01/22(水),2025/01/22(水),000327,諏訪運送店,1,売上,000001,混合廃棄物A,"1,040","1,040",03,kg,65,"67,600",37711,000002,B,001,処分費,14:00,14:00,000000,諏訪運送店,000001,ｵﾈｽﾄ,000001,新木場ﾘｻｲｸﾙ工場,000327,諏訪運送店,000264,諏訪運送店,1,紙,,000007,小林
2025/01/22(水),2025/01/22(水),2025/01/22(水),000477,企業組合 あうん,1,売上,000004,混合廃棄物(焼却物),160,160,03,kg,75,"12,000",37748,000002,B（残置）,001,処分費,16:03,16:03,000000,企業組合 あうん,000001,ｵﾈｽﾄ,000001,新木場ﾘｻｲｸﾙ工場,000477,企業組合 あうん,000362,企業組合 あうん,1,紙,,000007,小林
2025/01/22(水),2025/01/22(水),2025/01/22(水),000477,企業組合 あうん,1,売上,000492,混合廃棄物（羽毛物）,10,10,03,kg,250,"2,500",37748,000002,B（残置）,001,処分費,16:03,16:03,000000,企業組合 あうん,000001,ｵﾈｽﾄ,000001,新木場ﾘｻｲｸﾙ工場,000477,企業組合 あうん,000362,企業組合 あうん,1,紙,,000007,小林
2025/01/22(水),2025/01/22(水),2025/01/22(水),000607,ﾌｧｲﾌﾞｱｰﾙ,1,売上,000001,混合廃棄物A,770,770,03,kg,65,"50,050",37744,000002,B（残置）,001,処分費,15:42,15:52,000000,ﾌｧｲﾌﾞｱｰﾙ,000001,ｵﾈｽﾄ,000001,新木場ﾘｻｲｸﾙ工場,000607,ﾌｧｲﾌﾞｱｰﾙ,001261,ﾌｧｲﾌﾞｱｰﾙ,1,紙,,000005,今村（紀）
2025/01/22(水),2025/01/22(水),2025/01/22(水),000691,Re建装,1,売上,000001,混合廃棄物A,180,180,03,kg,65,"11,700",37662,000003,C（解体）,001,処分費,09:39,09:39,000000,Re建装,000001,ｵﾈｽﾄ,000001,新木場ﾘｻｲｸﾙ工場,000691,Re建装,001275,Re建装,1,紙,,000007,小林
2025/01/22(水),2025/01/22(水),2025/01/22(水),000736,(ｻﾝﾃｸﾉ)ｲﾝ･ｻﾎﾟｰﾄ,1,売上,000002,混合廃棄物B,"1,230","1,230",03,kg,63,"77,490",37638,000006,F（他）,001,処分費,06:06,06:06,000000,(ｻﾝﾃｸﾉ)ｲﾝ･ｻﾎﾟｰﾄ,000001,ｵﾈｽﾄ,000001,新木場ﾘｻｲｸﾙ工場,001748,(ｻﾝﾃｸﾉ)ｽﾀｰﾀﾞｽﾄ社,001022,ｻﾝ･ﾃｸﾉ,1,紙,,000012,サン・テクノ
2025/01/22(水),2025/01/22(水),2025/01/22(水),000923,港区教育委員会事務局　学校教育部,1,売上,000014,混合廃棄物,320,320,03,kg,45,"14,400",37672,000006,F（他）,001,処分費,10:24,10:25,000004,芝浦小学校,000001,ｵﾈｽﾄ,000001,新木場ﾘｻｲｸﾙ工場,000001,ｵﾈｽﾄ,001311,港区教育委員会事務局　学校教育部,1,紙,,000007,小林
2025/01/22(水),2025/01/22(水),2025/01/22(水),000923,港区教育委員会事務局　学校教育部,1,売上,000014,混合廃棄物,350,350,03,kg,45,"15,750",37666,000006,F（他）,001,処分費,09:58,09:59,000002,芝小学校,000001,ｵﾈｽﾄ,000001,新木場ﾘｻｲｸﾙ工場,000001,ｵﾈｽﾄ,001311,港区教育委員会事務局　学校教育部,1,紙,,000007,小林
2025/01/22(水),2025/01/22(水),2025/01/22(水),000955,CRASHIP,1,売上,000002,混合廃棄物B,290,290,03,kg,70,"20,300",37760,000003,C（解体）,001,処分費,16:45,16:45,000003,ｱﾄﾞﾊﾞﾝｽﾋﾞﾙ3F退去修繕工事,000001,ｵﾈｽﾄ,000001,新木場ﾘｻｲｸﾙ工場,000362,ﾐﾔ産興,000290,ﾐﾔ産興,1,紙,,000004,山本
2025/01/22(水),2025/01/22(水),2025/01/22(水),001147,ﾚｸﾄ,1,売上,000001,混合廃棄物A,400,400,03,kg,63,"25,200",37651,000002,B（残置）,001,処分費,07:58,08:02,000006,残置物撤去工事(杉並区),000001,ｵﾈｽﾄ,000001,新木場ﾘｻｲｸﾙ工場,004039,(ｵﾈﾜﾝ)ﾄｯﾌﾟﾘﾕｰｽ,001021,ｵﾈｽﾄ･ﾜﾝ,1,紙,,000011,オネスト・ワン
2025/01/22(水),2025/01/22(水),2025/01/22(水),001226,ｱｰﾙﾂｰ,1,売上,000001,混合廃棄物A,240,240,03,kg,65,"15,600",37719,000002,B（残置）,001,処分費,14:46,14:46,000000,ｱｰﾙﾂｰ,000001,ｵﾈｽﾄ,000001,新木場ﾘｻｲｸﾙ工場,001226,ｱｰﾙﾂｰ,000950,ｱｰﾙﾂｰ,1,紙,,000006,川部
2025/01/22(水),2025/01/22(水),2025/01/22(水),001226,ｱｰﾙﾂｰ,1,売上,000001,混合廃棄物A,270,270,03,kg,65,"17,550",37773,000002,B（残置）,001,処分費,17:59,18:03,000000,ｱｰﾙﾂｰ,000001,ｵﾈｽﾄ,000001,新木場ﾘｻｲｸﾙ工場,001226,ｱｰﾙﾂｰ,000950,ｱｰﾙﾂｰ,1,紙,,000006,川部
2025/01/22(水),2025/01/22(水),2025/01/22(水),001230,ﾊﾘｰｽﾞﾀﾞｲﾅﾐｯｸｽ,1,売上,000001,混合廃棄物A,30,30,03,kg,65,"1,950",37751,000002,B（残置）,001,処分費,16:21,16:28,000001,ﾊﾘｰｽﾞ畑倉庫,000001,ｵﾈｽﾄ,000001,新木場ﾘｻｲｸﾙ工場,001230,ﾊﾘｰｽﾞﾀﾞｲﾅﾐｯｸｽ,00954X,【売掛】ﾊﾘｰｽﾞﾀﾞｲﾅﾐｯｸｽ,1,紙,,000007,小林
2025/01/22(水),2025/01/22(水),2025/01/22(水),001230,ﾊﾘｰｽﾞﾀﾞｲﾅﾐｯｸｽ,1,売上,000013,混合廃棄物(ｿﾌｧｰ),270,270,03,kg,100,"27,000",37751,000002,B（残置）,001,処分費,16:21,16:28,000001,ﾊﾘｰｽﾞ畑倉庫,000001,ｵﾈｽﾄ,000001,新木場ﾘｻｲｸﾙ工場,001230,ﾊﾘｰｽﾞﾀﾞｲﾅﾐｯｸｽ,00954X,【売掛】ﾊﾘｰｽﾞﾀﾞｲﾅﾐｯｸｽ,1,紙,,000007,小林
2025/01/22(水),2025/01/22(水),2025/01/22(水),001230,ﾊﾘｰｽﾞﾀﾞｲﾅﾐｯｸｽ,1,売上,000036,ﾏｯﾄﾚｽ(ｼﾝｸﾞﾙ),20,2,11,枚,"6,000","12,000",37751,000002,B（残置）,001,処分費,16:21,16:28,000001,ﾊﾘｰｽﾞ畑倉庫,000001,ｵﾈｽﾄ,000001,新木場ﾘｻｲｸﾙ工場,001230,ﾊﾘｰｽﾞﾀﾞｲﾅﾐｯｸｽ,00954X,【売掛】ﾊﾘｰｽﾞﾀﾞｲﾅﾐｯｸｽ,1,紙,,000007,小林
2025/01/22(水),2025/01/22(水),2025/01/22(水),001230,ﾊﾘｰｽﾞﾀﾞｲﾅﾐｯｸｽ,1,売上,000102,ﾏﾆﾌｪｽﾄ,,20,11,枚,50,"1,000",37751,000002,B（残置）,001,処分費,16:21,16:28,000001,ﾊﾘｰｽﾞ畑倉庫,000001,ｵﾈｽﾄ,000001,新木場ﾘｻｲｸﾙ工場,001230,ﾊﾘｰｽﾞﾀﾞｲﾅﾐｯｸｽ,00954X,【売掛】ﾊﾘｰｽﾞﾀﾞｲﾅﾐｯｸｽ,1,紙,,000007,小林
2025/01/22(水),2025/01/22(水),2025/01/22(水),001230,ﾊﾘｰｽﾞﾀﾞｲﾅﾐｯｸｽ,1,売上,000492,混合廃棄物（羽毛物）,40,40,03,kg,250,"10,000",37751,000002,B（残置）,001,処分費,16:21,16:28,000001,ﾊﾘｰｽﾞ畑倉庫,000001,ｵﾈｽﾄ,000001,新木場ﾘｻｲｸﾙ工場,001230,ﾊﾘｰｽﾞﾀﾞｲﾅﾐｯｸｽ,00954X,【売掛】ﾊﾘｰｽﾞﾀﾞｲﾅﾐｯｸｽ,1,紙,,000007,小林
2025/01/22(水),2025/01/22(水),2025/01/22(水),001242,信栄実業,1,売上,000001,混合廃棄物A,"1,240","1,240",03,kg,65,"80,600",37699,000004,D（建設）,001,処分費,12:02,12:06,000001,信栄実業,000001,ｵﾈｽﾄ,000001,新木場ﾘｻｲｸﾙ工場,000001,ｵﾈｽﾄ,000963,信栄実業,1,紙,,000002,渡辺
2025/01/22(水),2025/01/22(水),2025/01/22(水),001242,信栄実業,1,売上,000109,運搬費,,1,07,台,"21,000","21,000",37699,000004,D（建設）,002,運搬費,12:02,12:06,000001,信栄実業,000001,ｵﾈｽﾄ,000001,新木場ﾘｻｲｸﾙ工場,000001,ｵﾈｽﾄ,000963,信栄実業,1,紙,,000002,渡辺
2025/01/22(水),2025/01/22(水),2025/01/22(水),001244,銀座急送,1,売上,000001,混合廃棄物A,880,880,03,kg,65,"57,200",37707,000002,B（残置）,001,処分費,13:19,13:32,000001,銀座急送㈱辰巳DS,000001,ｵﾈｽﾄ,000001,新木場ﾘｻｲｸﾙ工場,001244,銀座急送,000965,銀座急送,1,紙,,000002,渡辺
2025/01/22(水),2025/01/22(水),2025/01/22(水),001244,銀座急送,1,売上,000030,選別,100,100,03,kg,70,"7,000",37742,000002,B（残置）,001,処分費,15:33,15:33,000001,銀座急送㈱辰巳DS,000001,ｵﾈｽﾄ,000001,新木場ﾘｻｲｸﾙ工場,001244,銀座急送,000965,銀座急送,1,紙,,000002,渡辺
2025/01/22(水),2025/01/22(水),2025/01/22(水),001244,銀座急送,2,支払,000068,GC 軽鉄･ｽﾁｰﾙ類,490,490,03,kg,15.5,"7,595",37742,000002,B（残置）,003,有価物,15:33,15:33,000001,銀座急送㈱辰巳DS,000001,ｵﾈｽﾄ,000001,新木場ﾘｻｲｸﾙ工場,001244,銀座急送,000965,銀座急送,1,紙,,000002,渡辺
2025/01/22(水),2025/01/22(水),2025/01/22(水),001318,丸伍産業,1,売上,000001,混合廃棄物A,400,400,03,kg,70,"28,000",37738,000004,D（建設）,001,処分費,15:35,15:35,000030,石崎邸附帯撤去工事,000001,ｵﾈｽﾄ,000001,新木場ﾘｻｲｸﾙ工場,001318,丸伍産業,001030,丸伍産業,1,紙,,000012,サン・テクノ
2025/01/22(水),2025/01/22(水),2025/01/22(水),001395,昭和女子大学,1,売上,000001,混合廃棄物A,160,160,03,kg,65,"10,400",37709,000001,A（事業）,001,処分費,13:22,13:22,000000,昭和女子大学,000001,ｵﾈｽﾄ,000001,新木場ﾘｻｲｸﾙ工場,000019,ﾀｹｴｲ,000016,ﾀｹｴｲ,1,紙,,000007,小林
2025/01/22(水),2025/01/22(水),2025/01/22(水),001438,(ｻﾝﾃｸﾉ)三興運輸(葛飾区),1,売上,000001,混合廃棄物A,530,530,03,kg,58,"30,740",37704,000006,F（他）,001,処分費,12:55,12:55,000000,(ｻﾝﾃｸﾉ)三興運輸(葛飾区),000001,ｵﾈｽﾄ,000001,新木場ﾘｻｲｸﾙ工場,001438,(ｻﾝﾃｸﾉ)三興運輸(葛飾区),001022,ｻﾝ･ﾃｸﾉ,1,紙,,000012,サン・テクノ
2025/01/22(水),2025/01/22(水),2025/01/22(水),001438,(ｻﾝﾃｸﾉ)三興運輸(葛飾区),1,売上,000004,混合廃棄物(焼却物),100,100,03,kg,68,"6,800",37704,000006,F（他）,001,処分費,12:55,12:55,000000,(ｻﾝﾃｸﾉ)三興運輸(葛飾区),000001,ｵﾈｽﾄ,000001,新木場ﾘｻｲｸﾙ工場,001438,(ｻﾝﾃｸﾉ)三興運輸(葛飾区),001022,ｻﾝ･ﾃｸﾉ,1,紙,,000012,サン・テクノ
2025/01/22(水),2025/01/22(水),2025/01/22(水),001455,東洋ﾋﾞﾙｻｰﾋﾞｽ,1,売上,000001,混合廃棄物A,460,460,03,kg,65,"29,900",37716,000001,A（事業）,001,処分費,14:20,14:26,000001,東洋大学白山ｷｬﾝﾊﾟｽ,000001,ｵﾈｽﾄ,000001,新木場ﾘｻｲｸﾙ工場,001454,谷津商会,000247,谷津商会,1,紙,,000002,渡辺
2025/01/22(水),2025/01/22(水),2025/01/22(水),001455,東洋ﾋﾞﾙｻｰﾋﾞｽ,1,売上,000030,選別,120,120,03,kg,70,"8,400",37715,000001,A（事業）,001,処分費,14:04,14:05,000001,東洋大学白山ｷｬﾝﾊﾟｽ,000001,ｵﾈｽﾄ,000001,新木場ﾘｻｲｸﾙ工場,001454,谷津商会,000247,谷津商会,1,紙,,000002,渡辺
2025/01/22(水),2025/01/22(水),2025/01/22(水),001455,東洋ﾋﾞﾙｻｰﾋﾞｽ,2,支払,000068,GC 軽鉄･ｽﾁｰﾙ類,170,170,03,kg,15.5,"2,635",37715,000001,A（事業）,003,有価物,14:04,14:05,000001,東洋大学白山ｷｬﾝﾊﾟｽ,000001,ｵﾈｽﾄ,000001,新木場ﾘｻｲｸﾙ工場,001454,谷津商会,000247,谷津商会,1,紙,,000002,渡辺
2025/01/22(水),2025/01/22(水),2025/01/22(水),001500,ｽﾀｰｾﾞﾝﾛｼﾞｽﾃｨｸｽ,1,売上,000001,混合廃棄物A,810,810,03,kg,54,"43,740",37682,000001,A（事業）,001,処分費,11:06,11:06,000000,ｽﾀｰｾﾞﾝﾛｼﾞｽﾃｨｸｽ,000001,ｵﾈｽﾄ,000001,新木場ﾘｻｲｸﾙ工場,000028,五十嵐商会,000025,五十嵐商会,1,紙,,000002,渡辺
2025/01/22(水),2025/01/22(水),2025/01/22(水),001517,頌栄女子学院,1,売上,000001,混合廃棄物A,720,720,03,kg,53,"38,160",37655,000001,A（事業）,001,処分費,08:31,08:33,000000,頌栄女子学院,000001,ｵﾈｽﾄ,000001,新木場ﾘｻｲｸﾙ工場,000302,ﾖｼﾓﾘ,000244,ﾖｼﾓﾘ,1,紙,,000002,渡辺
2025/01/22(水),2025/01/22(水),2025/01/22(水),001575,ﾊﾘﾏﾋﾞｽﾃﾑ,1,売上,000001,混合廃棄物A,310,310,03,kg,65,"20,150",37737,000001,A（事業）,001,処分費,14:38,14:38,000001,積水工業,000001,ｵﾈｽﾄ,000001,新木場ﾘｻｲｸﾙ工場,001546,江栄,000013,江栄,1,紙,,000002,渡辺
2025/01/22(水),2025/01/22(水),2025/01/22(水),001654,ﾌﾟﾘ･ﾃｯｸ,1,売上,000001,混合廃棄物A,"2,100","2,100",03,kg,65,"136,500",37644,000001,A（事業）,001,処分費,06:59,07:01,000000,ﾌﾟﾘ･ﾃｯｸ,000001,ｵﾈｽﾄ,000001,新木場ﾘｻｲｸﾙ工場,001248,東日本ﾊｲｳｪｲ,000969,東日本ﾊｲｳｪｲ,1,紙,,000002,渡辺
2025/01/22(水),2025/01/22(水),2025/01/22(水),001892,東洋熱工業,1,売上,000001,混合廃棄物A,30,30,03,kg,58,"1,740",37746,000004,D（建設）,001,処分費,15:40,15:55,000030,サービス部第88期雑工事,000001,ｵﾈｽﾄ,000001,新木場ﾘｻｲｸﾙ工場,000016,泉土木,000014,泉土木,1,紙,,000001,矢作
2025/01/22(水),2025/01/22(水),2025/01/22(水),001892,東洋熱工業,2,支払,000069,GD,180,180,03,kg,14,"2,520",37746,000004,D（建設）,003,有価物,15:40,15:55,000030,サービス部第88期雑工事,000001,ｵﾈｽﾄ,000001,新木場ﾘｻｲｸﾙ工場,000016,泉土木,000014,泉土木,1,紙,,000001,矢作
2025/01/22(水),2025/01/22(水),2025/01/22(水),001947,ﾁｬｺｰﾙ市野,1,売上,000001,混合廃棄物A,770,770,03,kg,53,"40,810",37675,000001,A（事業）,001,処分費,10:33,10:33,000001,渋谷市野ﾋﾞﾙ,000001,ｵﾈｽﾄ,000001,新木場ﾘｻｲｸﾙ工場,000302,ﾖｼﾓﾘ,000244,ﾖｼﾓﾘ,1,紙,,000002,渡辺
2025/01/22(水),2025/01/22(水),2025/01/22(水),001949,大成建設,1,売上,000001,混合廃棄物A,520,520,03,kg,54,"28,080",37652,000001,A（事業）,001,処分費,08:09,08:11,000002,ﾏｰﾄﾞﾚ松田,000001,ｵﾈｽﾄ,000001,新木場ﾘｻｲｸﾙ工場,000028,五十嵐商会,000025,五十嵐商会,1,紙,,000002,渡辺
2025/01/22(水),2025/01/22(水),2025/01/22(水),001966,ｴﾇ･ﾃｨ･ﾃｨ都市開発,1,売上,000030,選別,"1,600","1,600",03,kg,65,"104,000",37718,000001,A（事業）,001,処分費,14:11,14:12,000005,ｼｰﾊﾞﾝｽN館,000001,ｵﾈｽﾄ,000001,新木場ﾘｻｲｸﾙ工場,000028,五十嵐商会,000025,五十嵐商会,1,紙,,000002,渡辺
2025/01/22(水),2025/01/22(水),2025/01/22(水),001966,ｴﾇ･ﾃｨ･ﾃｨ都市開発,1,売上,000054,ﾊﾞｯﾃﾘｰ,10,4,06,個,"1,500","6,000",37718,000001,A（事業）,001,処分費,14:11,14:12,000005,ｼｰﾊﾞﾝｽN館,000001,ｵﾈｽﾄ,000001,新木場ﾘｻｲｸﾙ工場,000028,五十嵐商会,000025,五十嵐商会,1,紙,,000002,渡辺
2025/01/22(水),2025/01/22(水),2025/01/22(水),001967,ｶｰﾗｲﾌ･ﾗﾎﾞ,1,売上,000001,混合廃棄物A,"1,250","1,250",03,kg,54,"67,500",37665,000001,A（事業）,001,処分費,10:03,10:03,000001,ｶｰﾘﾝｸ練馬北町店,000001,ｵﾈｽﾄ,000001,新木場ﾘｻｲｸﾙ工場,000028,五十嵐商会,000025,五十嵐商会,1,紙,,000002,渡辺
2025/01/22(水),2025/01/22(水),2025/01/22(水),002061,日本科学技術振興財団,1,売上,000026,石膏ﾎﾞｰﾄﾞC,"1,010","1,010",03,kg,80,"80,800",37695,000001,A（事業）,001,処分費,12:01,12:05,000000,日本科学技術振興財団,000001,ｵﾈｽﾄ,000001,新木場ﾘｻｲｸﾙ工場,000053,小早川運輸,000045,小早川運輸,1,紙,,000002,渡辺
2025/01/22(水),2025/01/22(水),2025/01/22(水),002091,ﾀｶｾ,1,売上,000001,混合廃棄物A,420,420,03,kg,60,"25,200",37725,000001,A（事業）,001,処分費,14:54,14:54,000001,ﾀｶｾ東京港営業所,000001,ｵﾈｽﾄ,000001,新木場ﾘｻｲｸﾙ工場,001856,SUN-K,000261,SUNｰK,1,紙,,000006,川部
2025/01/22(水),2025/01/22(水),2025/01/22(水),002196,丸山工務店,1,売上,000001,混合廃棄物A,320,320,03,kg,65,"20,800",37669,000004,D（建設）,001,処分費,09:59,10:01,000001,丸山工務店,000001,ｵﾈｽﾄ,000001,新木場ﾘｻｲｸﾙ工場,000154,京葉興業,000123,京葉興業,1,紙,,000004,山本
2025/01/22(水),2025/01/22(水),2025/01/22(水),002202,宮坂運送,1,売上,000001,混合廃棄物A,310,310,03,kg,65,"20,150",37685,000002,B（残置）,001,処分費,11:05,11:08,000003,宮坂運送（東葛西）,000001,ｵﾈｽﾄ,000001,新木場ﾘｻｲｸﾙ工場,002202,宮坂運送,000268,宮坂運送,1,紙,,000004,山本
2025/01/22(水),2025/01/22(水),2025/01/22(水),002264,益青,1,売上,000001,混合廃棄物A,100,100,03,kg,60,"6,000",37731,000002,B（残置）,001,処分費,15:16,15:16,000000,益青,000001,ｵﾈｽﾄ,000001,新木場ﾘｻｲｸﾙ工場,001772,三洋ｴｸｽﾌﾟﾚｽ,000228,三洋ｴｸｽﾌﾟﾚｽ,1,紙,,000002,渡辺
2025/01/22(水),2025/01/22(水),2025/01/22(水),002294,中村展設,1,売上,000001,混合廃棄物A,260,260,03,kg,60,"15,600",37659,000002,B（残置）,001,処分費,09:10,09:13,000019,中村展設（港区白金）,000001,ｵﾈｽﾄ,000001,新木場ﾘｻｲｸﾙ工場,001772,三洋ｴｸｽﾌﾟﾚｽ,000228,三洋ｴｸｽﾌﾟﾚｽ,1,紙,,000002,渡辺
2025/01/22(水),2025/01/22(水),2025/01/22(水),002332,太平ｴﾝｼﾞﾆｱﾘﾝｸﾞ,1,売上,000001,混合廃棄物A,30,30,03,kg,65,"1,950",37761,000004,D（建設）,001,処分費,16:11,16:12,000000,太平ｴﾝｼﾞﾆｱﾘﾝｸﾞ,000001,ｵﾈｽﾄ,000001,新木場ﾘｻｲｸﾙ工場,000361,全公研,000289,全公研,1,紙,,000004,山本
2025/01/22(水),2025/01/22(水),2025/01/22(水),002361,ﾔﾏﾀﾞﾃﾞﾝｷ,1,売上,000002,混合廃棄物B,510,510,03,kg,70,"35,700",37654,000004,D（建設）,001,処分費,08:17,08:19,000007,ﾃｯｸﾗﾝﾄﾞ足立店,000001,ｵﾈｽﾄ,000001,新木場ﾘｻｲｸﾙ工場,000229,ｱｽﾏ･ｸﾘｰﾝ,000191,ｱｽﾏ･ｸﾘｰﾝ,1,紙,,000002,渡辺
2025/01/22(水),2025/01/22(水),2025/01/22(水),002391,ﾕﾆｵﾝｻｰﾋﾞｽ,1,売上,000002,混合廃棄物B,570,570,03,kg,70,"39,900",37693,000004,D（建設）,001,処分費,11:50,11:50,000000,ﾕﾆｵﾝｻｰﾋﾞｽ,000001,ｵﾈｽﾄ,000001,新木場ﾘｻｲｸﾙ工場,000239,石橋商店,000197,石橋商店,1,紙,,000004,山本
2025/01/22(水),2025/01/22(水),2025/01/22(水),002977,ﾕﾀｶ設備工業,1,売上,000001,混合廃棄物A,330,330,03,kg,58,"19,140",37762,000004,D（建設）,001,処分費,16:46,16:53,000003,高南保育園改築に伴う冷暖房換気設備工事,000001,ｵﾈｽﾄ,000001,新木場ﾘｻｲｸﾙ工場,000016,泉土木,000014,泉土木,1,紙,,000001,矢作
2025/01/22(水),2025/01/22(水),2025/01/22(水),002977,ﾕﾀｶ設備工業,1,売上,000046,ﾀﾞﾝﾎﾞｰﾙ,20,20,03,kg,0,0,37762,000004,D（建設）,001,処分費,16:46,16:53,000003,高南保育園改築に伴う冷暖房換気設備工事,000001,ｵﾈｽﾄ,000001,新木場ﾘｻｲｸﾙ工場,000016,泉土木,000014,泉土木,1,紙,,000001,矢作
2025/01/22(水),2025/01/22(水),2025/01/22(水),003023,竹中工務店東京本店安全環境部,2,支払,000068,GC 軽鉄･ｽﾁｰﾙ類,"3,280","3,280",03,kg,24.5,"80,360",37643,000004,D（建設）,003,有価物,06:45,06:45,000043,北青山吉川ビルエレベーター更新,000001,ｵﾈｽﾄ,000001,新木場ﾘｻｲｸﾙ工場,000016,泉土木,000014,泉土木,1,紙,,000001,矢作
2025/01/22(水),2025/01/22(水),2025/01/22(水),003122,三井不動産ﾎﾃﾙﾏﾈｼﾞﾒﾝﾄ,1,売上,000001,混合廃棄物A,"1,050","1,050",03,kg,54,"56,700",37670,000001,A（事業）,001,処分費,10:12,10:12,000001,三井ｶﾞｰﾃﾞﾝﾎﾃﾙ大手町,000001,ｵﾈｽﾄ,000001,新木場ﾘｻｲｸﾙ工場,000028,五十嵐商会,000025,五十嵐商会,1,紙,,000002,渡辺
2025/01/22(水),2025/01/22(水),2025/01/22(水),003147,中央建物,1,売上,000001,混合廃棄物A,140,140,03,kg,54,"7,560",37676,000001,A（事業）,001,処分費,10:40,10:40,000001,大倉本館,000001,ｵﾈｽﾄ,000001,新木場ﾘｻｲｸﾙ工場,000028,五十嵐商会,000025,五十嵐商会,1,紙,,000002,渡辺
2025/01/22(水),2025/01/22(水),2025/01/22(水),003188,五の橋ﾀﾜｰｸﾘﾆｯｸ,1,売上,000001,混合廃棄物A,"1,900","1,900",03,kg,65,"123,500",37645,000001,A（事業）,001,処分費,07:06,07:09,000000,五の橋ﾀﾜｰｸﾘﾆｯｸ,000001,ｵﾈｽﾄ,000001,新木場ﾘｻｲｸﾙ工場,000131,ﾏﾂﾓﾄ,000104,ﾏﾂﾓﾄ,1,紙,,000002,渡辺
2025/01/22(水),2025/01/22(水),2025/01/22(水),003370,日本経済新聞社,1,売上,000001,混合廃棄物A,180,180,03,kg,54,"9,720",37691,000001,A（事業）,001,処分費,11:41,11:41,000001,日経虎ノ門別館,000001,ｵﾈｽﾄ,000001,新木場ﾘｻｲｸﾙ工場,000028,五十嵐商会,000025,五十嵐商会,1,紙,,000002,渡辺
2025/01/22(水),2025/01/22(水),2025/01/22(水),003580,大京穴吹建設,2,支払,000068,GC 軽鉄･ｽﾁｰﾙ類,590,590,03,kg,24.5,"14,455",37756,000004,D（建設）,003,有価物,16:01,16:01,000000,大京穴吹建設,000001,ｵﾈｽﾄ,000001,新木場ﾘｻｲｸﾙ工場,000016,泉土木,000014,泉土木,1,紙,,000001,矢作
2025/01/22(水),2025/01/22(水),2025/01/22(水),003863,ｸﾛﾀﾞ,1,売上,000021,軽量物系B(ｸﾞﾗｽｳｰﾙ),790,790,03,kg,80,"63,200",37721,000004,D（建設）,001,処分費,14:45,14:48,000001,ｸﾛﾀﾞ（足立区）,000001,ｵﾈｽﾄ,000001,新木場ﾘｻｲｸﾙ工場,003863,ｸﾛﾀﾞ,000374,ｸﾛﾀﾞ,1,紙,,000002,渡辺
2025/01/22(水),2025/01/22(水),2025/01/22(水),004039,(ｵﾈﾜﾝ)ﾄｯﾌﾟﾘﾕｰｽ,1,売上,000001,混合廃棄物A,330,330,03,kg,63,"20,790",37714,000002,B,001,処分費,14:20,14:24,000000,(ｵﾈﾜﾝ)ﾄｯﾌﾟﾘﾕｰｽ,000001,ｵﾈｽﾄ,000001,新木場ﾘｻｲｸﾙ工場,004039,(ｵﾈﾜﾝ)ﾄｯﾌﾟﾘﾕｰｽ,001021,ｵﾈｽﾄ･ﾜﾝ,1,紙,,000011,オネスト・ワン
2025/01/22(水),2025/01/22(水),2025/01/22(水),004039,(ｵﾈﾜﾝ)ﾄｯﾌﾟﾘﾕｰｽ,1,売上,000013,混合廃棄物(ｿﾌｧｰ),30,30,03,kg,90,"2,700",37714,000002,B,001,処分費,14:20,14:24,000000,(ｵﾈﾜﾝ)ﾄｯﾌﾟﾘﾕｰｽ,000001,ｵﾈｽﾄ,000001,新木場ﾘｻｲｸﾙ工場,004039,(ｵﾈﾜﾝ)ﾄｯﾌﾟﾘﾕｰｽ,001021,ｵﾈｽﾄ･ﾜﾝ,1,紙,,000011,オネスト・ワン
2025/01/22(水),2025/01/22(水),2025/01/22(水),004108,ﾊﾟﾅｿﾆｯｸ産機ｼｽﾃﾑｽﾞ,1,売上,000001,混合廃棄物A,40,40,03,kg,50,"2,000",37733,000004,D（建設）,001,処分費,15:23,15:27,000131,コープ幕張駅北口店,000001,ｵﾈｽﾄ,000001,新木場ﾘｻｲｸﾙ工場,006436,ｻﾜ･ｺｰﾎﾟﾚｰｼｮﾝ,000873,伊藤忠ﾒﾀﾙｽﾞ,1,紙,,000001,矢作
2025/01/22(水),2025/01/22(水),2025/01/22(水),004110,大野工業,1,売上,000002,混合廃棄物B,350,350,03,kg,70,"24,500",37720,000003,C（解体）,001,処分費,14:40,14:43,000016,川崎市中原区小杉御殿町2-161,000001,ｵﾈｽﾄ,000001,新木場ﾘｻｲｸﾙ工場,004110,大野工業,000265,大野工業,1,紙,,000006,川部
2025/01/22(水),2025/01/22(水),2025/01/22(水),004110,大野工業,1,売上,000021,軽量物系B(ｸﾞﾗｽｳｰﾙ),230,230,03,kg,80,"18,400",37720,000003,C（解体）,001,処分費,14:40,14:43,000016,川崎市中原区小杉御殿町2-161,000001,ｵﾈｽﾄ,000001,新木場ﾘｻｲｸﾙ工場,004110,大野工業,000265,大野工業,1,紙,,000006,川部
2025/01/22(水),2025/01/22(水),2025/01/22(水),004595,ﾘｻｲｸﾙﾚｽｷｭｰ,1,売上,000001,混合廃棄物A,490,490,03,kg,70,"34,300",37770,000002,B（残置）,001,処分費,17:48,17:53,000000,ﾘｻｲｸﾙﾚｽｷｭｰ,000001,ｵﾈｽﾄ,000001,新木場ﾘｻｲｸﾙ工場,004595,ﾘｻｲｸﾙﾚｽｷｭｰ,001040,ﾘｻｲｸﾙﾚｽｷｭｰ,1,紙,,000012,サン・テクノ
2025/01/22(水),2025/01/22(水),2025/01/22(水),004595,ﾘｻｲｸﾙﾚｽｷｭｰ,1,売上,000036,ﾏｯﾄﾚｽ(ｼﾝｸﾞﾙ),10,1,11,枚,"6,500","6,500",37770,000002,B（残置）,001,処分費,17:48,17:53,000000,ﾘｻｲｸﾙﾚｽｷｭｰ,000001,ｵﾈｽﾄ,000001,新木場ﾘｻｲｸﾙ工場,004595,ﾘｻｲｸﾙﾚｽｷｭｰ,001040,ﾘｻｲｸﾙﾚｽｷｭｰ,1,紙,,000012,サン・テクノ
2025/01/22(水),2025/01/22(水),2025/01/22(水),004596,ﾀﾏｶﾞﾜ,1,売上,000001,混合廃棄物A,110,110,03,kg,65,"7,150",37743,000004,D（建設）,001,処分費,15:37,15:50,000036,ﾌﾟﾗﾝｳﾞｪｰﾙみずほ台,000001,ｵﾈｽﾄ,000001,新木場ﾘｻｲｸﾙ工場,000351,那須野興業,000280,那須野興業,1,紙,,000004,山本
2025/01/22(水),2025/01/22(水),2025/01/22(水),004596,ﾀﾏｶﾞﾜ,2,支払,000068,GC 軽鉄･ｽﾁｰﾙ類,550,550,03,kg,26.5,"14,575",37743,000004,D（建設）,003,有価物,15:37,15:50,000036,ﾌﾟﾗﾝｳﾞｪｰﾙみずほ台,000001,ｵﾈｽﾄ,000001,新木場ﾘｻｲｸﾙ工場,000351,那須野興業,000280,那須野興業,1,紙,,000004,山本
2025/01/22(水),2025/01/22(水),2025/01/22(水),004766,JR東日本環境ｱｸｾｽ,1,売上,000001,混合廃棄物A,"1,290","1,290",03,kg,55,"70,950",37650,000001,A（事業）,001,処分費,07:57,07:57,000001,東京資源循環ｾﾝﾀｰ,000001,ｵﾈｽﾄ,000001,新木場ﾘｻｲｸﾙ工場,004766,JR東日本環境ｱｸｾｽ,000426,JR東日本環境ｱｸｾｽ,2,電子,,000002,渡辺
2025/01/22(水),2025/01/22(水),2025/01/22(水),004857,ﾀﾐﾔﾎｰﾑ,1,売上,000002,混合廃棄物B,560,560,03,kg,70,"39,200",37774,000003,C（解体）,001,処分費,17:52,17:51,000041,和光市中央解体工事,000001,ｵﾈｽﾄ,000001,新木場ﾘｻｲｸﾙ工場,007123,ﾓﾝﾎﾞﾙﾄﾞ,000462,ﾓﾝﾎﾞﾙﾄﾞ,1,紙,,000007,小林
2025/01/22(水),2025/01/22(水),2025/01/22(水),005166,宏基産業,1,売上,000021,軽量物系B(ｸﾞﾗｽｳｰﾙ),50,50,03,kg,80,"4,000",37757,000003,C（解体）,001,処分費,16:32,16:36,000012,川口市安行原1439-1,000001,ｵﾈｽﾄ,000001,新木場ﾘｻｲｸﾙ工場,005166,宏基産業,000424,宏基産業,1,紙,,000002,渡辺
2025/01/22(水),2025/01/22(水),2025/01/22(水),005884,(ｻﾝﾃｸﾉ)ｻﾝﾄﾗｽﾄ,1,売上,000001,混合廃棄物A,430,430,03,kg,58,"24,940",37663,000006,F（他）,001,処分費,09:48,09:56,000090,鈴木邸,000001,ｵﾈｽﾄ,000001,新木場ﾘｻｲｸﾙ工場,005884,(ｻﾝﾃｸﾉ)ｻﾝﾄﾗｽﾄ,001022,ｻﾝ･ﾃｸﾉ,1,紙,,000012,サン・テクノ
2025/01/22(水),2025/01/22(水),2025/01/22(水),005923,吉田機電東京支店,1,売上,000030,選別,110,110,03,kg,70,"7,700",37726,000004,D（建設）,001,処分費,14:37,14:37,000005,MOLDINO,000001,ｵﾈｽﾄ,000001,新木場ﾘｻｲｸﾙ工場,000001,ｵﾈｽﾄ,000613,吉田機電大阪支店,2,電子,,000006,川部
2025/01/22(水),2025/01/22(水),2025/01/22(水),005923,吉田機電東京支店,1,売上,000109,運搬費,,1,07,台,"39,000","39,000",37726,000004,D（建設）,002,運搬費,14:37,14:37,000005,MOLDINO,000001,ｵﾈｽﾄ,000001,新木場ﾘｻｲｸﾙ工場,000001,ｵﾈｽﾄ,000613,吉田機電大阪支店,2,電子,,000006,川部
2025/01/22(水),2025/01/22(水),2025/01/22(水),006032,ﾍﾞﾙ興産,1,売上,000001,混合廃棄物A,540,540,03,kg,65,"35,100",37713,000003,C（解体）,001,処分費,14:16,14:16,000000,ﾍﾞﾙ興産,000001,ｵﾈｽﾄ,000001,新木場ﾘｻｲｸﾙ工場,006032,ﾍﾞﾙ興産,001146,ﾍﾞﾙ興産,1,紙,,000007,小林
2025/01/22(水),2025/01/22(水),2025/01/22(水),006032,ﾍﾞﾙ興産,1,売上,000029,木くず,130,130,03,kg,35,"4,550",37713,000003,C（解体）,001,処分費,14:16,14:16,000000,ﾍﾞﾙ興産,000001,ｵﾈｽﾄ,000001,新木場ﾘｻｲｸﾙ工場,006032,ﾍﾞﾙ興産,001146,ﾍﾞﾙ興産,1,紙,,000007,小林
2025/01/22(水),2025/01/22(水),2025/01/22(水),006054,舞浜企画（浦安倉庫）,1,売上,000002,混合廃棄物B,180,180,03,kg,70,"12,600",37763,000003,C（解体）,001,処分費,16:47,16:49,000001,市川市福栄4-8-6,000001,ｵﾈｽﾄ,000001,新木場ﾘｻｲｸﾙ工場,005727,富山,000896,富山,1,紙,,000004,山本
2025/01/22(水),2025/01/22(水),2025/01/22(水),006076,TWC,1,売上,000002,混合廃棄物B,130,130,03,kg,65,"8,450",37765,000003,C（解体）,001,処分費,16:52,16:54,000014,解体現場,000001,ｵﾈｽﾄ,000001,新木場ﾘｻｲｸﾙ工場,006076,TWC,000904,TWC,1,紙,,000004,山本
2025/01/22(水),2025/01/22(水),2025/01/22(水),006214,内田工務店,1,売上,000002,混合廃棄物B,700,700,03,kg,70,"49,000",37688,000004,D（建設）,001,処分費,11:32,11:37,000000,内田工務店,000001,ｵﾈｽﾄ,000001,新木場ﾘｻｲｸﾙ工場,001225,ｹｲﾖｰｶﾞｰﾍﾞｯﾁﾞ,000949,ｹｲﾖｰｶﾞｰﾍﾞｯﾁﾞ,1,紙,,000002,渡辺
2025/01/22(水),2025/01/22(水),2025/01/22(水),006214,内田工務店,1,売上,000004,混合廃棄物(焼却物),300,300,03,kg,75,"22,500",37688,000004,D（建設）,001,処分費,11:32,11:37,000000,内田工務店,000001,ｵﾈｽﾄ,000001,新木場ﾘｻｲｸﾙ工場,001225,ｹｲﾖｰｶﾞｰﾍﾞｯﾁﾞ,000949,ｹｲﾖｰｶﾞｰﾍﾞｯﾁﾞ,1,紙,,000002,渡辺
2025/01/22(水),2025/01/22(水),2025/01/22(水),006277,寿建工,1,売上,000021,軽量物系B(ｸﾞﾗｽｳｰﾙ),130,130,03,kg,80,"10,400",37690,000003,C（解体）,001,処分費,11:33,11:39,000016,BXｶﾈｼﾝ様軽量鉄骨三階建解体工事,000001,ｵﾈｽﾄ,000001,新木場ﾘｻｲｸﾙ工場,006277,寿建工,000887,寿建工,1,紙,,000004,山本
2025/01/22(水),2025/01/22(水),2025/01/22(水),006277,寿建工,1,売上,000021,軽量物系B(ｸﾞﾗｽｳｰﾙ),360,360,03,kg,80,"28,800",37653,000003,C（解体）,001,処分費,08:08,08:12,000016,BXｶﾈｼﾝ様軽量鉄骨三階建解体工事,000001,ｵﾈｽﾄ,000001,新木場ﾘｻｲｸﾙ工場,006277,寿建工,000887,寿建工,1,紙,,000004,山本
2025/01/22(水),2025/01/22(水),2025/01/22(水),006448,ﾜｷﾀｹｱﾈｯﾄ,1,売上,000001,混合廃棄物A,290,290,03,kg,65,"18,850",37729,000002,B（残置）,001,処分費,14:59,15:14,000001,ﾆﾁｲｹｱﾈｯﾄ　関東物流ｾﾝﾀｰ,000001,ｵﾈｽﾄ,000001,新木場ﾘｻｲｸﾙ工場,000194,中央梱包運輸,000160,中央梱包運輸,1,紙,,000005,今村（紀）
2025/01/22(水),2025/01/22(水),2025/01/22(水),006448,ﾜｷﾀｹｱﾈｯﾄ,1,売上,000018,軽量物系A(ｽﾎﾟﾝｼﾞ),660,660,03,kg,200,"132,000",37729,000002,B（残置）,001,処分費,14:59,15:14,000001,ﾆﾁｲｹｱﾈｯﾄ　関東物流ｾﾝﾀｰ,000001,ｵﾈｽﾄ,000001,新木場ﾘｻｲｸﾙ工場,000194,中央梱包運輸,000160,中央梱包運輸,1,紙,,000005,今村（紀）
2025/01/22(水),2025/01/22(水),2025/01/22(水),006448,ﾜｷﾀｹｱﾈｯﾄ,1,売上,000030,選別,200,200,03,kg,70,"14,000",37680,000002,B（残置）,001,処分費,11:08,11:08,000001,ﾆﾁｲｹｱﾈｯﾄ　関東物流ｾﾝﾀｰ,000001,ｵﾈｽﾄ,000001,新木場ﾘｻｲｸﾙ工場,000194,中央梱包運輸,000160,中央梱包運輸,1,紙,,000005,今村（紀）
2025/01/22(水),2025/01/22(水),2025/01/22(水),006448,ﾜｷﾀｹｱﾈｯﾄ,1,売上,000030,選別,400,400,03,kg,70,"28,000",37681,000002,B（残置）,001,処分費,11:23,11:24,000001,ﾆﾁｲｹｱﾈｯﾄ　関東物流ｾﾝﾀｰ,000001,ｵﾈｽﾄ,000001,新木場ﾘｻｲｸﾙ工場,000194,中央梱包運輸,000160,中央梱包運輸,1,紙,,000005,今村（紀）
2025/01/22(水),2025/01/22(水),2025/01/22(水),006448,ﾜｷﾀｹｱﾈｯﾄ,1,売上,000030,選別,"1,210","1,210",03,kg,70,"84,700",37727,000002,B（残置）,001,処分費,15:04,15:04,000001,ﾆﾁｲｹｱﾈｯﾄ　関東物流ｾﾝﾀｰ,000001,ｵﾈｽﾄ,000001,新木場ﾘｻｲｸﾙ工場,000194,中央梱包運輸,000160,中央梱包運輸,1,紙,,000005,今村（紀）
2025/01/22(水),2025/01/22(水),2025/01/22(水),006448,ﾜｷﾀｹｱﾈｯﾄ,2,支払,000068,GC 軽鉄･ｽﾁｰﾙ類,290,290,03,kg,15.5,"4,495",37727,000002,B（残置）,003,有価物,15:04,15:04,000001,ﾆﾁｲｹｱﾈｯﾄ　関東物流ｾﾝﾀｰ,000001,ｵﾈｽﾄ,000001,新木場ﾘｻｲｸﾙ工場,000194,中央梱包運輸,000160,中央梱包運輸,1,紙,,000005,今村（紀）
2025/01/22(水),2025/01/22(水),2025/01/22(水),006448,ﾜｷﾀｹｱﾈｯﾄ,2,支払,000068,GC 軽鉄･ｽﾁｰﾙ類,720,720,03,kg,15.5,"11,160",37681,000002,B（残置）,003,有価物,11:23,11:24,000001,ﾆﾁｲｹｱﾈｯﾄ　関東物流ｾﾝﾀｰ,000001,ｵﾈｽﾄ,000001,新木場ﾘｻｲｸﾙ工場,000194,中央梱包運輸,000160,中央梱包運輸,1,紙,,000005,今村（紀）
2025/01/22(水),2025/01/22(水),2025/01/22(水),006448,ﾜｷﾀｹｱﾈｯﾄ,2,支払,000068,GC 軽鉄･ｽﾁｰﾙ類,810,810,03,kg,15.5,"12,555",37680,000002,B（残置）,003,有価物,11:08,11:08,000001,ﾆﾁｲｹｱﾈｯﾄ　関東物流ｾﾝﾀｰ,000001,ｵﾈｽﾄ,000001,新木場ﾘｻｲｸﾙ工場,000194,中央梱包運輸,000160,中央梱包運輸,1,紙,,000005,今村（紀）
2025/01/22(水),2025/01/22(水),2025/01/22(水),006466,青木ｻｰﾋﾞｽ（入沢勝）,1,売上,000001,混合廃棄物A,240,240,03,kg,65,"15,600",37667,000002,B（残置）,001,処分費,10:04,10:04,000038,川口市芝富士2-6,000001,ｵﾈｽﾄ,000001,新木場ﾘｻｲｸﾙ工場,006466,青木ｻｰﾋﾞｽ（入沢勝）,000509,青木ｻｰﾋﾞｽ(入沢勝),1,紙,,000002,渡辺
2025/01/22(水),2025/01/22(水),2025/01/22(水),006509,ﾅｲﾃｯｸｽ,1,売上,000030,選別,350,350,03,kg,70,"24,500",37661,000001,A（事業）,001,処分費,09:43,09:43,000000,ﾅｲﾃｯｸｽ,000001,ｵﾈｽﾄ,000001,新木場ﾘｻｲｸﾙ工場,006509,ﾅｲﾃｯｸｽ,000182,ﾅｲﾃｯｸｽ,1,紙,,000004,山本
2025/01/22(水),2025/01/22(水),2025/01/22(水),006549,ｼﾅﾈﾝﾓﾋﾞﾘﾃｲ＋,1,売上,000001,混合廃棄物A,130,130,03,kg,65,"8,450",37673,000004,D（建設）,001,処分費,10:25,10:57,000001,ｼﾅﾈﾝﾓﾋﾞﾘﾃｨ＋（稲毛）,000001,ｵﾈｽﾄ,000001,新木場ﾘｻｲｸﾙ工場,000001,ｵﾈｽﾄ,000123,京葉興業,1,紙,,000004,山本
2025/01/22(水),2025/01/22(水),2025/01/22(水),006549,ｼﾅﾈﾝﾓﾋﾞﾘﾃｲ＋,1,売上,000030,選別,140,140,03,kg,70,"9,800",37673,000004,D（建設）,001,処分費,10:25,10:57,000001,ｼﾅﾈﾝﾓﾋﾞﾘﾃｨ＋（稲毛）,000001,ｵﾈｽﾄ,000001,新木場ﾘｻｲｸﾙ工場,000001,ｵﾈｽﾄ,000123,京葉興業,1,紙,,000004,山本
2025/01/22(水),2025/01/22(水),2025/01/22(水),006549,ｼﾅﾈﾝﾓﾋﾞﾘﾃｲ＋,1,売上,000349,運搬費(4ｔｺﾝﾃﾅ),,1,07,台,"28,000","28,000",37673,000004,D（建設）,002,運搬費,10:25,10:57,000001,ｼﾅﾈﾝﾓﾋﾞﾘﾃｨ＋（稲毛）,000001,ｵﾈｽﾄ,000001,新木場ﾘｻｲｸﾙ工場,000001,ｵﾈｽﾄ,000123,京葉興業,1,紙,,000004,山本
2025/01/22(水),2025/01/22(水),2025/01/22(水),006569,お世話や,1,売上,000001,混合廃棄物A,590,590,03,kg,60,"35,400",37759,000002,B（残置）,001,処分費,16:32,16:37,000000,お世話や,000001,ｵﾈｽﾄ,000001,新木場ﾘｻｲｸﾙ工場,001656,真和商事,000055,真和商事,1,紙,,000002,渡辺
2025/01/22(水),2025/01/22(水),2025/01/22(水),006586,WIT,1,売上,000001,混合廃棄物A,270,270,03,kg,65,"17,550",37708,000002,B（残置）,001,処分費,13:20,13:28,000009,藤野邸,000001,ｵﾈｽﾄ,000001,新木場ﾘｻｲｸﾙ工場,006586,WIT,001147,WIT,1,紙,,000012,サン・テクノ
2025/01/22(水),2025/01/22(水),2025/01/22(水),006586,WIT,1,売上,000026,石膏ﾎﾞｰﾄﾞC,100,100,03,kg,80,"8,000",37708,000002,B（残置）,001,処分費,13:20,13:28,000009,藤野邸,000001,ｵﾈｽﾄ,000001,新木場ﾘｻｲｸﾙ工場,006586,WIT,001147,WIT,1,紙,,000012,サン・テクノ
2025/01/22(水),2025/01/22(水),2025/01/22(水),006594,ｾｲｺｰﾋﾞﾙｼｽﾃﾑ　,1,売上,000001,混合廃棄物A,780,780,03,kg,60,"46,800",37656,000002,B（残置）,001,処分費,08:37,08:45,000001,渋谷公会堂,000001,ｵﾈｽﾄ,000001,新木場ﾘｻｲｸﾙ工場,001656,真和商事,000055,真和商事,1,紙,,000002,渡辺
2025/01/22(水),2025/01/22(水),2025/01/22(水),006594,ｾｲｺｰﾋﾞﾙｼｽﾃﾑ　,1,売上,000093,混合廃棄物(ﾋﾞﾝ･缶･ﾍﾟｯﾄﾎﾞﾄﾙ),190,190,03,kg,45,"8,550",37656,000002,B（残置）,001,処分費,08:37,08:45,000001,渋谷公会堂,000001,ｵﾈｽﾄ,000001,新木場ﾘｻｲｸﾙ工場,001656,真和商事,000055,真和商事,1,紙,,000002,渡辺
2025/01/22(水),2025/01/22(水),2025/01/22(水),007327,ﾌﾞﾙｰｲﾝﾃｸﾞ,1,売上,000016,軽量物系A(発泡ｽﾁﾛｰﾙ),50,50,03,kg,200,"10,000",37734,000004,D（建設）,001,処分費,15:29,15:29,000001,北方町資材置場,000001,ｵﾈｽﾄ,000001,新木場ﾘｻｲｸﾙ工場,000305,ｹｲｴｲﾁ･ﾘｻｲｸﾙ,000246,ｹｲｴｲﾁ･ﾘｻｲｸﾙ,1,紙,,000006,川部
2025/01/22(水),2025/01/22(水),2025/01/22(水),007342,ｵｰﾌﾟﾝﾊｳｽ･ﾃﾞｨﾍﾞﾛｯﾌﾟﾒﾝﾄ,1,売上,000002,混合廃棄物B,370,370,03,kg,70,"25,900",37710,000004,D（建設）,001,処分費,13:34,13:34,000000,ｵｰﾌﾟﾝﾊｳｽ･ﾃﾞｨﾍﾞﾛｯﾌﾟﾒﾝﾄ,000001,ｵﾈｽﾄ,000001,新木場ﾘｻｲｸﾙ工場,000210,ES産業,000175,ES産業,2,電子,,000002,渡辺
2025/01/22(水),2025/01/22(水),2025/01/22(水),007342,ｵｰﾌﾟﾝﾊｳｽ･ﾃﾞｨﾍﾞﾛｯﾌﾟﾒﾝﾄ,1,売上,000021,軽量物系B(ｸﾞﾗｽｳｰﾙ),370,370,03,kg,80,"29,600",37710,000004,D（建設）,001,処分費,13:34,13:34,000000,ｵｰﾌﾟﾝﾊｳｽ･ﾃﾞｨﾍﾞﾛｯﾌﾟﾒﾝﾄ,000001,ｵﾈｽﾄ,000001,新木場ﾘｻｲｸﾙ工場,000210,ES産業,000175,ES産業,2,電子,,000002,渡辺
2025/01/22(水),2025/01/22(水),2025/01/22(水),007426,富士電機,1,売上,000001,混合廃棄物A,320,320,03,kg,65,"20,800",37686,000004,D（建設）,001,処分費,11:22,11:29,000003,調布航空宇宙センター本所特高受変電設備更,000001,ｵﾈｽﾄ,000001,新木場ﾘｻｲｸﾙ工場,001051,Y-maxx,000808,Y-maxx,2,電子,,000004,山本
2025/01/22(水),2025/01/22(水),2025/01/22(水),007444,日本ｺﾑｼｽ,1,売上,000001,混合廃棄物A,"1,490","1,490",03,kg,60,"89,400",37749,000004,D（建設）,001,処分費,16:10,16:13,000003,電気通信設備総合工事,000001,ｵﾈｽﾄ,000001,新木場ﾘｻｲｸﾙ工場,003444,上野運輸,000271,上野運輸,1,紙,,000004,山本
2025/01/22(水),2025/01/22(水),2025/01/22(水),007447,日本ｴﾚﾍﾞｰﾀｰ製造,2,支払,000068,GC 軽鉄･ｽﾁｰﾙ類,380,380,03,kg,24.5,"9,310",37730,000004,D（建設）,003,有価物,14:50,14:51,000000,日本ｴﾚﾍﾞｰﾀｰ製造,000001,ｵﾈｽﾄ,000001,新木場ﾘｻｲｸﾙ工場,000016,泉土木,000014,泉土木,1,紙,,000001,矢作
2025/01/22(水),2025/01/22(水),2025/01/22(水),007568,ﾗｲﾌｻｰﾋﾞｽｼﾞｬﾊﾟﾝ,1,売上,000001,混合廃棄物A,480,480,03,kg,65,"31,200",37769,000002,B（残置）,001,処分費,17:34,17:41,000000,ﾗｲﾌｻｰﾋﾞｽｼﾞｬﾊﾟﾝ,000001,ｵﾈｽﾄ,000001,新木場ﾘｻｲｸﾙ工場,007568,ﾗｲﾌｻｰﾋﾞｽｼﾞｬﾊﾟﾝ,001107,ﾗｲﾌｻｰﾋﾞｽｼﾞｬﾊﾟﾝ,1,紙,,000012,サン・テクノ
2025/01/22(水),2025/01/22(水),2025/01/22(水),007592,ﾑｻｼﾉ工業,1,売上,000001,混合廃棄物A,"1,370","1,370",03,kg,60,"82,200",37700,000001,A（事業）,001,処分費,12:19,12:21,000000,ﾑｻｼﾉ工業,000001,ｵﾈｽﾄ,000001,新木場ﾘｻｲｸﾙ工場,006364,ｼｪﾉﾝﾋﾞｰ,000125,ｴｽｼﾞｰ,1,紙,,000004,山本
2025/01/22(水),2025/01/22(水),2025/01/22(水),007764,ﾊﾟﾅｿﾆｯｸﾎｰﾑｽﾞ不動産,1,売上,000001,混合廃棄物A,,1.5,02,m3,"12,000","18,000",37705,000002,B（残置）,001,処分費,13:03,13:06,000003,【埼玉】ﾊﾟﾅｿﾆｯｸﾎｰﾑｽﾞ埼玉支社倉庫内,000001,ｵﾈｽﾄ,000001,新木場ﾘｻｲｸﾙ工場,000001,ｵﾈｽﾄ,000227,ﾊﾟﾅｿﾆｯｸﾎｰﾑｽﾞ不動産,2,電子,,000004,山本
2025/01/22(水),2025/01/22(水),2025/01/22(水),007764,ﾊﾟﾅｿﾆｯｸﾎｰﾑｽﾞ不動産,1,売上,000001,混合廃棄物A,580,1.5,02,m3,"12,000","18,000",37764,000002,B（残置）,001,処分費,17:10,17:10,000005,【茨城】(つくば)スマイルサポート駐車場内,000001,ｵﾈｽﾄ,000001,新木場ﾘｻｲｸﾙ工場,000001,ｵﾈｽﾄ,000227,ﾊﾟﾅｿﾆｯｸﾎｰﾑｽﾞ不動産,2,電子,,000004,山本
2025/01/22(水),2025/01/22(水),2025/01/22(水),007764,ﾊﾟﾅｿﾆｯｸﾎｰﾑｽﾞ不動産,1,売上,000006,混合廃棄物(壁紙・ｸﾛｽ),660,5,02,m3,"12,000","60,000",37705,000002,B（残置）,001,処分費,13:03,13:06,000003,【埼玉】ﾊﾟﾅｿﾆｯｸﾎｰﾑｽﾞ埼玉支社倉庫内,000001,ｵﾈｽﾄ,000001,新木場ﾘｻｲｸﾙ工場,000001,ｵﾈｽﾄ,000227,ﾊﾟﾅｿﾆｯｸﾎｰﾑｽﾞ不動産,2,電子,,000004,山本
2025/01/22(水),2025/01/22(水),2025/01/22(水),007764,ﾊﾟﾅｿﾆｯｸﾎｰﾑｽﾞ不動産,1,売上,000109,運搬費,,1,07,台,"29,000","29,000",37764,000002,B（残置）,002,運搬費,17:10,17:10,000005,【茨城】(つくば)スマイルサポート駐車場内,000001,ｵﾈｽﾄ,000001,新木場ﾘｻｲｸﾙ工場,000001,ｵﾈｽﾄ,000227,ﾊﾟﾅｿﾆｯｸﾎｰﾑｽﾞ不動産,2,電子,,000004,山本
2025/01/22(水),2025/01/22(水),2025/01/22(水),007764,ﾊﾟﾅｿﾆｯｸﾎｰﾑｽﾞ不動産,1,売上,000353,運搬費(3ｔｺﾝﾃﾅ車),,1,07,台,"26,000","26,000",37705,000002,B（残置）,002,運搬費,13:03,13:06,000003,【埼玉】ﾊﾟﾅｿﾆｯｸﾎｰﾑｽﾞ埼玉支社倉庫内,000001,ｵﾈｽﾄ,000001,新木場ﾘｻｲｸﾙ工場,000001,ｵﾈｽﾄ,000227,ﾊﾟﾅｿﾆｯｸﾎｰﾑｽﾞ不動産,2,電子,,000004,山本
2025/01/22(水),2025/01/22(水),2025/01/22(水),007858,F's,1,売上,000002,混合廃棄物B,950,950,03,kg,70,"66,500",37767,000003,C（解体）,001,処分費,17:21,17:30,000019,世田谷区用賀4-3-1,000001,ｵﾈｽﾄ,000001,新木場ﾘｻｲｸﾙ工場,007858,F's,001269,F's（ｴﾌｽﾞ）,1,紙,,000004,山本
2025/01/22(水),2025/01/22(水),2025/01/22(水),008214,藤木工務店東京支店,1,売上,000002,混合廃棄物B,150,150,03,kg,70,"10,500",37678,000004,D（建設）,001,処分費,10:58,10:58,000002,市ヶ谷寮解体工事,000001,ｵﾈｽﾄ,000001,新木場ﾘｻｲｸﾙ工場,000474,ｱｸﾛﾊﾞｯﾄｱｰﾑｽﾞ,000360,ｱｸﾛﾊﾞｯﾄｱｰﾑｽﾞ,2,電子,,000002,渡辺
2025/01/22(水),2025/01/22(水),2025/01/22(水),008214,藤木工務店東京支店,1,売上,000016,軽量物系A(発泡ｽﾁﾛｰﾙ),70,70,03,kg,200,"14,000",37706,000004,D（建設）,001,処分費,13:07,13:07,000002,市ヶ谷寮解体工事,000001,ｵﾈｽﾄ,000001,新木場ﾘｻｲｸﾙ工場,000474,ｱｸﾛﾊﾞｯﾄｱｰﾑｽﾞ,000360,ｱｸﾛﾊﾞｯﾄｱｰﾑｽﾞ,2,電子,,000002,渡辺
2025/01/22(水),2025/01/22(水),2025/01/22(水),008214,藤木工務店東京支店,1,売上,000016,軽量物系A(発泡ｽﾁﾛｰﾙ),90,90,03,kg,200,"18,000",37750,000004,D（建設）,001,処分費,16:12,16:12,000002,市ヶ谷寮解体工事,000001,ｵﾈｽﾄ,000001,新木場ﾘｻｲｸﾙ工場,000474,ｱｸﾛﾊﾞｯﾄｱｰﾑｽﾞ,000360,ｱｸﾛﾊﾞｯﾄｱｰﾑｽﾞ,2,電子,,000002,渡辺
2025/01/22(水),2025/01/22(水),2025/01/22(水),008290,日本通運,1,売上,000029,木くず,660,660,03,kg,35,"23,100",37717,000001,A（事業）,001,処分費,15:05,15:05,000001,江東辰巳航空貨物ｾﾝﾀｰ,000001,ｵﾈｽﾄ,000001,新木場ﾘｻｲｸﾙ工場,000001,ｵﾈｽﾄ,000095,日本通運,2,電子,,000007,小林
2025/01/22(水),2025/01/22(水),2025/01/22(水),008290,日本通運,1,売上,000038,廃ﾌﾟﾗｽﾁｯｸ類,170,170,03,kg,60,"10,200",37717,000001,A（事業）,001,処分費,15:05,15:05,000001,江東辰巳航空貨物ｾﾝﾀｰ,000001,ｵﾈｽﾄ,000001,新木場ﾘｻｲｸﾙ工場,000001,ｵﾈｽﾄ,000095,日本通運,2,電子,,000007,小林
2025/01/22(水),2025/01/22(水),2025/01/22(水),008290,日本通運,1,売上,000109,運搬費,,1,07,台,"16,000","16,000",37717,000001,A（事業）,002,運搬費,15:05,15:05,000001,江東辰巳航空貨物ｾﾝﾀｰ,000001,ｵﾈｽﾄ,000001,新木場ﾘｻｲｸﾙ工場,000001,ｵﾈｽﾄ,000095,日本通運,2,電子,,000007,小林
2025/01/22(水),2025/01/22(水),2025/01/22(水),008343,JANSTAR,1,売上,000002,混合廃棄物B,220,220,03,kg,70,"15,400",37755,000003,C（解体）,001,処分費,16:28,16:29,000033,東京都江戸川区船堀4-8-21,000001,ｵﾈｽﾄ,000001,新木場ﾘｻｲｸﾙ工場,008343,JANSTAR,000627,JANSTAR,1,紙,,000006,川部
2025/01/22(水),2025/01/22(水),2025/01/22(水),008348,UPVillage,1,売上,000001,混合廃棄物A,510,510,03,kg,65,"33,150",37687,000002,B（残置）,001,処分費,11:31,11:31,000000,UPVillage,000001,ｵﾈｽﾄ,000001,新木場ﾘｻｲｸﾙ工場,008348,UPVillage,001178,UPVillage,1,紙,,000005,今村（紀）
2025/01/22(水),2025/01/22(水),2025/01/22(水),008352,ASKOT,1,売上,000002,混合廃棄物B,240,240,03,kg,70,"16,800",37772,000003,C（解体）,001,処分費,17:59,18:01,000015,足立区梅田解体工事,000001,ｵﾈｽﾄ,000001,新木場ﾘｻｲｸﾙ工場,007123,ﾓﾝﾎﾞﾙﾄﾞ,000462,ﾓﾝﾎﾞﾙﾄﾞ,1,紙,,000007,小林
2025/01/22(水),2025/01/22(水),2025/01/22(水),008371,新菱冷熱工業電気計装事業部,1,売上,000030,選別,90,90,03,kg,70,"6,300",37696,000004,D（建設）,001,処分費,11:49,11:49,000017,新宿南ｴﾈﾙｷﾞｰｻｰﾋﾞｽ,000001,ｵﾈｽﾄ,000001,新木場ﾘｻｲｸﾙ工場,003472,仲村工業,000328,仲村工業,2,電子,,000002,渡辺
2025/01/22(水),2025/01/22(水),2025/01/22(水),008435,ﾐﾗｲﾙ,1,売上,000030,選別,"1,480","1,480",03,kg,60,"88,800",37641,000002,B（残置）,001,処分費,06:10,06:10,000005,ﾐﾗｲﾙ(新宿区),000001,ｵﾈｽﾄ,000001,新木場ﾘｻｲｸﾙ工場,001308,ｵﾈｽﾄ･ﾜﾝ,001021,ｵﾈｽﾄ･ﾜﾝ,1,紙,,000011,オネスト・ワン
2025/01/22(水),2025/01/22(水),2025/01/22(水),008435,ﾐﾗｲﾙ,1,売上,000030,選別,"2,010","2,010",03,kg,60,"120,600",37639,000002,B（残置）,001,処分費,06:08,06:08,000005,ﾐﾗｲﾙ(新宿区),000001,ｵﾈｽﾄ,000001,新木場ﾘｻｲｸﾙ工場,001308,ｵﾈｽﾄ･ﾜﾝ,001021,ｵﾈｽﾄ･ﾜﾝ,1,紙,,000011,オネスト・ワン
2025/01/22(水),2025/01/22(水),2025/01/22(水),008435,ﾐﾗｲﾙ,2,支払,000068,GC 軽鉄･ｽﾁｰﾙ類,190,190,03,kg,28,"5,320",37639,000002,B（残置）,003,有価物,06:08,06:08,000005,ﾐﾗｲﾙ(新宿区),000001,ｵﾈｽﾄ,000001,新木場ﾘｻｲｸﾙ工場,001308,ｵﾈｽﾄ･ﾜﾝ,001021,ｵﾈｽﾄ･ﾜﾝ,1,紙,,000011,オネスト・ワン
2025/01/22(水),2025/01/22(水),2025/01/22(水),008435,ﾐﾗｲﾙ,2,支払,000068,GC 軽鉄･ｽﾁｰﾙ類,970,970,03,kg,28,"27,160",37641,000002,B（残置）,003,有価物,06:10,06:10,000005,ﾐﾗｲﾙ(新宿区),000001,ｵﾈｽﾄ,000001,新木場ﾘｻｲｸﾙ工場,001308,ｵﾈｽﾄ･ﾜﾝ,001021,ｵﾈｽﾄ･ﾜﾝ,1,紙,,000011,オネスト・ワン
2025/01/22(水),2025/01/22(水),2025/01/22(水),008693,ﾌｪﾗｶﾞﾓ・ｼﾞｬﾊﾟﾝ,1,売上,000001,混合廃棄物A,"1,380","1,380",03,kg,65,"89,700",37728,000002,B（残置）,001,処分費,10:57,15:30,000001,丸二倉庫㈱YBLPLAZA西館,000001,ｵﾈｽﾄ,000001,新木場ﾘｻｲｸﾙ工場,000001,ｵﾈｽﾄ,001403,ﾌｪﾗｶﾞﾓ・ｼﾞｬﾊﾟﾝ,1,紙,,000007,小林
2025/01/22(水),2025/01/22(水),2025/01/22(水),008693,ﾌｪﾗｶﾞﾓ・ｼﾞｬﾊﾟﾝ,1,売上,000001,混合廃棄物A,"1,480","1,480",03,kg,65,"96,200",37766,000002,B（残置）,001,処分費,11:38,11:38,000001,丸二倉庫㈱YBLPLAZA西館,000001,ｵﾈｽﾄ,000001,新木場ﾘｻｲｸﾙ工場,000001,ｵﾈｽﾄ,001403,ﾌｪﾗｶﾞﾓ・ｼﾞｬﾊﾟﾝ,1,紙,,000007,小林
2025/01/22(水),2025/01/22(水),2025/01/22(水),008693,ﾌｪﾗｶﾞﾓ・ｼﾞｬﾊﾟﾝ,1,売上,000001,混合廃棄物A,"2,060","2,060",03,kg,65,"133,900",37702,000002,B（残置）,001,処分費,11:02,12:46,000001,丸二倉庫㈱YBLPLAZA西館,000001,ｵﾈｽﾄ,000001,新木場ﾘｻｲｸﾙ工場,000001,ｵﾈｽﾄ,001403,ﾌｪﾗｶﾞﾓ・ｼﾞｬﾊﾟﾝ,1,紙,,000007,小林
2025/01/22(水),2025/01/22(水),2025/01/22(水),008693,ﾌｪﾗｶﾞﾓ・ｼﾞｬﾊﾟﾝ,1,売上,000001,混合廃棄物A,"2,190","2,190",03,kg,65,"142,350",37712,000002,B（残置）,001,処分費,11:24,11:23,000001,丸二倉庫㈱YBLPLAZA西館,000001,ｵﾈｽﾄ,000001,新木場ﾘｻｲｸﾙ工場,000001,ｵﾈｽﾄ,001403,ﾌｪﾗｶﾞﾓ・ｼﾞｬﾊﾟﾝ,1,紙,,000007,小林
2025/01/22(水),2025/01/22(水),2025/01/22(水),008693,ﾌｪﾗｶﾞﾓ・ｼﾞｬﾊﾟﾝ,1,売上,000030,選別,700,700,03,kg,70,"49,000",37766,000002,B（残置）,001,処分費,11:38,11:38,000001,丸二倉庫㈱YBLPLAZA西館,000001,ｵﾈｽﾄ,000001,新木場ﾘｻｲｸﾙ工場,000001,ｵﾈｽﾄ,001403,ﾌｪﾗｶﾞﾓ・ｼﾞｬﾊﾟﾝ,1,紙,,000007,小林
2025/01/22(水),2025/01/22(水),2025/01/22(水),008693,ﾌｪﾗｶﾞﾓ・ｼﾞｬﾊﾟﾝ,1,売上,000109,運搬費,,1,07,台,"30,000","30,000",37702,000002,B（残置）,002,運搬費,11:02,12:46,000001,丸二倉庫㈱YBLPLAZA西館,000001,ｵﾈｽﾄ,000001,新木場ﾘｻｲｸﾙ工場,000001,ｵﾈｽﾄ,001403,ﾌｪﾗｶﾞﾓ・ｼﾞｬﾊﾟﾝ,1,紙,,000007,小林
2025/01/22(水),2025/01/22(水),2025/01/22(水),008693,ﾌｪﾗｶﾞﾓ・ｼﾞｬﾊﾟﾝ,1,売上,000109,運搬費,,1,07,台,"30,000","30,000",37712,000002,B（残置）,002,運搬費,11:24,11:23,000001,丸二倉庫㈱YBLPLAZA西館,000001,ｵﾈｽﾄ,000001,新木場ﾘｻｲｸﾙ工場,000001,ｵﾈｽﾄ,001403,ﾌｪﾗｶﾞﾓ・ｼﾞｬﾊﾟﾝ,1,紙,,000007,小林
2025/01/22(水),2025/01/22(水),2025/01/22(水),008693,ﾌｪﾗｶﾞﾓ・ｼﾞｬﾊﾟﾝ,1,売上,000109,運搬費,,1,07,台,"30,000","30,000",37728,000002,B（残置）,002,運搬費,10:57,15:30,000001,丸二倉庫㈱YBLPLAZA西館,000001,ｵﾈｽﾄ,000001,新木場ﾘｻｲｸﾙ工場,000001,ｵﾈｽﾄ,001403,ﾌｪﾗｶﾞﾓ・ｼﾞｬﾊﾟﾝ,1,紙,,000007,小林
2025/01/22(水),2025/01/22(水),2025/01/22(水),008693,ﾌｪﾗｶﾞﾓ・ｼﾞｬﾊﾟﾝ,1,売上,000109,運搬費,,1,07,台,"30,000","30,000",37766,000002,B（残置）,002,運搬費,11:38,11:38,000001,丸二倉庫㈱YBLPLAZA西館,000001,ｵﾈｽﾄ,000001,新木場ﾘｻｲｸﾙ工場,000001,ｵﾈｽﾄ,001403,ﾌｪﾗｶﾞﾓ・ｼﾞｬﾊﾟﾝ,1,紙,,000007,小林
2025/01/22(水),2025/01/22(水),2025/01/22(水),008703,ﾍｯｼﾞﾊｳｽ,1,売上,000001,混合廃棄物A,170,170,03,kg,65,"11,050",37747,000002,B（残置）,001,処分費,15:48,15:59,000001,ﾍｯｼﾞﾊｳｽ（大久保）,000001,ｵﾈｽﾄ,000001,新木場ﾘｻｲｸﾙ工場,007489,ﾌｫｰﾒｰｼｮﾝ,001020,ﾌｫｰﾒｰｼｮﾝ,1,紙,,000007,小林
2025/01/22(水),2025/01/22(水),2025/01/22(水),008703,ﾍｯｼﾞﾊｳｽ,1,売上,000029,木くず,150,150,03,kg,35,"5,250",37747,000002,B（残置）,001,処分費,15:48,15:59,000001,ﾍｯｼﾞﾊｳｽ（大久保）,000001,ｵﾈｽﾄ,000001,新木場ﾘｻｲｸﾙ工場,007489,ﾌｫｰﾒｰｼｮﾝ,001020,ﾌｫｰﾒｰｼｮﾝ,1,紙,,000007,小林
2025/01/22(水),2025/01/22(水),2025/01/22(水),008703,ﾍｯｼﾞﾊｳｽ,1,売上,000036,ﾏｯﾄﾚｽ(ｼﾝｸﾞﾙ),20,2,11,枚,"6,000","12,000",37747,000002,B（残置）,001,処分費,15:48,15:59,000001,ﾍｯｼﾞﾊｳｽ（大久保）,000001,ｵﾈｽﾄ,000001,新木場ﾘｻｲｸﾙ工場,007489,ﾌｫｰﾒｰｼｮﾝ,001020,ﾌｫｰﾒｰｼｮﾝ,1,紙,,000007,小林
2025/01/22(水),2025/01/22(水),2025/01/22(水),008789,相鉄リビングサポート,1,売上,000001,混合廃棄物A,340,340,03,kg,65,"22,100",37646,000004,D（建設）,001,処分費,07:18,07:21,000001,逗子ﾋﾞｭｰﾊｲﾂ雑排水管更新工事,000001,ｵﾈｽﾄ,000001,新木場ﾘｻｲｸﾙ工場,000133,ﾀﾞｲｲﾁ興業,000105,ﾀﾞｲｲﾁ興業,1,紙,,000004,山本
2025/01/22(水),2025/01/22(水),2025/01/22(水),008810,ｳｨｽﾞ,1,売上,000001,混合廃棄物A,30,30,03,kg,63,"1,890",37723,000002,B（残置）,001,処分費,14:35,14:57,000000,ｳｨｽﾞ,000001,ｵﾈｽﾄ,000001,新木場ﾘｻｲｸﾙ工場,001308,ｵﾈｽﾄ･ﾜﾝ,001021,ｵﾈｽﾄ･ﾜﾝ,1,紙,,000011,オネスト・ワン
2025/01/22(水),2025/01/22(水),2025/01/22(水),008810,ｳｨｽﾞ,1,売上,000029,木くず,430,430,03,kg,25,"10,750",37723,000002,B（残置）,001,処分費,14:35,14:57,000000,ｳｨｽﾞ,000001,ｵﾈｽﾄ,000001,新木場ﾘｻｲｸﾙ工場,001308,ｵﾈｽﾄ･ﾜﾝ,001021,ｵﾈｽﾄ･ﾜﾝ,1,紙,,000011,オネスト・ワン
2025/01/22(水),2025/01/22(水),2025/01/22(水),008810,ｳｨｽﾞ,1,売上,000030,選別,270,270,03,kg,60,"16,200",37723,000002,B（残置）,001,処分費,14:35,14:57,000000,ｳｨｽﾞ,000001,ｵﾈｽﾄ,000001,新木場ﾘｻｲｸﾙ工場,001308,ｵﾈｽﾄ･ﾜﾝ,001021,ｵﾈｽﾄ･ﾜﾝ,1,紙,,000011,オネスト・ワン
2025/01/23(木),2025/01/23(木),2025/01/23(木),000063,鈴亀,1,売上,000002,混合廃棄物B,"1,050","1,050",03,kg,70,"73,500",37802,000005,E（中・積),001,処分費,08:38,08:42,000000,鈴亀,000001,ｵﾈｽﾄ,000001,新木場ﾘｻｲｸﾙ工場,000063,鈴亀,000052,鈴亀,1,紙,,000002,渡辺
2025/01/23(木),2025/01/23(木),2025/01/23(木),000071,服部運輸,1,売上,000001,混合廃棄物A,250,250,03,kg,65,"16,250",37850,000001,A（事業）,001,処分費,11:51,11:51,000000,服部運輸,000001,ｵﾈｽﾄ,000001,新木場ﾘｻｲｸﾙ工場,000071,服部運輸,000058,服部運輸,1,紙,,000006,川部
2025/01/23(木),2025/01/23(木),2025/01/23(木),000093,ｴｰ･ｴﾑ開発,1,売上,000002,混合廃棄物B,350,350,03,kg,70,"24,500",37777,000003,C,001,処分費,07:03,07:05,000000,ｴｰ･ｴﾑ開発,000001,ｵﾈｽﾄ,000001,新木場ﾘｻｲｸﾙ工場,000093,ｴｰ･ｴﾑ開発,000076,ｴｰ･ｴﾑ開発,1,紙,,000007,小林
2025/01/23(木),2025/01/23(木),2025/01/23(木),000168,ｹｰﾕｰ興業,1,売上,000002,混合廃棄物B,370,370,03,kg,70,"25,900",37830,000003,C（解体）,001,処分費,11:20,11:20,000012,木造2階建解体工事,000001,ｵﾈｽﾄ,000001,新木場ﾘｻｲｸﾙ工場,000168,ｹｰﾕｰ興業,000332,ｹｰﾕｰ興業,1,紙,,000007,小林
2025/01/23(木),2025/01/23(木),2025/01/23(木),000168,ｹｰﾕｰ興業,1,売上,000016,軽量物系A(発泡ｽﾁﾛｰﾙ),10,10,03,kg,200,"2,000",37830,000003,C（解体）,001,処分費,11:20,11:20,000012,木造2階建解体工事,000001,ｵﾈｽﾄ,000001,新木場ﾘｻｲｸﾙ工場,000168,ｹｰﾕｰ興業,000332,ｹｰﾕｰ興業,1,紙,,000007,小林
2025/01/23(木),2025/01/23(木),2025/01/23(木),000168,ｹｰﾕｰ興業,1,売上,000021,軽量物系B(ｸﾞﾗｽｳｰﾙ),20,20,03,kg,80,"1,600",37830,000003,C（解体）,001,処分費,11:20,11:20,000012,木造2階建解体工事,000001,ｵﾈｽﾄ,000001,新木場ﾘｻｲｸﾙ工場,000168,ｹｰﾕｰ興業,000332,ｹｰﾕｰ興業,1,紙,,000007,小林
2025/01/23(木),2025/01/23(木),2025/01/23(木),000182,月島JFEｱｸｱｿﾘｭｰｼｮﾝ,1,売上,000046,ﾀﾞﾝﾎﾞｰﾙ,950,9,02,m3,"2,000","18,000",37842,000004,D（建設）,001,処分費,11:39,11:45,000006,【鈴木】令和6・7年度葛西水再生センター,000001,ｵﾈｽﾄ,000001,新木場ﾘｻｲｸﾙ工場,000001,ｵﾈｽﾄ,000149,月島JFEｱｸｱｿﾘｭｰｼｮﾝ（東日本）,2,電子,,000005,今村（紀）
2025/01/23(木),2025/01/23(木),2025/01/23(木),000182,月島JFEｱｸｱｿﾘｭｰｼｮﾝ,1,売上,000349,運搬費(4ｔｺﾝﾃﾅ),,1,07,台,"23,000","23,000",37842,000004,D（建設）,002,運搬費,11:39,11:45,000006,【鈴木】令和6・7年度葛西水再生センター,000001,ｵﾈｽﾄ,000001,新木場ﾘｻｲｸﾙ工場,000001,ｵﾈｽﾄ,000149,月島JFEｱｸｱｿﾘｭｰｼｮﾝ（東日本）,2,電子,,000005,今村（紀）
2025/01/23(木),2025/01/23(木),2025/01/23(木),000207,郵運ｼｽﾃﾑ,1,売上,000029,木くず,860,860,03,kg,35,"30,100",37817,000004,D（建設）,001,処分費,10:45,10:54,000000,郵運ｼｽﾃﾑ,000001,ｵﾈｽﾄ,000001,新木場ﾘｻｲｸﾙ工場,000207,郵運ｼｽﾃﾑ,000172,郵運ｼｽﾃﾑ,1,紙,,000006,川部
2025/01/23(木),2025/01/23(木),2025/01/23(木),000251,三機工業（明石町）,1,売上,000349,運搬費(4ｔｺﾝﾃﾅ),,1,07,台,"21,000","21,000",37891,000004,D（建設）,002,運搬費,14:09,14:12,000023,【尾久】葛西水再生ｾﾝﾀｰ北系反応槽機械設備,000001,ｵﾈｽﾄ,000001,新木場ﾘｻｲｸﾙ工場,000001,ｵﾈｽﾄ,000206,三機工業,1,紙,,000005,今村（紀）
2025/01/23(木),2025/01/23(木),2025/01/23(木),000251,三機工業（明石町）,1,売上,000376,ｶﾞﾗｽ陶磁器くず,200,6,02,m3,"18,000","108,000",37891,000004,D（建設）,001,処分費,14:09,14:12,000023,【尾久】葛西水再生ｾﾝﾀｰ北系反応槽機械設備,000001,ｵﾈｽﾄ,000001,新木場ﾘｻｲｸﾙ工場,000001,ｵﾈｽﾄ,000206,三機工業,1,紙,,000005,今村（紀）
2025/01/23(木),2025/01/23(木),2025/01/23(木),000272,新建産業,1,売上,000001,混合廃棄物A,200,200,03,kg,65,"13,000",37821,000001,A（事業）,001,処分費,11:06,11:06,000000,新建産業,000001,ｵﾈｽﾄ,000001,新木場ﾘｻｲｸﾙ工場,000272,新建産業,000222,新建産業,1,紙,,000006,川部
2025/01/23(木),2025/01/23(木),2025/01/23(木),000286,ｷﾀｻﾞﾜ引越ｾﾝﾀｰ,1,売上,000001,混合廃棄物A,440,440,03,kg,65,"28,600",37884,000002,B（残置）,001,処分費,13:47,13:47,000000,ｷﾀｻﾞﾜ引越ｾﾝﾀｰ,000001,ｵﾈｽﾄ,000001,新木場ﾘｻｲｸﾙ工場,000286,ｷﾀｻﾞﾜ引越ｾﾝﾀｰ,000230,ｷﾀｻﾞﾜ引越ｾﾝﾀｰ,1,紙,,000006,川部
2025/01/23(木),2025/01/23(木),2025/01/23(木),000286,ｷﾀｻﾞﾜ引越ｾﾝﾀｰ,1,売上,000029,木くず,50,50,03,kg,35,"1,750",37884,000002,B（残置）,001,処分費,13:47,13:47,000000,ｷﾀｻﾞﾜ引越ｾﾝﾀｰ,000001,ｵﾈｽﾄ,000001,新木場ﾘｻｲｸﾙ工場,000286,ｷﾀｻﾞﾜ引越ｾﾝﾀｰ,000230,ｷﾀｻﾞﾜ引越ｾﾝﾀｰ,1,紙,,000006,川部
2025/01/23(木),2025/01/23(木),2025/01/23(木),000294,北斗JAPAN,1,売上,000001,混合廃棄物A,780,780,03,kg,65,"50,700",37934,000002,B（残置）,001,処分費,17:42,17:52,000000,北斗JAPAN,000001,ｵﾈｽﾄ,000001,新木場ﾘｻｲｸﾙ工場,000294,北斗JAPAN,000237,北斗JAPAN,1,紙,,000006,川部
2025/01/23(木),2025/01/23(木),2025/01/23(木),000294,北斗JAPAN,1,売上,000004,混合廃棄物(焼却物),200,200,03,kg,75,"15,000",37934,000002,B（残置）,001,処分費,17:42,17:52,000000,北斗JAPAN,000001,ｵﾈｽﾄ,000001,新木場ﾘｻｲｸﾙ工場,000294,北斗JAPAN,000237,北斗JAPAN,1,紙,,000006,川部
2025/01/23(木),2025/01/23(木),2025/01/23(木),000302,ﾖｼﾓﾘ,1,売上,000001,混合廃棄物A,600,600,03,kg,53,"31,800",37790,000001,A（事業）,001,処分費,07:16,07:18,000001,ﾖｼﾓﾘ扇ﾘｻｲｸﾙｾﾝﾀｰ,000001,ｵﾈｽﾄ,000001,新木場ﾘｻｲｸﾙ工場,000302,ﾖｼﾓﾘ,000244,ﾖｼﾓﾘ,1,紙,,000002,渡辺
2025/01/23(木),2025/01/23(木),2025/01/23(木),000312,野口興業,1,売上,000001,混合廃棄物A,510,510,03,kg,45,"22,950",37800,000001,A（事業）,001,処分費,08:28,08:31,000000,野口興業,000001,ｵﾈｽﾄ,000001,新木場ﾘｻｲｸﾙ工場,000312,野口興業,000253,野口興業,1,紙,,000002,渡辺
2025/01/23(木),2025/01/23(木),2025/01/23(木),000323,雑用社,1,売上,000002,混合廃棄物B,500,500,03,kg,70,"35,000",37811,000002,B（残置）,001,処分費,10:33,10:37,000000,雑用社,000001,ｵﾈｽﾄ,000001,新木場ﾘｻｲｸﾙ工場,000323,雑用社,000260,雑用社,1,紙,,000002,渡辺
2025/01/23(木),2025/01/23(木),2025/01/23(木),000392,亀田,1,売上,000002,混合廃棄物B,"2,890","2,890",03,kg,63,"182,070",37794,000005,E（中・積),001,処分費,08:09,08:12,000000,亀田,000001,ｵﾈｽﾄ,000001,新木場ﾘｻｲｸﾙ工場,000392,亀田,000313,亀田,1,紙,,000002,渡辺
2025/01/23(木),2025/01/23(木),2025/01/23(木),000561,ﾓﾘｿﾝ･ﾌｫｰｽﾀｰ･ｱｼﾞｱ･ｻｰﾋﾞｽ,1,売上,000030,選別,470,470,03,kg,60,"28,200",37893,000002,B（残置）,001,処分費,14:44,14:45,000000,ﾓﾘｿﾝ･ﾌｫｰｽﾀｰ･ｱｼﾞｱ･ｻｰﾋﾞｽ,000001,ｵﾈｽﾄ,000001,新木場ﾘｻｲｸﾙ工場,001308,ｵﾈｽﾄ･ﾜﾝ,001021,ｵﾈｽﾄ･ﾜﾝ,1,紙,,000011,オネスト・ワン
2025/01/23(木),2025/01/23(木),2025/01/23(木),000561,ﾓﾘｿﾝ･ﾌｫｰｽﾀｰ･ｱｼﾞｱ･ｻｰﾋﾞｽ,2,支払,000068,GC 軽鉄･ｽﾁｰﾙ類,"1,630","1,630",03,kg,28,"45,640",37870,000002,B（残置）,003,有価物,12:38,12:38,000000,ﾓﾘｿﾝ･ﾌｫｰｽﾀｰ･ｱｼﾞｱ･ｻｰﾋﾞｽ,000001,ｵﾈｽﾄ,000001,新木場ﾘｻｲｸﾙ工場,001308,ｵﾈｽﾄ･ﾜﾝ,001021,ｵﾈｽﾄ･ﾜﾝ,1,紙,,000011,オネスト・ワン
2025/01/23(木),2025/01/23(木),2025/01/23(木),000561,ﾓﾘｿﾝ･ﾌｫｰｽﾀｰ･ｱｼﾞｱ･ｻｰﾋﾞｽ,2,支払,000068,GC 軽鉄･ｽﾁｰﾙ類,"1,830","1,830",03,kg,28,"51,240",37893,000002,B（残置）,003,有価物,14:44,14:45,000000,ﾓﾘｿﾝ･ﾌｫｰｽﾀｰ･ｱｼﾞｱ･ｻｰﾋﾞｽ,000001,ｵﾈｽﾄ,000001,新木場ﾘｻｲｸﾙ工場,001308,ｵﾈｽﾄ･ﾜﾝ,001021,ｵﾈｽﾄ･ﾜﾝ,1,紙,,000011,オネスト・ワン
2025/01/23(木),2025/01/23(木),2025/01/23(木),000561,ﾓﾘｿﾝ･ﾌｫｰｽﾀｰ･ｱｼﾞｱ･ｻｰﾋﾞｽ,2,支払,000068,GC 軽鉄･ｽﾁｰﾙ類,"2,150","2,150",03,kg,28,"60,200",37892,000002,B（残置）,003,有価物,14:30,14:30,000000,ﾓﾘｿﾝ･ﾌｫｰｽﾀｰ･ｱｼﾞｱ･ｻｰﾋﾞｽ,000001,ｵﾈｽﾄ,000001,新木場ﾘｻｲｸﾙ工場,001308,ｵﾈｽﾄ･ﾜﾝ,001021,ｵﾈｽﾄ･ﾜﾝ,1,紙,,000011,オネスト・ワン
2025/01/23(木),2025/01/23(木),2025/01/23(木),000561,ﾓﾘｿﾝ･ﾌｫｰｽﾀｰ･ｱｼﾞｱ･ｻｰﾋﾞｽ,2,支払,000068,GC 軽鉄･ｽﾁｰﾙ類,"2,290","2,290",03,kg,28,"64,120",37825,000002,B（残置）,003,有価物,11:08,11:08,000000,ﾓﾘｿﾝ･ﾌｫｰｽﾀｰ･ｱｼﾞｱ･ｻｰﾋﾞｽ,000001,ｵﾈｽﾄ,000001,新木場ﾘｻｲｸﾙ工場,001308,ｵﾈｽﾄ･ﾜﾝ,001021,ｵﾈｽﾄ･ﾜﾝ,1,紙,,000011,オネスト・ワン
2025/01/23(木),2025/01/23(木),2025/01/23(木),000561,ﾓﾘｿﾝ･ﾌｫｰｽﾀｰ･ｱｼﾞｱ･ｻｰﾋﾞｽ,2,支払,000068,GC 軽鉄･ｽﾁｰﾙ類,"2,440","2,440",03,kg,28,"68,320",37833,000002,B（残置）,003,有価物,11:26,11:27,000000,ﾓﾘｿﾝ･ﾌｫｰｽﾀｰ･ｱｼﾞｱ･ｻｰﾋﾞｽ,000001,ｵﾈｽﾄ,000001,新木場ﾘｻｲｸﾙ工場,001308,ｵﾈｽﾄ･ﾜﾝ,001021,ｵﾈｽﾄ･ﾜﾝ,1,紙,,000011,オネスト・ワン
2025/01/23(木),2025/01/23(木),2025/01/23(木),000616,ﾗｲｼﾞﾝｸﾞ,1,売上,000002,混合廃棄物B,390,390,03,kg,70,"27,300",37804,000003,C（解体）,001,処分費,09:52,09:57,000008,3階解体工事（大田区）,000001,ｵﾈｽﾄ,000001,新木場ﾘｻｲｸﾙ工場,007123,ﾓﾝﾎﾞﾙﾄﾞ,000462,ﾓﾝﾎﾞﾙﾄﾞ,1,紙,,000007,小林
2025/01/23(木),2025/01/23(木),2025/01/23(木),000712,ｴﾑﾃﾝｻﾎﾟｰﾄ,1,売上,000001,混合廃棄物A,20,20,03,kg,65,"1,300",37859,000002,B（残置）,001,処分費,12:03,12:09,000000,ｴﾑﾃﾝｻﾎﾟｰﾄ,000001,ｵﾈｽﾄ,000001,新木場ﾘｻｲｸﾙ工場,000712,ｴﾑﾃﾝｻﾎﾟｰﾄ,001283,ｴﾑﾃﾝｻﾎﾟｰﾄ,1,紙,,000007,小林
2025/01/23(木),2025/01/23(木),2025/01/23(木),000712,ｴﾑﾃﾝｻﾎﾟｰﾄ,1,売上,000029,木くず,330,330,03,kg,35,"11,550",37859,000002,B（残置）,001,処分費,12:03,12:09,000000,ｴﾑﾃﾝｻﾎﾟｰﾄ,000001,ｵﾈｽﾄ,000001,新木場ﾘｻｲｸﾙ工場,000712,ｴﾑﾃﾝｻﾎﾟｰﾄ,001283,ｴﾑﾃﾝｻﾎﾟｰﾄ,1,紙,,000007,小林
2025/01/23(木),2025/01/23(木),2025/01/23(木),000757,宗徳環境,1,売上,000001,混合廃棄物A,470,470,03,kg,65,"30,550",37894,000004,D（建設）,001,処分費,14:40,14:40,000000,宗徳環境,000001,ｵﾈｽﾄ,000001,新木場ﾘｻｲｸﾙ工場,000757,宗徳環境,000586,宗徳環境,1,紙,,000004,山本
2025/01/23(木),2025/01/23(木),2025/01/23(木),000757,宗徳環境,1,売上,000029,木くず,40,40,03,kg,35,"1,400",37894,000004,D（建設）,001,処分費,14:40,14:40,000000,宗徳環境,000001,ｵﾈｽﾄ,000001,新木場ﾘｻｲｸﾙ工場,000757,宗徳環境,000586,宗徳環境,1,紙,,000004,山本
2025/01/23(木),2025/01/23(木),2025/01/23(木),000828,ﾆｯﾀｴｱｿﾘｭｰｼｮﾝｽﾞ,1,売上,000001,混合廃棄物A,330,330,03,kg,65,"21,450",37819,000004,D（建設）,001,処分費,11:00,11:02,000002,横浜技術ｾﾝﾀｰ,000001,ｵﾈｽﾄ,000001,新木場ﾘｻｲｸﾙ工場,000001,ｵﾈｽﾄ,000648,ﾆｯﾀｴｱｿﾘｭｰｼｮﾝｽﾞ,1,紙,,000005,今村（紀）
2025/01/23(木),2025/01/23(木),2025/01/23(木),000828,ﾆｯﾀｴｱｿﾘｭｰｼｮﾝｽﾞ,1,売上,000349,運搬費(4ｔｺﾝﾃﾅ),,1,07,台,"23,000","23,000",37819,000004,D（建設）,002,運搬費,11:00,11:02,000002,横浜技術ｾﾝﾀｰ,000001,ｵﾈｽﾄ,000001,新木場ﾘｻｲｸﾙ工場,000001,ｵﾈｽﾄ,000648,ﾆｯﾀｴｱｿﾘｭｰｼｮﾝｽﾞ,1,紙,,000005,今村（紀）
2025/01/23(木),2025/01/23(木),2025/01/23(木),000923,港区教育委員会事務局　学校教育部,1,売上,000014,混合廃棄物,210,210,03,kg,45,"9,450",37855,000006,F（他）,001,処分費,11:50,13:33,000026,芝浦幼稚園,000001,ｵﾈｽﾄ,000001,新木場ﾘｻｲｸﾙ工場,000001,ｵﾈｽﾄ,001311,港区教育委員会事務局　学校教育部,1,紙,,000007,小林
2025/01/23(木),2025/01/23(木),2025/01/23(木),000926,おかたづけ田中くん,1,売上,000001,混合廃棄物A,100,100,03,kg,65,"6,500",37915,000002,B（残置）,001,処分費,15:35,15:39,000000,おかたづけ田中くん,000001,ｵﾈｽﾄ,000001,新木場ﾘｻｲｸﾙ工場,000926,おかたづけ田中くん,001312,おかたづけ田中くん,1,紙,,000002,渡辺
2025/01/23(木),2025/01/23(木),2025/01/23(木),001106,舞浜企画（市川本社）,1,売上,000002,混合廃棄物B,90,90,03,kg,70,"6,300",37933,000003,C（解体）,001,処分費,17:16,17:18,000006,焼き鳥まさや・内装解体工事,000001,ｵﾈｽﾄ,000001,新木場ﾘｻｲｸﾙ工場,005727,富山,000896,富山,1,紙,,000004,山本
2025/01/23(木),2025/01/23(木),2025/01/23(木),001183,ｽﾃｯﾌﾟｽﾘｰ,1,売上,000002,混合廃棄物B,210,210,03,kg,70,"14,700",37921,000003,C（解体）,001,処分費,16:02,16:02,000002,ﾌﾙｰｳﾞ押上213号　改修工事,000001,ｵﾈｽﾄ,000001,新木場ﾘｻｲｸﾙ工場,007566,KUDAI,000639,KUDAI,1,紙,,000006,川部
2025/01/23(木),2025/01/23(木),2025/01/23(木),001203,ﾏﾙﾐﾔ社,1,売上,000001,混合廃棄物A,400,400,03,kg,65,"26,000",37882,000002,B（残置）,001,処分費,13:24,13:33,000000,ﾏﾙﾐﾔ社,000001,ｵﾈｽﾄ,000001,新木場ﾘｻｲｸﾙ工場,001203,ﾏﾙﾐﾔ社,000934,ﾏﾙﾐﾔ社,1,紙,,000002,渡辺
2025/01/23(木),2025/01/23(木),2025/01/23(木),001244,銀座急送,1,売上,000001,混合廃棄物A,610,610,03,kg,65,"39,650",37886,000002,B（残置）,001,処分費,13:48,13:54,000001,銀座急送㈱辰巳DS,000001,ｵﾈｽﾄ,000001,新木場ﾘｻｲｸﾙ工場,001244,銀座急送,000965,銀座急送,1,紙,,000002,渡辺
2025/01/23(木),2025/01/23(木),2025/01/23(木),001318,丸伍産業,1,売上,000004,混合廃棄物(焼却物),300,300,03,kg,80,"24,000",37867,000004,D（建設）,001,処分費,12:37,12:37,000030,石崎邸附帯撤去工事,000001,ｵﾈｽﾄ,000001,新木場ﾘｻｲｸﾙ工場,001318,丸伍産業,001030,丸伍産業,1,紙,,000012,サン・テクノ
2025/01/23(木),2025/01/23(木),2025/01/23(木),001318,丸伍産業,1,売上,000492,混合廃棄物（羽毛物）,10,10,03,kg,250,"2,500",37867,000004,D（建設）,001,処分費,12:37,12:37,000030,石崎邸附帯撤去工事,000001,ｵﾈｽﾄ,000001,新木場ﾘｻｲｸﾙ工場,001318,丸伍産業,001030,丸伍産業,1,紙,,000012,サン・テクノ
2025/01/23(木),2025/01/23(木),2025/01/23(木),001323,SUR,1,売上,000001,混合廃棄物A,250,250,03,kg,70,"17,500",37910,000002,B（残置）,001,処分費,15:22,15:27,000000,SUR,000001,ｵﾈｽﾄ,000001,新木場ﾘｻｲｸﾙ工場,001323,SUR,001034,SUR,1,紙,,000012,サン・テクノ
2025/01/23(木),2025/01/23(木),2025/01/23(木),001363,ﾔｴｽR&S,2,支払,000068,GC 軽鉄･ｽﾁｰﾙ類,"1,260","1,260",03,kg,24.5,"30,870",37929,000004,D（建設）,003,有価物,16:58,16:58,000002,大森海岸ﾊｳｽ,000001,ｵﾈｽﾄ,000001,新木場ﾘｻｲｸﾙ工場,000016,泉土木,000014,泉土木,1,紙,,000001,矢作
2025/01/23(木),2025/01/23(木),2025/01/23(木),001434,(ｻﾝﾃｸﾉ)東和ｴﾝｼﾞﾆｱﾘﾝｸﾞ,1,売上,000001,混合廃棄物A,80,80,03,kg,58,"4,640",37779,000006,F（他）,001,処分費,06:24,06:24,000102,内幸町飯野ﾋﾞﾙ,000001,ｵﾈｽﾄ,000001,新木場ﾘｻｲｸﾙ工場,005884,(ｻﾝﾃｸﾉ)ｻﾝﾄﾗｽﾄ,001022,ｻﾝ･ﾃｸﾉ,1,紙,,000012,サン・テクノ
2025/01/23(木),2025/01/23(木),2025/01/23(木),001434,(ｻﾝﾃｸﾉ)東和ｴﾝｼﾞﾆｱﾘﾝｸﾞ,1,売上,000046,ﾀﾞﾝﾎﾞｰﾙ,200,200,03,kg,15,"3,000",37779,000006,F（他）,001,処分費,06:24,06:24,000102,内幸町飯野ﾋﾞﾙ,000001,ｵﾈｽﾄ,000001,新木場ﾘｻｲｸﾙ工場,005884,(ｻﾝﾃｸﾉ)ｻﾝﾄﾗｽﾄ,001022,ｻﾝ･ﾃｸﾉ,1,紙,,000012,サン・テクノ
2025/01/23(木),2025/01/23(木),2025/01/23(木),001480,新生紙ﾊﾟﾙﾌﾟ商事,1,売上,000001,混合廃棄物A,170,170,03,kg,65,"11,050",37789,000001,A（事業）,001,処分費,07:12,07:14,000001,OPﾋﾞﾙﾃﾞｨﾝｸﾞ,000001,ｵﾈｽﾄ,000001,新木場ﾘｻｲｸﾙ工場,001463,ﾅｺｼﾞ,000170,ﾅｺｼﾞ,1,紙,,000006,川部
2025/01/23(木),2025/01/23(木),2025/01/23(木),001550,ちよだ,1,売上,000001,混合廃棄物A,850,850,03,kg,65,"55,250",37840,000001,A（事業）,001,処分費,11:38,11:41,000000,ちよだ,000001,ｵﾈｽﾄ,000001,新木場ﾘｻｲｸﾙ工場,001546,江栄,000013,江栄,1,紙,,000002,渡辺
2025/01/23(木),2025/01/23(木),2025/01/23(木),001595,希松,1,売上,000349,運搬費(4ｔｺﾝﾃﾅ),,1,07,台,"20,000","20,000",37906,000002,B（残置）,002,運搬費,14:56,14:56,000001,事業本部工場（ﾅﾁｭﾗﾙﾌｧｸﾄﾘｰ東京）,000001,ｵﾈｽﾄ,000001,新木場ﾘｻｲｸﾙ工場,000001,ｵﾈｽﾄ,000569,希松,1,紙,,000005,今村（紀）
2025/01/23(木),2025/01/23(木),2025/01/23(木),001595,希松,1,売上,000416,鉄千地,550,550,03,kg,0,0,37906,000002,B（残置）,001,処分費,14:56,14:56,000001,事業本部工場（ﾅﾁｭﾗﾙﾌｧｸﾄﾘｰ東京）,000001,ｵﾈｽﾄ,000001,新木場ﾘｻｲｸﾙ工場,000001,ｵﾈｽﾄ,000569,希松,1,紙,,000005,今村（紀）
2025/01/23(木),2025/01/23(木),2025/01/23(木),001627,曙建設,1,売上,000021,軽量物系B(ｸﾞﾗｽｳｰﾙ),290,290,03,kg,80,"23,200",37818,000004,D（建設）,001,処分費,10:49,10:50,000000,曙建設,000001,ｵﾈｽﾄ,000001,新木場ﾘｻｲｸﾙ工場,001627,曙建設,001215,曙建設,1,紙,,000002,渡辺
2025/01/23(木),2025/01/23(木),2025/01/23(木),001635,大阪ｼｰﾘﾝｸﾞ印刷,1,売上,000001,混合廃棄物A,"1,270","1,270",03,kg,68,"86,360",37797,000001,A（事業）,001,処分費,08:30,08:31,000001,大阪ｼｰﾘﾝｸﾞ印刷㈱配送ｾﾝﾀｰ,000001,ｵﾈｽﾄ,000001,新木場ﾘｻｲｸﾙ工場,000001,ｵﾈｽﾄ,001211,大阪ｼｰﾘﾝｸﾞ印刷,1,紙,,000002,渡辺
2025/01/23(木),2025/01/23(木),2025/01/23(木),001635,大阪ｼｰﾘﾝｸﾞ印刷,1,売上,000109,運搬費,,1,07,台,"23,000","23,000",37797,000001,A（事業）,002,運搬費,08:30,08:31,000001,大阪ｼｰﾘﾝｸﾞ印刷㈱配送ｾﾝﾀｰ,000001,ｵﾈｽﾄ,000001,新木場ﾘｻｲｸﾙ工場,000001,ｵﾈｽﾄ,001211,大阪ｼｰﾘﾝｸﾞ印刷,1,紙,,000002,渡辺
2025/01/23(木),2025/01/23(木),2025/01/23(木),001656,真和商事,1,売上,000001,混合廃棄物A,550,550,03,kg,60,"33,000",37925,000002,B（残置）,001,処分費,16:26,16:30,000001,真和商事　杉並営業所,000001,ｵﾈｽﾄ,000001,新木場ﾘｻｲｸﾙ工場,001656,真和商事,000055,真和商事,1,紙,,000002,渡辺
2025/01/23(木),2025/01/23(木),2025/01/23(木),001656,真和商事,1,売上,000001,混合廃棄物A,750,750,03,kg,60,"45,000",37883,000002,B（残置）,001,処分費,13:36,13:40,000001,真和商事　杉並営業所,000001,ｵﾈｽﾄ,000001,新木場ﾘｻｲｸﾙ工場,001656,真和商事,000055,真和商事,1,紙,,000002,渡辺
2025/01/23(木),2025/01/23(木),2025/01/23(木),001656,真和商事,1,売上,000001,混合廃棄物A,780,780,03,kg,60,"46,800",37901,000002,B（残置）,001,処分費,15:05,15:09,000001,真和商事　杉並営業所,000001,ｵﾈｽﾄ,000001,新木場ﾘｻｲｸﾙ工場,001656,真和商事,000055,真和商事,1,紙,,000002,渡辺
2025/01/23(木),2025/01/23(木),2025/01/23(木),001659,東京東武工業,1,売上,000001,混合廃棄物A,250,250,03,kg,60,"15,000",37816,000002,B（残置）,001,処分費,10:43,10:48,000000,東京東武工業,000001,ｵﾈｽﾄ,000001,新木場ﾘｻｲｸﾙ工場,001656,真和商事,000055,真和商事,1,紙,,000002,渡辺
2025/01/23(木),2025/01/23(木),2025/01/23(木),001739,三機工業（八丁堀）,2,支払,000068,GC 軽鉄･ｽﾁｰﾙ類,230,230,03,kg,24.5,"5,635",37838,000004,D（建設）,003,有価物,11:41,11:41,000023,【NWS】MCDR　NRT10,000001,ｵﾈｽﾄ,000001,新木場ﾘｻｲｸﾙ工場,000016,泉土木,000014,泉土木,1,紙,,000001,矢作
2025/01/23(木),2025/01/23(木),2025/01/23(木),001739,三機工業（八丁堀）,2,支払,000068,GC 軽鉄･ｽﾁｰﾙ類,240,240,03,kg,24.5,"5,880",37853,000004,D（建設）,003,有価物,11:57,11:57,000023,【NWS】MCDR　NRT10,000001,ｵﾈｽﾄ,000001,新木場ﾘｻｲｸﾙ工場,000016,泉土木,000014,泉土木,1,紙,,000001,矢作
2025/01/23(木),2025/01/23(木),2025/01/23(木),001739,三機工業（八丁堀）,2,支払,000068,GC 軽鉄･ｽﾁｰﾙ類,240,240,03,kg,24.5,"5,880",37909,000004,D（建設）,003,有価物,15:34,15:36,000023,【NWS】MCDR　NRT10,000001,ｵﾈｽﾄ,000001,新木場ﾘｻｲｸﾙ工場,000016,泉土木,000014,泉土木,2,電子,,000001,矢作
2025/01/23(木),2025/01/23(木),2025/01/23(木),001739,三機工業（八丁堀）,2,支払,000068,GC 軽鉄･ｽﾁｰﾙ類,250,250,03,kg,24.5,"6,125",37839,000004,D（建設）,003,有価物,11:42,11:42,000023,【NWS】MCDR　NRT10,000001,ｵﾈｽﾄ,000001,新木場ﾘｻｲｸﾙ工場,000016,泉土木,000014,泉土木,1,紙,,000001,矢作
2025/01/23(木),2025/01/23(木),2025/01/23(木),001739,三機工業（八丁堀）,2,支払,000068,GC 軽鉄･ｽﾁｰﾙ類,250,250,03,kg,24.5,"6,125",37908,000004,D（建設）,003,有価物,15:37,15:37,000023,【NWS】MCDR　NRT10,000001,ｵﾈｽﾄ,000001,新木場ﾘｻｲｸﾙ工場,000016,泉土木,000014,泉土木,2,電子,,000001,矢作
2025/01/23(木),2025/01/23(木),2025/01/23(木),001739,三機工業（八丁堀）,2,支払,000068,GC 軽鉄･ｽﾁｰﾙ類,260,260,03,kg,24.5,"6,370",37912,000004,D（建設）,003,有価物,15:39,15:40,000023,【NWS】MCDR　NRT10,000001,ｵﾈｽﾄ,000001,新木場ﾘｻｲｸﾙ工場,000016,泉土木,000014,泉土木,1,紙,,000001,矢作
2025/01/23(木),2025/01/23(木),2025/01/23(木),001739,三機工業（八丁堀）,2,支払,000068,GC 軽鉄･ｽﾁｰﾙ類,270,270,03,kg,24.5,"6,615",37843,000004,D（建設）,003,有価物,11:43,11:43,000023,【NWS】MCDR　NRT10,000001,ｵﾈｽﾄ,000001,新木場ﾘｻｲｸﾙ工場,000016,泉土木,000014,泉土木,1,紙,,000001,矢作
2025/01/23(木),2025/01/23(木),2025/01/23(木),001739,三機工業（八丁堀）,2,支払,000068,GC 軽鉄･ｽﾁｰﾙ類,280,280,03,kg,24.5,"6,860",37913,000004,D（建設）,003,有価物,15:41,15:42,000023,【NWS】MCDR　NRT10,000001,ｵﾈｽﾄ,000001,新木場ﾘｻｲｸﾙ工場,000016,泉土木,000014,泉土木,1,紙,,000001,矢作
2025/01/23(木),2025/01/23(木),2025/01/23(木),001739,三機工業（八丁堀）,2,支払,000068,GC 軽鉄･ｽﾁｰﾙ類,750,750,03,kg,24.5,"18,375",37828,000004,D（建設）,003,有価物,11:16,11:16,000023,【NWS】MCDR　NRT10,000001,ｵﾈｽﾄ,000001,新木場ﾘｻｲｸﾙ工場,000016,泉土木,000014,泉土木,2,電子,,000001,矢作
2025/01/23(木),2025/01/23(木),2025/01/23(木),001739,三機工業（八丁堀）,2,支払,000068,GC 軽鉄･ｽﾁｰﾙ類,760,760,03,kg,24.5,"18,620",37904,000004,D（建設）,003,有価物,15:32,15:32,000023,【NWS】MCDR　NRT10,000001,ｵﾈｽﾄ,000001,新木場ﾘｻｲｸﾙ工場,000016,泉土木,000014,泉土木,2,電子,,000001,矢作
2025/01/23(木),2025/01/23(木),2025/01/23(木),001739,三機工業（八丁堀）,2,支払,000068,GC 軽鉄･ｽﾁｰﾙ類,780,780,03,kg,24.5,"19,110",37848,000004,D（建設）,003,有価物,11:56,11:56,000023,【NWS】MCDR　NRT10,000001,ｵﾈｽﾄ,000001,新木場ﾘｻｲｸﾙ工場,000016,泉土木,000014,泉土木,1,紙,,000001,矢作
2025/01/23(木),2025/01/23(木),2025/01/23(木),001739,三機工業（八丁堀）,2,支払,000068,GC 軽鉄･ｽﾁｰﾙ類,780,780,03,kg,24.5,"19,110",37905,000004,D（建設）,003,有価物,15:24,15:24,000023,【NWS】MCDR　NRT10,000001,ｵﾈｽﾄ,000001,新木場ﾘｻｲｸﾙ工場,000016,泉土木,000014,泉土木,2,電子,,000001,矢作
2025/01/23(木),2025/01/23(木),2025/01/23(木),001754,(ｻﾝﾃｸﾉ)日産住設,1,売上,000001,混合廃棄物A,510,510,03,kg,58,"29,580",37805,000006,F（他）,001,処分費,09:53,09:56,000000,(ｻﾝﾃｸﾉ)日産住設,000001,ｵﾈｽﾄ,000001,新木場ﾘｻｲｸﾙ工場,000001,ｵﾈｽﾄ,001022,ｻﾝ･ﾃｸﾉ,1,紙,,000012,サン・テクノ
2025/01/23(木),2025/01/23(木),2025/01/23(木),001754,(ｻﾝﾃｸﾉ)日産住設,1,売上,000109,運搬費(4t),,1,07,台,"18,000","18,000",37805,000006,F（他）,002,運搬費,09:53,09:56,000000,(ｻﾝﾃｸﾉ)日産住設,000001,ｵﾈｽﾄ,000001,新木場ﾘｻｲｸﾙ工場,000001,ｵﾈｽﾄ,001022,ｻﾝ･ﾃｸﾉ,1,紙,,000012,サン・テクノ
2025/01/23(木),2025/01/23(木),2025/01/23(木),001845,ｲﾄｰﾖｰｶ堂,1,売上,000001,混合廃棄物A,"2,460","2,460",03,kg,65,"159,900",37776,000001,A（事業）,001,処分費,06:57,06:59,000003,ｱﾘｵ亀有店,000001,ｵﾈｽﾄ,000001,新木場ﾘｻｲｸﾙ工場,000170,板越商事,000138,板越商事,2,電子,,000002,渡辺
2025/01/23(木),2025/01/23(木),2025/01/23(木),001947,ﾁｬｺｰﾙ市野,1,売上,000001,混合廃棄物A,540,540,03,kg,53,"28,620",37824,000001,A（事業）,001,処分費,10:36,10:36,000001,渋谷市野ﾋﾞﾙ,000001,ｵﾈｽﾄ,000001,新木場ﾘｻｲｸﾙ工場,000302,ﾖｼﾓﾘ,000244,ﾖｼﾓﾘ,1,紙,,000002,渡辺
2025/01/23(木),2025/01/23(木),2025/01/23(木),001966,ｴﾇ･ﾃｨ･ﾃｨ都市開発,1,売上,000001,混合廃棄物A,"1,340","1,340",03,kg,54,"72,360",37890,000001,A（事業）,001,処分費,14:09,14:11,000005,ｼｰﾊﾞﾝｽN館,000001,ｵﾈｽﾄ,000001,新木場ﾘｻｲｸﾙ工場,000028,五十嵐商会,000025,五十嵐商会,1,紙,,000002,渡辺
2025/01/23(木),2025/01/23(木),2025/01/23(木),001971,NTTｱｰﾊﾞﾝﾊﾞﾘｭｰｻﾎﾟｰﾄ,1,売上,000001,混合廃棄物A,600,600,03,kg,54,"32,400",37810,000001,A（事業）,001,処分費,10:07,10:07,000006,ﾄﾗｯﾄﾞ目白,000001,ｵﾈｽﾄ,000001,新木場ﾘｻｲｸﾙ工場,000028,五十嵐商会,000025,五十嵐商会,1,紙,,000002,渡辺
2025/01/23(木),2025/01/23(木),2025/01/23(木),001972,第一ﾋﾞﾙﾃﾞｨﾝｸﾞ,1,売上,000001,混合廃棄物A,980,980,03,kg,54,"52,920",37815,000001,A（事業）,001,処分費,10:48,10:48,000001,経団連会館,000001,ｵﾈｽﾄ,000001,新木場ﾘｻｲｸﾙ工場,000028,五十嵐商会,000025,五十嵐商会,1,紙,,000002,渡辺
2025/01/23(木),2025/01/23(木),2025/01/23(木),002196,丸山工務店,1,売上,000026,石膏ﾎﾞｰﾄﾞC,"1,140","1,140",03,kg,80,"91,200",37807,000004,D（建設）,001,処分費,10:03,10:06,000001,丸山工務店,000001,ｵﾈｽﾄ,000001,新木場ﾘｻｲｸﾙ工場,000154,京葉興業,000123,京葉興業,1,紙,,000004,山本
2025/01/23(木),2025/01/23(木),2025/01/23(木),002200,中央商工,1,売上,000018,軽量物系A(ｽﾎﾟﾝｼﾞ),100,100,03,kg,200,"20,000",37793,000001,A（事業）,001,処分費,08:05,08:05,000001,中央商工江戸川加工所,000001,ｵﾈｽﾄ,000001,新木場ﾘｻｲｸﾙ工場,000022,山口商店,000019,山口商店,1,紙,,000004,山本
2025/01/23(木),2025/01/23(木),2025/01/23(木),002245,三友建設,1,売上,000001,混合廃棄物A,280,280,03,kg,65,"18,200",37778,000003,C（解体）,001,処分費,06:24,06:24,000093,南台2丁目解体工事,000001,ｵﾈｽﾄ,000001,新木場ﾘｻｲｸﾙ工場,000847,深禄産業,00661X,【売掛】深禄産業,1,紙,,000002,渡辺
2025/01/23(木),2025/01/23(木),2025/01/23(木),002245,三友建設,1,売上,000002,混合廃棄物B,440,440,03,kg,65,"28,600",37864,000003,C（解体）,001,処分費,12:50,12:51,000000,三友建設,000001,ｵﾈｽﾄ,000001,新木場ﾘｻｲｸﾙ工場,002245,三友建設,000658,三友建設,2,電子,,000002,渡辺
2025/01/23(木),2025/01/23(木),2025/01/23(木),002245,三友建設,1,売上,000021,軽量物系B(ｸﾞﾗｽｳｰﾙ),100,100,03,kg,60,"6,000",37864,000003,C（解体）,001,処分費,12:50,12:51,000000,三友建設,000001,ｵﾈｽﾄ,000001,新木場ﾘｻｲｸﾙ工場,002245,三友建設,000658,三友建設,2,電子,,000002,渡辺
2025/01/23(木),2025/01/23(木),2025/01/23(木),002245,三友建設,1,売上,000034,本畳,350,10,11,枚,"1,500","15,000",37864,000003,C（解体）,001,処分費,12:50,12:51,000000,三友建設,000001,ｵﾈｽﾄ,000001,新木場ﾘｻｲｸﾙ工場,002245,三友建設,000658,三友建設,2,電子,,000002,渡辺
2025/01/23(木),2025/01/23(木),2025/01/23(木),002292,三菱地所,1,売上,000001,混合廃棄物A,50,50,03,kg,58,"2,900",37786,000002,B（残置）,001,処分費,07:46,07:59,000007,国際ﾋﾞﾙ,000001,ｵﾈｽﾄ,000001,新木場ﾘｻｲｸﾙ工場,001308,ｵﾈｽﾄ･ﾜﾝ,001021,ｵﾈｽﾄ･ﾜﾝ,1,紙,,000011,オネスト・ワン
2025/01/23(木),2025/01/23(木),2025/01/23(木),002292,三菱地所,1,売上,000001,混合廃棄物A,530,530,03,kg,58,"30,740",37782,000002,B（残置）,001,処分費,06:26,06:27,000007,国際ﾋﾞﾙ,000001,ｵﾈｽﾄ,000001,新木場ﾘｻｲｸﾙ工場,001308,ｵﾈｽﾄ･ﾜﾝ,001021,ｵﾈｽﾄ･ﾜﾝ,1,紙,,000011,オネスト・ワン
2025/01/23(木),2025/01/23(木),2025/01/23(木),002292,三菱地所,1,売上,000029,木くず,490,490,03,kg,15,"7,350",37786,000002,B（残置）,001,処分費,07:46,07:59,000007,国際ﾋﾞﾙ,000001,ｵﾈｽﾄ,000001,新木場ﾘｻｲｸﾙ工場,001308,ｵﾈｽﾄ･ﾜﾝ,001021,ｵﾈｽﾄ･ﾜﾝ,1,紙,,000011,オネスト・ワン
2025/01/23(木),2025/01/23(木),2025/01/23(木),002292,三菱地所,1,売上,000030,選別,670,670,03,kg,43,"28,810",37786,000002,B（残置）,001,処分費,07:46,07:59,000007,国際ﾋﾞﾙ,000001,ｵﾈｽﾄ,000001,新木場ﾘｻｲｸﾙ工場,001308,ｵﾈｽﾄ･ﾜﾝ,001021,ｵﾈｽﾄ･ﾜﾝ,1,紙,,000011,オネスト・ワン
2025/01/23(木),2025/01/23(木),2025/01/23(木),002292,三菱地所,1,売上,000030,選別,750,750,03,kg,43,"32,250",37782,000002,B（残置）,001,処分費,06:26,06:27,000007,国際ﾋﾞﾙ,000001,ｵﾈｽﾄ,000001,新木場ﾘｻｲｸﾙ工場,001308,ｵﾈｽﾄ･ﾜﾝ,001021,ｵﾈｽﾄ･ﾜﾝ,1,紙,,000011,オネスト・ワン
2025/01/23(木),2025/01/23(木),2025/01/23(木),002292,三菱地所,2,支払,000068,GC 軽鉄･ｽﾁｰﾙ類,30,30,03,kg,28,840,37782,000002,B（残置）,003,有価物,06:26,06:27,000007,国際ﾋﾞﾙ,000001,ｵﾈｽﾄ,000001,新木場ﾘｻｲｸﾙ工場,001308,ｵﾈｽﾄ･ﾜﾝ,001021,ｵﾈｽﾄ･ﾜﾝ,1,紙,,000011,オネスト・ワン
2025/01/23(木),2025/01/23(木),2025/01/23(木),002292,三菱地所,2,支払,000068,GC 軽鉄･ｽﾁｰﾙ類,960,960,03,kg,28,"26,880",37786,000002,B（残置）,003,有価物,07:46,07:59,000007,国際ﾋﾞﾙ,000001,ｵﾈｽﾄ,000001,新木場ﾘｻｲｸﾙ工場,001308,ｵﾈｽﾄ･ﾜﾝ,001021,ｵﾈｽﾄ･ﾜﾝ,1,紙,,000011,オネスト・ワン
2025/01/23(木),2025/01/23(木),2025/01/23(木),002332,太平ｴﾝｼﾞﾆｱﾘﾝｸﾞ,1,売上,000001,混合廃棄物A,320,320,03,kg,65,"20,800",37889,000004,D（建設）,001,処分費,14:00,14:02,000025,ﾊﾟﾚｰﾙ三井ﾋﾞﾙ,000001,ｵﾈｽﾄ,000001,新木場ﾘｻｲｸﾙ工場,000361,全公研,000289,全公研,1,紙,,000004,山本
2025/01/23(木),2025/01/23(木),2025/01/23(木),002332,太平ｴﾝｼﾞﾆｱﾘﾝｸﾞ,1,売上,000026,石膏ﾎﾞｰﾄﾞC,50,50,03,kg,80,"4,000",37889,000004,D（建設）,001,処分費,14:00,14:02,000025,ﾊﾟﾚｰﾙ三井ﾋﾞﾙ,000001,ｵﾈｽﾄ,000001,新木場ﾘｻｲｸﾙ工場,000361,全公研,000289,全公研,1,紙,,000004,山本
2025/01/23(木),2025/01/23(木),2025/01/23(木),002380,築地場外市場商店街(振),1,売上,000002,混合廃棄物B,350,350,03,kg,65,"22,750",37796,000002,B（残置）,001,処分費,08:19,08:19,000000,築地場外市場商店街(振),000001,ｵﾈｽﾄ,000001,新木場ﾘｻｲｸﾙ工場,001415,山口興業,001238,山口興業（BOND）,,,,000005,今村（紀）
2025/01/23(木),2025/01/23(木),2025/01/23(木),002393,ﾄﾅﾐ運輸(東神主管支店),1,売上,000001,混合廃棄物A,670,670,03,kg,65,"43,550",37869,000004,D（建設）,001,処分費,13:03,13:03,000002,トナミ運輸千葉支店,000001,ｵﾈｽﾄ,000001,新木場ﾘｻｲｸﾙ工場,000133,ﾀﾞｲｲﾁ興業,000105,ﾀﾞｲｲﾁ興業,2,電子,,000004,山本
2025/01/23(木),2025/01/23(木),2025/01/23(木),002402,高砂熱学工業,2,支払,000068,GC 軽鉄･ｽﾁｰﾙ類,"1,510","1,510",03,kg,15.5,"23,405",37874,000004,D（建設）,003,有価物,12:51,12:51,000007,KDDI新宿ビル（仲村工業）,000001,ｵﾈｽﾄ,000001,新木場ﾘｻｲｸﾙ工場,003472,仲村工業,000328,仲村工業,2,電子,,000002,渡辺
2025/01/23(木),2025/01/23(木),2025/01/23(木),002402,高砂熱学工業,2,支払,000120,ﾓｰﾀｰ,500,500,03,kg,95,"47,500",37847,000004,D（建設）,003,有価物,11:47,11:47,000014,小田急下北沢駅４Q諸工事,000001,ｵﾈｽﾄ,000001,新木場ﾘｻｲｸﾙ工場,000016,泉土木,000014,泉土木,1,紙,,000001,矢作
2025/01/23(木),2025/01/23(木),2025/01/23(木),002475,中外製薬,1,売上,000030,選別,70,70,03,kg,70,"4,900",37868,000002,B（残置）,001,処分費,12:12,12:13,000007,中外製薬(宇都宮ｵﾌｨｽ),000001,ｵﾈｽﾄ,000001,新木場ﾘｻｲｸﾙ工場,000001,ｵﾈｽﾄ,000023,ｼﾝｼｱ,2,電子,,000004,山本
2025/01/23(木),2025/01/23(木),2025/01/23(木),002475,中外製薬,1,売上,000109,運搬費(2t),,1,07,台,"35,000","35,000",37868,000002,B（残置）,002,運搬費,12:12,12:13,000007,中外製薬(宇都宮ｵﾌｨｽ),000001,ｵﾈｽﾄ,000001,新木場ﾘｻｲｸﾙ工場,000001,ｵﾈｽﾄ,000023,ｼﾝｼｱ,2,電子,,000004,山本
2025/01/23(木),2025/01/23(木),2025/01/23(木),002482,AQ　Group,1,売上,000002,混合廃棄物B,350,350,03,kg,65,"22,750",37795,000003,C（解体）,001,処分費,08:09,08:13,000000,AQ　Group,000001,ｵﾈｽﾄ,000001,新木場ﾘｻｲｸﾙ工場,002245,三友建設,000658,三友建設,2,電子,,000002,渡辺
2025/01/23(木),2025/01/23(木),2025/01/23(木),002614,ｸﾘﾅｯﾌﾟ,1,売上,000001,混合廃棄物A,860,860,03,kg,57,"49,020",37809,000005,E（中・積),001,処分費,10:25,10:26,000004,ｸﾘﾅｯﾌﾟ横浜北ｼｮｰﾙｰﾑ,000001,ｵﾈｽﾄ,000001,新木場ﾘｻｲｸﾙ工場,000300,丸三松本商事,000242,丸三松本商事,1,紙,,000002,渡辺
2025/01/23(木),2025/01/23(木),2025/01/23(木),002614,ｸﾘﾅｯﾌﾟ,1,売上,000013,混合廃棄物(ｿﾌｧｰ),20,20,03,kg,100,"2,000",37809,000005,E（中・積),001,処分費,10:25,10:26,000004,ｸﾘﾅｯﾌﾟ横浜北ｼｮｰﾙｰﾑ,000001,ｵﾈｽﾄ,000001,新木場ﾘｻｲｸﾙ工場,000300,丸三松本商事,000242,丸三松本商事,1,紙,,000002,渡辺
2025/01/23(木),2025/01/23(木),2025/01/23(木),002627,ｻﾃﾗｲﾄｼﾞｬﾊﾟﾝ,1,売上,000001,混合廃棄物A,110,110,03,kg,54,"5,940",37803,000001,A（事業）,001,処分費,09:12,09:12,000001,ﾌｧﾛｼﾃｨﾋﾞﾙ(ﾗ･ﾋﾟｽﾀ新橋),000001,ｵﾈｽﾄ,000001,新木場ﾘｻｲｸﾙ工場,000028,五十嵐商会,000025,五十嵐商会,1,紙,,000002,渡辺
2025/01/23(木),2025/01/23(木),2025/01/23(木),002738,共英,1,売上,000036,ﾏｯﾄﾚｽ(ｼﾝｸﾞﾙ),120,5,11,枚,"6,000","30,000",37799,000002,B（残置）,001,処分費,08:27,08:29,000000,共英,000001,ｵﾈｽﾄ,000001,新木場ﾘｻｲｸﾙ工場,000163,富士運輸,000131,富士運輸,1,紙,,000002,渡辺
2025/01/23(木),2025/01/23(木),2025/01/23(木),002845,TOKYO MOVE.com,1,売上,000001,混合廃棄物A,110,110,03,kg,65,"7,150",37927,000002,B（残置）,001,処分費,16:32,16:35,000001,TOKYO MOVE.com,000001,ｵﾈｽﾄ,000001,新木場ﾘｻｲｸﾙ工場,002845,TOKYO MOVE.com,000862,TOKYO MOVE.com,1,紙,,000004,山本
2025/01/23(木),2025/01/23(木),2025/01/23(木),002888,大和紙工業,1,売上,000001,混合廃棄物A,960,960,03,kg,65,"62,400",37897,000004,D（建設）,001,処分費,14:43,14:44,000000,大和紙工業,000001,ｵﾈｽﾄ,000001,新木場ﾘｻｲｸﾙ工場,000351,那須野興業,000280,那須野興業,1,紙,,000004,山本
2025/01/23(木),2025/01/23(木),2025/01/23(木),003000,特別養護老人ﾎｰﾑすずうらﾎｰﾑ,1,売上,000001,混合廃棄物A,370,370,03,kg,65,"24,050",37787,000001,A（事業）,001,処分費,07:16,07:17,000000,特別養護老人ﾎｰﾑすずうらﾎｰﾑ,000001,ｵﾈｽﾄ,000001,新木場ﾘｻｲｸﾙ工場,000393,栄運輸,000314,栄運輸,1,紙,,000002,渡辺
2025/01/23(木),2025/01/23(木),2025/01/23(木),003019,鉄鋼ﾋﾞﾙｻｰﾋﾞｽ,1,売上,000001,混合廃棄物A,630,630,03,kg,54,"34,020",37877,000001,A（事業）,001,処分費,13:12,13:38,000000,鉄鋼ﾋﾞﾙｻｰﾋﾞｽ,000001,ｵﾈｽﾄ,000001,新木場ﾘｻｲｸﾙ工場,000028,五十嵐商会,000025,五十嵐商会,1,紙,,000002,渡辺
2025/01/23(木),2025/01/23(木),2025/01/23(木),003019,鉄鋼ﾋﾞﾙｻｰﾋﾞｽ,1,売上,000030,選別,610,610,03,kg,65,"39,650",37877,000001,A（事業）,001,処分費,13:12,13:38,000000,鉄鋼ﾋﾞﾙｻｰﾋﾞｽ,000001,ｵﾈｽﾄ,000001,新木場ﾘｻｲｸﾙ工場,000028,五十嵐商会,000025,五十嵐商会,1,紙,,000002,渡辺
2025/01/23(木),2025/01/23(木),2025/01/23(木),003088,日本ﾍﾞｸﾄﾝ･ﾃﾞｨｯｷﾝｿﾝ,1,売上,000001,混合廃棄物A,40,40,03,kg,65,"2,600",37856,000002,B（残置）,001,処分費,11:54,12:06,000000,日本ﾍﾞｸﾄﾝ･ﾃﾞｨｯｷﾝｿﾝ,000001,ｵﾈｽﾄ,000001,新木場ﾘｻｲｸﾙ工場,000998,ﾁｰﾑﾌｫｰ,000774,ﾁｰﾑﾌｫｰ,1,紙,,000006,川部
2025/01/23(木),2025/01/23(木),2025/01/23(木),003088,日本ﾍﾞｸﾄﾝ･ﾃﾞｨｯｷﾝｿﾝ,1,売上,000030,選別,110,110,03,kg,70,"7,700",37856,000002,B（残置）,001,処分費,11:54,12:06,000000,日本ﾍﾞｸﾄﾝ･ﾃﾞｨｯｷﾝｿﾝ,000001,ｵﾈｽﾄ,000001,新木場ﾘｻｲｸﾙ工場,000998,ﾁｰﾑﾌｫｰ,000774,ﾁｰﾑﾌｫｰ,1,紙,,000006,川部
2025/01/23(木),2025/01/23(木),2025/01/23(木),003088,日本ﾍﾞｸﾄﾝ･ﾃﾞｨｯｷﾝｿﾝ,2,支払,000068,GC 軽鉄･ｽﾁｰﾙ類,20,20,03,kg,15.5,310,37856,000002,B（残置）,003,有価物,11:54,12:06,000000,日本ﾍﾞｸﾄﾝ･ﾃﾞｨｯｷﾝｿﾝ,000001,ｵﾈｽﾄ,000001,新木場ﾘｻｲｸﾙ工場,000998,ﾁｰﾑﾌｫｰ,000774,ﾁｰﾑﾌｫｰ,1,紙,,000006,川部
2025/01/23(木),2025/01/23(木),2025/01/23(木),003140,ｻﾞｲﾏｯｸｽ,2,支払,000068,GC 軽鉄･ｽﾁｰﾙ類,60,60,03,kg,24.5,"1,470",37898,000004,D（建設）,003,有価物,14:47,14:48,000012,アマゾン川崎フルフィルメントセンター,000001,ｵﾈｽﾄ,000001,新木場ﾘｻｲｸﾙ工場,000016,泉土木,000014,泉土木,1,紙,,000001,矢作
2025/01/23(木),2025/01/23(木),2025/01/23(木),003157,銀座明倫館,1,売上,000001,混合廃棄物A,50,50,03,kg,65,"3,250",37872,000001,A（事業）,001,処分費,13:03,13:06,000000,銀座明倫館,000001,ｵﾈｽﾄ,000001,新木場ﾘｻｲｸﾙ工場,001258,ﾎｿﾔ,000979,ﾎｿﾔ,1,紙,,000005,今村（紀）
2025/01/23(木),2025/01/23(木),2025/01/23(木),003157,銀座明倫館,1,売上,000029,木くず,190,190,03,kg,35,"6,650",37872,000001,A（事業）,001,処分費,13:03,13:06,000000,銀座明倫館,000001,ｵﾈｽﾄ,000001,新木場ﾘｻｲｸﾙ工場,001258,ﾎｿﾔ,000979,ﾎｿﾔ,1,紙,,000005,今村（紀）
2025/01/23(木),2025/01/23(木),2025/01/23(木),003452,ｻｸﾗ電気,1,売上,000002,混合廃棄物B,690,690,03,kg,70,"48,300",37923,000004,D（建設）,001,処分費,16:09,16:12,000006,JP水天宮,000001,ｵﾈｽﾄ,000001,新木場ﾘｻｲｸﾙ工場,001250,ｱﾝﾃﾞｽ,000971,ｱﾝﾃﾞｽ,1,紙,,000002,渡辺
2025/01/23(木),2025/01/23(木),2025/01/23(木),003872,ｾｷｽｲﾊｲﾑ不動産,1,売上,000001,混合廃棄物A,30,30,03,kg,65,"1,950",37888,000004,D（建設）,001,処分費,13:52,13:56,000000,ｾｷｽｲﾊｲﾑ不動産,000001,ｵﾈｽﾄ,000001,新木場ﾘｻｲｸﾙ工場,000001,ｵﾈｽﾄ,000654,ｾｷｽｲﾊｲﾑ 不動産,1,紙,,000005,今村（紀）
2025/01/23(木),2025/01/23(木),2025/01/23(木),003872,ｾｷｽｲﾊｲﾑ不動産,1,売上,000006,混合廃棄物(壁紙・ｸﾛｽ),50,50,03,kg,75,"3,750",37879,000004,D（建設）,001,処分費,13:29,13:30,000000,ｾｷｽｲﾊｲﾑ不動産,000001,ｵﾈｽﾄ,000001,新木場ﾘｻｲｸﾙ工場,000001,ｵﾈｽﾄ,000654,ｾｷｽｲﾊｲﾑ 不動産,1,紙,,000005,今村（紀）
2025/01/23(木),2025/01/23(木),2025/01/23(木),003872,ｾｷｽｲﾊｲﾑ不動産,1,売上,000006,混合廃棄物(壁紙・ｸﾛｽ),130,130,03,kg,75,"9,750",37888,000004,D（建設）,001,処分費,13:52,13:56,000000,ｾｷｽｲﾊｲﾑ不動産,000001,ｵﾈｽﾄ,000001,新木場ﾘｻｲｸﾙ工場,000001,ｵﾈｽﾄ,000654,ｾｷｽｲﾊｲﾑ 不動産,1,紙,,000005,今村（紀）
2025/01/23(木),2025/01/23(木),2025/01/23(木),003872,ｾｷｽｲﾊｲﾑ不動産,1,売上,000352,運搬費(2ｔ車),,1,07,台,"27,000","27,000",37879,000004,D（建設）,002,運搬費,13:29,13:30,000000,ｾｷｽｲﾊｲﾑ不動産,000001,ｵﾈｽﾄ,000001,新木場ﾘｻｲｸﾙ工場,000001,ｵﾈｽﾄ,000654,ｾｷｽｲﾊｲﾑ 不動産,1,紙,,000005,今村（紀）
2025/01/23(木),2025/01/23(木),2025/01/23(木),003872,ｾｷｽｲﾊｲﾑ不動産,1,売上,000353,運搬費(3ｔｺﾝﾃﾅ車),,1,07,台,"48,000","48,000",37888,000004,D（建設）,002,運搬費,13:52,13:56,000000,ｾｷｽｲﾊｲﾑ不動産,000001,ｵﾈｽﾄ,000001,新木場ﾘｻｲｸﾙ工場,000001,ｵﾈｽﾄ,000654,ｾｷｽｲﾊｲﾑ 不動産,1,紙,,000005,今村（紀）
2025/01/23(木),2025/01/23(木),2025/01/23(木),003910,高匠,1,売上,000002,混合廃棄物B,120,120,03,kg,70,"8,400",37880,000003,C（解体）,001,処分費,13:16,13:16,000122,菱和ﾊﾟﾚｽ西麻布508,000001,ｵﾈｽﾄ,000001,新木場ﾘｻｲｸﾙ工場,000362,ﾐﾔ産興,000290,ﾐﾔ産興,1,紙,,000004,山本
2025/01/23(木),2025/01/23(木),2025/01/23(木),003992,ﾓﾘﾃｯｸ,1,売上,000001,混合廃棄物A,"3,030","3,030",03,kg,65,"196,950",37801,000004,D（建設）,001,処分費,08:33,08:36,000000,ﾓﾘﾃｯｸ,000001,ｵﾈｽﾄ,000001,新木場ﾘｻｲｸﾙ工場,000001,ｵﾈｽﾄ,000707,ﾓﾘﾃｯｸ,1,紙,,000005,今村（紀）
2025/01/23(木),2025/01/23(木),2025/01/23(木),003992,ﾓﾘﾃｯｸ,1,売上,000349,運搬費(4ｔｺﾝﾃﾅ),,1,07,台,"16,000","16,000",37801,000004,D（建設）,002,運搬費,08:33,08:36,000000,ﾓﾘﾃｯｸ,000001,ｵﾈｽﾄ,000001,新木場ﾘｻｲｸﾙ工場,000001,ｵﾈｽﾄ,000707,ﾓﾘﾃｯｸ,1,紙,,000005,今村（紀）
2025/01/23(木),2025/01/23(木),2025/01/23(木),004039,(ｵﾈﾜﾝ)ﾄｯﾌﾟﾘﾕｰｽ,1,売上,000001,混合廃棄物A,360,360,03,kg,63,"22,680",37881,000002,B（残置）,001,処分費,13:23,13:27,000000,(ｵﾈﾜﾝ)ﾄｯﾌﾟﾘﾕｰｽ,000001,ｵﾈｽﾄ,000001,新木場ﾘｻｲｸﾙ工場,004039,(ｵﾈﾜﾝ)ﾄｯﾌﾟﾘﾕｰｽ,001021,ｵﾈｽﾄ･ﾜﾝ,1,紙,,000011,オネスト・ワン
2025/01/23(木),2025/01/23(木),2025/01/23(木),004039,(ｵﾈﾜﾝ)ﾄｯﾌﾟﾘﾕｰｽ,1,売上,000013,混合廃棄物(ｿﾌｧｰ),30,30,03,kg,90,"2,700",37881,000002,B（残置）,001,処分費,13:23,13:27,000000,(ｵﾈﾜﾝ)ﾄｯﾌﾟﾘﾕｰｽ,000001,ｵﾈｽﾄ,000001,新木場ﾘｻｲｸﾙ工場,004039,(ｵﾈﾜﾝ)ﾄｯﾌﾟﾘﾕｰｽ,001021,ｵﾈｽﾄ･ﾜﾝ,1,紙,,000011,オネスト・ワン
2025/01/23(木),2025/01/23(木),2025/01/23(木),004097,佐富工業,1,売上,000002,混合廃棄物B,630,630,03,kg,70,"44,100",37829,000003,C（解体）,001,処分費,11:07,11:11,000014,ACN幡ヶ谷ﾋﾞﾙB1内部解体,000001,ｵﾈｽﾄ,000001,新木場ﾘｻｲｸﾙ工場,004097,佐富工業,000709,佐富工業,1,紙,,000005,今村（紀）
2025/01/23(木),2025/01/23(木),2025/01/23(木),004108,ﾊﾟﾅｿﾆｯｸ産機ｼｽﾃﾑｽﾞ,1,売上,000001,混合廃棄物A,80,80,03,kg,50,"4,000",37832,000004,D（建設）,001,処分費,11:28,11:28,000001,協和興運,000001,ｵﾈｽﾄ,000001,新木場ﾘｻｲｸﾙ工場,000033,富士商事,000873,伊藤忠ﾒﾀﾙｽﾞ,2,電子,,000001,矢作
2025/01/23(木),2025/01/23(木),2025/01/23(木),004240,ﾖｺﾄｸ,1,売上,000109,運搬費,,1,07,台,"25,000","25,000",37814,000004,D（建設）,002,運搬費,10:14,10:28,000007,自転車ﾗｯｸ改修工事（千川駅北第一自転車駐,000001,ｵﾈｽﾄ,000001,新木場ﾘｻｲｸﾙ工場,000001,ｵﾈｽﾄ,000799,ﾖｺﾄｸ,1,紙,,000006,川部
2025/01/23(木),2025/01/23(木),2025/01/23(木),004240,ﾖｺﾄｸ,2,支払,000068,GC 軽鉄･ｽﾁｰﾙ類,380,380,03,kg,15.5,"5,890",37814,000004,D（建設）,003,有価物,10:14,10:28,000007,自転車ﾗｯｸ改修工事（千川駅北第一自転車駐,000001,ｵﾈｽﾄ,000001,新木場ﾘｻｲｸﾙ工場,000001,ｵﾈｽﾄ,000799,ﾖｺﾄｸ,1,紙,,000006,川部
2025/01/23(木),2025/01/23(木),2025/01/23(木),004766,JR東日本環境ｱｸｾｽ,1,売上,000001,混合廃棄物A,"1,270","1,270",03,kg,55,"69,850",37798,000001,A（事業）,001,処分費,08:37,08:37,000001,東京資源循環ｾﾝﾀｰ,000001,ｵﾈｽﾄ,000001,新木場ﾘｻｲｸﾙ工場,004766,JR東日本環境ｱｸｾｽ,000426,JR東日本環境ｱｸｾｽ,2,電子,,000002,渡辺
2025/01/23(木),2025/01/23(木),2025/01/23(木),004766,JR東日本環境ｱｸｾｽ,1,売上,000001,混合廃棄物A,"1,290","1,290",03,kg,55,"70,950",37806,000001,A（事業）,001,処分費,09:34,09:34,000001,東京資源循環ｾﾝﾀｰ,000001,ｵﾈｽﾄ,000001,新木場ﾘｻｲｸﾙ工場,004766,JR東日本環境ｱｸｾｽ,000426,JR東日本環境ｱｸｾｽ,2,電子,,000002,渡辺
2025/01/23(木),2025/01/23(木),2025/01/23(木),004857,ﾀﾐﾔﾎｰﾑ,1,売上,000002,混合廃棄物B,60,60,03,kg,70,"4,200",37932,000003,C（解体）,001,処分費,17:11,17:13,000041,和光市中央解体工事,000001,ｵﾈｽﾄ,000001,新木場ﾘｻｲｸﾙ工場,007123,ﾓﾝﾎﾞﾙﾄﾞ,000462,ﾓﾝﾎﾞﾙﾄﾞ,1,紙,,000007,小林
2025/01/23(木),2025/01/23(木),2025/01/23(木),004857,ﾀﾐﾔﾎｰﾑ,1,売上,000002,混合廃棄物B,240,240,03,kg,70,"16,800",37812,000003,C（解体）,001,処分費,10:12,10:15,000042,解体工事（江戸川区）,000001,ｵﾈｽﾄ,000001,新木場ﾘｻｲｸﾙ工場,007123,ﾓﾝﾎﾞﾙﾄﾞ,000462,ﾓﾝﾎﾞﾙﾄﾞ,1,紙,,000007,小林
2025/01/23(木),2025/01/23(木),2025/01/23(木),004857,ﾀﾐﾔﾎｰﾑ,1,売上,000021,軽量物系B(ｸﾞﾗｽｳｰﾙ),140,140,03,kg,80,"11,200",37932,000003,C（解体）,001,処分費,17:11,17:13,000041,和光市中央解体工事,000001,ｵﾈｽﾄ,000001,新木場ﾘｻｲｸﾙ工場,007123,ﾓﾝﾎﾞﾙﾄﾞ,000462,ﾓﾝﾎﾞﾙﾄﾞ,1,紙,,000007,小林
2025/01/23(木),2025/01/23(木),2025/01/23(木),005011,ﾊﾙﾊﾟｴﾔ,1,売上,000001,混合廃棄物A,600,600,03,kg,65,"39,000",37922,000002,B（残置）,001,処分費,16:07,16:23,000000,ﾊﾙﾊﾟｴﾔ,000001,ｵﾈｽﾄ,000001,新木場ﾘｻｲｸﾙ工場,005011,ﾊﾙﾊﾟｴﾔ,000718,ﾊﾙﾊﾟｴﾔ,1,紙,,000005,今村（紀）
2025/01/23(木),2025/01/23(木),2025/01/23(木),005011,ﾊﾙﾊﾟｴﾔ,1,売上,000029,木くず,260,260,03,kg,35,"9,100",37922,000002,B（残置）,001,処分費,16:07,16:23,000000,ﾊﾙﾊﾟｴﾔ,000001,ｵﾈｽﾄ,000001,新木場ﾘｻｲｸﾙ工場,005011,ﾊﾙﾊﾟｴﾔ,000718,ﾊﾙﾊﾟｴﾔ,1,紙,,000005,今村（紀）
2025/01/23(木),2025/01/23(木),2025/01/23(木),005483,ﾔﾏﾄ運輸船橋主管支店,1,売上,000002,混合廃棄物B,330,330,03,kg,70,"23,100",37820,000004,D（建設）,001,処分費,11:01,11:03,000002,ﾔﾏﾄ運輸東京通関ｾﾝﾀｰ,000001,ｵﾈｽﾄ,000001,新木場ﾘｻｲｸﾙ工場,000076,上田紙業,000063,上田紙業,1,紙,,000006,川部
2025/01/23(木),2025/01/23(木),2025/01/23(木),005776,JA三井ﾘｰｽ,1,売上,000001,混合廃棄物A,490,490,03,kg,65,"31,850",37865,000002,B（残置）,001,処分費,12:16,13:41,000000,JA三井ﾘｰｽ,000001,ｵﾈｽﾄ,000001,新木場ﾘｻｲｸﾙ工場,000001,ｵﾈｽﾄ,001082,JA三井ﾘｰｽ,2,電子,,000012,サン・テクノ
2025/01/23(木),2025/01/23(木),2025/01/23(木),005776,JA三井ﾘｰｽ,1,売上,000109,運搬費,,1,07,台,"28,000","28,000",37865,000002,B（残置）,002,運搬費,12:16,13:41,000000,JA三井ﾘｰｽ,000001,ｵﾈｽﾄ,000001,新木場ﾘｻｲｸﾙ工場,000001,ｵﾈｽﾄ,001082,JA三井ﾘｰｽ,2,電子,,000012,サン・テクノ
2025/01/23(木),2025/01/23(木),2025/01/23(木),005776,JA三井ﾘｰｽ,2,支払,000068,GC 軽鉄･ｽﾁｰﾙ類,30,30,03,kg,5,150,37865,000002,B（残置）,003,有価物,12:16,13:41,000000,JA三井ﾘｰｽ,000001,ｵﾈｽﾄ,000001,新木場ﾘｻｲｸﾙ工場,000001,ｵﾈｽﾄ,001082,JA三井ﾘｰｽ,2,電子,,000012,サン・テクノ
2025/01/23(木),2025/01/23(木),2025/01/23(木),005856,olk,1,売上,000001,混合廃棄物A,"1,090","1,090",03,kg,60,"65,400",37899,000004,D（建設）,001,処分費,14:51,14:53,000002,翼工芸社　第3倉庫,000001,ｵﾈｽﾄ,000001,新木場ﾘｻｲｸﾙ工場,000001,ｵﾈｽﾄ,000471,"olk ",1,紙,,000002,渡辺
2025/01/23(木),2025/01/23(木),2025/01/23(木),005856,olk,1,売上,000109,運搬費,,1,07,台,"20,000","20,000",37899,000004,D（建設）,002,運搬費,14:51,14:53,000002,翼工芸社　第3倉庫,000001,ｵﾈｽﾄ,000001,新木場ﾘｻｲｸﾙ工場,000001,ｵﾈｽﾄ,000471,"olk ",1,紙,,000002,渡辺
2025/01/23(木),2025/01/23(木),2025/01/23(木),005884,(ｻﾝﾃｸﾉ)ｻﾝﾄﾗｽﾄ,1,売上,000001,混合廃棄物A,430,430,03,kg,58,"24,940",37813,000006,F（他）,001,処分費,10:34,10:41,000091,旅,000001,ｵﾈｽﾄ,000001,新木場ﾘｻｲｸﾙ工場,005884,(ｻﾝﾃｸﾉ)ｻﾝﾄﾗｽﾄ,001022,ｻﾝ･ﾃｸﾉ,1,紙,,000012,サン・テクノ
2025/01/23(木),2025/01/23(木),2025/01/23(木),005922,日本ｷｬﾘｱ,1,売上,000001,混合廃棄物A,50,50,03,kg,58,"2,900",37928,000004,D（建設）,001,処分費,16:40,16:53,000002,太田清掃工場,000001,ｵﾈｽﾄ,000001,新木場ﾘｻｲｸﾙ工場,000016,泉土木,000014,泉土木,1,紙,,000001,矢作
2025/01/23(木),2025/01/23(木),2025/01/23(木),005922,日本ｷｬﾘｱ,1,売上,000046,ﾀﾞﾝﾎﾞｰﾙ,10,10,03,kg,0,0,37928,000004,D（建設）,001,処分費,16:40,16:53,000002,太田清掃工場,000001,ｵﾈｽﾄ,000001,新木場ﾘｻｲｸﾙ工場,000016,泉土木,000014,泉土木,1,紙,,000001,矢作
2025/01/23(木),2025/01/23(木),2025/01/23(木),005922,日本ｷｬﾘｱ,2,支払,000120,ﾓｰﾀｰ,650,650,03,kg,95,"61,750",37928,000004,D（建設）,003,有価物,16:40,16:53,000002,太田清掃工場,000001,ｵﾈｽﾄ,000001,新木場ﾘｻｲｸﾙ工場,000016,泉土木,000014,泉土木,1,紙,,000001,矢作
2025/01/23(木),2025/01/23(木),2025/01/23(木),006107,大京穴吹不動産,1,売上,000001,混合廃棄物A,40,40,03,kg,55,"2,200",37896,000002,B（残置）,001,処分費,14:43,14:48,000095,ファミールシティ武蔵関3番館(420),000001,ｵﾈｽﾄ,000001,新木場ﾘｻｲｸﾙ工場,004463,あるくる,000823,あるくる,1,紙,,000001,矢作
2025/01/23(木),2025/01/23(木),2025/01/23(木),006107,大京穴吹不動産,1,売上,000029,木くず,150,150,03,kg,42,"6,300",37896,000002,B（残置）,001,処分費,14:43,14:48,000095,ファミールシティ武蔵関3番館(420),000001,ｵﾈｽﾄ,000001,新木場ﾘｻｲｸﾙ工場,004463,あるくる,000823,あるくる,1,紙,,000001,矢作
2025/01/23(木),2025/01/23(木),2025/01/23(木),006176,ﾌｨｰﾙｹﾞｰﾄ,1,売上,000001,混合廃棄物A,20,20,03,kg,70,"1,400",37837,000004,D（建設）,001,処分費,11:38,11:43,000000,ﾌｨｰﾙｹﾞｰﾄ,000001,ｵﾈｽﾄ,000001,新木場ﾘｻｲｸﾙ工場,006176,ﾌｨｰﾙｹﾞｰﾄ,001056,ﾌｨｰﾙｹﾞｰﾄ,1,紙,,000012,サン・テクノ
2025/01/23(木),2025/01/23(木),2025/01/23(木),006176,ﾌｨｰﾙｹﾞｰﾄ,1,売上,000001,混合廃棄物A,90,90,03,kg,70,"6,300",37907,000004,D（建設）,001,処分費,15:06,15:10,000000,ﾌｨｰﾙｹﾞｰﾄ,000001,ｵﾈｽﾄ,000001,新木場ﾘｻｲｸﾙ工場,006176,ﾌｨｰﾙｹﾞｰﾄ,001056,ﾌｨｰﾙｹﾞｰﾄ,1,紙,,000012,サン・テクノ
2025/01/23(木),2025/01/23(木),2025/01/23(木),006176,ﾌｨｰﾙｹﾞｰﾄ,1,売上,000004,混合廃棄物(焼却物),90,90,03,kg,80,"7,200",37907,000004,D（建設）,001,処分費,15:06,15:10,000000,ﾌｨｰﾙｹﾞｰﾄ,000001,ｵﾈｽﾄ,000001,新木場ﾘｻｲｸﾙ工場,006176,ﾌｨｰﾙｹﾞｰﾄ,001056,ﾌｨｰﾙｹﾞｰﾄ,1,紙,,000012,サン・テクノ
2025/01/23(木),2025/01/23(木),2025/01/23(木),006176,ﾌｨｰﾙｹﾞｰﾄ,1,売上,000004,混合廃棄物(焼却物),200,200,03,kg,80,"16,000",37837,000004,D（建設）,001,処分費,11:38,11:43,000000,ﾌｨｰﾙｹﾞｰﾄ,000001,ｵﾈｽﾄ,000001,新木場ﾘｻｲｸﾙ工場,006176,ﾌｨｰﾙｹﾞｰﾄ,001056,ﾌｨｰﾙｹﾞｰﾄ,1,紙,,000012,サン・テクノ
2025/01/23(木),2025/01/23(木),2025/01/23(木),006448,ﾜｷﾀｹｱﾈｯﾄ,1,売上,000030,選別,"1,320","1,320",03,kg,70,"92,400",37823,000002,B（残置）,001,処分費,10:58,10:59,000001,ﾆﾁｲｹｱﾈｯﾄ　関東物流ｾﾝﾀｰ,000001,ｵﾈｽﾄ,000001,新木場ﾘｻｲｸﾙ工場,000194,中央梱包運輸,000160,中央梱包運輸,1,紙,,000005,今村（紀）
2025/01/23(木),2025/01/23(木),2025/01/23(木),006448,ﾜｷﾀｹｱﾈｯﾄ,2,支払,000068,GC 軽鉄･ｽﾁｰﾙ類,540,540,03,kg,15.5,"8,370",37823,000002,B（残置）,003,有価物,10:58,10:59,000001,ﾆﾁｲｹｱﾈｯﾄ　関東物流ｾﾝﾀｰ,000001,ｵﾈｽﾄ,000001,新木場ﾘｻｲｸﾙ工場,000194,中央梱包運輸,000160,中央梱包運輸,1,紙,,000005,今村（紀）
2025/01/23(木),2025/01/23(木),2025/01/23(木),007342,ｵｰﾌﾟﾝﾊｳｽ･ﾃﾞｨﾍﾞﾛｯﾌﾟﾒﾝﾄ,1,売上,000002,混合廃棄物B,470,470,03,kg,70,"32,900",37827,000004,D（建設）,001,処分費,11:06,11:09,000000,ｵｰﾌﾟﾝﾊｳｽ･ﾃﾞｨﾍﾞﾛｯﾌﾟﾒﾝﾄ,000001,ｵﾈｽﾄ,000001,新木場ﾘｻｲｸﾙ工場,000210,ES産業,000175,ES産業,2,電子,,000002,渡辺
2025/01/23(木),2025/01/23(木),2025/01/23(木),007342,ｵｰﾌﾟﾝﾊｳｽ･ﾃﾞｨﾍﾞﾛｯﾌﾟﾒﾝﾄ,1,売上,000021,軽量物系B(ｸﾞﾗｽｳｰﾙ),120,120,03,kg,80,"9,600",37827,000004,D（建設）,001,処分費,11:06,11:09,000000,ｵｰﾌﾟﾝﾊｳｽ･ﾃﾞｨﾍﾞﾛｯﾌﾟﾒﾝﾄ,000001,ｵﾈｽﾄ,000001,新木場ﾘｻｲｸﾙ工場,000210,ES産業,000175,ES産業,2,電子,,000002,渡辺
2025/01/23(木),2025/01/23(木),2025/01/23(木),007387,ｴｸｼｵｸﾞﾙｰﾌﾟ,1,売上,000001,混合廃棄物A,"1,320","1,320",03,kg,60,"79,200",37849,000004,D（建設）,001,処分費,11:49,11:53,000004,電気通信工事,000001,ｵﾈｽﾄ,000001,新木場ﾘｻｲｸﾙ工場,003444,上野運輸,000271,上野運輸,1,紙,,000004,山本
2025/01/23(木),2025/01/23(木),2025/01/23(木),007894,ｸﾞﾛｰﾊﾞﾙｽﾎﾟｰﾂ医学研究所,1,売上,000001,混合廃棄物A,180,180,03,kg,65,"11,700",37826,000002,B（残置）,001,処分費,11:06,11:14,000009,ｸﾞﾛｰﾊﾞﾙｽﾎﾟｰﾂ医学研究所,000001,ｵﾈｽﾄ,000001,新木場ﾘｻｲｸﾙ工場,007489,ﾌｫｰﾒｰｼｮﾝ,001020,ﾌｫｰﾒｰｼｮﾝ,1,紙,,000007,小林
2025/01/23(木),2025/01/23(木),2025/01/23(木),007917,ﾜｰｸﾏﾝ,1,売上,000001,混合廃棄物A,110,110,03,kg,65,"7,150",37924,000004,D（建設）,001,処分費,16:19,16:19,000000,ﾜｰｸﾏﾝ,000001,ｵﾈｽﾄ,000001,新木場ﾘｻｲｸﾙ工場,001051,Y-maxx,000808,Y-maxx,2,電子,,000004,山本
2025/01/23(木),2025/01/23(木),2025/01/23(木),008103,しなの,1,売上,000002,混合廃棄物B,670,670,03,kg,70,"46,900",37791,000003,C（解体）,001,処分費,07:33,07:35,000009,貫井邸,000001,ｵﾈｽﾄ,000001,新木場ﾘｻｲｸﾙ工場,008103,しなの,001059,しなの,1,紙,,000012,サン・テクノ
2025/01/23(木),2025/01/23(木),2025/01/23(木),008103,しなの,1,売上,000002,混合廃棄物B,980,980,03,kg,70,"68,600",37875,000003,C（解体）,001,処分費,13:07,13:07,000009,貫井邸,000001,ｵﾈｽﾄ,000001,新木場ﾘｻｲｸﾙ工場,008103,しなの,001059,しなの,1,紙,,000012,サン・テクノ
2025/01/23(木),2025/01/23(木),2025/01/23(木),008290,日本通運㈱,1,売上,000038,廃ﾌﾟﾗｽﾁｯｸ類,570,570,03,kg,60,"34,200",37835,000001,A（事業）,001,処分費,11:34,11:34,000002,羽田京浜島航空貨物ｾﾝﾀｰ,000001,ｵﾈｽﾄ,000001,新木場ﾘｻｲｸﾙ工場,000001,ｵﾈｽﾄ,000095,日本通運,2,電子,,000007,小林
2025/01/23(木),2025/01/23(木),2025/01/23(木),008290,日本通運㈱,1,売上,000109,運搬費,,1,07,台,"21,000","21,000",37835,000001,A（事業）,002,運搬費,11:34,11:34,000002,羽田京浜島航空貨物ｾﾝﾀｰ,000001,ｵﾈｽﾄ,000001,新木場ﾘｻｲｸﾙ工場,000001,ｵﾈｽﾄ,000095,日本通運,2,電子,,000007,小林
2025/01/23(木),2025/01/23(木),2025/01/23(木),008309,ﾌｨﾌﾞｲﾝﾄﾗﾛｼﾞｽﾃｨｸｽ,1,売上,000011,混合廃棄物(処理困難物),240,1,02,m3,"28,000","28,000",37885,000004,D（建設）,001,処分費,13:46,13:50,000011,ﾔﾏﾄ山形ｽﾁｰﾙﾍﾞﾙﾄ入替工事,000001,ｵﾈｽﾄ,000001,新木場ﾘｻｲｸﾙ工場,008309,ﾌｨﾌﾞｲﾝﾄﾗﾛｼﾞｽﾃｨｸｽ,000386,ﾌｨﾌﾞｲﾝﾄﾗﾛｼﾞｽﾃｨｸｽ,2,電子,,000002,渡辺
2025/01/23(木),2025/01/23(木),2025/01/23(木),008371,新菱冷熱工業電気計装事業部,1,売上,000001,混合廃棄物A,70,70,03,kg,65,"4,550",37903,000004,D（建設）,001,処分費,15:16,10:56,000018,【村上】立川DHC 諸工事  2024年度,000001,ｵﾈｽﾄ,000001,新木場ﾘｻｲｸﾙ工場,000001,ｵﾈｽﾄ,000594,新菱冷熱工業都市環境事業部,1,紙,,000006,川部
2025/01/23(木),2025/01/23(木),2025/01/23(木),008371,新菱冷熱工業電気計装事業部,1,売上,000352,運搬費(2ｔ車),,1,07,台,"16,500","16,500",37992,000004,D（建設）,002,運搬費,11:08,10:56,000018,【村上】立川DHC 諸工事  2024年度,000001,ｵﾈｽﾄ,000001,新木場ﾘｻｲｸﾙ工場,000001,ｵﾈｽﾄ,000594,新菱冷熱工業都市環境事業部,1,紙,,000006,川部
2025/01/23(木),2025/01/23(木),2025/01/23(木),008371,新菱冷熱工業電気計装事業部,1,売上,000352,運搬費(2ｔ車),,1,07,台,"21,500","21,500",37903,000004,D（建設）,002,運搬費,15:16,10:56,000018,【村上】立川DHC 諸工事  2024年度,000001,ｵﾈｽﾄ,000001,新木場ﾘｻｲｸﾙ工場,000001,ｵﾈｽﾄ,000594,新菱冷熱工業都市環境事業部,1,紙,,000006,川部
2025/01/23(木),2025/01/23(木),2025/01/23(木),008371,新菱冷熱工業電気計装事業部,2,支払,000068,GC 軽鉄･ｽﾁｰﾙ類,100,100,03,kg,26.5,"2,650",37992,000004,D（建設）,003,有価物,11:08,10:56,000018,【村上】立川DHC 諸工事  2024年度,000001,ｵﾈｽﾄ,000001,新木場ﾘｻｲｸﾙ工場,000001,ｵﾈｽﾄ,000594,新菱冷熱工業都市環境事業部,1,紙,,000006,川部
2025/01/23(木),2025/01/23(木),2025/01/23(木),008371,新菱冷熱工業電気計装事業部,2,支払,000068,GC 軽鉄･ｽﾁｰﾙ類,230,230,03,kg,26.5,"6,095",37903,000004,D（建設）,003,有価物,15:16,10:56,000018,【村上】立川DHC 諸工事  2024年度,000001,ｵﾈｽﾄ,000001,新木場ﾘｻｲｸﾙ工場,000001,ｵﾈｽﾄ,000594,新菱冷熱工業都市環境事業部,1,紙,,000006,川部
2025/01/23(木),2025/01/23(木),2025/01/23(木),008435,ﾐﾗｲﾙ,1,売上,000001,混合廃棄物A,990,990,03,kg,63,"62,370",37780,000002,B（残置）,001,処分費,06:25,06:25,000005,ﾐﾗｲﾙ(新宿区),000001,ｵﾈｽﾄ,000001,新木場ﾘｻｲｸﾙ工場,001308,ｵﾈｽﾄ･ﾜﾝ,001021,ｵﾈｽﾄ･ﾜﾝ,1,紙,,000011,オネスト・ワン
2025/01/23(木),2025/01/23(木),2025/01/23(木),008435,ﾐﾗｲﾙ,1,売上,000030,選別,"1,900","1,900",03,kg,60,"114,000",37784,000002,B（残置）,001,処分費,06:27,06:27,000005,ﾐﾗｲﾙ(新宿区),000001,ｵﾈｽﾄ,000001,新木場ﾘｻｲｸﾙ工場,001308,ｵﾈｽﾄ･ﾜﾝ,001021,ｵﾈｽﾄ･ﾜﾝ,1,紙,,000011,オネスト・ワン
2025/01/23(木),2025/01/23(木),2025/01/23(木),008435,ﾐﾗｲﾙ,1,売上,000031,金庫,30,30,03,kg,70,"2,100",37780,000002,B（残置）,001,処分費,06:25,06:25,000005,ﾐﾗｲﾙ(新宿区),000001,ｵﾈｽﾄ,000001,新木場ﾘｻｲｸﾙ工場,001308,ｵﾈｽﾄ･ﾜﾝ,001021,ｵﾈｽﾄ･ﾜﾝ,1,紙,,000011,オネスト・ワン
2025/01/23(木),2025/01/23(木),2025/01/23(木),008435,ﾐﾗｲﾙ,2,支払,000068,GC 軽鉄･ｽﾁｰﾙ類,"1,220","1,220",03,kg,28,"34,160",37784,000002,B（残置）,003,有価物,06:27,06:27,000005,ﾐﾗｲﾙ(新宿区),000001,ｵﾈｽﾄ,000001,新木場ﾘｻｲｸﾙ工場,001308,ｵﾈｽﾄ･ﾜﾝ,001021,ｵﾈｽﾄ･ﾜﾝ,1,紙,,000011,オネスト・ワン
2025/01/23(木),2025/01/23(木),2025/01/23(木),008529,ｳｨﾝ・ｳｨﾝ,1,売上,000001,混合廃棄物A,360,360,03,kg,65,"23,400",37926,000003,C（解体）,001,処分費,16:45,16:46,000000,ｳｨﾝ・ｳｨﾝ,000001,ｵﾈｽﾄ,000001,新木場ﾘｻｲｸﾙ工場,008529,ｳｨﾝ・ｳｨﾝ,001374,ｳｨﾝ･ｳｨﾝ,1,紙,,000007,小林
2025/01/23(木),2025/01/23(木),2025/01/23(木),008529,ｳｨﾝ・ｳｨﾝ,1,売上,000005,混合廃棄物(布団),70,70,03,kg,75,"5,250",37926,000003,C（解体）,001,処分費,16:45,16:46,000000,ｳｨﾝ・ｳｨﾝ,000001,ｵﾈｽﾄ,000001,新木場ﾘｻｲｸﾙ工場,008529,ｳｨﾝ・ｳｨﾝ,001374,ｳｨﾝ･ｳｨﾝ,1,紙,,000007,小林
2025/01/23(木),2025/01/23(木),2025/01/23(木),008529,ｳｨﾝ・ｳｨﾝ,1,売上,000031,金庫,90,90,03,kg,80,"7,200",37926,000003,C（解体）,001,処分費,16:45,16:46,000000,ｳｨﾝ・ｳｨﾝ,000001,ｵﾈｽﾄ,000001,新木場ﾘｻｲｸﾙ工場,008529,ｳｨﾝ・ｳｨﾝ,001374,ｳｨﾝ･ｳｨﾝ,1,紙,,000007,小林
2025/01/23(木),2025/01/23(木),2025/01/23(木),008587,家島建設,1,売上,000029,木くず,150,150,03,kg,35,"5,250",37861,000004,D（建設）,001,処分費,12:19,12:23,000001,令和5年度京浜運河(八潮一丁目)防潮堤建設,000001,ｵﾈｽﾄ,000001,新木場ﾘｻｲｸﾙ工場,000001,ｵﾈｽﾄ,001388,家島建設,1,紙,,000002,渡辺
2025/01/23(木),2025/01/23(木),2025/01/23(木),008587,家島建設,1,売上,000038,廃ﾌﾟﾗｽﾁｯｸ類,370,370,03,kg,65,"24,050",37861,000004,D（建設）,001,処分費,12:19,12:23,000001,令和5年度京浜運河(八潮一丁目)防潮堤建設,000001,ｵﾈｽﾄ,000001,新木場ﾘｻｲｸﾙ工場,000001,ｵﾈｽﾄ,001388,家島建設,1,紙,,000002,渡辺
2025/01/23(木),2025/01/23(木),2025/01/23(木),008587,家島建設,1,売上,000083,がれき類,"6,120","6,120",03,kg,50,"306,000",37861,000004,D（建設）,001,処分費,12:19,12:23,000001,令和5年度京浜運河(八潮一丁目)防潮堤建設,000001,ｵﾈｽﾄ,000001,新木場ﾘｻｲｸﾙ工場,000001,ｵﾈｽﾄ,001388,家島建設,1,紙,,000002,渡辺
2025/01/23(木),2025/01/23(木),2025/01/23(木),008587,家島建設,1,売上,000109,運搬費,,1,07,台,"50,000","50,000",37861,000004,D（建設）,002,運搬費,12:19,12:23,000001,令和5年度京浜運河(八潮一丁目)防潮堤建設,000001,ｵﾈｽﾄ,000001,新木場ﾘｻｲｸﾙ工場,000001,ｵﾈｽﾄ,001388,家島建設,1,紙,,000002,渡辺
2025/01/23(木),2025/01/23(木),2025/01/23(木),008622,小林造園,1,売上,000002,混合廃棄物B,160,160,03,kg,70,"11,200",37808,000003,C（解体）,001,処分費,10:04,10:07,000001,南綾瀬中央公園改修工事,000001,ｵﾈｽﾄ,000001,新木場ﾘｻｲｸﾙ工場,006277,寿建工,000887,寿建工,1,紙,,000004,山本
2025/01/23(木),2025/01/23(木),2025/01/23(木),008658,ｳﾞｧﾘｱｽ,1,売上,000001,混合廃棄物A,360,360,03,kg,65,"23,400",37846,000002,B（残置）,001,処分費,11:48,11:54,000001,東建参宮橋ﾏﾝｼｮﾝ,000001,ｵﾈｽﾄ,000001,新木場ﾘｻｲｸﾙ工場,008658,ｳﾞｧﾘｱｽ,001397,ｳﾞｧﾘｱｽ,1,紙,,000003,蛯子
2025/01/23(木),2025/01/23(木),2025/01/23(木),008658,ｳﾞｧﾘｱｽ,1,売上,000026,石膏ﾎﾞｰﾄﾞC,40,40,03,kg,80,"3,200",37846,000002,B（残置）,001,処分費,11:48,11:54,000001,東建参宮橋ﾏﾝｼｮﾝ,000001,ｵﾈｽﾄ,000001,新木場ﾘｻｲｸﾙ工場,008658,ｳﾞｧﾘｱｽ,001397,ｳﾞｧﾘｱｽ,1,紙,,000003,蛯子
2025/01/23(木),2025/01/23(木),2025/01/23(木),008658,ｳﾞｧﾘｱｽ,1,売上,000102,ﾏﾆﾌｪｽﾄ,,10,11,枚,50,500,37846,000002,B（残置）,001,処分費,11:48,11:54,000001,東建参宮橋ﾏﾝｼｮﾝ,000001,ｵﾈｽﾄ,000001,新木場ﾘｻｲｸﾙ工場,008658,ｳﾞｧﾘｱｽ,001397,ｳﾞｧﾘｱｽ,1,紙,,000003,蛯子
2025/01/23(木),2025/01/23(木),2025/01/23(木),008751,ﾀﾏﾉｲ酢,1,売上,000001,混合廃棄物A,470,470,03,kg,65,"30,550",37858,000002,B（残置）,001,処分費,12:12,12:12,000000,ﾀﾏﾉｲ酢,000001,ｵﾈｽﾄ,000001,新木場ﾘｻｲｸﾙ工場,000110,ﾃｲｿｳ物流ｻｰﾋﾞｽ,000088,ﾃｲｿｳ物流ｻｰﾋﾞｽ,1,紙,,000002,渡辺
2025/01/23(木),2025/01/23(木),2025/01/23(木),008751,ﾀﾏﾉｲ酢,1,売上,000030,選別,20,20,03,kg,70,"1,400",37831,000002,B（残置）,001,処分費,11:20,11:21,000000,ﾀﾏﾉｲ酢,000001,ｵﾈｽﾄ,000001,新木場ﾘｻｲｸﾙ工場,000110,ﾃｲｿｳ物流ｻｰﾋﾞｽ,000088,ﾃｲｿｳ物流ｻｰﾋﾞｽ,1,紙,,000002,渡辺
2025/01/23(木),2025/01/23(木),2025/01/23(木),008751,ﾀﾏﾉｲ酢,2,支払,000068,GC 軽鉄･ｽﾁｰﾙ類,500,500,03,kg,15.5,"7,750",37831,000002,B（残置）,003,有価物,11:20,11:21,000000,ﾀﾏﾉｲ酢,000001,ｵﾈｽﾄ,000001,新木場ﾘｻｲｸﾙ工場,000110,ﾃｲｿｳ物流ｻｰﾋﾞｽ,000088,ﾃｲｿｳ物流ｻｰﾋﾞｽ,1,紙,,000002,渡辺
2025/01/23(木),2025/01/23(木),2025/01/23(木),008789,相鉄リビングサポート,1,売上,000001,混合廃棄物A,370,370,03,kg,65,"24,050",37788,000004,D（建設）,001,処分費,07:04,07:06,000000,ｻﾝｽﾃｰｼﾞ緑園都市東の街2番館排水配管更生及,000001,ｵﾈｽﾄ,000001,新木場ﾘｻｲｸﾙ工場,000133,ﾀﾞｲｲﾁ興業,000105,ﾀﾞｲｲﾁ興業,1,紙,,000004,山本
2025/01/23(木),2025/01/23(木),2025/01/23(木),008798,TSI,1,売上,000001,混合廃棄物A,650,650,03,kg,65,"42,250",37781,000002,B（残置）,001,処分費,06:26,06:26,000001,ｱﾄﾚ恵比寿,000001,ｵﾈｽﾄ,000001,新木場ﾘｻｲｸﾙ工場,006786,浜屋,001004,浜屋,1,紙,,000004,山本
2025/01/24(金),2025/01/24(金),2025/01/24(金),000001,ｵﾈｽﾄ,2,支払,000057,銅,20,20,03,kg,500,"10,000",38078,000003,C（解体）,003,有価物,17:25,17:25,,,000001,ｵﾈｽﾄ,000001,新木場ﾘｻｲｸﾙ工場,,,001381,小林ｽﾎﾟｯﾄ,9,無,,000007,小林
2025/01/24(金),2025/01/24(金),2025/01/24(金),000010,ｸﾛｻﾜ工業,1,売上,000002,混合廃棄物B,350,350,03,kg,70,"24,500",38022,000003,C（解体）,001,処分費,12:56,12:58,000013,葛飾区立石7-23-14,000001,ｵﾈｽﾄ,000001,新木場ﾘｻｲｸﾙ工場,000010,ｸﾛｻﾜ工業,000009,ｸﾛｻﾜ工業,1,紙,,000004,山本
2025/01/24(金),2025/01/24(金),2025/01/24(金),000010,ｸﾛｻﾜ工業,1,売上,000021,軽量物系B(ｸﾞﾗｽｳｰﾙ),150,150,03,kg,80,"12,000",38022,000003,C（解体）,001,処分費,12:56,12:58,000013,葛飾区立石7-23-14,000001,ｵﾈｽﾄ,000001,新木場ﾘｻｲｸﾙ工場,000010,ｸﾛｻﾜ工業,000009,ｸﾛｻﾜ工業,1,紙,,000004,山本
2025/01/24(金),2025/01/24(金),2025/01/24(金),000043,宮本,1,売上,000177,混合廃棄物処理費(運搬費込み),790,1,07,台,"90,000","90,000",37975,000005,E（中・積),001,処分費,10:06,10:08,000000,宮本,000001,ｵﾈｽﾄ,000001,新木場ﾘｻｲｸﾙ工場,000001,ｵﾈｽﾄ,000038,宮本,1,紙,,000005,今村（紀）
2025/01/24(金),2025/01/24(金),2025/01/24(金),000161,古河林業,1,売上,000002,混合廃棄物B,680,680,03,kg,65,"44,200",37945,000003,C（解体）,001,処分費,07:31,07:34,000000,古河林業,000001,ｵﾈｽﾄ,000001,新木場ﾘｻｲｸﾙ工場,002245,三友建設,000658,三友建設,2,電子,,000002,渡辺
2025/01/24(金),2025/01/24(金),2025/01/24(金),000182,月島JFEｱｸｱｿﾘｭｰｼｮﾝ,1,売上,000020,軽量物系A(ｳﾚﾀﾝ),270,42,02,m3,"12,000","504,000",38046,000004,D（建設）,001,処分費,14:59,14:59,000006,【鈴木】令和6・7年度葛西水再生センター,000001,ｵﾈｽﾄ,000001,新木場ﾘｻｲｸﾙ工場,000001,ｵﾈｽﾄ,000149,月島JFEｱｸｱｿﾘｭｰｼｮﾝ（東日本）,2,電子,,000005,今村（紀）
2025/01/24(金),2025/01/24(金),2025/01/24(金),000182,月島JFEｱｸｱｿﾘｭｰｼｮﾝ,1,売上,000078,ｶﾞﾗｽ･ｺﾝｸﾘｰﾄ･陶磁器くず,660,9,02,m3,"18,000","162,000",37990,000004,D（建設）,001,処分費,11:01,11:05,000006,【鈴木】令和6・7年度葛西水再生センター,000001,ｵﾈｽﾄ,000001,新木場ﾘｻｲｸﾙ工場,000001,ｵﾈｽﾄ,000149,月島JFEｱｸｱｿﾘｭｰｼｮﾝ（東日本）,2,電子,,000005,今村（紀）
2025/01/24(金),2025/01/24(金),2025/01/24(金),000182,月島JFEｱｸｱｿﾘｭｰｼｮﾝ,1,売上,000349,運搬費(4ｔｺﾝﾃﾅ),,1,07,台,"23,000","23,000",37990,000004,D（建設）,002,運搬費,11:01,11:05,000006,【鈴木】令和6・7年度葛西水再生センター,000001,ｵﾈｽﾄ,000001,新木場ﾘｻｲｸﾙ工場,000001,ｵﾈｽﾄ,000149,月島JFEｱｸｱｿﾘｭｰｼｮﾝ（東日本）,2,電子,,000005,今村（紀）
2025/01/24(金),2025/01/24(金),2025/01/24(金),000182,月島JFEｱｸｱｿﾘｭｰｼｮﾝ,1,売上,000354,運搬費(ﾊﾟｯｶｰ車),,1,07,台,"23,000","23,000",38046,000004,D（建設）,002,運搬費,14:59,14:59,000006,【鈴木】令和6・7年度葛西水再生センター,000001,ｵﾈｽﾄ,000001,新木場ﾘｻｲｸﾙ工場,000001,ｵﾈｽﾄ,000149,月島JFEｱｸｱｿﾘｭｰｼｮﾝ（東日本）,2,電子,,000005,今村（紀）
2025/01/24(金),2025/01/24(金),2025/01/24(金),000251,三機工業（明石町）,1,売上,000087,ﾌﾗｲﾄ,"1,460",6,02,m3,"35,000","210,000",37987,000004,D（建設）,001,処分費,10:57,10:57,000023,【尾久】葛西水再生ｾﾝﾀｰ北系反応槽機械設備,000001,ｵﾈｽﾄ,000001,新木場ﾘｻｲｸﾙ工場,000001,ｵﾈｽﾄ,000206,三機工業,2,電子,,000005,今村（紀）
2025/01/24(金),2025/01/24(金),2025/01/24(金),000251,三機工業（明石町）,1,売上,000349,運搬費(4ｔｺﾝﾃﾅ),,1,07,台,"21,000","21,000",37987,000004,D（建設）,002,運搬費,10:57,10:57,000023,【尾久】葛西水再生ｾﾝﾀｰ北系反応槽機械設備,000001,ｵﾈｽﾄ,000001,新木場ﾘｻｲｸﾙ工場,000001,ｵﾈｽﾄ,000206,三機工業,2,電子,,000005,今村（紀）
2025/01/24(金),2025/01/24(金),2025/01/24(金),000272,新建産業,1,売上,000001,混合廃棄物A,280,280,03,kg,65,"18,200",37996,000001,A（事業）,001,処分費,11:31,11:32,000000,新建産業,000001,ｵﾈｽﾄ,000001,新木場ﾘｻｲｸﾙ工場,000272,新建産業,000222,新建産業,1,紙,,000006,川部
2025/01/24(金),2025/01/24(金),2025/01/24(金),000281,ﾒﾀｳｫｰﾀｰ,1,売上,000014,混合廃棄物,590,8,02,m3,"10,000","80,000",37979,000004,D（建設）,001,処分費,10:26,10:28,000008,北部流域処理場汚泥焼却設備工事,000001,ｵﾈｽﾄ,000001,新木場ﾘｻｲｸﾙ工場,000001,ｵﾈｽﾄ,000281,ﾒﾀｳｫｰﾀｰ,2,電子,,000010,メタウォーター
2025/01/24(金),2025/01/24(金),2025/01/24(金),000281,ﾒﾀｳｫｰﾀｰ,1,売上,000014,混合廃棄物,"1,810",8,02,m3,"10,000","80,000",37970,000004,D（建設）,001,処分費,09:44,09:50,000037,東部汚泥処理ﾌﾟﾗﾝﾄ機械濃縮設備補修工事,000001,ｵﾈｽﾄ,000001,新木場ﾘｻｲｸﾙ工場,000001,ｵﾈｽﾄ,000281,ﾒﾀｳｫｰﾀｰ,2,電子,,000010,メタウォーター
2025/01/24(金),2025/01/24(金),2025/01/24(金),000281,ﾒﾀｳｫｰﾀｰ,1,売上,000109,運搬費,,1,07,台,"23,000","23,000",37970,000004,D（建設）,002,運搬費,09:44,09:50,000037,東部汚泥処理ﾌﾟﾗﾝﾄ機械濃縮設備補修工事,000001,ｵﾈｽﾄ,000001,新木場ﾘｻｲｸﾙ工場,000001,ｵﾈｽﾄ,000281,ﾒﾀｳｫｰﾀｰ,2,電子,,000010,メタウォーター
2025/01/24(金),2025/01/24(金),2025/01/24(金),000281,ﾒﾀｳｫｰﾀｰ,1,売上,000109,運搬費,,1,07,台,"35,000","35,000",37979,000004,D（建設）,002,運搬費,10:26,10:28,000008,北部流域処理場汚泥焼却設備工事,000001,ｵﾈｽﾄ,000001,新木場ﾘｻｲｸﾙ工場,000001,ｵﾈｽﾄ,000281,ﾒﾀｳｫｰﾀｰ,2,電子,,000010,メタウォーター
2025/01/24(金),2025/01/24(金),2025/01/24(金),000286,ｷﾀｻﾞﾜ引越ｾﾝﾀｰ,1,売上,000001,混合廃棄物A,350,350,03,kg,65,"22,750",37959,000002,B（残置）,001,処分費,09:08,09:13,000000,ｷﾀｻﾞﾜ引越ｾﾝﾀｰ,000001,ｵﾈｽﾄ,000001,新木場ﾘｻｲｸﾙ工場,000286,ｷﾀｻﾞﾜ引越ｾﾝﾀｰ,000230,ｷﾀｻﾞﾜ引越ｾﾝﾀｰ,1,紙,,000006,川部
2025/01/24(金),2025/01/24(金),2025/01/24(金),000286,ｷﾀｻﾞﾜ引越ｾﾝﾀｰ,1,売上,000001,混合廃棄物A,350,350,03,kg,65,"22,750",37965,000002,B（残置）,001,処分費,09:30,09:37,000000,ｷﾀｻﾞﾜ引越ｾﾝﾀｰ,000001,ｵﾈｽﾄ,000001,新木場ﾘｻｲｸﾙ工場,000286,ｷﾀｻﾞﾜ引越ｾﾝﾀｰ,000230,ｷﾀｻﾞﾜ引越ｾﾝﾀｰ,1,紙,,000006,川部
2025/01/24(金),2025/01/24(金),2025/01/24(金),000286,ｷﾀｻﾞﾜ引越ｾﾝﾀｰ,1,売上,000029,木くず,220,220,03,kg,35,"7,700",37965,000002,B（残置）,001,処分費,09:30,09:37,000000,ｷﾀｻﾞﾜ引越ｾﾝﾀｰ,000001,ｵﾈｽﾄ,000001,新木場ﾘｻｲｸﾙ工場,000286,ｷﾀｻﾞﾜ引越ｾﾝﾀｰ,000230,ｷﾀｻﾞﾜ引越ｾﾝﾀｰ,1,紙,,000006,川部
2025/01/24(金),2025/01/24(金),2025/01/24(金),000286,ｷﾀｻﾞﾜ引越ｾﾝﾀｰ,1,売上,000101,ﾏｯﾄﾚｽ,10,10,03,kg,100,"1,000",37965,000002,B（残置）,001,処分費,09:30,09:37,000000,ｷﾀｻﾞﾜ引越ｾﾝﾀｰ,000001,ｵﾈｽﾄ,000001,新木場ﾘｻｲｸﾙ工場,000286,ｷﾀｻﾞﾜ引越ｾﾝﾀｰ,000230,ｷﾀｻﾞﾜ引越ｾﾝﾀｰ,1,紙,,000006,川部
2025/01/24(金),2025/01/24(金),2025/01/24(金),000290,昌和工業,1,売上,000001,混合廃棄物A,"1,570","1,570",03,kg,65,"102,050",38035,000004,D（建設）,001,処分費,14:28,14:30,000008,大門駅宮本ﾋﾞﾙ4Fﾎｰﾙ,000001,ｵﾈｽﾄ,000001,新木場ﾘｻｲｸﾙ工場,000361,全公研,000289,全公研,1,紙,,000004,山本
2025/01/24(金),2025/01/24(金),2025/01/24(金),000294,北斗JAPAN,1,売上,000001,混合廃棄物A,500,500,03,kg,65,"32,500",38055,000002,B（残置）,001,処分費,15:50,16:03,000000,北斗JAPAN,000001,ｵﾈｽﾄ,000001,新木場ﾘｻｲｸﾙ工場,000294,北斗JAPAN,000237,北斗JAPAN,1,紙,,000006,川部
2025/01/24(金),2025/01/24(金),2025/01/24(金),000294,北斗JAPAN,1,売上,000011,混合廃棄物(処理困難物),510,510,03,kg,100,"51,000",38055,000002,B（残置）,001,処分費,15:50,16:03,000000,北斗JAPAN,000001,ｵﾈｽﾄ,000001,新木場ﾘｻｲｸﾙ工場,000294,北斗JAPAN,000237,北斗JAPAN,1,紙,,000006,川部
2025/01/24(金),2025/01/24(金),2025/01/24(金),000300,丸三松本商事,1,売上,000001,混合廃棄物A,"1,180","1,180",03,kg,57,"67,260",38030,000005,E（中・積),001,処分費,13:48,13:52,000002,ｻﾞﾜｰｸｽ,000001,ｵﾈｽﾄ,000001,新木場ﾘｻｲｸﾙ工場,000300,丸三松本商事,000242,丸三松本商事,1,紙,,000002,渡辺
2025/01/24(金),2025/01/24(金),2025/01/24(金),000302,ﾖｼﾓﾘ,1,売上,000003,混合廃棄物C,"2,840","2,840",03,kg,58,"164,720",37955,000001,A（事業）,001,処分費,08:50,08:53,000001,ﾖｼﾓﾘ扇ﾘｻｲｸﾙｾﾝﾀｰ,000001,ｵﾈｽﾄ,000001,新木場ﾘｻｲｸﾙ工場,000302,ﾖｼﾓﾘ,000244,ﾖｼﾓﾘ,1,紙,,000002,渡辺
2025/01/24(金),2025/01/24(金),2025/01/24(金),000312,野口興業,1,売上,000001,混合廃棄物A,390,390,03,kg,45,"17,550",37948,000001,A（事業）,001,処分費,07:56,08:02,000000,野口興業,000001,ｵﾈｽﾄ,000001,新木場ﾘｻｲｸﾙ工場,000312,野口興業,000253,野口興業,1,紙,,000002,渡辺
2025/01/24(金),2025/01/24(金),2025/01/24(金),000312,野口興業,1,売上,000001,混合廃棄物A,590,590,03,kg,45,"26,550",37944,000001,A（事業）,001,処分費,07:30,07:33,000000,野口興業,000001,ｵﾈｽﾄ,000001,新木場ﾘｻｲｸﾙ工場,000312,野口興業,000253,野口興業,1,紙,,000002,渡辺
2025/01/24(金),2025/01/24(金),2025/01/24(金),000323,雑用社,1,売上,000002,混合廃棄物B,660,660,03,kg,70,"46,200",38048,000002,B（残置）,001,処分費,15:27,15:30,000000,雑用社,000001,ｵﾈｽﾄ,000001,新木場ﾘｻｲｸﾙ工場,000323,雑用社,000260,雑用社,1,紙,,000002,渡辺
2025/01/24(金),2025/01/24(金),2025/01/24(金),000462,ｽﾀｰﾂCAM,1,売上,000002,混合廃棄物B,360,360,03,kg,70,"25,200",37947,000004,D（建設）,001,処分費,07:50,07:53,000002,(仮称)神田錦町三丁目設備工事に伴う,000001,ｵﾈｽﾄ,000001,新木場ﾘｻｲｸﾙ工場,000474,ｱｸﾛﾊﾞｯﾄｱｰﾑｽﾞ,000360,ｱｸﾛﾊﾞｯﾄｱｰﾑｽﾞ,2,電子,,000002,渡辺
2025/01/24(金),2025/01/24(金),2025/01/24(金),000478,ｾﾞﾝ,1,売上,000001,混合廃棄物A,740,740,03,kg,65,"48,100",38051,000001,A（事業）,001,処分費,15:38,15:44,000000,ｾﾞﾝ,000001,ｵﾈｽﾄ,000001,新木場ﾘｻｲｸﾙ工場,000478,ｾﾞﾝ,000363,ｾﾞﾝ,1,紙,,000007,小林
2025/01/24(金),2025/01/24(金),2025/01/24(金),000561,ﾓﾘｿﾝ･ﾌｫｰｽﾀｰ･ｱｼﾞｱ･ｻｰﾋﾞｽ,1,売上,000001,混合廃棄物A,170,170,03,kg,63,"10,710",38020,000002,B（残置）,001,処分費,12:59,13:10,000000,ﾓﾘｿﾝ･ﾌｫｰｽﾀｰ･ｱｼﾞｱ･ｻｰﾋﾞｽ,000001,ｵﾈｽﾄ,000001,新木場ﾘｻｲｸﾙ工場,001308,ｵﾈｽﾄ･ﾜﾝ,001021,ｵﾈｽﾄ･ﾜﾝ,1,紙,,000011,オネスト・ワン
2025/01/24(金),2025/01/24(金),2025/01/24(金),000561,ﾓﾘｿﾝ･ﾌｫｰｽﾀｰ･ｱｼﾞｱ･ｻｰﾋﾞｽ,1,売上,000001,混合廃棄物A,560,560,03,kg,63,"35,280",38021,000002,B（残置）,001,処分費,12:39,12:50,000000,ﾓﾘｿﾝ･ﾌｫｰｽﾀｰ･ｱｼﾞｱ･ｻｰﾋﾞｽ,000001,ｵﾈｽﾄ,000001,新木場ﾘｻｲｸﾙ工場,001308,ｵﾈｽﾄ･ﾜﾝ,001021,ｵﾈｽﾄ･ﾜﾝ,1,紙,,000011,オネスト・ワン
2025/01/24(金),2025/01/24(金),2025/01/24(金),000561,ﾓﾘｿﾝ･ﾌｫｰｽﾀｰ･ｱｼﾞｱ･ｻｰﾋﾞｽ,1,売上,000029,木くず,"2,220","2,220",03,kg,25,"55,500",38021,000002,B（残置）,001,処分費,12:39,12:50,000000,ﾓﾘｿﾝ･ﾌｫｰｽﾀｰ･ｱｼﾞｱ･ｻｰﾋﾞｽ,000001,ｵﾈｽﾄ,000001,新木場ﾘｻｲｸﾙ工場,001308,ｵﾈｽﾄ･ﾜﾝ,001021,ｵﾈｽﾄ･ﾜﾝ,1,紙,,000011,オネスト・ワン
2025/01/24(金),2025/01/24(金),2025/01/24(金),000561,ﾓﾘｿﾝ･ﾌｫｰｽﾀｰ･ｱｼﾞｱ･ｻｰﾋﾞｽ,1,売上,000030,選別,"2,380","2,380",03,kg,60,"142,800",38020,000002,B（残置）,001,処分費,12:59,13:10,000000,ﾓﾘｿﾝ･ﾌｫｰｽﾀｰ･ｱｼﾞｱ･ｻｰﾋﾞｽ,000001,ｵﾈｽﾄ,000001,新木場ﾘｻｲｸﾙ工場,001308,ｵﾈｽﾄ･ﾜﾝ,001021,ｵﾈｽﾄ･ﾜﾝ,1,紙,,000011,オネスト・ワン
2025/01/24(金),2025/01/24(金),2025/01/24(金),000561,ﾓﾘｿﾝ･ﾌｫｰｽﾀｰ･ｱｼﾞｱ･ｻｰﾋﾞｽ,2,支払,000068,GC 軽鉄･ｽﾁｰﾙ類,290,290,03,kg,28,"8,120",38020,000002,B（残置）,003,有価物,12:59,13:10,000000,ﾓﾘｿﾝ･ﾌｫｰｽﾀｰ･ｱｼﾞｱ･ｻｰﾋﾞｽ,000001,ｵﾈｽﾄ,000001,新木場ﾘｻｲｸﾙ工場,001308,ｵﾈｽﾄ･ﾜﾝ,001021,ｵﾈｽﾄ･ﾜﾝ,1,紙,,000011,オネスト・ワン
2025/01/24(金),2025/01/24(金),2025/01/24(金),000734,ﾒﾀｳｫｰﾀｰ（さいたま）,1,売上,000014,混合廃棄物,370,4,02,m3,"10,000","40,000",37994,000004,D（建設）,001,処分費,11:23,11:27,000002,R6市野川浄化ｾﾝﾀｰNO2回転加圧脱水機修繕工,000001,ｵﾈｽﾄ,000001,新木場ﾘｻｲｸﾙ工場,000001,ｵﾈｽﾄ,000281,ﾒﾀｳｫｰﾀｰ,1,紙,,000010,メタウォーター
2025/01/24(金),2025/01/24(金),2025/01/24(金),000734,ﾒﾀｳｫｰﾀｰ（さいたま）,1,売上,000109,運搬費,,1,07,台,"37,000","37,000",37994,000004,D（建設）,002,運搬費,11:23,11:27,000002,R6市野川浄化ｾﾝﾀｰNO2回転加圧脱水機修繕工,000001,ｵﾈｽﾄ,000001,新木場ﾘｻｲｸﾙ工場,000001,ｵﾈｽﾄ,000281,ﾒﾀｳｫｰﾀｰ,1,紙,,000010,メタウォーター
2025/01/24(金),2025/01/24(金),2025/01/24(金),000741,ﾌｫﾚｽﾄｲﾝﾌｨﾆﾃｨ,1,売上,000083,がれき類,90,90,03,kg,20,"1,800",38011,000004,D（建設）,001,処分費,12:07,12:24,000000,ﾌｫﾚｽﾄｲﾝﾌｨﾆﾃｨ,000001,ｵﾈｽﾄ,000001,新木場ﾘｻｲｸﾙ工場,000741,ﾌｫﾚｽﾄｲﾝﾌｨﾆﾃｨ,000571,ﾌｫﾚｽﾄｲﾝﾌｨﾆﾃｨ,1,紙,,000005,今村（紀）
2025/01/24(金),2025/01/24(金),2025/01/24(金),000741,ﾌｫﾚｽﾄｲﾝﾌｨﾆﾃｨ,2,支払,000068,GC 軽鉄･ｽﾁｰﾙ類,80,80,03,kg,15,"1,200",38011,000004,D（建設）,003,有価物,12:07,12:24,000000,ﾌｫﾚｽﾄｲﾝﾌｨﾆﾃｨ,000001,ｵﾈｽﾄ,000001,新木場ﾘｻｲｸﾙ工場,000741,ﾌｫﾚｽﾄｲﾝﾌｨﾆﾃｨ,000571,ﾌｫﾚｽﾄｲﾝﾌｨﾆﾃｨ,1,紙,,000005,今村（紀）
2025/01/24(金),2025/01/24(金),2025/01/24(金),000741,ﾌｫﾚｽﾄｲﾝﾌｨﾆﾃｨ,2,支払,000120,ﾓｰﾀｰ,40,40,03,kg,60,"2,400",38011,000004,D（建設）,003,有価物,12:07,12:24,000000,ﾌｫﾚｽﾄｲﾝﾌｨﾆﾃｨ,000001,ｵﾈｽﾄ,000001,新木場ﾘｻｲｸﾙ工場,000741,ﾌｫﾚｽﾄｲﾝﾌｨﾆﾃｨ,000571,ﾌｫﾚｽﾄｲﾝﾌｨﾆﾃｨ,1,紙,,000005,今村（紀）
2025/01/24(金),2025/01/24(金),2025/01/24(金),000751,まごのて,1,売上,000001,混合廃棄物A,520,520,03,kg,65,"33,800",38076,000002,B（残置）,001,処分費,17:21,17:43,000000,まごのて,000001,ｵﾈｽﾄ,000001,新木場ﾘｻｲｸﾙ工場,000751,まごのて,000580,まごのて,2,電子,,000006,川部
2025/01/24(金),2025/01/24(金),2025/01/24(金),000751,まごのて,1,売上,000001,混合廃棄物A,"1,440","1,440",03,kg,65,"93,600",37949,000002,B（残置）,001,処分費,08:10,08:27,000000,まごのて,000001,ｵﾈｽﾄ,000001,新木場ﾘｻｲｸﾙ工場,000751,まごのて,000580,まごのて,2,電子,,000006,川部
2025/01/24(金),2025/01/24(金),2025/01/24(金),000751,まごのて,1,売上,000004,混合廃棄物(焼却物),620,620,03,kg,75,"46,500",37949,000002,B（残置）,001,処分費,08:10,08:27,000000,まごのて,000001,ｵﾈｽﾄ,000001,新木場ﾘｻｲｸﾙ工場,000751,まごのて,000580,まごのて,2,電子,,000006,川部
2025/01/24(金),2025/01/24(金),2025/01/24(金),000751,まごのて,1,売上,000029,木くず,780,780,03,kg,35,"27,300",38076,000002,B（残置）,001,処分費,17:21,17:43,000000,まごのて,000001,ｵﾈｽﾄ,000001,新木場ﾘｻｲｸﾙ工場,000751,まごのて,000580,まごのて,2,電子,,000006,川部
2025/01/24(金),2025/01/24(金),2025/01/24(金),000794,東京ｶﾞｽﾘﾉﾍﾞｰｼｮﾝ,1,売上,000001,混合廃棄物A,10,10,03,kg,65,650,37936,000004,D（建設）,001,処分費,07:08,07:10,000000,東京ｶﾞｽﾘﾉﾍﾞｰｼｮﾝ,000001,ｵﾈｽﾄ,000001,新木場ﾘｻｲｸﾙ工場,000133,ﾀﾞｲｲﾁ興業,000105,ﾀﾞｲｲﾁ興業,1,紙,,000004,山本
2025/01/24(金),2025/01/24(金),2025/01/24(金),000805,林商店,1,売上,000001,混合廃棄物A,590,590,03,kg,65,"38,350",37953,000004,D（建設）,001,処分費,08:39,08:43,000000,林商店,000001,ｵﾈｽﾄ,000001,新木場ﾘｻｲｸﾙ工場,000805,林商店,000628,林商店,1,紙,,000003,蛯子
2025/01/24(金),2025/01/24(金),2025/01/24(金),000805,林商店,1,売上,000029,木くず,140,140,03,kg,35,"4,900",37953,000004,D（建設）,001,処分費,08:39,08:43,000000,林商店,000001,ｵﾈｽﾄ,000001,新木場ﾘｻｲｸﾙ工場,000805,林商店,000628,林商店,1,紙,,000003,蛯子
2025/01/24(金),2025/01/24(金),2025/01/24(金),000834,ｼﾞｬﾊﾟﾝｴﾚﾍﾞｰﾀｰｻｰﾋﾞｽ城南,1,売上,000002,混合廃棄物B,740,740,03,kg,70,"51,800",37964,000004,D（建設）,001,処分費,09:17,09:20,000001,ｼﾞｬﾊﾟﾝｴﾚﾍﾞｰﾀｰｻｰﾋﾞｽ城南㈱平井営業所,000001,ｵﾈｽﾄ,000001,新木場ﾘｻｲｸﾙ工場,001217,鈴木環境,000943,鈴木環境,1,紙,,000002,渡辺
2025/01/24(金),2025/01/24(金),2025/01/24(金),000895,ﾜｶｼﾏ,1,売上,000001,混合廃棄物A,"1,390","1,390",03,kg,65,"90,350",37973,000001,A（事業）,001,処分費,09:53,09:53,000000,ﾜｶｼﾏ,000001,ｵﾈｽﾄ,000001,新木場ﾘｻｲｸﾙ工場,000001,ｵﾈｽﾄ,000692,ﾜｶｼﾏ,1,紙,,000005,今村（紀）
2025/01/24(金),2025/01/24(金),2025/01/24(金),000895,ﾜｶｼﾏ,1,売上,000354,運搬費(ﾊﾟｯｶｰ車),,1,07,台,"18,000","18,000",37973,000001,A（事業）,002,運搬費,09:53,09:53,000000,ﾜｶｼﾏ,000001,ｵﾈｽﾄ,000001,新木場ﾘｻｲｸﾙ工場,000001,ｵﾈｽﾄ,000692,ﾜｶｼﾏ,1,紙,,000005,今村（紀）
2025/01/24(金),2025/01/24(金),2025/01/24(金),000955,CRASHIP,1,売上,000002,混合廃棄物B,530,530,03,kg,70,"37,100",38003,000003,C（解体）,001,処分費,11:42,11:45,000004,YP302解体工事,000001,ｵﾈｽﾄ,000001,新木場ﾘｻｲｸﾙ工場,000362,ﾐﾔ産興,000290,ﾐﾔ産興,1,紙,,000004,山本
2025/01/24(金),2025/01/24(金),2025/01/24(金),001017,荒田商店,1,売上,000001,混合廃棄物A,350,350,03,kg,60,"21,000",38010,000002,B（残置）,001,処分費,12:04,12:04,000000,荒田商店,000001,ｵﾈｽﾄ,000001,新木場ﾘｻｲｸﾙ工場,006364,ｼｪﾉﾝﾋﾞｰ,000928,ｼｪﾉﾝﾋﾞｰ,1,紙,,000004,山本
2025/01/24(金),2025/01/24(金),2025/01/24(金),001166,広いｲﾃｹﾞﾙ,1,売上,000002,混合廃棄物B,620,620,03,kg,70,"43,400",37993,000003,C（解体）,001,処分費,11:22,11:26,000010,千葉県船橋市習志野台4-23-12,000001,ｵﾈｽﾄ,000001,新木場ﾘｻｲｸﾙ工場,001166,広いｲﾃｹﾞﾙ,001346,広いｲﾃｹﾞﾙ,1,紙,,000007,小林
2025/01/24(金),2025/01/24(金),2025/01/24(金),001166,広いｲﾃｹﾞﾙ,1,売上,000017,軽量物系A(ｽﾀｲﾛﾌｫｰﾑ),10,10,03,kg,200,"2,000",37993,000003,C（解体）,001,処分費,11:22,11:26,000010,千葉県船橋市習志野台4-23-12,000001,ｵﾈｽﾄ,000001,新木場ﾘｻｲｸﾙ工場,001166,広いｲﾃｹﾞﾙ,001346,広いｲﾃｹﾞﾙ,1,紙,,000007,小林
2025/01/24(金),2025/01/24(金),2025/01/24(金),001166,広いｲﾃｹﾞﾙ,1,売上,000021,軽量物系B(ｸﾞﾗｽｳｰﾙ),20,20,03,kg,80,"1,600",37993,000003,C（解体）,001,処分費,11:22,11:26,000010,千葉県船橋市習志野台4-23-12,000001,ｵﾈｽﾄ,000001,新木場ﾘｻｲｸﾙ工場,001166,広いｲﾃｹﾞﾙ,001346,広いｲﾃｹﾞﾙ,1,紙,,000007,小林
2025/01/24(金),2025/01/24(金),2025/01/24(金),001226,ｱｰﾙﾂｰ,1,売上,000001,混合廃棄物A,70,70,03,kg,65,"4,550",38029,000002,B,001,処分費,13:43,13:43,000000,ｱｰﾙﾂｰ,000001,ｵﾈｽﾄ,000001,新木場ﾘｻｲｸﾙ工場,001226,ｱｰﾙﾂｰ,000950,ｱｰﾙﾂｰ,1,紙,,000006,川部
2025/01/24(金),2025/01/24(金),2025/01/24(金),001286,Netforce,1,売上,000001,混合廃棄物A,"1,130","1,130",03,kg,65,"73,450",38062,000001,A（事業）,001,処分費,16:33,16:33,000000,Netforce,000001,ｵﾈｽﾄ,000001,新木場ﾘｻｲｸﾙ工場,000332,吉野商会,000269,吉野商会,1,紙,,000006,川部
2025/01/24(金),2025/01/24(金),2025/01/24(金),001395,昭和女子大学,1,売上,000001,混合廃棄物A,160,160,03,kg,65,"10,400",37958,000001,A（事業）,001,処分費,09:03,09:03,000000,昭和女子大学,000001,ｵﾈｽﾄ,000001,新木場ﾘｻｲｸﾙ工場,000019,ﾀｹｴｲ,000016,ﾀｹｴｲ,1,紙,,000007,小林
2025/01/24(金),2025/01/24(金),2025/01/24(金),001430,東興管理,1,売上,000001,混合廃棄物A,170,170,03,kg,65,"11,050",38032,000001,A（事業）,001,処分費,13:55,13:55,000001,久米ﾋﾞﾙ,000001,ｵﾈｽﾄ,000001,新木場ﾘｻｲｸﾙ工場,001546,江栄,000013,江栄,1,紙,,000002,渡辺
2025/01/24(金),2025/01/24(金),2025/01/24(金),001491,ｺﾏﾃﾞﾝ,1,売上,000001,混合廃棄物A,300,300,03,kg,65,"19,500",38004,000002,B（残置）,001,処分費,11:44,11:49,000001,ｺﾏﾃﾞﾝ,000001,ｵﾈｽﾄ,000001,新木場ﾘｻｲｸﾙ工場,000106,中央急送,000085,中央急送,1,紙,,000006,川部
2025/01/24(金),2025/01/24(金),2025/01/24(金),001500,ｽﾀｰｾﾞﾝﾛｼﾞｽﾃｨｸｽ,1,売上,000001,混合廃棄物A,770,770,03,kg,54,"41,580",37983,000001,A（事業）,001,処分費,10:45,10:45,000000,ｽﾀｰｾﾞﾝﾛｼﾞｽﾃｨｸｽ,000001,ｵﾈｽﾄ,000001,新木場ﾘｻｲｸﾙ工場,000028,五十嵐商会,000025,五十嵐商会,1,紙,,000002,渡辺
2025/01/24(金),2025/01/24(金),2025/01/24(金),001503,RB工装,1,売上,000030,選別,20,20,03,kg,65,"1,300",38058,000001,A（事業）,001,処分費,16:08,16:48,000003,JR横浜ﾀﾜｰ,000001,ｵﾈｽﾄ,000001,新木場ﾘｻｲｸﾙ工場,000028,五十嵐商会,000025,五十嵐商会,1,紙,,000002,渡辺
2025/01/24(金),2025/01/24(金),2025/01/24(金),001503,RB工装,1,売上,000030,選別,170,170,03,kg,65,"11,050",38058,000001,A（事業）,001,処分費,16:08,16:48,000003,JR横浜ﾀﾜｰ,000001,ｵﾈｽﾄ,000001,新木場ﾘｻｲｸﾙ工場,000028,五十嵐商会,000025,五十嵐商会,1,紙,,000002,渡辺
2025/01/24(金),2025/01/24(金),2025/01/24(金),001739,三機工業（八丁堀）,1,売上,000001,混合廃棄物A,30,30,03,kg,58,"1,740",38077,000004,D（建設）,001,処分費,17:35,17:38,000081,【NWS】アマゾン　西東京,000001,ｵﾈｽﾄ,000001,新木場ﾘｻｲｸﾙ工場,000016,泉土木,000014,泉土木,1,紙,,000001,矢作
2025/01/24(金),2025/01/24(金),2025/01/24(金),001739,三機工業（八丁堀）,1,売上,000001,混合廃棄物A,160,160,03,kg,58,"9,280",38068,000004,D（建設）,001,処分費,16:59,17:22,000023,【NWS】MCDR　NRT10,000001,ｵﾈｽﾄ,000001,新木場ﾘｻｲｸﾙ工場,000016,泉土木,000014,泉土木,1,紙,,000001,矢作
2025/01/24(金),2025/01/24(金),2025/01/24(金),001739,三機工業（八丁堀）,1,売上,000046,ﾀﾞﾝﾎﾞｰﾙ,10,10,03,kg,0,0,38077,000004,D（建設）,001,処分費,17:35,17:38,000081,【NWS】アマゾン　西東京,000001,ｵﾈｽﾄ,000001,新木場ﾘｻｲｸﾙ工場,000016,泉土木,000014,泉土木,1,紙,,000001,矢作
2025/01/24(金),2025/01/24(金),2025/01/24(金),001739,三機工業（八丁堀）,2,支払,000068,GC 軽鉄･ｽﾁｰﾙ類,240,240,03,kg,24.5,"5,880",38007,000004,D（建設）,003,有価物,11:39,11:39,000023,【NWS】MCDR　NRT10,000001,ｵﾈｽﾄ,000001,新木場ﾘｻｲｸﾙ工場,000016,泉土木,000014,泉土木,1,紙,,000001,矢作
2025/01/24(金),2025/01/24(金),2025/01/24(金),001739,三機工業（八丁堀）,2,支払,000068,GC 軽鉄･ｽﾁｰﾙ類,250,250,03,kg,24.5,"6,125",37999,000004,D（建設）,003,有価物,11:38,11:38,000023,【NWS】MCDR　NRT10,000001,ｵﾈｽﾄ,000001,新木場ﾘｻｲｸﾙ工場,000016,泉土木,000014,泉土木,2,電子,,000001,矢作
2025/01/24(金),2025/01/24(金),2025/01/24(金),001739,三機工業（八丁堀）,2,支払,000068,GC 軽鉄･ｽﾁｰﾙ類,250,250,03,kg,24.5,"6,125",38000,000004,D（建設）,003,有価物,11:37,11:37,000023,【NWS】MCDR　NRT10,000001,ｵﾈｽﾄ,000001,新木場ﾘｻｲｸﾙ工場,000016,泉土木,000014,泉土木,1,紙,,000001,矢作
2025/01/24(金),2025/01/24(金),2025/01/24(金),001739,三機工業（八丁堀）,2,支払,000068,GC 軽鉄･ｽﾁｰﾙ類,250,250,03,kg,24.5,"6,125",38060,000004,D（建設）,003,有価物,16:19,16:19,000023,【NWS】MCDR　NRT10,000001,ｵﾈｽﾄ,000001,新木場ﾘｻｲｸﾙ工場,000016,泉土木,000014,泉土木,1,紙,,000001,矢作
2025/01/24(金),2025/01/24(金),2025/01/24(金),001739,三機工業（八丁堀）,2,支払,000068,GC 軽鉄･ｽﾁｰﾙ類,260,260,03,kg,24.5,"6,370",37995,000004,D（建設）,003,有価物,11:29,11:29,000023,【NWS】MCDR　NRT10,000001,ｵﾈｽﾄ,000001,新木場ﾘｻｲｸﾙ工場,000016,泉土木,000014,泉土木,2,電子,,000001,矢作
2025/01/24(金),2025/01/24(金),2025/01/24(金),001739,三機工業（八丁堀）,2,支払,000068,GC 軽鉄･ｽﾁｰﾙ類,260,260,03,kg,24.5,"6,370",38064,000004,D（建設）,003,有価物,16:51,16:51,000023,【NWS】MCDR　NRT10,000001,ｵﾈｽﾄ,000001,新木場ﾘｻｲｸﾙ工場,000016,泉土木,000014,泉土木,1,紙,,000001,矢作
2025/01/24(金),2025/01/24(金),2025/01/24(金),001739,三機工業（八丁堀）,2,支払,000068,GC 軽鉄･ｽﾁｰﾙ類,270,270,03,kg,24.5,"6,615",38068,000004,D（建設）,003,有価物,16:59,17:22,000023,【NWS】MCDR　NRT10,000001,ｵﾈｽﾄ,000001,新木場ﾘｻｲｸﾙ工場,000016,泉土木,000014,泉土木,1,紙,,000001,矢作
2025/01/24(金),2025/01/24(金),2025/01/24(金),001739,三機工業（八丁堀）,2,支払,000068,GC 軽鉄･ｽﾁｰﾙ類,360,360,03,kg,24.5,"8,820",38067,000004,D（建設）,003,有価物,16:55,16:55,000023,【NWS】MCDR　NRT10,000001,ｵﾈｽﾄ,000001,新木場ﾘｻｲｸﾙ工場,000016,泉土木,000014,泉土木,2,電子,,000001,矢作
2025/01/24(金),2025/01/24(金),2025/01/24(金),001739,三機工業（八丁堀）,2,支払,000068,GC 軽鉄･ｽﾁｰﾙ類,750,750,03,kg,24.5,"18,375",37986,000004,D（建設）,003,有価物,10:55,10:56,000023,【NWS】MCDR　NRT10,000001,ｵﾈｽﾄ,000001,新木場ﾘｻｲｸﾙ工場,000016,泉土木,000014,泉土木,2,電子,,000001,矢作
2025/01/24(金),2025/01/24(金),2025/01/24(金),001739,三機工業（八丁堀）,2,支払,000068,GC 軽鉄･ｽﾁｰﾙ類,770,770,03,kg,24.5,"18,865",37988,000004,D（建設）,003,有価物,10:58,11:01,000023,【NWS】MCDR　NRT10,000001,ｵﾈｽﾄ,000001,新木場ﾘｻｲｸﾙ工場,000016,泉土木,000014,泉土木,2,電子,,000001,矢作
2025/01/24(金),2025/01/24(金),2025/01/24(金),001739,三機工業（八丁堀）,2,支払,000068,GC 軽鉄･ｽﾁｰﾙ類,"1,280","1,280",03,kg,24.5,"31,360",38053,000004,D（建設）,003,有価物,15:48,15:49,000023,【NWS】MCDR　NRT10,000001,ｵﾈｽﾄ,000001,新木場ﾘｻｲｸﾙ工場,000016,泉土木,000014,泉土木,1,紙,,000001,矢作
2025/01/24(金),2025/01/24(金),2025/01/24(金),001739,三機工業（八丁堀）,2,支払,000068,GC 軽鉄･ｽﾁｰﾙ類,"1,530","1,530",03,kg,24.5,"37,485",38052,000004,D（建設）,003,有価物,15:43,15:44,000023,【NWS】MCDR　NRT10,000001,ｵﾈｽﾄ,000001,新木場ﾘｻｲｸﾙ工場,000016,泉土木,000014,泉土木,2,電子,,000001,矢作
2025/01/24(金),2025/01/24(金),2025/01/24(金),001739,三機工業（八丁堀）,2,支払,000069,GD,430,430,03,kg,14,"6,020",38053,000004,D（建設）,003,有価物,15:48,15:49,000023,【NWS】MCDR　NRT10,000001,ｵﾈｽﾄ,000001,新木場ﾘｻｲｸﾙ工場,000016,泉土木,000014,泉土木,1,紙,,000001,矢作
2025/01/24(金),2025/01/24(金),2025/01/24(金),001739,三機工業（八丁堀）,2,支払,000069,GD,480,480,03,kg,14,"6,720",38052,000004,D（建設）,003,有価物,15:43,15:44,000023,【NWS】MCDR　NRT10,000001,ｵﾈｽﾄ,000001,新木場ﾘｻｲｸﾙ工場,000016,泉土木,000014,泉土木,2,電子,,000001,矢作
2025/01/24(金),2025/01/24(金),2025/01/24(金),001892,東洋熱工業,1,売上,000001,混合廃棄物A,100,100,03,kg,58,"5,800",37998,000004,D（建設）,001,処分費,11:34,11:47,000067,王子ホームズ青山共用部空調機更新工事,000001,ｵﾈｽﾄ,000001,新木場ﾘｻｲｸﾙ工場,000016,泉土木,000014,泉土木,1,紙,,000001,矢作
2025/01/24(金),2025/01/24(金),2025/01/24(金),001892,東洋熱工業,1,売上,000108,室内機,150,150,03,kg,55,"8,250",37998,000004,D（建設）,001,処分費,11:34,11:47,000067,王子ホームズ青山共用部空調機更新工事,000001,ｵﾈｽﾄ,000001,新木場ﾘｻｲｸﾙ工場,000016,泉土木,000014,泉土木,1,紙,,000001,矢作
2025/01/24(金),2025/01/24(金),2025/01/24(金),001892,東洋熱工業,2,支払,000068,GC 軽鉄･ｽﾁｰﾙ類,10,10,03,kg,24.5,245,37998,000004,D（建設）,003,有価物,11:34,11:47,000067,王子ホームズ青山共用部空調機更新工事,000001,ｵﾈｽﾄ,000001,新木場ﾘｻｲｸﾙ工場,000016,泉土木,000014,泉土木,1,紙,,000001,矢作
2025/01/24(金),2025/01/24(金),2025/01/24(金),001947,ﾁｬｺｰﾙ市野,1,売上,000001,混合廃棄物A,390,390,03,kg,53,"20,670",37978,000001,A（事業）,001,処分費,10:28,10:28,000001,渋谷市野ﾋﾞﾙ,000001,ｵﾈｽﾄ,000001,新木場ﾘｻｲｸﾙ工場,000302,ﾖｼﾓﾘ,000244,ﾖｼﾓﾘ,1,紙,,000002,渡辺
2025/01/24(金),2025/01/24(金),2025/01/24(金),002035,社会福祉法人杉の子,1,売上,000001,混合廃棄物A,970,970,03,kg,65,"63,050",38014,000001,A（事業）,001,処分費,12:20,12:20,000000,社会福祉法人杉の子,000001,ｵﾈｽﾄ,000001,新木場ﾘｻｲｸﾙ工場,000053,小早川運輸,000045,小早川運輸,1,紙,,000002,渡辺
2025/01/24(金),2025/01/24(金),2025/01/24(金),002144,ﾕﾀｶ工業,1,売上,000002,混合廃棄物B,690,690,03,kg,70,"48,300",37946,000004,D（建設）,001,処分費,07:50,07:52,000018,ﾃﾞﾎﾟｽﾊｲﾂTR改修工事,000001,ｵﾈｽﾄ,000001,新木場ﾘｻｲｸﾙ工場,000229,ｱｽﾏ･ｸﾘｰﾝ,000191,ｱｽﾏ･ｸﾘｰﾝ,1,紙,,000002,渡辺
2025/01/24(金),2025/01/24(金),2025/01/24(金),002175,ｱｸｼｽｴﾝｼﾞﾆｱﾘﾝｸﾞ,1,売上,000001,混合廃棄物A,150,150,03,kg,65,"9,750",37957,000004,D（建設）,001,処分費,09:09,09:09,000000,ｱｸｼｽｴﾝｼﾞﾆｱﾘﾝｸﾞ,000001,ｵﾈｽﾄ,000001,新木場ﾘｻｲｸﾙ工場,000351,那須野興業,000280,那須野興業,1,紙,,000004,山本
2025/01/24(金),2025/01/24(金),2025/01/24(金),002190,小野部製函所,1,売上,000002,混合廃棄物B,"1,000","1,000",03,kg,70,"70,000",37950,000004,D（建設）,001,処分費,08:11,08:17,000001,㈱小野部製函所　馬場第2工場,000001,ｵﾈｽﾄ,000001,新木場ﾘｻｲｸﾙ工場,000239,石橋商店,000197,石橋商店,1,紙,,000004,山本
2025/01/24(金),2025/01/24(金),2025/01/24(金),002201,ﾎﾘｿﾞﾝ･ｼﾞｬﾊﾟﾝ,1,売上,000001,混合廃棄物A,400,400,03,kg,65,"26,000",38079,000001,A（事業）,001,処分費,17:41,17:42,000001,ﾎﾘｿﾞﾝｼﾞｬﾊﾟﾝ東京支社,000001,ｵﾈｽﾄ,000001,新木場ﾘｻｲｸﾙ工場,000022,山口商店,000019,山口商店,1,紙,,000004,山本
2025/01/24(金),2025/01/24(金),2025/01/24(金),002292,三菱地所,1,売上,000001,混合廃棄物A,"1,160","1,160",03,kg,58,"67,280",37940,000002,B（残置）,001,処分費,06:26,06:27,000007,国際ﾋﾞﾙ,000001,ｵﾈｽﾄ,000001,新木場ﾘｻｲｸﾙ工場,001308,ｵﾈｽﾄ･ﾜﾝ,001021,ｵﾈｽﾄ･ﾜﾝ,1,紙,,000011,オネスト・ワン
2025/01/24(金),2025/01/24(金),2025/01/24(金),002292,三菱地所,1,売上,000030,選別,840,840,03,kg,43,"36,120",37940,000002,B（残置）,001,処分費,06:26,06:27,000007,国際ﾋﾞﾙ,000001,ｵﾈｽﾄ,000001,新木場ﾘｻｲｸﾙ工場,001308,ｵﾈｽﾄ･ﾜﾝ,001021,ｵﾈｽﾄ･ﾜﾝ,1,紙,,000011,オネスト・ワン
2025/01/24(金),2025/01/24(金),2025/01/24(金),002292,三菱地所,1,売上,000106,消火器,130,13,09,本,"1,000","13,000",37940,000002,B（残置）,001,処分費,06:26,06:27,000007,国際ﾋﾞﾙ,000001,ｵﾈｽﾄ,000001,新木場ﾘｻｲｸﾙ工場,001308,ｵﾈｽﾄ･ﾜﾝ,001021,ｵﾈｽﾄ･ﾜﾝ,1,紙,,000011,オネスト・ワン
2025/01/24(金),2025/01/24(金),2025/01/24(金),002485,ﾔﾅｶﾞﾜ,1,売上,000018,軽量物系A(ｽﾎﾟﾝｼﾞ),230,230,03,kg,200,"46,000",37943,000002,B（残置）,001,処分費,07:21,07:26,000001,ｶﾌﾟｾﾙﾎﾃﾙｵﾘｴﾝﾀﾙ,000001,ｵﾈｽﾄ,000001,新木場ﾘｻｲｸﾙ工場,002486,ﾖｼｶﾜ,000060,ﾖｼｶﾜ,1,紙,,000005,今村（紀）
2025/01/24(金),2025/01/24(金),2025/01/24(金),002485,ﾔﾅｶﾞﾜ,1,売上,000492,混合廃棄物（羽毛物）,10,10,03,kg,250,"2,500",37943,000002,B（残置）,001,処分費,07:21,07:26,000001,ｶﾌﾟｾﾙﾎﾃﾙｵﾘｴﾝﾀﾙ,000001,ｵﾈｽﾄ,000001,新木場ﾘｻｲｸﾙ工場,002486,ﾖｼｶﾜ,000060,ﾖｼｶﾜ,1,紙,,000005,今村（紀）
2025/01/24(金),2025/01/24(金),2025/01/24(金),002540,ﾕﾆｿﾞ不動産,1,売上,000001,混合廃棄物A,"1,010","1,010",03,kg,65,"65,650",38019,000001,A（事業）,001,処分費,12:34,12:34,000001,ﾘｰﾌｽｸｴｱ水道橋ﾋﾞﾙ,000001,ｵﾈｽﾄ,000001,新木場ﾘｻｲｸﾙ工場,001454,谷津商会,000247,谷津商会,1,紙,,000002,渡辺
2025/01/24(金),2025/01/24(金),2025/01/24(金),002573,学校法人八雲学園,1,売上,000001,混合廃棄物A,390,390,03,kg,65,"25,350",37935,000001,A（事業）,001,処分費,06:59,07:01,000000,学校法人八雲学園,000001,ｵﾈｽﾄ,000001,新木場ﾘｻｲｸﾙ工場,000079,五十嵐商事,000065,五十嵐商事,1,紙,,000002,渡辺
2025/01/24(金),2025/01/24(金),2025/01/24(金),002627,ｻﾃﾗｲﾄｼﾞｬﾊﾟﾝ,1,売上,000001,混合廃棄物A,140,140,03,kg,54,"7,560",37980,000001,A（事業）,001,処分費,10:33,10:34,000001,ﾌｧﾛｼﾃｨﾋﾞﾙ(ﾗ･ﾋﾟｽﾀ新橋),000001,ｵﾈｽﾄ,000001,新木場ﾘｻｲｸﾙ工場,000028,五十嵐商会,000025,五十嵐商会,1,紙,,000002,渡辺
2025/01/24(金),2025/01/24(金),2025/01/24(金),002634,日経ﾌﾟﾗｻﾞ&ｻｰﾋﾞｽ,1,売上,000001,混合廃棄物A,920,920,03,kg,54,"49,680",37966,000001,A（事業）,001,処分費,09:40,09:40,000001,日本経済新聞社東京本社ﾋﾞﾙ,000001,ｵﾈｽﾄ,000001,新木場ﾘｻｲｸﾙ工場,000028,五十嵐商会,000025,五十嵐商会,1,紙,,000002,渡辺
2025/01/24(金),2025/01/24(金),2025/01/24(金),002811,GMINVESTMENTS,1,売上,000001,混合廃棄物A,860,860,03,kg,53,"45,580",37956,000001,A（事業）,001,処分費,08:51,08:51,000001,MB83ﾋﾞﾙ,000001,ｵﾈｽﾄ,000001,新木場ﾘｻｲｸﾙ工場,000302,ﾖｼﾓﾘ,000244,ﾖｼﾓﾘ,1,紙,,000002,渡辺
2025/01/24(金),2025/01/24(金),2025/01/24(金),003023,竹中工務店東京本店安全環境部,2,支払,000068,GC 軽鉄･ｽﾁｰﾙ類,"1,650","1,650",03,kg,24.5,"40,425",37963,000004,D（建設）,003,有価物,09:35,09:35,000043,北青山吉川ビルエレベーター更新,000001,ｵﾈｽﾄ,000001,新木場ﾘｻｲｸﾙ工場,000016,泉土木,000014,泉土木,1,紙,,000001,矢作
2025/01/24(金),2025/01/24(金),2025/01/24(金),003122,三井不動産ﾎﾃﾙﾏﾈｼﾞﾒﾝﾄ,1,売上,000001,混合廃棄物A,540,540,03,kg,54,"29,160",37952,000001,A（事業）,001,処分費,08:23,08:23,000002,三井ｶﾞｰﾃﾞﾝﾎﾃﾙ京橋,000001,ｵﾈｽﾄ,000001,新木場ﾘｻｲｸﾙ工場,000028,五十嵐商会,000025,五十嵐商会,1,紙,,000002,渡辺
2025/01/24(金),2025/01/24(金),2025/01/24(金),003616,髙山,1,売上,000001,混合廃棄物A,"1,160","1,160",03,kg,65,"75,400",37997,000001,A（事業）,001,処分費,11:38,11:38,000000,髙山,000001,ｵﾈｽﾄ,000001,新木場ﾘｻｲｸﾙ工場,001494,坪野谷紙業,000629,坪野谷紙業,1,紙,,000002,渡辺
2025/01/24(金),2025/01/24(金),2025/01/24(金),003863,ｸﾛﾀﾞ,1,売上,000021,軽量物系B(ｸﾞﾗｽｳｰﾙ),"1,010","1,010",03,kg,80,"80,800",37972,000004,D（建設）,001,処分費,09:45,09:52,000001,ｸﾛﾀﾞ（足立区）,000001,ｵﾈｽﾄ,000001,新木場ﾘｻｲｸﾙ工場,003863,ｸﾛﾀﾞ,000374,ｸﾛﾀﾞ,1,紙,,000002,渡辺
2025/01/24(金),2025/01/24(金),2025/01/24(金),003872,ｾｷｽｲﾊｲﾑ不動産,1,売上,000001,混合廃棄物A,10,10,03,kg,65,650,38040,000004,D（建設）,001,処分費,14:29,14:31,000027,ハイム　ルーク,000001,ｵﾈｽﾄ,000001,新木場ﾘｻｲｸﾙ工場,000001,ｵﾈｽﾄ,000654,ｾｷｽｲﾊｲﾑ 不動産,2,電子,,000005,今村（紀）
2025/01/24(金),2025/01/24(金),2025/01/24(金),003872,ｾｷｽｲﾊｲﾑ不動産,1,売上,000001,混合廃棄物A,50,50,03,kg,65,"3,250",37962,000004,D（建設）,001,処分費,09:17,09:18,000000,ｾｷｽｲﾊｲﾑ不動産,000001,ｵﾈｽﾄ,000001,新木場ﾘｻｲｸﾙ工場,000001,ｵﾈｽﾄ,000654,ｾｷｽｲﾊｲﾑ 不動産,2,電子,,000005,今村（紀）
2025/01/24(金),2025/01/24(金),2025/01/24(金),003872,ｾｷｽｲﾊｲﾑ不動産,1,売上,000006,混合廃棄物(壁紙・ｸﾛｽ),50,50,03,kg,75,"3,750",38040,000004,D（建設）,001,処分費,14:29,14:31,000027,ハイム　ルーク,000001,ｵﾈｽﾄ,000001,新木場ﾘｻｲｸﾙ工場,000001,ｵﾈｽﾄ,000654,ｾｷｽｲﾊｲﾑ 不動産,2,電子,,000005,今村（紀）
2025/01/24(金),2025/01/24(金),2025/01/24(金),003872,ｾｷｽｲﾊｲﾑ不動産,1,売上,000352,運搬費(2ｔ車),,1,07,台,"27,000","27,000",38040,000004,D（建設）,002,運搬費,14:29,14:31,000027,ハイム　ルーク,000001,ｵﾈｽﾄ,000001,新木場ﾘｻｲｸﾙ工場,000001,ｵﾈｽﾄ,000654,ｾｷｽｲﾊｲﾑ 不動産,2,電子,,000005,今村（紀）
2025/01/24(金),2025/01/24(金),2025/01/24(金),003872,ｾｷｽｲﾊｲﾑ不動産,1,売上,000352,運搬費(2ｔ車),,1,07,台,"32,000","32,000",37962,000004,D（建設）,002,運搬費,09:17,09:18,000000,ｾｷｽｲﾊｲﾑ不動産,000001,ｵﾈｽﾄ,000001,新木場ﾘｻｲｸﾙ工場,000001,ｵﾈｽﾄ,000654,ｾｷｽｲﾊｲﾑ 不動産,2,電子,,000005,今村（紀）
2025/01/24(金),2025/01/24(金),2025/01/24(金),004071,ｴｽﾃｨｰｱｲ,1,売上,000002,混合廃棄物B,110,110,03,kg,70,"7,700",38015,000003,C（解体）,001,処分費,12:22,12:24,000025,東京都杉並区堀之内2-16-22,000001,ｵﾈｽﾄ,000001,新木場ﾘｻｲｸﾙ工場,004071,ｴｽﾃｨｰｱｲ,000185,ｴｽﾃｨｰｱｲ,1,紙,,000006,川部
2025/01/24(金),2025/01/24(金),2025/01/24(金),004108,ﾊﾟﾅｿﾆｯｸ産機ｼｽﾃﾑｽﾞ,1,売上,000001,混合廃棄物A,30,30,03,kg,50,"1,500",38061,000004,D（建設）,001,処分費,16:15,16:22,000131,コープ幕張駅北口店,000001,ｵﾈｽﾄ,000001,新木場ﾘｻｲｸﾙ工場,006436,ｻﾜ･ｺｰﾎﾟﾚｰｼｮﾝ,000873,伊藤忠ﾒﾀﾙｽﾞ,2,電子,,000001,矢作
2025/01/24(金),2025/01/24(金),2025/01/24(金),004108,ﾊﾟﾅｿﾆｯｸ産機ｼｽﾃﾑｽﾞ,1,売上,000029,木くず,100,100,03,kg,35,"3,500",38061,000004,D（建設）,001,処分費,16:15,16:22,000131,コープ幕張駅北口店,000001,ｵﾈｽﾄ,000001,新木場ﾘｻｲｸﾙ工場,006436,ｻﾜ･ｺｰﾎﾟﾚｰｼｮﾝ,000873,伊藤忠ﾒﾀﾙｽﾞ,2,電子,,000001,矢作
2025/01/24(金),2025/01/24(金),2025/01/24(金),004108,ﾊﾟﾅｿﾆｯｸ産機ｼｽﾃﾑｽﾞ,1,売上,000030,選別,20,20,03,kg,50,"1,000",38061,000004,D（建設）,001,処分費,16:15,16:22,000131,コープ幕張駅北口店,000001,ｵﾈｽﾄ,000001,新木場ﾘｻｲｸﾙ工場,006436,ｻﾜ･ｺｰﾎﾟﾚｰｼｮﾝ,000873,伊藤忠ﾒﾀﾙｽﾞ,2,電子,,000001,矢作
2025/01/24(金),2025/01/24(金),2025/01/24(金),004108,ﾊﾟﾅｿﾆｯｸ産機ｼｽﾃﾑｽﾞ,1,売上,000030,選別,500,500,03,kg,50,"25,000",38037,000004,D（建設）,001,処分費,14:32,14:33,000140,コープデリ浦安行徳センター,000001,ｵﾈｽﾄ,000001,新木場ﾘｻｲｸﾙ工場,000033,富士商事,000873,伊藤忠ﾒﾀﾙｽﾞ,2,電子,,000001,矢作
2025/01/24(金),2025/01/24(金),2025/01/24(金),004463,あるくる,1,売上,000001,混合廃棄物A,980,980,03,kg,58,"56,840",38031,000002,B（残置）,001,処分費,13:58,14:17,000079,藤和三田ｺｰﾌﾟ(207)残置物撤去作業,000001,ｵﾈｽﾄ,000001,新木場ﾘｻｲｸﾙ工場,004463,あるくる,000823,あるくる,1,紙,,000001,矢作
2025/01/24(金),2025/01/24(金),2025/01/24(金),004463,あるくる,1,売上,000029,木くず,930,930,03,kg,48,"44,640",38031,000002,B（残置）,001,処分費,13:58,14:17,000079,藤和三田ｺｰﾌﾟ(207)残置物撤去作業,000001,ｵﾈｽﾄ,000001,新木場ﾘｻｲｸﾙ工場,004463,あるくる,000823,あるくる,1,紙,,000001,矢作
2025/01/24(金),2025/01/24(金),2025/01/24(金),004711,長島倉庫,1,売上,000001,混合廃棄物A,140,140,03,kg,60,"8,400",38034,000002,B（残置）,001,処分費,14:20,14:25,000000,長島倉庫,000001,ｵﾈｽﾄ,000001,新木場ﾘｻｲｸﾙ工場,002654,加藤好大商店,000041,加藤好大商店,1,紙,,000004,山本
2025/01/24(金),2025/01/24(金),2025/01/24(金),004711,長島倉庫,1,売上,000001,混合廃棄物A,270,270,03,kg,60,"16,200",38034,000002,B（残置）,001,処分費,14:20,14:25,000000,長島倉庫,000001,ｵﾈｽﾄ,000001,新木場ﾘｻｲｸﾙ工場,002654,加藤好大商店,000041,加藤好大商店,1,紙,,000004,山本
2025/01/24(金),2025/01/24(金),2025/01/24(金),004766,JR東日本環境ｱｸｾｽ,1,売上,000001,混合廃棄物A,"1,270","1,270",03,kg,55,"69,850",37937,000001,A（事業）,001,処分費,07:09,07:12,000001,東京資源循環ｾﾝﾀｰ,000001,ｵﾈｽﾄ,000001,新木場ﾘｻｲｸﾙ工場,004766,JR東日本環境ｱｸｾｽ,000426,JR東日本環境ｱｸｾｽ,2,電子,,000002,渡辺
2025/01/24(金),2025/01/24(金),2025/01/24(金),004766,JR東日本環境ｱｸｾｽ,1,売上,000001,混合廃棄物A,"1,280","1,280",03,kg,55,"70,400",37951,000001,A（事業）,001,処分費,08:10,08:11,000001,東京資源循環ｾﾝﾀｰ,000001,ｵﾈｽﾄ,000001,新木場ﾘｻｲｸﾙ工場,004766,JR東日本環境ｱｸｾｽ,000426,JR東日本環境ｱｸｾｽ,2,電子,,000002,渡辺
2025/01/24(金),2025/01/24(金),2025/01/24(金),004833,ﾘｰﾄﾞ,1,売上,000001,混合廃棄物A,220,220,03,kg,70,"15,400",38028,000004,D,001,処分費,13:38,13:44,000000,ﾘｰﾄﾞ,000001,ｵﾈｽﾄ,000001,新木場ﾘｻｲｸﾙ工場,004833,ﾘｰﾄﾞ,001043,ﾘｰﾄﾞ,1,紙,,000012,サン・テクノ
2025/01/24(金),2025/01/24(金),2025/01/24(金),004833,ﾘｰﾄﾞ,1,売上,000004,混合廃棄物(焼却物),90,90,03,kg,80,"7,200",38028,000004,D,001,処分費,13:38,13:44,000000,ﾘｰﾄﾞ,000001,ｵﾈｽﾄ,000001,新木場ﾘｻｲｸﾙ工場,004833,ﾘｰﾄﾞ,001043,ﾘｰﾄﾞ,1,紙,,000012,サン・テクノ
2025/01/24(金),2025/01/24(金),2025/01/24(金),004833,ﾘｰﾄﾞ,1,売上,000031,金庫,30,30,03,kg,90,"2,700",38028,000004,D,001,処分費,13:38,13:44,000000,ﾘｰﾄﾞ,000001,ｵﾈｽﾄ,000001,新木場ﾘｻｲｸﾙ工場,004833,ﾘｰﾄﾞ,001043,ﾘｰﾄﾞ,1,紙,,000012,サン・テクノ
2025/01/24(金),2025/01/24(金),2025/01/24(金),004926,NIPPO東京統括事業所,1,売上,000001,混合廃棄物A,"4,080",9,02,m3,0,0,38024,000004,D（建設）,001,処分費,13:20,13:21,000001,首都高出張所,000001,ｵﾈｽﾄ,000001,新木場ﾘｻｲｸﾙ工場,000001,ｵﾈｽﾄ,000435,NIPPO 東京統括事業所,2,電子,,000002,渡辺
2025/01/24(金),2025/01/24(金),2025/01/24(金),005011,ﾊﾙﾊﾟｴﾔ,1,売上,000001,混合廃棄物A,380,380,03,kg,65,"24,700",38057,000002,B（残置）,001,処分費,16:19,16:19,000000,ﾊﾙﾊﾟｴﾔ,000001,ｵﾈｽﾄ,000001,新木場ﾘｻｲｸﾙ工場,005011,ﾊﾙﾊﾟｴﾔ,000718,ﾊﾙﾊﾟｴﾔ,1,紙,,000005,今村（紀）
2025/01/24(金),2025/01/24(金),2025/01/24(金),005011,ﾊﾙﾊﾟｴﾔ,1,売上,000004,混合廃棄物(焼却物),100,100,03,kg,75,"7,500",38057,000002,B（残置）,001,処分費,16:19,16:19,000000,ﾊﾙﾊﾟｴﾔ,000001,ｵﾈｽﾄ,000001,新木場ﾘｻｲｸﾙ工場,005011,ﾊﾙﾊﾟｴﾔ,000718,ﾊﾙﾊﾟｴﾔ,1,紙,,000005,今村（紀）
2025/01/24(金),2025/01/24(金),2025/01/24(金),005011,ﾊﾙﾊﾟｴﾔ,1,売上,000029,木くず,550,550,03,kg,35,"19,250",38057,000002,B（残置）,001,処分費,16:19,16:19,000000,ﾊﾙﾊﾟｴﾔ,000001,ｵﾈｽﾄ,000001,新木場ﾘｻｲｸﾙ工場,005011,ﾊﾙﾊﾟｴﾔ,000718,ﾊﾙﾊﾟｴﾔ,1,紙,,000005,今村（紀）
2025/01/24(金),2025/01/24(金),2025/01/24(金),005099,日本ﾋﾟｰﾏｯｸ,1,売上,000001,混合廃棄物A,70,70,03,kg,65,"4,550",38042,000004,D（建設）,001,処分費,14:38,14:41,000002,ﾄﾘﾆﾃｨ書斎,000001,ｵﾈｽﾄ,000001,新木場ﾘｻｲｸﾙ工場,001051,Y-maxx,000808,Y-maxx,1,紙,,000004,山本
2025/01/24(金),2025/01/24(金),2025/01/24(金),005166,宏基産業,1,売上,000002,混合廃棄物B,460,460,03,kg,70,"32,200",38044,000003,C（解体）,001,処分費,14:38,14:40,000013,市川市八幡4-1-17,000001,ｵﾈｽﾄ,000001,新木場ﾘｻｲｸﾙ工場,005166,宏基産業,000424,宏基産業,1,紙,,000002,渡辺
2025/01/24(金),2025/01/24(金),2025/01/24(金),005179,ｷｬｯﾄﾊﾝｽﾞ,1,売上,000001,混合廃棄物A,200,200,03,kg,65,"13,000",38054,000002,B（残置）,001,処分費,15:49,15:56,000043,井和工業製造3課,000001,ｵﾈｽﾄ,000001,新木場ﾘｻｲｸﾙ工場,005179,ｷｬｯﾄﾊﾝｽﾞ,000446,ｷｬｯﾄﾊﾝｽﾞ,1,紙,,000007,小林
2025/01/24(金),2025/01/24(金),2025/01/24(金),005230,川口化学工業,1,売上,000002,混合廃棄物B,480,480,03,kg,65,"31,200",37967,000004,D（建設）,001,処分費,09:35,09:39,000000,川口化学工業,000001,ｵﾈｽﾄ,000001,新木場ﾘｻｲｸﾙ工場,004864,市川産業,000430,市川産業,2,電子,,000002,渡辺
2025/01/24(金),2025/01/24(金),2025/01/24(金),005293,ｶﾅｵｺｰﾎﾟﾚｰｼｮﾝ,1,売上,000001,混合廃棄物A,100,100,03,kg,65,"6,500",37939,000003,C（解体）,001,処分費,06:25,06:25,000012,ﾃﾞｯｸｽ東京ﾋﾞｰﾁ3-01、3-02区画原状回復,000001,ｵﾈｽﾄ,000001,新木場ﾘｻｲｸﾙ工場,005293,ｶﾅｵｺｰﾎﾟﾚｰｼｮﾝ,000610,ｶﾅｵｺｰﾎﾟﾚｰｼｮﾝ,2,電子,,000006,川部
2025/01/24(金),2025/01/24(金),2025/01/24(金),005575,渡辺ﾊﾟｲﾌﾟ,1,売上,000002,混合廃棄物B,270,270,03,kg,70,"18,900",38071,000003,C（解体）,001,処分費,16:56,16:58,000086,ｱｰﾊﾞﾝﾋﾞｭｰ本郷,000001,ｵﾈｽﾄ,000001,新木場ﾘｻｲｸﾙ工場,000362,ﾐﾔ産興,000290,ﾐﾔ産興,1,紙,,000004,山本
2025/01/24(金),2025/01/24(金),2025/01/24(金),005919,ﾄｰﾁｸ,1,売上,000021,軽量物系B(ｸﾞﾗｽｳｰﾙ),890,890,03,kg,80,"71,200",38063,000004,D（建設）,001,処分費,16:30,16:33,000001,ﾄｰﾁｸ（所沢置場）,000001,ｵﾈｽﾄ,000001,新木場ﾘｻｲｸﾙ工場,005918,ｷｮｰｴｲｽﾄｯｸ,000343,ｷｮｰｴｲｽﾄｯｸ,1,紙,,000002,渡辺
2025/01/24(金),2025/01/24(金),2025/01/24(金),006032,ﾍﾞﾙ興産,1,売上,000001,混合廃棄物A,50,50,03,kg,65,"3,250",38065,000003,C（解体）,001,処分費,16:35,16:39,000000,ﾍﾞﾙ興産,000001,ｵﾈｽﾄ,000001,新木場ﾘｻｲｸﾙ工場,006032,ﾍﾞﾙ興産,001146,ﾍﾞﾙ興産,1,紙,,000007,小林
2025/01/24(金),2025/01/24(金),2025/01/24(金),006032,ﾍﾞﾙ興産,1,売上,000029,木くず,210,210,03,kg,35,"7,350",38065,000003,C（解体）,001,処分費,16:35,16:39,000000,ﾍﾞﾙ興産,000001,ｵﾈｽﾄ,000001,新木場ﾘｻｲｸﾙ工場,006032,ﾍﾞﾙ興産,001146,ﾍﾞﾙ興産,1,紙,,000007,小林
2025/01/24(金),2025/01/24(金),2025/01/24(金),006034,新菱冷熱工業都市環境事業部,1,売上,000001,混合廃棄物A,20,20,03,kg,65,"1,300",38036,000004,D（建設）,001,処分費,14:25,14:30,000007,西新宿六丁目地域冷暖房施設　第1プラント,000001,ｵﾈｽﾄ,000001,新木場ﾘｻｲｸﾙ工場,000001,ｵﾈｽﾄ,000594,新菱冷熱工業都市環境事業部,2,電子,,000006,川部
2025/01/24(金),2025/01/24(金),2025/01/24(金),006034,新菱冷熱工業都市環境事業部,1,売上,000001,混合廃棄物A,700,700,03,kg,65,"45,500",38002,000004,D（建設）,001,処分費,11:35,11:37,000007,西新宿六丁目地域冷暖房施設　第1プラント,000001,ｵﾈｽﾄ,000001,新木場ﾘｻｲｸﾙ工場,000001,ｵﾈｽﾄ,000594,新菱冷熱工業都市環境事業部,2,電子,,000006,川部
2025/01/24(金),2025/01/24(金),2025/01/24(金),006034,新菱冷熱工業都市環境事業部,1,売上,000030,選別,20,20,03,kg,70,"1,400",38036,000004,D（建設）,001,処分費,14:25,14:30,000007,西新宿六丁目地域冷暖房施設　第1プラント,000001,ｵﾈｽﾄ,000001,新木場ﾘｻｲｸﾙ工場,000001,ｵﾈｽﾄ,000594,新菱冷熱工業都市環境事業部,2,電子,,000006,川部
2025/01/24(金),2025/01/24(金),2025/01/24(金),006034,新菱冷熱工業都市環境事業部,1,売上,000352,運搬費(2ｔ車),,1,07,台,"24,000","24,000",37971,000004,D（建設）,002,運搬費,10:09,10:10,000007,西新宿六丁目地域冷暖房施設　第1プラント,000001,ｵﾈｽﾄ,000001,新木場ﾘｻｲｸﾙ工場,000001,ｵﾈｽﾄ,000594,新菱冷熱工業都市環境事業部,2,電子,,000006,川部
2025/01/24(金),2025/01/24(金),2025/01/24(金),006034,新菱冷熱工業都市環境事業部,1,売上,000352,運搬費(2ｔ車),,1,07,台,"24,000","24,000",38002,000004,D（建設）,002,運搬費,11:35,11:37,000007,西新宿六丁目地域冷暖房施設　第1プラント,000001,ｵﾈｽﾄ,000001,新木場ﾘｻｲｸﾙ工場,000001,ｵﾈｽﾄ,000594,新菱冷熱工業都市環境事業部,2,電子,,000006,川部
2025/01/24(金),2025/01/24(金),2025/01/24(金),006034,新菱冷熱工業都市環境事業部,1,売上,000352,運搬費(2ｔ車),,1,07,台,"24,000","24,000",38036,000004,D（建設）,002,運搬費,14:25,14:30,000007,西新宿六丁目地域冷暖房施設　第1プラント,000001,ｵﾈｽﾄ,000001,新木場ﾘｻｲｸﾙ工場,000001,ｵﾈｽﾄ,000594,新菱冷熱工業都市環境事業部,2,電子,,000006,川部
2025/01/24(金),2025/01/24(金),2025/01/24(金),006034,新菱冷熱工業都市環境事業部,2,支払,000068,GC 軽鉄･ｽﾁｰﾙ類,760,760,03,kg,26.5,"20,140",38036,000004,D（建設）,003,有価物,14:25,14:30,000007,西新宿六丁目地域冷暖房施設　第1プラント,000001,ｵﾈｽﾄ,000001,新木場ﾘｻｲｸﾙ工場,000001,ｵﾈｽﾄ,000594,新菱冷熱工業都市環境事業部,2,電子,,000006,川部
2025/01/24(金),2025/01/24(金),2025/01/24(金),006034,新菱冷熱工業都市環境事業部,2,支払,000068,GC 軽鉄･ｽﾁｰﾙ類,"1,840","1,840",03,kg,26.5,"48,760",37971,000004,D（建設）,003,有価物,10:09,10:10,000007,西新宿六丁目地域冷暖房施設　第1プラント,000001,ｵﾈｽﾄ,000001,新木場ﾘｻｲｸﾙ工場,000001,ｵﾈｽﾄ,000594,新菱冷熱工業都市環境事業部,2,電子,,000006,川部
2025/01/24(金),2025/01/24(金),2025/01/24(金),006076,TWC,1,売上,000002,混合廃棄物B,20,20,03,kg,65,"1,300",37984,000003,C（解体）,001,処分費,10:44,10:48,000014,解体現場,000001,ｵﾈｽﾄ,000001,新木場ﾘｻｲｸﾙ工場,006076,TWC,000904,TWC,1,紙,,000004,山本
2025/01/24(金),2025/01/24(金),2025/01/24(金),006076,TWC,1,売上,000017,軽量物系A(ｽﾀｲﾛﾌｫｰﾑ),100,100,03,kg,200,"20,000",37984,000003,C（解体）,001,処分費,10:44,10:48,000014,解体現場,000001,ｵﾈｽﾄ,000001,新木場ﾘｻｲｸﾙ工場,006076,TWC,000904,TWC,1,紙,,000004,山本
2025/01/24(金),2025/01/24(金),2025/01/24(金),006452,東京車輪,1,売上,000038,廃ﾌﾟﾗｽﾁｯｸ類,290,290,03,kg,48,"13,920",37976,000002,B（残置）,001,処分費,10:23,10:23,000000,東京車輪,000001,ｵﾈｽﾄ,000001,新木場ﾘｻｲｸﾙ工場,000016,泉土木,000823,あるくる,1,紙,,000001,矢作
2025/01/24(金),2025/01/24(金),2025/01/24(金),006509,ﾅｲﾃｯｸｽ,1,売上,000001,混合廃棄物A,260,260,03,kg,65,"16,900",37961,000001,A（事業）,001,処分費,09:21,09:21,000000,ﾅｲﾃｯｸｽ,000001,ｵﾈｽﾄ,000001,新木場ﾘｻｲｸﾙ工場,006509,ﾅｲﾃｯｸｽ,000182,ﾅｲﾃｯｸｽ,1,紙,,000004,山本
2025/01/24(金),2025/01/24(金),2025/01/24(金),006569,お世話や,1,売上,000001,混合廃棄物A,260,260,03,kg,60,"15,600",37982,000002,B（残置）,001,処分費,10:38,10:40,000000,お世話や,000001,ｵﾈｽﾄ,000001,新木場ﾘｻｲｸﾙ工場,001656,真和商事,000055,真和商事,1,紙,,000002,渡辺
2025/01/24(金),2025/01/24(金),2025/01/24(金),006569,お世話や,1,売上,000001,混合廃棄物A,400,400,03,kg,60,"24,000",38027,000002,B（残置）,001,処分費,13:38,13:42,000001,お世話や　初台事務所,000001,ｵﾈｽﾄ,000001,新木場ﾘｻｲｸﾙ工場,001656,真和商事,000055,真和商事,1,紙,,000002,渡辺
2025/01/24(金),2025/01/24(金),2025/01/24(金),006572,目黒ﾗｲﾆﾝｸﾞ商会,1,売上,000001,混合廃棄物A,620,620,03,kg,60,"37,200",37954,000002,B（残置）,001,処分費,08:49,08:55,000000,目黒ﾗｲﾆﾝｸﾞ商会,000001,ｵﾈｽﾄ,000001,新木場ﾘｻｲｸﾙ工場,001656,真和商事,000055,真和商事,1,紙,,000002,渡辺
2025/01/24(金),2025/01/24(金),2025/01/24(金),006572,目黒ﾗｲﾆﾝｸﾞ商会,1,売上,000093,混合廃棄物(ﾋﾞﾝ･缶･ﾍﾟｯﾄﾎﾞﾄﾙ),150,150,03,kg,45,"6,750",37954,000002,B（残置）,001,処分費,08:49,08:55,000000,目黒ﾗｲﾆﾝｸﾞ商会,000001,ｵﾈｽﾄ,000001,新木場ﾘｻｲｸﾙ工場,001656,真和商事,000055,真和商事,1,紙,,000002,渡辺
2025/01/24(金),2025/01/24(金),2025/01/24(金),006594,ｾｲｺｰﾋﾞﾙｼｽﾃﾑ　,1,売上,000001,混合廃棄物A,900,900,03,kg,60,"54,000",38069,000002,B（残置）,001,処分費,16:42,16:45,000001,渋谷公会堂,000001,ｵﾈｽﾄ,000001,新木場ﾘｻｲｸﾙ工場,001656,真和商事,000055,真和商事,1,紙,,000002,渡辺
2025/01/24(金),2025/01/24(金),2025/01/24(金),006594,ｾｲｺｰﾋﾞﾙｼｽﾃﾑ　,1,売上,000036,ﾏｯﾄﾚｽ(ｼﾝｸﾞﾙ),10,1,11,枚,"4,000","4,000",38069,000002,B（残置）,001,処分費,16:42,16:45,000001,渋谷公会堂,000001,ｵﾈｽﾄ,000001,新木場ﾘｻｲｸﾙ工場,001656,真和商事,000055,真和商事,1,紙,,000002,渡辺
2025/01/24(金),2025/01/24(金),2025/01/24(金),006957,LIXILﾄｰﾀﾙｻｰﾋﾞｽ,1,売上,000001,混合廃棄物A,590,590,03,kg,58,"34,220",37981,000004,D（建設）,001,処分費,10:37,10:39,000006,レム日比谷,000001,ｵﾈｽﾄ,000001,新木場ﾘｻｲｸﾙ工場,000016,泉土木,000014,泉土木,1,紙,,000001,矢作
2025/01/24(金),2025/01/24(金),2025/01/24(金),007187,東央建設,1,売上,000002,混合廃棄物B,500,500,03,kg,70,"35,000",38039,000002,B（残置）,001,処分費,14:28,14:34,000004,東京都北区中十条3-20-17,000001,ｵﾈｽﾄ,000001,新木場ﾘｻｲｸﾙ工場,007767,ﾀﾆｶﾜ,001061,ﾀﾆｶﾜ,1,紙,,000012,サン・テクノ
2025/01/24(金),2025/01/24(金),2025/01/24(金),007342,ｵｰﾌﾟﾝﾊｳｽ･ﾃﾞｨﾍﾞﾛｯﾌﾟﾒﾝﾄ,1,売上,000002,混合廃棄物B,600,600,03,kg,70,"42,000",38033,000004,D（建設）,001,処分費,13:59,14:03,000000,ｵｰﾌﾟﾝﾊｳｽ･ﾃﾞｨﾍﾞﾛｯﾌﾟﾒﾝﾄ,000001,ｵﾈｽﾄ,000001,新木場ﾘｻｲｸﾙ工場,000210,ES産業,000175,ES産業,2,電子,,000002,渡辺
2025/01/24(金),2025/01/24(金),2025/01/24(金),007342,ｵｰﾌﾟﾝﾊｳｽ･ﾃﾞｨﾍﾞﾛｯﾌﾟﾒﾝﾄ,1,売上,000021,軽量物系B(ｸﾞﾗｽｳｰﾙ),150,150,03,kg,80,"12,000",38033,000004,D（建設）,001,処分費,13:59,14:03,000000,ｵｰﾌﾟﾝﾊｳｽ･ﾃﾞｨﾍﾞﾛｯﾌﾟﾒﾝﾄ,000001,ｵﾈｽﾄ,000001,新木場ﾘｻｲｸﾙ工場,000210,ES産業,000175,ES産業,2,電子,,000002,渡辺
2025/01/24(金),2025/01/24(金),2025/01/24(金),007568,ﾗｲﾌｻｰﾋﾞｽｼﾞｬﾊﾟﾝ,1,売上,000001,混合廃棄物A,110,110,03,kg,58,"6,380",37942,000006,F（他）,001,処分費,06:27,06:27,000000,ﾗｲﾌｻｰﾋﾞｽｼﾞｬﾊﾟﾝ,000001,ｵﾈｽﾄ,000001,新木場ﾘｻｲｸﾙ工場,007568,ﾗｲﾌｻｰﾋﾞｽｼﾞｬﾊﾟﾝ,001022,ｻﾝ･ﾃｸﾉ,1,紙,,000012,サン・テクノ
2025/01/24(金),2025/01/24(金),2025/01/24(金),007568,ﾗｲﾌｻｰﾋﾞｽｼﾞｬﾊﾟﾝ,1,売上,000004,混合廃棄物(焼却物),120,120,03,kg,68,"8,160",37942,000006,F（他）,001,処分費,06:27,06:27,000000,ﾗｲﾌｻｰﾋﾞｽｼﾞｬﾊﾟﾝ,000001,ｵﾈｽﾄ,000001,新木場ﾘｻｲｸﾙ工場,007568,ﾗｲﾌｻｰﾋﾞｽｼﾞｬﾊﾟﾝ,001022,ｻﾝ･ﾃｸﾉ,1,紙,,000012,サン・テクノ
2025/01/24(金),2025/01/24(金),2025/01/24(金),007654,ﾃﾚﾋﾞ朝日ﾍﾞｽﾄ,1,売上,000001,混合廃棄物A,"1,040","1,040",03,kg,63,"65,520",38045,000002,B（残置）,001,処分費,15:04,16:09,000001,ﾃﾚﾋﾞ朝日本社,000001,ｵﾈｽﾄ,000001,新木場ﾘｻｲｸﾙ工場,001308,ｵﾈｽﾄ･ﾜﾝ,001021,ｵﾈｽﾄ･ﾜﾝ,1,紙,,000011,オネスト・ワン
2025/01/24(金),2025/01/24(金),2025/01/24(金),007654,ﾃﾚﾋﾞ朝日ﾍﾞｽﾄ,1,売上,000030,選別,"1,270","1,270",03,kg,60,"76,200",38045,000002,B（残置）,001,処分費,15:04,16:09,000001,ﾃﾚﾋﾞ朝日本社,000001,ｵﾈｽﾄ,000001,新木場ﾘｻｲｸﾙ工場,001308,ｵﾈｽﾄ･ﾜﾝ,001021,ｵﾈｽﾄ･ﾜﾝ,1,紙,,000011,オネスト・ワン
2025/01/24(金),2025/01/24(金),2025/01/24(金),007654,ﾃﾚﾋﾞ朝日ﾍﾞｽﾄ,1,売上,000043,ﾀｲﾙｶｰﾍﾟｯﾄ,200,200,03,kg,55,"11,000",38045,000002,B（残置）,001,処分費,15:04,16:09,000001,ﾃﾚﾋﾞ朝日本社,000001,ｵﾈｽﾄ,000001,新木場ﾘｻｲｸﾙ工場,001308,ｵﾈｽﾄ･ﾜﾝ,001021,ｵﾈｽﾄ･ﾜﾝ,1,紙,,000011,オネスト・ワン
2025/01/24(金),2025/01/24(金),2025/01/24(金),007654,ﾃﾚﾋﾞ朝日ﾍﾞｽﾄ,2,支払,000068,GC 軽鉄･ｽﾁｰﾙ類,"2,280","2,280",03,kg,28,"63,840",38012,000002,B（残置）,003,有価物,12:19,12:20,000001,ﾃﾚﾋﾞ朝日本社,000001,ｵﾈｽﾄ,000001,新木場ﾘｻｲｸﾙ工場,001308,ｵﾈｽﾄ･ﾜﾝ,001021,ｵﾈｽﾄ･ﾜﾝ,1,紙,,000011,オネスト・ワン
2025/01/24(金),2025/01/24(金),2025/01/24(金),007764,ﾊﾟﾅｿﾆｯｸﾎｰﾑｽﾞ不動産,1,売上,000001,混合廃棄物A,460,2,02,m3,"12,000","24,000",38025,000002,B（残置）,001,処分費,13:33,13:33,000001,【東京】世田谷区　鎌田集積場,000001,ｵﾈｽﾄ,000001,新木場ﾘｻｲｸﾙ工場,000001,ｵﾈｽﾄ,000227,ﾊﾟﾅｿﾆｯｸﾎｰﾑｽﾞ不動産,2,電子,,000004,山本
2025/01/24(金),2025/01/24(金),2025/01/24(金),007764,ﾊﾟﾅｿﾆｯｸﾎｰﾑｽﾞ不動産,1,売上,000006,混合廃棄物(壁紙・ｸﾛｽ),,3,02,m3,"12,000","36,000",38025,000002,B（残置）,001,処分費,13:33,13:33,000001,【東京】世田谷区　鎌田集積場,000001,ｵﾈｽﾄ,000001,新木場ﾘｻｲｸﾙ工場,000001,ｵﾈｽﾄ,000227,ﾊﾟﾅｿﾆｯｸﾎｰﾑｽﾞ不動産,2,電子,,000004,山本
2025/01/24(金),2025/01/24(金),2025/01/24(金),007764,ﾊﾟﾅｿﾆｯｸﾎｰﾑｽﾞ不動産,1,売上,000109,運搬費,,1,07,台,"24,000","24,000",38025,000002,B（残置）,002,運搬費,13:33,13:33,000001,【東京】世田谷区　鎌田集積場,000001,ｵﾈｽﾄ,000001,新木場ﾘｻｲｸﾙ工場,000001,ｵﾈｽﾄ,000227,ﾊﾟﾅｿﾆｯｸﾎｰﾑｽﾞ不動産,2,電子,,000004,山本
2025/01/24(金),2025/01/24(金),2025/01/24(金),007876,山商ﾘﾌｫｰﾑｻｰﾋﾞｽ,1,売上,000002,混合廃棄物B,220,220,03,kg,65,"14,300",37974,000003,C（解体）,001,処分費,10:05,10:07,000009,東京都江戸川区中央1-29-5,000001,ｵﾈｽﾄ,000001,新木場ﾘｻｲｸﾙ工場,006076,TWC,000904,TWC,1,紙,,000004,山本
2025/01/24(金),2025/01/24(金),2025/01/24(金),007894,ｸﾞﾛｰﾊﾞﾙｽﾎﾟｰﾂ医学研究所,1,売上,000001,混合廃棄物A,150,150,03,kg,65,"9,750",38047,000002,B（残置）,001,処分費,15:26,15:31,000010,ｸﾞﾛｰﾊﾞﾙｽﾎﾟｰﾂ医学研究所(大田区),000001,ｵﾈｽﾄ,000001,新木場ﾘｻｲｸﾙ工場,007489,ﾌｫｰﾒｰｼｮﾝ,001020,ﾌｫｰﾒｰｼｮﾝ,1,紙,,000007,小林
2025/01/24(金),2025/01/24(金),2025/01/24(金),007903,BANDAISPIRITS,1,売上,000004,混合廃棄物(焼却物),590,590,03,kg,58,"34,220",38038,000001,A（事業）,001,処分費,14:26,14:26,000000,BANDAISPIRITS,000001,ｵﾈｽﾄ,000001,新木場ﾘｻｲｸﾙ工場,000302,ﾖｼﾓﾘ,000244,ﾖｼﾓﾘ,1,紙,,000002,渡辺
2025/01/24(金),2025/01/24(金),2025/01/24(金),007917,ﾜｰｸﾏﾝ,1,売上,000001,混合廃棄物A,310,310,03,kg,65,"20,150",37960,000004,D（建設）,001,処分費,09:09,09:14,000000,ﾜｰｸﾏﾝ,000001,ｵﾈｽﾄ,000001,新木場ﾘｻｲｸﾙ工場,001051,Y-maxx,000808,Y-maxx,2,電子,,000004,山本
2025/01/24(金),2025/01/24(金),2025/01/24(金),008290,日本通運㈱,1,売上,000029,木くず,580,580,03,kg,35,"20,300",38016,000001,A（事業）,001,処分費,12:23,12:25,000001,江東辰巳航空貨物ｾﾝﾀｰ,000001,ｵﾈｽﾄ,000001,新木場ﾘｻｲｸﾙ工場,000001,ｵﾈｽﾄ,000095,日本通運,2,電子,,000007,小林
2025/01/24(金),2025/01/24(金),2025/01/24(金),008290,日本通運㈱,1,売上,000038,廃ﾌﾟﾗｽﾁｯｸ類,150,150,03,kg,60,"9,000",38016,000001,A（事業）,001,処分費,12:23,12:25,000001,江東辰巳航空貨物ｾﾝﾀｰ,000001,ｵﾈｽﾄ,000001,新木場ﾘｻｲｸﾙ工場,000001,ｵﾈｽﾄ,000095,日本通運,2,電子,,000007,小林
2025/01/24(金),2025/01/24(金),2025/01/24(金),008290,日本通運㈱,1,売上,000109,運搬費,,1,07,台,"16,000","16,000",38016,000001,A（事業）,002,運搬費,12:23,12:25,000001,江東辰巳航空貨物ｾﾝﾀｰ,000001,ｵﾈｽﾄ,000001,新木場ﾘｻｲｸﾙ工場,000001,ｵﾈｽﾄ,000095,日本通運,2,電子,,000007,小林
2025/01/24(金),2025/01/24(金),2025/01/24(金),008449,ﾌﾟﾚｲﾜﾝ,1,売上,000002,混合廃棄物B,660,660,03,kg,70,"46,200",37985,000003,C（解体）,001,処分費,10:45,10:51,000024,神奈川県横浜市瀬谷区三ツ境115-17,000001,ｵﾈｽﾄ,000001,新木場ﾘｻｲｸﾙ工場,008343,JANSTAR,000627,JANSTAR,1,紙,,000006,川部
2025/01/24(金),2025/01/24(金),2025/01/24(金),008449,ﾌﾟﾚｲﾜﾝ,1,売上,000017,軽量物系A(ｽﾀｲﾛﾌｫｰﾑ),20,20,03,kg,200,"4,000",37985,000003,C（解体）,001,処分費,10:45,10:51,000024,神奈川県横浜市瀬谷区三ツ境115-17,000001,ｵﾈｽﾄ,000001,新木場ﾘｻｲｸﾙ工場,008343,JANSTAR,000627,JANSTAR,1,紙,,000006,川部
2025/01/24(金),2025/01/24(金),2025/01/24(金),008459,ｸﾞﾘｰﾝﾜｰｸｽ,1,売上,000001,混合廃棄物A,50,50,03,kg,65,"3,250",38074,000002,B（残置）,001,処分費,16:57,17:04,000008,ｸﾞﾘｰﾝﾜｰｸｽ現場(碑文谷),000001,ｵﾈｽﾄ,000001,新木場ﾘｻｲｸﾙ工場,008459,ｸﾞﾘｰﾝﾜｰｸｽ,001184,ｸﾞﾘｰﾝﾜｰｸｽ,1,紙,,000012,サン・テクノ
2025/01/24(金),2025/01/24(金),2025/01/24(金),008459,ｸﾞﾘｰﾝﾜｰｸｽ,1,売上,000029,木くず,420,420,03,kg,35,"14,700",38074,000002,B（残置）,001,処分費,16:57,17:04,000008,ｸﾞﾘｰﾝﾜｰｸｽ現場(碑文谷),000001,ｵﾈｽﾄ,000001,新木場ﾘｻｲｸﾙ工場,008459,ｸﾞﾘｰﾝﾜｰｸｽ,001184,ｸﾞﾘｰﾝﾜｰｸｽ,1,紙,,000012,サン・テクノ
2025/01/24(金),2025/01/24(金),2025/01/24(金),008554,ﾑｹﾞﾝｴｽﾃｰﾄ,1,売上,000002,混合廃棄物B,"1,390","1,390",03,kg,70,"97,300",37938,000004,D（建設）,001,処分費,07:14,07:16,000000,ﾑｹﾞﾝｴｽﾃｰﾄ,000001,ｵﾈｽﾄ,000001,新木場ﾘｻｲｸﾙ工場,000083,政湖商運,000069,政湖商運,2,電子,,000002,渡辺
2025/01/24(金),2025/01/24(金),2025/01/24(金),008693,ﾌｪﾗｶﾞﾓ・ｼﾞｬﾊﾟﾝ,1,売上,000001,混合廃棄物A,200,200,03,kg,65,"13,000",38049,000002,B（残置）,001,処分費,15:40,16:21,000001,丸二倉庫㈱YBLPLAZA西館,000001,ｵﾈｽﾄ,000001,新木場ﾘｻｲｸﾙ工場,000001,ｵﾈｽﾄ,001403,ﾌｪﾗｶﾞﾓ・ｼﾞｬﾊﾟﾝ,1,紙,,000007,小林
2025/01/24(金),2025/01/24(金),2025/01/24(金),008693,ﾌｪﾗｶﾞﾓ・ｼﾞｬﾊﾟﾝ,1,売上,000001,混合廃棄物A,"1,270","1,270",03,kg,65,"82,550",38023,000002,B（残置）,001,処分費,13:11,13:13,000001,丸二倉庫㈱YBLPLAZA西館,000001,ｵﾈｽﾄ,000001,新木場ﾘｻｲｸﾙ工場,000001,ｵﾈｽﾄ,001403,ﾌｪﾗｶﾞﾓ・ｼﾞｬﾊﾟﾝ,1,紙,,000007,小林
2025/01/24(金),2025/01/24(金),2025/01/24(金),008693,ﾌｪﾗｶﾞﾓ・ｼﾞｬﾊﾟﾝ,1,売上,000001,混合廃棄物A,"2,280","2,280",03,kg,65,"148,200",38013,000002,B（残置）,001,処分費,18:25,12:17,000001,丸二倉庫㈱YBLPLAZA西館,000001,ｵﾈｽﾄ,000001,新木場ﾘｻｲｸﾙ工場,000001,ｵﾈｽﾄ,001403,ﾌｪﾗｶﾞﾓ・ｼﾞｬﾊﾟﾝ,1,紙,,000007,小林
2025/01/24(金),2025/01/24(金),2025/01/24(金),008693,ﾌｪﾗｶﾞﾓ・ｼﾞｬﾊﾟﾝ,1,売上,000029,木くず,"1,350","1,350",03,kg,35,"47,250",38049,000002,B（残置）,001,処分費,15:40,16:21,000001,丸二倉庫㈱YBLPLAZA西館,000001,ｵﾈｽﾄ,000001,新木場ﾘｻｲｸﾙ工場,000001,ｵﾈｽﾄ,001403,ﾌｪﾗｶﾞﾓ・ｼﾞｬﾊﾟﾝ,1,紙,,000007,小林
2025/01/24(金),2025/01/24(金),2025/01/24(金),008693,ﾌｪﾗｶﾞﾓ・ｼﾞｬﾊﾟﾝ,1,売上,000094,冷蔵庫(170L未満),20,1,07,台,"7,000","7,000",38023,000002,B（残置）,001,処分費,13:11,13:13,000001,丸二倉庫㈱YBLPLAZA西館,000001,ｵﾈｽﾄ,000001,新木場ﾘｻｲｸﾙ工場,000001,ｵﾈｽﾄ,001403,ﾌｪﾗｶﾞﾓ・ｼﾞｬﾊﾟﾝ,1,紙,,000007,小林
2025/01/24(金),2025/01/24(金),2025/01/24(金),008693,ﾌｪﾗｶﾞﾓ・ｼﾞｬﾊﾟﾝ,1,売上,000109,運搬費,,1,07,台,"30,000","30,000",38013,000002,B（残置）,002,運搬費,18:25,12:17,000001,丸二倉庫㈱YBLPLAZA西館,000001,ｵﾈｽﾄ,000001,新木場ﾘｻｲｸﾙ工場,000001,ｵﾈｽﾄ,001403,ﾌｪﾗｶﾞﾓ・ｼﾞｬﾊﾟﾝ,1,紙,,000007,小林
2025/01/24(金),2025/01/24(金),2025/01/24(金),008693,ﾌｪﾗｶﾞﾓ・ｼﾞｬﾊﾟﾝ,1,売上,000109,運搬費,,1,07,台,"30,000","30,000",38023,000002,B（残置）,002,運搬費,13:11,13:13,000001,丸二倉庫㈱YBLPLAZA西館,000001,ｵﾈｽﾄ,000001,新木場ﾘｻｲｸﾙ工場,000001,ｵﾈｽﾄ,001403,ﾌｪﾗｶﾞﾓ・ｼﾞｬﾊﾟﾝ,1,紙,,000007,小林
2025/01/24(金),2025/01/24(金),2025/01/24(金),008693,ﾌｪﾗｶﾞﾓ・ｼﾞｬﾊﾟﾝ,1,売上,000109,運搬費,,1,07,台,"30,000","30,000",38049,000002,B（残置）,002,運搬費,15:40,16:21,000001,丸二倉庫㈱YBLPLAZA西館,000001,ｵﾈｽﾄ,000001,新木場ﾘｻｲｸﾙ工場,000001,ｵﾈｽﾄ,001403,ﾌｪﾗｶﾞﾓ・ｼﾞｬﾊﾟﾝ,1,紙,,000007,小林
2025/01/25(土),2025/01/25(土),2025/01/25(土),000017,ﾀﾏｺｰﾎﾟﾚｰｼｮﾝ,1,売上,000002,混合廃棄物B,160,160,03,kg,70,"11,200",38133,000003,C（解体）,001,処分費,10:38,10:42,000011,大田区西蒲田3-15-11,000001,ｵﾈｽﾄ,000001,新木場ﾘｻｲｸﾙ工場,000017,ﾀﾏｺｰﾎﾟﾚｰｼｮﾝ,000920,ﾀﾏｺｰﾎﾟﾚｰｼｮﾝ,1,紙,,000004,山本
2025/01/25(土),2025/01/25(土),2025/01/25(土),000017,ﾀﾏｺｰﾎﾟﾚｰｼｮﾝ,1,売上,000021,軽量物系B(ｸﾞﾗｽｳｰﾙ),100,100,03,kg,80,"8,000",38133,000003,C（解体）,001,処分費,10:38,10:42,000011,大田区西蒲田3-15-11,000001,ｵﾈｽﾄ,000001,新木場ﾘｻｲｸﾙ工場,000017,ﾀﾏｺｰﾎﾟﾚｰｼｮﾝ,000920,ﾀﾏｺｰﾎﾟﾚｰｼｮﾝ,1,紙,,000004,山本
2025/01/25(土),2025/01/25(土),2025/01/25(土),000026,ｼｰﾒﾝｽﾍﾙｽｹｱ,1,売上,000001,混合廃棄物A,"1,030","1,030",03,kg,60,"61,800",38189,000006,F（他）,001,処分費,14:39,14:53,000001,ｼｰﾒﾝｽﾍﾙｽｹｱ平和島ｾﾝﾀｰ,000001,ｵﾈｽﾄ,000001,新木場ﾘｻｲｸﾙ工場,000243,田端運輸,000097,ｼｰﾒﾝｽﾍﾙｽｹｱ,1,紙,,000003,蛯子
2025/01/25(土),2025/01/25(土),2025/01/25(土),000062,那須興産,1,売上,000003,混合廃棄物C,"1,250","1,250",03,kg,75,"93,750",38172,000005,E（中・積),001,処分費,13:24,13:26,000001,那須興産中間処理施設,000001,ｵﾈｽﾄ,000001,新木場ﾘｻｲｸﾙ工場,000062,那須興産,000051,那須興産,2,電子,,000002,渡辺
2025/01/25(土),2025/01/25(土),2025/01/25(土),000081,市川工業,1,売上,000002,混合廃棄物B,860,860,03,kg,70,"60,200",38168,000003,C（解体）,001,処分費,13:03,13:03,000012,赤提通り団地,000001,ｵﾈｽﾄ,000001,新木場ﾘｻｲｸﾙ工場,000081,市川工業,000067,市川工業,1,紙,,000007,小林
2025/01/25(土),2025/01/25(土),2025/01/25(土),000138,On Earth,1,売上,000002,混合廃棄物B,560,560,03,kg,70,"39,200",38123,000002,B（残置）,001,処分費,09:57,10:01,000012,杉並区和泉3-54-2,000001,ｵﾈｽﾄ,000001,新木場ﾘｻｲｸﾙ工場,000138,On Earth,00600X,【売掛】On Earth,1,紙,,000007,小林
2025/01/25(土),2025/01/25(土),2025/01/25(土),000168,ｹｰﾕｰ興業,1,売上,000002,混合廃棄物B,340,340,03,kg,70,"23,800",38109,000003,C（解体）,001,処分費,08:42,08:44,000012,木造2階建解体工事,000001,ｵﾈｽﾄ,000001,新木場ﾘｻｲｸﾙ工場,000168,ｹｰﾕｰ興業,000332,ｹｰﾕｰ興業,1,紙,,000007,小林
2025/01/25(土),2025/01/25(土),2025/01/25(土),000173,荒井商店,1,売上,000001,混合廃棄物A,840,840,03,kg,65,"54,600",38097,000004,D（建設）,001,処分費,07:45,07:45,000001,荒井商店,000001,ｵﾈｽﾄ,000001,新木場ﾘｻｲｸﾙ工場,000173,荒井商店,000141,荒井商店,1,紙,,000006,川部
2025/01/25(土),2025/01/25(土),2025/01/25(土),000204,ｱｵｷ商会,1,売上,000029,木くず,990,990,03,kg,35,"34,650",38093,000002,B（残置）,001,処分費,06:55,06:55,000001,東京ﾋﾞｯｸﾞｻｲﾄ,000001,ｵﾈｽﾄ,000001,新木場ﾘｻｲｸﾙ工場,000204,ｱｵｷ商会,000169,ｱｵｷ商会,1,紙,,000005,今村（紀）
2025/01/25(土),2025/01/25(土),2025/01/25(土),000204,ｱｵｷ商会,1,売上,000029,木くず,"1,180","1,180",03,kg,35,"41,300",38092,000002,B（残置）,001,処分費,06:55,06:55,000002,幕張ﾒｯｾ,000001,ｵﾈｽﾄ,000001,新木場ﾘｻｲｸﾙ工場,000204,ｱｵｷ商会,000169,ｱｵｷ商会,1,紙,,000005,今村（紀）
2025/01/25(土),2025/01/25(土),2025/01/25(土),000204,ｱｵｷ商会,1,売上,000029,木くず,"1,400","1,400",03,kg,35,"49,000",38094,000002,B（残置）,001,処分費,06:56,06:56,000003,ﾊﾟｼﾌｨｺ横浜,000001,ｵﾈｽﾄ,000001,新木場ﾘｻｲｸﾙ工場,000204,ｱｵｷ商会,000169,ｱｵｷ商会,1,紙,,000005,今村（紀）
2025/01/25(土),2025/01/25(土),2025/01/25(土),000214,近藤土木,1,売上,000002,混合廃棄物B,160,160,03,kg,70,"11,200",38141,000003,C（解体）,001,処分費,11:27,11:28,000001,資材置き場,000001,ｵﾈｽﾄ,000001,新木場ﾘｻｲｸﾙ工場,000214,近藤土木,000179,近藤土木,1,紙,,000005,今村（紀）
2025/01/25(土),2025/01/25(土),2025/01/25(土),000252,ﾊﾞｳﾊｳｽ丸栄,1,売上,000002,混合廃棄物B,50,50,03,kg,65,"3,250",38122,000003,C（解体）,001,処分費,10:00,10:00,000000,ﾊﾞｳﾊｳｽ丸栄,000001,ｵﾈｽﾄ,000001,新木場ﾘｻｲｸﾙ工場,005293,ｶﾅｵｺｰﾎﾟﾚｰｼｮﾝ,000610,ｶﾅｵｺｰﾎﾟﾚｰｼｮﾝ,2,電子,,000006,川部
2025/01/25(土),2025/01/25(土),2025/01/25(土),000286,ｷﾀｻﾞﾜ引越ｾﾝﾀｰ,1,売上,000001,混合廃棄物A,820,820,03,kg,65,"53,300",38205,000002,B（残置）,001,処分費,15:41,15:41,000000,ｷﾀｻﾞﾜ引越ｾﾝﾀｰ,000001,ｵﾈｽﾄ,000001,新木場ﾘｻｲｸﾙ工場,000286,ｷﾀｻﾞﾜ引越ｾﾝﾀｰ,000230,ｷﾀｻﾞﾜ引越ｾﾝﾀｰ,1,紙,,000006,川部
2025/01/25(土),2025/01/25(土),2025/01/25(土),000286,ｷﾀｻﾞﾜ引越ｾﾝﾀｰ,1,売上,000001,混合廃棄物A,"1,270","1,270",03,kg,65,"82,550",38159,000002,B（残置）,001,処分費,12:03,12:15,000000,ｷﾀｻﾞﾜ引越ｾﾝﾀｰ,000001,ｵﾈｽﾄ,000001,新木場ﾘｻｲｸﾙ工場,000286,ｷﾀｻﾞﾜ引越ｾﾝﾀｰ,000230,ｷﾀｻﾞﾜ引越ｾﾝﾀｰ,1,紙,,000006,川部
2025/01/25(土),2025/01/25(土),2025/01/25(土),000286,ｷﾀｻﾞﾜ引越ｾﾝﾀｰ,1,売上,000101,ﾏｯﾄﾚｽ,20,20,03,kg,100,"2,000",38159,000002,B（残置）,001,処分費,12:03,12:15,000000,ｷﾀｻﾞﾜ引越ｾﾝﾀｰ,000001,ｵﾈｽﾄ,000001,新木場ﾘｻｲｸﾙ工場,000286,ｷﾀｻﾞﾜ引越ｾﾝﾀｰ,000230,ｷﾀｻﾞﾜ引越ｾﾝﾀｰ,1,紙,,000006,川部
2025/01/25(土),2025/01/25(土),2025/01/25(土),000291,ｵﾌｨｽﾋﾞﾙﾄﾞ,1,売上,000029,木くず,750,750,03,kg,0,0,38204,000002,B（残置）,001,処分費,15:30,15:49,000001,ｵﾌｨｽﾋﾞﾙﾄﾞ,000001,ｵﾈｽﾄ,000001,新木場ﾘｻｲｸﾙ工場,000291,ｵﾌｨｽﾋﾞﾙﾄﾞ,000234,ｵﾌｨｽﾋﾞﾙﾄﾞ,1,紙,,000002,渡辺
2025/01/25(土),2025/01/25(土),2025/01/25(土),000291,ｵﾌｨｽﾋﾞﾙﾄﾞ,1,売上,000030,選別,260,260,03,kg,0,0,38204,000002,B（残置）,001,処分費,15:30,15:49,000001,ｵﾌｨｽﾋﾞﾙﾄﾞ,000001,ｵﾈｽﾄ,000001,新木場ﾘｻｲｸﾙ工場,000291,ｵﾌｨｽﾋﾞﾙﾄﾞ,000234,ｵﾌｨｽﾋﾞﾙﾄﾞ,1,紙,,000002,渡辺
2025/01/25(土),2025/01/25(土),2025/01/25(土),000312,野口興業,1,売上,000001,混合廃棄物A,570,570,03,kg,45,"25,650",38114,000001,A（事業）,001,処分費,09:13,09:17,000000,野口興業,000001,ｵﾈｽﾄ,000001,新木場ﾘｻｲｸﾙ工場,000312,野口興業,000253,野口興業,1,紙,,000002,渡辺
2025/01/25(土),2025/01/25(土),2025/01/25(土),000367,Sunriko,1,売上,000001,混合廃棄物A,"1,110","1,110",03,kg,65,"72,150",38132,000003,C（解体）,001,処分費,10:31,10:34,000000,Sunriko,000001,ｵﾈｽﾄ,000001,新木場ﾘｻｲｸﾙ工場,000001,ｵﾈｽﾄ,001216,Sunriko,1,紙,,000007,小林
2025/01/25(土),2025/01/25(土),2025/01/25(土),000367,Sunriko,1,売上,000109,運搬費,,1,07,台,"28,000","28,000",38132,000003,C（解体）,002,運搬費,10:31,10:34,000000,Sunriko,000001,ｵﾈｽﾄ,000001,新木場ﾘｻｲｸﾙ工場,000001,ｵﾈｽﾄ,001216,Sunriko,1,紙,,000007,小林
2025/01/25(土),2025/01/25(土),2025/01/25(土),000736,(ｻﾝﾃｸﾉ)ｲﾝ･ｻﾎﾟｰﾄ,1,売上,000002,混合廃棄物B,"2,140","2,140",03,kg,63,"134,820",38091,000006,F（他）,001,処分費,06:53,06:54,000000,(ｻﾝﾃｸﾉ)ｲﾝ･ｻﾎﾟｰﾄ,000001,ｵﾈｽﾄ,000001,新木場ﾘｻｲｸﾙ工場,001748,(ｻﾝﾃｸﾉ)ｽﾀｰﾀﾞｽﾄ社,001022,ｻﾝ･ﾃｸﾉ,1,紙,,000012,サン・テクノ
2025/01/25(土),2025/01/25(土),2025/01/25(土),000740,ﾌﾛﾝﾃｨｱ,1,売上,000021,軽量物系B(ｸﾞﾗｽｳｰﾙ),"1,030","1,030",03,kg,65,"66,950",38107,000001,A（事業）,001,処分費,08:21,08:23,000001,ﾌﾛﾝﾃｨｱ入谷ﾘｻｲｸﾙ工場,000001,ｵﾈｽﾄ,000001,新木場ﾘｻｲｸﾙ工場,000740,ﾌﾛﾝﾃｨｱ,000570,ﾌﾛﾝﾃｨｱ（渡辺・足立区）,1,紙,,000002,渡辺
2025/01/25(土),2025/01/25(土),2025/01/25(土),000746,小貫興業,1,売上,000002,混合廃棄物B,180,180,03,kg,70,"12,600",38197,000003,C（解体）,001,処分費,15:01,15:01,000032,ﾊﾟｰｸｸﾞﾗﾃﾞｨ代々木ｻｳｽﾚｼﾞﾃﾞﾝｽ208号室解体工,000001,ｵﾈｽﾄ,000001,新木場ﾘｻｲｸﾙ工場,000746,小貫興業,000576,小貫興業,1,紙,,000004,山本
2025/01/25(土),2025/01/25(土),2025/01/25(土),000850,認定NPO法人ｶﾀﾘﾊﾞ,1,売上,000001,混合廃棄物A,670,670,03,kg,60,"40,200",38108,000001,A（事業）,001,処分費,08:28,08:31,000001,文京区青少年ﾌﾟﾗｻﾞ　b-lab,000001,ｵﾈｽﾄ,000001,新木場ﾘｻｲｸﾙ工場,001246,三美社,000967,三美社,1,紙,,000002,渡辺
2025/01/25(土),2025/01/25(土),2025/01/25(土),000850,認定NPO法人ｶﾀﾘﾊﾞ,1,売上,000030,選別,80,80,03,kg,70,"5,600",38108,000001,A（事業）,001,処分費,08:28,08:31,000001,文京区青少年ﾌﾟﾗｻﾞ　b-lab,000001,ｵﾈｽﾄ,000001,新木場ﾘｻｲｸﾙ工場,001246,三美社,000967,三美社,1,紙,,000002,渡辺
2025/01/25(土),2025/01/25(土),2025/01/25(土),000865,金澤運輸,1,売上,000001,混合廃棄物A,940,940,03,kg,65,"61,100",38202,000003,C（解体）,001,処分費,15:19,15:35,000000,金澤運輸,000001,ｵﾈｽﾄ,000001,新木場ﾘｻｲｸﾙ工場,000865,金澤運輸,001305,金澤運輸,1,紙,,000007,小林
2025/01/25(土),2025/01/25(土),2025/01/25(土),000865,金澤運輸,1,売上,000030,選別,280,280,03,kg,70,"19,600",38182,000003,C（解体）,001,処分費,14:20,14:41,000000,金澤運輸,000001,ｵﾈｽﾄ,000001,新木場ﾘｻｲｸﾙ工場,000865,金澤運輸,001305,金澤運輸,1,紙,,000007,小林
2025/01/25(土),2025/01/25(土),2025/01/25(土),000865,金澤運輸,1,売上,000030,選別,530,530,03,kg,70,"37,100",38202,000003,C（解体）,001,処分費,15:19,15:35,000000,金澤運輸,000001,ｵﾈｽﾄ,000001,新木場ﾘｻｲｸﾙ工場,000865,金澤運輸,001305,金澤運輸,1,紙,,000007,小林
2025/01/25(土),2025/01/25(土),2025/01/25(土),000865,金澤運輸,2,支払,000068,GC 軽鉄･ｽﾁｰﾙ類,620,620,03,kg,15,"9,300",38182,000003,C（解体）,003,有価物,14:20,14:41,000000,金澤運輸,000001,ｵﾈｽﾄ,000001,新木場ﾘｻｲｸﾙ工場,000865,金澤運輸,001305,金澤運輸,1,紙,,000007,小林
2025/01/25(土),2025/01/25(土),2025/01/25(土),000865,金澤運輸,2,支払,000068,GC 軽鉄･ｽﾁｰﾙ類,"2,750","2,750",03,kg,15,"41,250",38170,000003,C（解体）,003,有価物,13:22,13:22,000000,金澤運輸,000001,ｵﾈｽﾄ,000001,新木場ﾘｻｲｸﾙ工場,000865,金澤運輸,001305,金澤運輸,1,紙,,000007,小林
2025/01/25(土),2025/01/25(土),2025/01/25(土),000867,ｵﾚﾝｼﾞﾎｰﾑﾜｰｸｽ,1,売上,000002,混合廃棄物B,150,150,03,kg,70,"10,500",38232,000002,B（残置）,001,処分費,17:45,17:48,000000,ｵﾚﾝｼﾞﾎｰﾑﾜｰｸｽ,000001,ｵﾈｽﾄ,000001,新木場ﾘｻｲｸﾙ工場,008462,Sｲﾝﾀﾞｳｴｽﾄ,000444,S･ｲﾝﾀﾞ ｳｴｽﾄ,1,紙,,000007,小林
2025/01/25(土),2025/01/25(土),2025/01/25(土),000926,おかたづけ田中くん,1,売上,000001,混合廃棄物A,200,200,03,kg,65,"13,000",38179,000002,B（残置）,001,処分費,14:17,14:27,000000,おかたづけ田中くん,000001,ｵﾈｽﾄ,000001,新木場ﾘｻｲｸﾙ工場,000926,おかたづけ田中くん,001312,おかたづけ田中くん,1,紙,,000002,渡辺
2025/01/25(土),2025/01/25(土),2025/01/25(土),000926,おかたづけ田中くん,1,売上,000492,混合廃棄物（羽毛物）,10,10,03,kg,250,"2,500",38179,000002,B（残置）,001,処分費,14:17,14:27,000000,おかたづけ田中くん,000001,ｵﾈｽﾄ,000001,新木場ﾘｻｲｸﾙ工場,000926,おかたづけ田中くん,001312,おかたづけ田中くん,1,紙,,000002,渡辺
2025/01/25(土),2025/01/25(土),2025/01/25(土),001087,福田組,1,売上,000002,混合廃棄物B,500,500,03,kg,70,"35,000",38153,000004,D（建設）,001,処分費,11:58,11:58,000001,ｻﾐｯﾄ西小山解体2002412,000001,ｵﾈｽﾄ,000001,新木場ﾘｻｲｸﾙ工場,000474,ｱｸﾛﾊﾞｯﾄｱｰﾑｽﾞ,001350,福田組　東京本店,2,電子,,000002,渡辺
2025/01/25(土),2025/01/25(土),2025/01/25(土),001116,第一広房TOKYO,1,売上,000029,木くず,"1,220","1,220",03,kg,35,"42,700",38165,000004,D（建設）,001,処分費,12:29,12:29,000002,第一広房TOKYO　木工スタジオ,000001,ｵﾈｽﾄ,000001,新木場ﾘｻｲｸﾙ工場,000001,ｵﾈｽﾄ,000863,第一広房TOKYO,1,紙,,000004,山本
2025/01/25(土),2025/01/25(土),2025/01/25(土),001116,第一広房TOKYO,1,売上,000349,運搬費(4ｔｺﾝﾃﾅ),,1,07,台,"25,000","25,000",38165,000004,D（建設）,002,運搬費,12:29,12:29,000002,第一広房TOKYO　木工スタジオ,000001,ｵﾈｽﾄ,000001,新木場ﾘｻｲｸﾙ工場,000001,ｵﾈｽﾄ,000863,第一広房TOKYO,1,紙,,000004,山本
2025/01/25(土),2025/01/25(土),2025/01/25(土),001147,ﾚｸﾄ,1,売上,000001,混合廃棄物A,270,270,03,kg,65,"17,550",38184,000004,D（建設）,001,処分費,14:03,,000000,ﾚｸﾄ,000001,ｵﾈｽﾄ,000001,新木場ﾘｻｲｸﾙ工場,007178,ﾗｲｰﾌﾞ,000507,ﾗｲｰﾌﾞ,1,紙,,000002,渡辺
2025/01/25(土),2025/01/25(土),2025/01/25(土),001147,ﾚｸﾄ,1,売上,000033,ﾀｲﾔ(ﾎｲﾙ無),40,4,09,本,"2,500","10,000",38184,000004,D（建設）,001,処分費,14:03,,000000,ﾚｸﾄ,000001,ｵﾈｽﾄ,000001,新木場ﾘｻｲｸﾙ工場,007178,ﾗｲｰﾌﾞ,000507,ﾗｲｰﾌﾞ,1,紙,,000002,渡辺
2025/01/25(土),2025/01/25(土),2025/01/25(土),001147,ﾚｸﾄ,1,売上,000036,ﾏｯﾄﾚｽ(ｼﾝｸﾞﾙ),20,2,11,枚,"6,000","12,000",38184,000004,D（建設）,001,処分費,14:03,,000000,ﾚｸﾄ,000001,ｵﾈｽﾄ,000001,新木場ﾘｻｲｸﾙ工場,007178,ﾗｲｰﾌﾞ,000507,ﾗｲｰﾌﾞ,1,紙,,000002,渡辺
2025/01/25(土),2025/01/25(土),2025/01/25(土),001147,ﾚｸﾄ,1,売上,000102,ﾏﾆﾌｪｽﾄ,,10,11,枚,50,500,38184,000004,D（建設）,001,処分費,14:03,,000000,ﾚｸﾄ,000001,ｵﾈｽﾄ,000001,新木場ﾘｻｲｸﾙ工場,007178,ﾗｲｰﾌﾞ,000507,ﾗｲｰﾌﾞ,1,紙,,000002,渡辺
2025/01/25(土),2025/01/25(土),2025/01/25(土),001159,ﾂﾊﾞｻ建業,1,売上,000021,軽量物系B(ｸﾞﾗｽｳｰﾙ),510,510,03,kg,80,"40,800",38119,000003,C（解体）,001,処分費,09:47,09:52,000003,（仮称）千葉県印西店解体撤去工事,000001,ｵﾈｽﾄ,000001,新木場ﾘｻｲｸﾙ工場,000042,翼工業,000037,翼工業,1,紙,,000004,山本
2025/01/25(土),2025/01/25(土),2025/01/25(土),001159,ﾂﾊﾞｻ建業,1,売上,000021,軽量物系B(ｸﾞﾗｽｳｰﾙ),740,740,03,kg,80,"59,200",38218,000003,C（解体）,001,処分費,16:19,16:27,000003,（仮称）千葉県印西店解体撤去工事,000001,ｵﾈｽﾄ,000001,新木場ﾘｻｲｸﾙ工場,000042,翼工業,000037,翼工業,1,紙,,000004,山本
2025/01/25(土),2025/01/25(土),2025/01/25(土),001166,広いｲﾃｹﾞﾙ,1,売上,000002,混合廃棄物B,"1,020","1,020",03,kg,70,"71,400",38100,000003,C（解体）,001,処分費,08:05,08:13,000011,埼玉県三郷市戸ヶ崎3-43-4,000001,ｵﾈｽﾄ,000001,新木場ﾘｻｲｸﾙ工場,001166,広いｲﾃｹﾞﾙ,001346,広いｲﾃｹﾞﾙ,1,紙,,000007,小林
2025/01/25(土),2025/01/25(土),2025/01/25(土),001203,ﾏﾙﾐﾔ社,1,売上,000001,混合廃棄物A,340,340,03,kg,65,"22,100",38188,000002,B（残置）,001,処分費,14:38,14:46,000000,ﾏﾙﾐﾔ社,000001,ｵﾈｽﾄ,000001,新木場ﾘｻｲｸﾙ工場,001203,ﾏﾙﾐﾔ社,000934,ﾏﾙﾐﾔ社,1,紙,,000002,渡辺
2025/01/25(土),2025/01/25(土),2025/01/25(土),001210,興南貿易,2,支払,000068,GC 軽鉄･ｽﾁｰﾙ類,230,230,03,kg,15,"3,450",38157,000002,B（残置）,003,有価物,12:07,12:07,000000,興南貿易,000001,ｵﾈｽﾄ,000001,新木場ﾘｻｲｸﾙ工場,001210,興南貿易,000937,興南貿易 株式會社,9,無,,000007,小林
2025/01/25(土),2025/01/25(土),2025/01/25(土),001226,ｱｰﾙﾂｰ,1,売上,000004,混合廃棄物(焼却物),130,130,03,kg,75,"9,750",38229,000002,B（残置）,001,処分費,17:27,17:42,000000,ｱｰﾙﾂｰ,000001,ｵﾈｽﾄ,000001,新木場ﾘｻｲｸﾙ工場,001226,ｱｰﾙﾂｰ,000950,ｱｰﾙﾂｰ,1,紙,,000006,川部
2025/01/25(土),2025/01/25(土),2025/01/25(土),001226,ｱｰﾙﾂｰ,1,売上,000029,木くず,10,10,03,kg,35,350,38229,000002,B（残置）,001,処分費,17:27,17:42,000000,ｱｰﾙﾂｰ,000001,ｵﾈｽﾄ,000001,新木場ﾘｻｲｸﾙ工場,001226,ｱｰﾙﾂｰ,000950,ｱｰﾙﾂｰ,1,紙,,000006,川部
2025/01/25(土),2025/01/25(土),2025/01/25(土),001226,ｱｰﾙﾂｰ,1,売上,000102,ﾏﾆﾌｪｽﾄ,,20,11,枚,50,"1,000",38229,000002,B（残置）,001,処分費,17:27,17:42,000000,ｱｰﾙﾂｰ,000001,ｵﾈｽﾄ,000001,新木場ﾘｻｲｸﾙ工場,001226,ｱｰﾙﾂｰ,000950,ｱｰﾙﾂｰ,1,紙,,000006,川部
2025/01/25(土),2025/01/25(土),2025/01/25(土),001226,ｱｰﾙﾂｰ,1,売上,000492,混合廃棄物（羽毛物）,10,10,03,kg,250,"2,500",38229,000002,B（残置）,001,処分費,17:27,17:42,000000,ｱｰﾙﾂｰ,000001,ｵﾈｽﾄ,000001,新木場ﾘｻｲｸﾙ工場,001226,ｱｰﾙﾂｰ,000950,ｱｰﾙﾂｰ,1,紙,,000006,川部
2025/01/25(土),2025/01/25(土),2025/01/25(土),001226,ｱｰﾙﾂｰ,2,支払,000068,GC 軽鉄･ｽﾁｰﾙ類,30,30,03,kg,15,450,38229,000002,B（残置）,003,有価物,17:27,17:42,000000,ｱｰﾙﾂｰ,000001,ｵﾈｽﾄ,000001,新木場ﾘｻｲｸﾙ工場,001226,ｱｰﾙﾂｰ,000950,ｱｰﾙﾂｰ,1,紙,,000006,川部
2025/01/25(土),2025/01/25(土),2025/01/25(土),001244,銀座急送,1,売上,000001,混合廃棄物A,470,470,03,kg,65,"30,550",38225,000002,B（残置）,001,処分費,17:11,17:20,000001,銀座急送㈱辰巳DS,000001,ｵﾈｽﾄ,000001,新木場ﾘｻｲｸﾙ工場,001244,銀座急送,000965,銀座急送,1,紙,,000002,渡辺
2025/01/25(土),2025/01/25(土),2025/01/25(土),001244,銀座急送,1,売上,000001,混合廃棄物A,990,990,03,kg,65,"64,350",38207,000002,B（残置）,001,処分費,15:45,16:02,000001,銀座急送㈱辰巳DS,000001,ｵﾈｽﾄ,000001,新木場ﾘｻｲｸﾙ工場,001244,銀座急送,000965,銀座急送,1,紙,,000002,渡辺
2025/01/25(土),2025/01/25(土),2025/01/25(土),001244,銀座急送,1,売上,000001,混合廃棄物A,"1,030","1,030",03,kg,65,"66,950",38221,000002,B（残置）,001,処分費,16:37,16:53,000001,銀座急送㈱辰巳DS,000001,ｵﾈｽﾄ,000001,新木場ﾘｻｲｸﾙ工場,001244,銀座急送,000965,銀座急送,1,紙,,000002,渡辺
2025/01/25(土),2025/01/25(土),2025/01/25(土),001244,銀座急送,1,売上,000001,混合廃棄物A,"1,360","1,360",03,kg,65,"88,400",38222,000002,B（残置）,001,処分費,16:40,16:57,000001,銀座急送㈱辰巳DS,000001,ｵﾈｽﾄ,000001,新木場ﾘｻｲｸﾙ工場,001244,銀座急送,000965,銀座急送,1,紙,,000002,渡辺
2025/01/25(土),2025/01/25(土),2025/01/25(土),001244,銀座急送,1,売上,000036,ﾏｯﾄﾚｽ(ｼﾝｸﾞﾙ),40,4,11,枚,"6,000","24,000",38222,000002,B（残置）,001,処分費,16:40,16:57,000001,銀座急送㈱辰巳DS,000001,ｵﾈｽﾄ,000001,新木場ﾘｻｲｸﾙ工場,001244,銀座急送,000965,銀座急送,1,紙,,000002,渡辺
2025/01/25(土),2025/01/25(土),2025/01/25(土),001244,銀座急送,1,売上,000146,保冷剤,100,100,03,kg,65,"6,500",38221,000002,B（残置）,001,処分費,16:37,16:53,000001,銀座急送㈱辰巳DS,000001,ｵﾈｽﾄ,000001,新木場ﾘｻｲｸﾙ工場,001244,銀座急送,000965,銀座急送,1,紙,,000002,渡辺
2025/01/25(土),2025/01/25(土),2025/01/25(土),001244,銀座急送,1,売上,000492,混合廃棄物（羽毛物）,10,10,03,kg,250,"2,500",38207,000002,B（残置）,001,処分費,15:45,16:02,000001,銀座急送㈱辰巳DS,000001,ｵﾈｽﾄ,000001,新木場ﾘｻｲｸﾙ工場,001244,銀座急送,000965,銀座急送,1,紙,,000002,渡辺
2025/01/25(土),2025/01/25(土),2025/01/25(土),001244,銀座急送,1,売上,000492,混合廃棄物（羽毛物）,10,10,03,kg,250,"2,500",38221,000002,B（残置）,001,処分費,16:37,16:53,000001,銀座急送㈱辰巳DS,000001,ｵﾈｽﾄ,000001,新木場ﾘｻｲｸﾙ工場,001244,銀座急送,000965,銀座急送,1,紙,,000002,渡辺
2025/01/25(土),2025/01/25(土),2025/01/25(土),001254,ﾄｯﾌﾟ,1,売上,000009,混合廃棄物(安定型),730,730,03,kg,60,"43,800",38115,000004,D（建設）,001,処分費,09:14,09:22,000001,ﾄｯﾌﾟ　吉川事業所,000001,ｵﾈｽﾄ,000001,新木場ﾘｻｲｸﾙ工場,001254,ﾄｯﾌﾟ,000975,ﾄｯﾌﾟ,1,紙,,000002,渡辺
2025/01/25(土),2025/01/25(土),2025/01/25(土),001254,ﾄｯﾌﾟ,1,売上,000017,軽量物系A(ｽﾀｲﾛﾌｫｰﾑ),30,30,03,kg,200,"6,000",38115,000004,D（建設）,001,処分費,09:14,09:22,000001,ﾄｯﾌﾟ　吉川事業所,000001,ｵﾈｽﾄ,000001,新木場ﾘｻｲｸﾙ工場,001254,ﾄｯﾌﾟ,000975,ﾄｯﾌﾟ,1,紙,,000002,渡辺
2025/01/25(土),2025/01/25(土),2025/01/25(土),001254,ﾄｯﾌﾟ,1,売上,000021,軽量物系B(ｸﾞﾗｽｳｰﾙ),110,110,03,kg,80,"8,800",38115,000004,D（建設）,001,処分費,09:14,09:22,000001,ﾄｯﾌﾟ　吉川事業所,000001,ｵﾈｽﾄ,000001,新木場ﾘｻｲｸﾙ工場,001254,ﾄｯﾌﾟ,000975,ﾄｯﾌﾟ,1,紙,,000002,渡辺
2025/01/25(土),2025/01/25(土),2025/01/25(土),001258,ﾎｿﾔ,1,売上,000001,混合廃棄物A,200,200,03,kg,65,"13,000",38113,000001,A（事業）,001,処分費,09:08,09:10,000000,ﾎｿﾔ,000001,ｵﾈｽﾄ,000001,新木場ﾘｻｲｸﾙ工場,001258,ﾎｿﾔ,000979,ﾎｿﾔ,1,紙,,000005,今村（紀）
2025/01/25(土),2025/01/25(土),2025/01/25(土),001313,真田,1,売上,000001,混合廃棄物A,200,200,03,kg,70,"14,000",38198,000003,C（解体）,001,処分費,15:21,15:21,000000,真田,000001,ｵﾈｽﾄ,000001,新木場ﾘｻｲｸﾙ工場,001313,真田,001026,真田,1,紙,,000012,サン・テクノ
2025/01/25(土),2025/01/25(土),2025/01/25(土),001323,SUR,1,売上,000001,混合廃棄物A,370,370,03,kg,70,"25,900",38178,000002,B（残置）,001,処分費,14:04,14:14,000000,SUR,000001,ｵﾈｽﾄ,000001,新木場ﾘｻｲｸﾙ工場,001323,SUR,001034,SUR,1,紙,,000012,サン・テクノ
2025/01/25(土),2025/01/25(土),2025/01/25(土),001323,SUR,1,売上,000013,混合廃棄物(ｿﾌｧｰ),20,20,03,kg,120,"2,400",38178,000002,B（残置）,001,処分費,14:04,14:14,000000,SUR,000001,ｵﾈｽﾄ,000001,新木場ﾘｻｲｸﾙ工場,001323,SUR,001034,SUR,1,紙,,000012,サン・テクノ
2025/01/25(土),2025/01/25(土),2025/01/25(土),001323,SUR,1,売上,000029,木くず,320,320,03,kg,40,"12,800",38178,000002,B（残置）,001,処分費,14:04,14:14,000000,SUR,000001,ｵﾈｽﾄ,000001,新木場ﾘｻｲｸﾙ工場,001323,SUR,001034,SUR,1,紙,,000012,サン・テクノ
2025/01/25(土),2025/01/25(土),2025/01/25(土),001480,新生紙ﾊﾟﾙﾌﾟ商事,1,売上,000001,混合廃棄物A,160,160,03,kg,65,"10,400",38099,000001,A（事業）,001,処分費,07:57,08:01,000001,OPﾋﾞﾙﾃﾞｨﾝｸﾞ,000001,ｵﾈｽﾄ,000001,新木場ﾘｻｲｸﾙ工場,001463,ﾅｺｼﾞ,000170,ﾅｺｼﾞ,1,紙,,000006,川部
2025/01/25(土),2025/01/25(土),2025/01/25(土),001550,ちよだ,1,売上,000001,混合廃棄物A,340,340,03,kg,65,"22,100",38192,000001,A（事業）,001,処分費,14:16,14:17,000000,ちよだ,000001,ｵﾈｽﾄ,000001,新木場ﾘｻｲｸﾙ工場,001546,江栄,000013,江栄,1,紙,,000002,渡辺
2025/01/25(土),2025/01/25(土),2025/01/25(土),001635,大阪ｼｰﾘﾝｸﾞ印刷,1,売上,000001,混合廃棄物A,930,930,03,kg,68,"63,240",38129,000001,A（事業）,001,処分費,10:37,10:37,000003,㈱日本ｱｸｾｽ　春日部食材ｾﾝﾀｰ,000001,ｵﾈｽﾄ,000001,新木場ﾘｻｲｸﾙ工場,000001,ｵﾈｽﾄ,001211,大阪ｼｰﾘﾝｸﾞ印刷,2,電子,,000002,渡辺
2025/01/25(土),2025/01/25(土),2025/01/25(土),001635,大阪ｼｰﾘﾝｸﾞ印刷,1,売上,000001,混合廃棄物A,"2,330","2,330",03,kg,68,"158,440",38131,000001,A（事業）,001,処分費,10:34,10:34,000003,㈱日本ｱｸｾｽ　春日部食材ｾﾝﾀｰ,000001,ｵﾈｽﾄ,000001,新木場ﾘｻｲｸﾙ工場,000001,ｵﾈｽﾄ,001211,大阪ｼｰﾘﾝｸﾞ印刷,2,電子,,000002,渡辺
2025/01/25(土),2025/01/25(土),2025/01/25(土),001635,大阪ｼｰﾘﾝｸﾞ印刷,1,売上,000109,運搬費,,1,07,台,"35,000","35,000",38129,000001,A（事業）,002,運搬費,10:37,10:37,000003,㈱日本ｱｸｾｽ　春日部食材ｾﾝﾀｰ,000001,ｵﾈｽﾄ,000001,新木場ﾘｻｲｸﾙ工場,000001,ｵﾈｽﾄ,001211,大阪ｼｰﾘﾝｸﾞ印刷,2,電子,,000002,渡辺
2025/01/25(土),2025/01/25(土),2025/01/25(土),001635,大阪ｼｰﾘﾝｸﾞ印刷,1,売上,000109,運搬費,,1,07,台,"35,000","35,000",38131,000001,A（事業）,002,運搬費,10:34,10:34,000003,㈱日本ｱｸｾｽ　春日部食材ｾﾝﾀｰ,000001,ｵﾈｽﾄ,000001,新木場ﾘｻｲｸﾙ工場,000001,ｵﾈｽﾄ,001211,大阪ｼｰﾘﾝｸﾞ印刷,2,電子,,000002,渡辺
2025/01/25(土),2025/01/25(土),2025/01/25(土),001656,真和商事,1,売上,000001,混合廃棄物A,340,340,03,kg,60,"20,400",38220,000002,B（残置）,001,処分費,16:24,16:24,000001,真和商事　杉並営業所,000001,ｵﾈｽﾄ,000001,新木場ﾘｻｲｸﾙ工場,001656,真和商事,000055,真和商事,1,紙,,000002,渡辺
2025/01/25(土),2025/01/25(土),2025/01/25(土),001656,真和商事,1,売上,000001,混合廃棄物A,460,460,03,kg,60,"27,600",38171,000002,B（残置）,001,処分費,13:14,13:17,000001,真和商事　杉並営業所,000001,ｵﾈｽﾄ,000001,新木場ﾘｻｲｸﾙ工場,001656,真和商事,000055,真和商事,1,紙,,000002,渡辺
2025/01/25(土),2025/01/25(土),2025/01/25(土),001739,三機工業（八丁堀）,1,売上,000001,混合廃棄物A,270,270,03,kg,58,"15,660",38219,000004,D（建設）,001,処分費,16:36,16:38,000008,大樹生命事務ｾﾝﾀｰ（空衛）,000001,ｵﾈｽﾄ,000001,新木場ﾘｻｲｸﾙ工場,000016,泉土木,000014,泉土木,1,紙,,000001,矢作
2025/01/25(土),2025/01/25(土),2025/01/25(土),001739,三機工業（八丁堀）,1,売上,000001,混合廃棄物A,290,290,03,kg,58,"16,820",38224,000004,D（建設）,001,処分費,16:49,16:49,000071,【NWS】神谷町トラストタワー,000001,ｵﾈｽﾄ,000001,新木場ﾘｻｲｸﾙ工場,000016,泉土木,000014,泉土木,1,紙,,000001,矢作
2025/01/25(土),2025/01/25(土),2025/01/25(土),001739,三機工業（八丁堀）,1,売上,000001,混合廃棄物A,330,330,03,kg,58,"19,140",38213,000004,D（建設）,001,処分費,16:02,16:02,000071,【NWS】神谷町トラストタワー,000001,ｵﾈｽﾄ,000001,新木場ﾘｻｲｸﾙ工場,000016,泉土木,000014,泉土木,1,紙,,000001,矢作
2025/01/25(土),2025/01/25(土),2025/01/25(土),001739,三機工業（八丁堀）,1,売上,000001,混合廃棄物A,330,330,03,kg,58,"19,140",38227,000004,D（建設）,001,処分費,17:25,17:28,000071,【NWS】神谷町トラストタワー,000001,ｵﾈｽﾄ,000001,新木場ﾘｻｲｸﾙ工場,000016,泉土木,000014,泉土木,1,紙,,000001,矢作
2025/01/25(土),2025/01/25(土),2025/01/25(土),001819,ﾗｲｶﾏｲｸﾛｼｽﾃﾑｽﾞ,1,売上,000001,混合廃棄物A,930,930,03,kg,60,"55,800",38174,000001,A（事業）,001,処分費,13:38,13:38,000001,ﾗｲｶﾏｲｸﾛｼｽﾃﾑｽﾞ(横浜市),000001,ｵﾈｽﾄ,000001,新木場ﾘｻｲｸﾙ工場,001856,SUN-K,000261,SUNｰK,1,紙,,000006,川部
2025/01/25(土),2025/01/25(土),2025/01/25(土),001887,東運輸,1,売上,000001,混合廃棄物A,30,30,03,kg,65,"1,950",38125,000002,B（残置）,001,処分費,10:24,10:24,000000,東運輸,000001,ｵﾈｽﾄ,000001,新木場ﾘｻｲｸﾙ工場,001887,東運輸,000974,東運輸,1,紙,,000005,今村（紀）
2025/01/25(土),2025/01/25(土),2025/01/25(土),001887,東運輸,1,売上,000029,木くず,100,100,03,kg,35,"3,500",38125,000002,B（残置）,001,処分費,10:24,10:24,000000,東運輸,000001,ｵﾈｽﾄ,000001,新木場ﾘｻｲｸﾙ工場,001887,東運輸,000974,東運輸,1,紙,,000005,今村（紀）
2025/01/25(土),2025/01/25(土),2025/01/25(土),001947,ﾁｬｺｰﾙ市野,1,売上,000001,混合廃棄物A,550,550,03,kg,53,"29,150",38137,000001,A（事業）,001,処分費,10:46,10:49,000001,渋谷市野ﾋﾞﾙ,000001,ｵﾈｽﾄ,000001,新木場ﾘｻｲｸﾙ工場,000302,ﾖｼﾓﾘ,000244,ﾖｼﾓﾘ,1,紙,,000002,渡辺
2025/01/25(土),2025/01/25(土),2025/01/25(土),001959,扶桑電機工業,1,売上,000001,混合廃棄物A,900,900,03,kg,53,"47,700",38105,000001,A（事業）,001,処分費,08:19,08:19,000000,扶桑電機工業,000001,ｵﾈｽﾄ,000001,新木場ﾘｻｲｸﾙ工場,000302,ﾖｼﾓﾘ,000244,ﾖｼﾓﾘ,1,紙,,000002,渡辺
2025/01/25(土),2025/01/25(土),2025/01/25(土),001966,ｴﾇ･ﾃｨ･ﾃｨ都市開発,1,売上,000001,混合廃棄物A,770,770,03,kg,54,"41,580",38138,000001,A（事業）,001,処分費,11:02,11:02,000014,UD芝大門ﾋﾞﾙ,000001,ｵﾈｽﾄ,000001,新木場ﾘｻｲｸﾙ工場,000028,五十嵐商会,000025,五十嵐商会,1,紙,,000002,渡辺
2025/01/25(土),2025/01/25(土),2025/01/25(土),001989,関東ﾛｯｸｳｰﾙ,1,売上,000001,混合廃棄物A,190,190,03,kg,65,"12,350",38183,000004,D（建設）,001,処分費,14:24,14:28,000000,関東ﾛｯｸｳｰﾙ,000001,ｵﾈｽﾄ,000001,新木場ﾘｻｲｸﾙ工場,001988,鈴木運輸,000057,鈴木運輸,1,紙,,000002,渡辺
2025/01/25(土),2025/01/25(土),2025/01/25(土),002006,三菱地所ﾌﾟﾛﾊﾟﾃｨﾏﾈｼﾞﾒﾝﾄ,1,売上,000001,混合廃棄物A,"1,020","1,020",03,kg,54,"55,080",38136,000001,A（事業）,001,処分費,10:44,10:44,000001,JAﾋﾞﾙ,000001,ｵﾈｽﾄ,000001,新木場ﾘｻｲｸﾙ工場,000028,五十嵐商会,000025,五十嵐商会,1,紙,,000002,渡辺
2025/01/25(土),2025/01/25(土),2025/01/25(土),002076,ｱｲﾎｰ東京支店,1,売上,000001,混合廃棄物A,220,220,03,kg,65,"14,300",38152,000003,C（解体）,001,処分費,11:53,11:59,000000,ｱｲﾎｰ東京支店,000001,ｵﾈｽﾄ,000001,新木場ﾘｻｲｸﾙ工場,000052,野呂商店（南水元）,000044,野呂商店（南水元）,1,紙,,000005,今村（紀）
2025/01/25(土),2025/01/25(土),2025/01/25(土),002076,ｱｲﾎｰ東京支店,1,売上,000046,ﾀﾞﾝﾎﾞｰﾙ,150,150,03,kg,10,"1,500",38152,000003,C（解体）,001,処分費,11:53,11:59,000000,ｱｲﾎｰ東京支店,000001,ｵﾈｽﾄ,000001,新木場ﾘｻｲｸﾙ工場,000052,野呂商店（南水元）,000044,野呂商店（南水元）,1,紙,,000005,今村（紀）
2025/01/25(土),2025/01/25(土),2025/01/25(土),002196,丸山工務店,1,売上,000001,混合廃棄物A,"1,520","1,520",03,kg,65,"98,800",38117,000004,D（建設）,001,処分費,09:28,09:31,000001,丸山工務店,000001,ｵﾈｽﾄ,000001,新木場ﾘｻｲｸﾙ工場,000154,京葉興業,000123,京葉興業,1,紙,,000004,山本
2025/01/25(土),2025/01/25(土),2025/01/25(土),002196,丸山工務店,1,売上,000029,木くず,170,170,03,kg,35,"5,950",38117,000004,D（建設）,001,処分費,09:28,09:31,000001,丸山工務店,000001,ｵﾈｽﾄ,000001,新木場ﾘｻｲｸﾙ工場,000154,京葉興業,000123,京葉興業,1,紙,,000004,山本
2025/01/25(土),2025/01/25(土),2025/01/25(土),002211,ｱﾃﾅ,1,売上,000001,混合廃棄物A,80,80,03,kg,60,"4,800",38185,000002,B（残置）,001,処分費,14:26,14:30,000000,ｱﾃﾅ,000001,ｵﾈｽﾄ,000001,新木場ﾘｻｲｸﾙ工場,001772,三洋ｴｸｽﾌﾟﾚｽ,000228,三洋ｴｸｽﾌﾟﾚｽ,1,紙,,000002,渡辺
2025/01/25(土),2025/01/25(土),2025/01/25(土),002245,三友建設,1,売上,000002,混合廃棄物B,460,460,03,kg,65,"29,900",38140,000003,C（解体）,001,処分費,11:23,11:25,000000,三友建設,000001,ｵﾈｽﾄ,000001,新木場ﾘｻｲｸﾙ工場,002245,三友建設,000658,三友建設,2,電子,,000002,渡辺
2025/01/25(土),2025/01/25(土),2025/01/25(土),002245,三友建設,1,売上,000002,混合廃棄物B,480,480,03,kg,65,"31,200",38080,000003,C（解体）,001,処分費,07:00,07:03,000000,三友建設,000001,ｵﾈｽﾄ,000001,新木場ﾘｻｲｸﾙ工場,002245,三友建設,000658,三友建設,2,電子,,000002,渡辺
2025/01/25(土),2025/01/25(土),2025/01/25(土),002245,三友建設,1,売上,000034,本畳,160,8,11,枚,"1,500","12,000",38080,000003,C（解体）,001,処分費,07:00,07:03,000000,三友建設,000001,ｵﾈｽﾄ,000001,新木場ﾘｻｲｸﾙ工場,002245,三友建設,000658,三友建設,2,電子,,000002,渡辺
2025/01/25(土),2025/01/25(土),2025/01/25(土),002341,東京信技,1,売上,000023,軽量物系B(充填剤）,880,880,03,kg,75,"66,000",38134,000002,B（残置）,001,処分費,10:46,10:48,000009,Qiball,000001,ｵﾈｽﾄ,000001,新木場ﾘｻｲｸﾙ工場,000001,ｵﾈｽﾄ,001021,ｵﾈｽﾄ･ﾜﾝ,1,紙,,000011,オネスト・ワン
2025/01/25(土),2025/01/25(土),2025/01/25(土),002341,東京信技,1,売上,000109,運搬費,,1,07,台,"30,000","30,000",38134,000002,B（残置）,002,運搬費,10:46,10:48,000009,Qiball,000001,ｵﾈｽﾄ,000001,新木場ﾘｻｲｸﾙ工場,000001,ｵﾈｽﾄ,001021,ｵﾈｽﾄ･ﾜﾝ,1,紙,,000011,オネスト・ワン
2025/01/25(土),2025/01/25(土),2025/01/25(土),002380,築地場外市場商店街(振),1,売上,000002,混合廃棄物B,300,300,03,kg,65,"19,500",38104,000002,B（残置）,001,処分費,08:26,08:26,000000,築地場外市場商店街(振),000001,ｵﾈｽﾄ,000001,新木場ﾘｻｲｸﾙ工場,001415,山口興業,001238,山口興業（BOND）,,,,000005,今村（紀）
2025/01/25(土),2025/01/25(土),2025/01/25(土),002402,高砂熱学工業,1,売上,000001,混合廃棄物A,800,800,03,kg,58,"46,400",38090,000004,D（建設）,001,処分費,06:53,06:53,000013,JR東急目黒ビル,000001,ｵﾈｽﾄ,000001,新木場ﾘｻｲｸﾙ工場,000016,泉土木,000014,泉土木,1,紙,,000001,矢作
2025/01/25(土),2025/01/25(土),2025/01/25(土),002410,ｸﾛﾉﾊﾞﾃﾞｻﾞｲﾝ,1,売上,000001,混合廃棄物A,"1,450","1,450",03,kg,65,"94,250",38082,000004,D（建設）,001,処分費,07:34,07:37,000031,西麻布 鮨,000001,ｵﾈｽﾄ,000001,新木場ﾘｻｲｸﾙ工場,000133,ﾀﾞｲｲﾁ興業,000105,ﾀﾞｲｲﾁ興業,1,紙,,000004,山本
2025/01/25(土),2025/01/25(土),2025/01/25(土),002423,ｼﾓﾑﾗ,1,売上,000001,混合廃棄物A,"1,420","1,420",03,kg,57,"80,940",38139,000005,E（中・積),001,処分費,11:05,11:12,000026,日本ｺﾐｭﾆﾃｨﾜｰｸ,000001,ｵﾈｽﾄ,000001,新木場ﾘｻｲｸﾙ工場,000300,丸三松本商事,000242,丸三松本商事,1,紙,,000002,渡辺
2025/01/25(土),2025/01/25(土),2025/01/25(土),002612,日本管材ｾﾝﾀｰ,1,売上,000002,混合廃棄物B,"1,910","1,910",03,kg,70,"133,700",38124,000005,E（中・積),001,処分費,10:06,10:14,000001,日本管材ｾﾝﾀｰ(新木場）,000001,ｵﾈｽﾄ,000001,新木場ﾘｻｲｸﾙ工場,002612,日本管材ｾﾝﾀｰ,000250,日本管材ｾﾝﾀｰ,1,紙,,000002,渡辺
2025/01/25(土),2025/01/25(土),2025/01/25(土),002627,ｻﾃﾗｲﾄｼﾞｬﾊﾟﾝ,1,売上,000001,混合廃棄物A,90,90,03,kg,54,"4,860",38116,000001,A（事業）,001,処分費,09:23,09:23,000001,ﾌｧﾛｼﾃｨﾋﾞﾙ(ﾗ･ﾋﾟｽﾀ新橋),000001,ｵﾈｽﾄ,000001,新木場ﾘｻｲｸﾙ工場,000028,五十嵐商会,000025,五十嵐商会,1,紙,,000002,渡辺
2025/01/25(土),2025/01/25(土),2025/01/25(土),002828,ﾃｸﾉ菱和西東京営業所,1,売上,000001,混合廃棄物A,310,310,03,kg,65,"20,150",38214,000004,D（建設）,001,処分費,16:10,16:12,000000,ﾃｸﾉ菱和西東京営業所,000001,ｵﾈｽﾄ,000001,新木場ﾘｻｲｸﾙ工場,000361,全公研,000289,全公研,1,紙,,000004,山本
2025/01/25(土),2025/01/25(土),2025/01/25(土),002828,ﾃｸﾉ菱和西東京営業所,1,売上,000004,混合廃棄物(焼却物),130,130,03,kg,75,"9,750",38214,000004,D（建設）,001,処分費,16:10,16:12,000000,ﾃｸﾉ菱和西東京営業所,000001,ｵﾈｽﾄ,000001,新木場ﾘｻｲｸﾙ工場,000361,全公研,000289,全公研,1,紙,,000004,山本
2025/01/25(土),2025/01/25(土),2025/01/25(土),003023,竹中工務店東京本店安全環境部,2,支払,000068,GC 軽鉄･ｽﾁｰﾙ類,"1,000","1,000",03,kg,23.5,"23,500",38089,000004,D（建設）,003,有価物,06:52,06:52,000043,北青山吉川ビルエレベーター更新,000001,ｵﾈｽﾄ,000001,新木場ﾘｻｲｸﾙ工場,000016,泉土木,000014,泉土木,1,紙,,000001,矢作
2025/01/25(土),2025/01/25(土),2025/01/25(土),003138,空間創建,1,売上,000002,混合廃棄物B,420,420,03,kg,70,"29,400",38194,000003,C（解体）,001,処分費,14:44,14:44,000044,駒沢ﾊﾟｰｸｻｲﾄﾞﾏﾝｼｮﾝ,000001,ｵﾈｽﾄ,000001,新木場ﾘｻｲｸﾙ工場,000362,ﾐﾔ産興,000290,ﾐﾔ産興,1,紙,,000004,山本
2025/01/25(土),2025/01/25(土),2025/01/25(土),003279,日本ﾃﾞｼﾞｺﾑ,1,売上,000001,混合廃棄物A,610,610,03,kg,65,"39,650",38200,000002,B（残置）,001,処分費,15:19,15:18,000002,日本ﾃﾞｼﾞｺﾑ（港区）,000001,ｵﾈｽﾄ,000001,新木場ﾘｻｲｸﾙ工場,000269,ｱｻﾋ･ｸﾘｰﾝ,000220,ｱｻﾋ･ｸﾘｰﾝ,1,紙,,000007,小林
2025/01/25(土),2025/01/25(土),2025/01/25(土),003423,ﾘｺｰｼﾞｬﾊﾟﾝ,1,売上,000001,混合廃棄物A,10,10,03,kg,58,580,38150,000004,D（建設）,001,処分費,11:50,12:09,000000,ﾘｺｰｼﾞｬﾊﾟﾝ,000001,ｵﾈｽﾄ,000001,新木場ﾘｻｲｸﾙ工場,000016,泉土木,000014,泉土木,1,紙,,000001,矢作
2025/01/25(土),2025/01/25(土),2025/01/25(土),003423,ﾘｺｰｼﾞｬﾊﾟﾝ,1,売上,000030,選別,110,110,03,kg,55,"6,050",38150,000004,D（建設）,001,処分費,11:50,12:09,000000,ﾘｺｰｼﾞｬﾊﾟﾝ,000001,ｵﾈｽﾄ,000001,新木場ﾘｻｲｸﾙ工場,000016,泉土木,000014,泉土木,1,紙,,000001,矢作
2025/01/25(土),2025/01/25(土),2025/01/25(土),003423,ﾘｺｰｼﾞｬﾊﾟﾝ,2,支払,000068,GC 軽鉄･ｽﾁｰﾙ類,200,200,03,kg,23.5,"4,700",38150,000004,D（建設）,003,有価物,11:50,12:09,000000,ﾘｺｰｼﾞｬﾊﾟﾝ,000001,ｵﾈｽﾄ,000001,新木場ﾘｻｲｸﾙ工場,000016,泉土木,000014,泉土木,1,紙,,000001,矢作
2025/01/25(土),2025/01/25(土),2025/01/25(土),003533,東西産業貿易,1,売上,000001,混合廃棄物A,450,450,03,kg,70,"31,500",38083,000002,B（残置）,001,処分費,06:44,06:46,000000,東西産業貿易,000001,ｵﾈｽﾄ,000001,新木場ﾘｻｲｸﾙ工場,000001,ｵﾈｽﾄ,001289,東西産業貿易,1,紙,,000002,渡辺
2025/01/25(土),2025/01/25(土),2025/01/25(土),003533,東西産業貿易,1,売上,000109,運搬費,,1,07,台,"28,000","28,000",38083,000002,B（残置）,002,運搬費,06:44,06:46,000000,東西産業貿易,000001,ｵﾈｽﾄ,000001,新木場ﾘｻｲｸﾙ工場,000001,ｵﾈｽﾄ,001289,東西産業貿易,1,紙,,000002,渡辺
2025/01/25(土),2025/01/25(土),2025/01/25(土),003533,東西産業貿易,1,売上,000415,夜間割増,,1,12,式,"15,000","15,000",38083,000002,B（残置）,002,運搬費,06:44,06:46,000000,東西産業貿易,000001,ｵﾈｽﾄ,000001,新木場ﾘｻｲｸﾙ工場,000001,ｵﾈｽﾄ,001289,東西産業貿易,1,紙,,000002,渡辺
2025/01/25(土),2025/01/25(土),2025/01/25(土),003839,前川製作所,1,売上,000001,混合廃棄物A,240,240,03,kg,65,"15,600",38121,000004,D（建設）,001,処分費,09:58,10:02,000001,東京都食肉市場(5)市場棟北側冷蔵庫,000001,ｵﾈｽﾄ,000001,新木場ﾘｻｲｸﾙ工場,000361,全公研,000289,全公研,1,紙,,000004,山本
2025/01/25(土),2025/01/25(土),2025/01/25(土),004108,ﾊﾟﾅｿﾆｯｸ産機ｼｽﾃﾑｽﾞ,1,売上,000001,混合廃棄物A,130,130,03,kg,50,"6,500",38231,000004,D（建設）,001,処分費,17:31,17:36,000143,スシロー秋葉原中央通店,000001,ｵﾈｽﾄ,000001,新木場ﾘｻｲｸﾙ工場,006436,ｻﾜ･ｺｰﾎﾟﾚｰｼｮﾝ,000873,伊藤忠ﾒﾀﾙｽﾞ,1,紙,,000001,矢作
2025/01/25(土),2025/01/25(土),2025/01/25(土),004250,先駆ﾜｰｸｽ,1,売上,000001,混合廃棄物A,90,90,03,kg,65,"5,850",38148,000002,B（残置）,001,処分費,11:47,11:56,000000,先駆ﾜｰｸｽ,000001,ｵﾈｽﾄ,000001,新木場ﾘｻｲｸﾙ工場,004250,先駆ﾜｰｸｽ,000712,先駆ﾜｰｸｽ,1,紙,,000005,今村（紀）
2025/01/25(土),2025/01/25(土),2025/01/25(土),004250,先駆ﾜｰｸｽ,1,売上,000029,木くず,250,250,03,kg,35,"8,750",38148,000002,B（残置）,001,処分費,11:47,11:56,000000,先駆ﾜｰｸｽ,000001,ｵﾈｽﾄ,000001,新木場ﾘｻｲｸﾙ工場,004250,先駆ﾜｰｸｽ,000712,先駆ﾜｰｸｽ,1,紙,,000005,今村（紀）
2025/01/25(土),2025/01/25(土),2025/01/25(土),004463,あるくる,1,売上,000001,混合廃棄物A,10,10,03,kg,58,580,38176,000002,B（残置）,001,処分費,13:50,13:56,000080,島田様方(201)残置物撤去作業,000001,ｵﾈｽﾄ,000001,新木場ﾘｻｲｸﾙ工場,004463,あるくる,000823,あるくる,1,紙,,000001,矢作
2025/01/25(土),2025/01/25(土),2025/01/25(土),004463,あるくる,1,売上,000029,木くず,110,110,03,kg,48,"5,280",38176,000002,B（残置）,001,処分費,13:50,13:56,000080,島田様方(201)残置物撤去作業,000001,ｵﾈｽﾄ,000001,新木場ﾘｻｲｸﾙ工場,004463,あるくる,000823,あるくる,1,紙,,000001,矢作
2025/01/25(土),2025/01/25(土),2025/01/25(土),004534,東海交通機械,1,売上,000001,混合廃棄物A,160,160,03,kg,65,"10,400",38086,000004,D（建設）,001,処分費,06:49,06:49,000005,東海交通機械東京支店,000001,ｵﾈｽﾄ,000001,新木場ﾘｻｲｸﾙ工場,000361,全公研,000289,全公研,2,電子,,000004,山本
2025/01/25(土),2025/01/25(土),2025/01/25(土),004534,東海交通機械,1,売上,000030,選別,160,160,03,kg,60,"9,600",38084,000004,D（建設）,001,処分費,06:50,06:50,000005,東海交通機械東京支店,000001,ｵﾈｽﾄ,000001,新木場ﾘｻｲｸﾙ工場,000361,全公研,000289,全公研,1,紙,,000004,山本
2025/01/25(土),2025/01/25(土),2025/01/25(土),004534,東海交通機械,1,売上,000030,選別,630,630,03,kg,60,"37,800",38086,000004,D（建設）,001,処分費,06:49,06:49,000005,東海交通機械東京支店,000001,ｵﾈｽﾄ,000001,新木場ﾘｻｲｸﾙ工場,000361,全公研,000289,全公研,2,電子,,000004,山本
2025/01/25(土),2025/01/25(土),2025/01/25(土),004766,JR東日本環境ｱｸｾｽ,1,売上,000001,混合廃棄物A,"1,320","1,320",03,kg,55,"72,600",38111,000001,A（事業）,001,処分費,08:48,08:48,000001,東京資源循環ｾﾝﾀｰ,000001,ｵﾈｽﾄ,000001,新木場ﾘｻｲｸﾙ工場,004766,JR東日本環境ｱｸｾｽ,000426,JR東日本環境ｱｸｾｽ,2,電子,,000002,渡辺
2025/01/25(土),2025/01/25(土),2025/01/25(土),004856,AMUU,1,売上,000002,混合廃棄物B,640,640,03,kg,70,"44,800",38223,000003,C（解体）,001,処分費,17:10,17:13,000013,東京都品川区小山台1-28-4,000001,ｵﾈｽﾄ,000001,新木場ﾘｻｲｸﾙ工場,004856,AMUU,001132,AMUU,1,紙,,000007,小林
2025/01/25(土),2025/01/25(土),2025/01/25(土),004857,ﾀﾐﾔﾎｰﾑ,1,売上,000002,混合廃棄物B,160,160,03,kg,70,"11,200",38226,000003,C（解体）,001,処分費,17:17,17:21,000042,解体工事（江戸川区）,000001,ｵﾈｽﾄ,000001,新木場ﾘｻｲｸﾙ工場,007123,ﾓﾝﾎﾞﾙﾄﾞ,000462,ﾓﾝﾎﾞﾙﾄﾞ,1,紙,,000007,小林
2025/01/25(土),2025/01/25(土),2025/01/25(土),004857,ﾀﾐﾔﾎｰﾑ,1,売上,000002,混合廃棄物B,190,190,03,kg,70,"13,300",38096,000003,C（解体）,001,処分費,07:42,07:46,000043,解体工事（足立区）,000001,ｵﾈｽﾄ,000001,新木場ﾘｻｲｸﾙ工場,007123,ﾓﾝﾎﾞﾙﾄﾞ,000462,ﾓﾝﾎﾞﾙﾄﾞ,1,紙,,000007,小林
2025/01/25(土),2025/01/25(土),2025/01/25(土),004857,ﾀﾐﾔﾎｰﾑ,1,売上,000002,混合廃棄物B,570,570,03,kg,70,"39,900",38103,000003,C（解体）,001,処分費,08:28,08:32,000044,解体工事（朝霞市）,000001,ｵﾈｽﾄ,000001,新木場ﾘｻｲｸﾙ工場,007123,ﾓﾝﾎﾞﾙﾄﾞ,000462,ﾓﾝﾎﾞﾙﾄﾞ,1,紙,,000007,小林
2025/01/25(土),2025/01/25(土),2025/01/25(土),004926,NIPPO東京統括事業所,1,売上,000001,混合廃棄物A,20,0.5,02,m3,"12,000","6,000",38151,000004,D（建設）,001,処分費,11:39,11:41,000001,首都高出張所,000001,ｵﾈｽﾄ,000001,新木場ﾘｻｲｸﾙ工場,000001,ｵﾈｽﾄ,000435,NIPPO 東京統括事業所,2,電子,,000002,渡辺
2025/01/25(土),2025/01/25(土),2025/01/25(土),004926,NIPPO東京統括事業所,1,売上,000109,運搬費,,1,07,台,"15,000","15,000",38151,000004,D（建設）,002,運搬費,11:39,11:41,000001,首都高出張所,000001,ｵﾈｽﾄ,000001,新木場ﾘｻｲｸﾙ工場,000001,ｵﾈｽﾄ,000435,NIPPO 東京統括事業所,2,電子,,000002,渡辺
2025/01/25(土),2025/01/25(土),2025/01/25(土),005016,高比良内装,1,売上,000002,混合廃棄物B,450,450,03,kg,65,"29,250",38196,000001,A（事業）,001,処分費,14:56,14:56,000000,高比良内装,000001,ｵﾈｽﾄ,000001,新木場ﾘｻｲｸﾙ工場,000332,吉野商会,000269,吉野商会,1,紙,,000006,川部
2025/01/25(土),2025/01/25(土),2025/01/25(土),005229,JHAT,1,売上,000001,混合廃棄物A,330,330,03,kg,65,"21,450",38146,000001,A（事業）,001,処分費,11:42,11:42,000002,ICIHOTELE浅草橋,000001,ｵﾈｽﾄ,000001,新木場ﾘｻｲｸﾙ工場,001454,谷津商会,000247,谷津商会,1,紙,,000002,渡辺
2025/01/25(土),2025/01/25(土),2025/01/25(土),005231,ｲﾝｸﾞ,1,売上,000002,混合廃棄物B,140,140,03,kg,65,"9,100",38173,000003,C（解体）,001,処分費,13:16,13:19,000022,旧ﾊﾟｰｸﾌﾟﾗｻﾞﾎﾃﾙ改修工事,000001,ｵﾈｽﾄ,000001,新木場ﾘｻｲｸﾙ工場,005231,ｲﾝｸﾞ,000676,ｲﾝｸﾞ,1,紙,,000002,渡辺
2025/01/25(土),2025/01/25(土),2025/01/25(土),005231,ｲﾝｸﾞ,1,売上,000021,軽量物系B(ｸﾞﾗｽｳｰﾙ),60,60,03,kg,80,"4,800",38173,000003,C（解体）,001,処分費,13:16,13:19,000022,旧ﾊﾟｰｸﾌﾟﾗｻﾞﾎﾃﾙ改修工事,000001,ｵﾈｽﾄ,000001,新木場ﾘｻｲｸﾙ工場,005231,ｲﾝｸﾞ,000676,ｲﾝｸﾞ,1,紙,,000002,渡辺
2025/01/25(土),2025/01/25(土),2025/01/25(土),005742,ﾃﾞﾝｷｮｳﾌﾟﾗﾝﾆﾝｸﾞ,1,売上,000001,混合廃棄物A,260,260,03,kg,65,"16,900",38187,000002,B（残置）,001,処分費,14:36,14:36,000000,ﾃﾞﾝｷｮｳﾌﾟﾗﾝﾆﾝｸﾞ,000001,ｵﾈｽﾄ,000001,新木場ﾘｻｲｸﾙ工場,005742,ﾃﾞﾝｷｮｳﾌﾟﾗﾝﾆﾝｸﾞ,000464,ﾃﾞﾝｷｮｳﾌﾟﾗﾝﾆﾝｸﾞ,1,紙,,000007,小林
2025/01/25(土),2025/01/25(土),2025/01/25(土),006011,SKR,1,売上,000021,軽量物系B(ｸﾞﾗｽｳｰﾙ),250,250,03,kg,80,"20,000",38128,000003,C（解体）,001,処分費,10:30,10:34,000000,SKR,000001,ｵﾈｽﾄ,000001,新木場ﾘｻｲｸﾙ工場,006011,SKR,000784,S･K･R,1,紙,,000004,山本
2025/01/25(土),2025/01/25(土),2025/01/25(土),006214,内田工務店,1,売上,000002,混合廃棄物B,"1,000","1,000",03,kg,70,"70,000",38203,000004,D（建設）,001,処分費,15:17,15:20,000000,内田工務店,000001,ｵﾈｽﾄ,000001,新木場ﾘｻｲｸﾙ工場,001225,ｹｲﾖｰｶﾞｰﾍﾞｯﾁﾞ,000949,ｹｲﾖｰｶﾞｰﾍﾞｯﾁﾞ,1,紙,,000002,渡辺
2025/01/25(土),2025/01/25(土),2025/01/25(土),006277,寿建工,1,売上,000017,軽量物系A(ｽﾀｲﾛﾌｫｰﾑ),90,90,03,kg,200,"18,000",38126,000003,C（解体）,001,処分費,10:21,10:27,000016,BXｶﾈｼﾝ様軽量鉄骨三階建解体工事,000001,ｵﾈｽﾄ,000001,新木場ﾘｻｲｸﾙ工場,006277,寿建工,000887,寿建工,1,紙,,000004,山本
2025/01/25(土),2025/01/25(土),2025/01/25(土),006345,ｸﾛｽｶﾝﾊﾟﾆｰ,1,売上,000001,混合廃棄物A,270,270,03,kg,65,"17,550",38216,000002,B（残置）,001,処分費,16:18,16:27,000000,ｸﾛｽｶﾝﾊﾟﾆｰ,000001,ｵﾈｽﾄ,000001,新木場ﾘｻｲｸﾙ工場,006171,Pasito,000485,Pasito,1,紙,,000007,小林
2025/01/25(土),2025/01/25(土),2025/01/25(土),006466,青木ｻｰﾋﾞｽ（入沢勝）,1,売上,000001,混合廃棄物A,110,110,03,kg,65,"7,150",38190,000002,B（残置）,001,処分費,14:40,14:44,000039,栃木県足利市借宿町415-2,000001,ｵﾈｽﾄ,000001,新木場ﾘｻｲｸﾙ工場,006466,青木ｻｰﾋﾞｽ（入沢勝）,000509,青木ｻｰﾋﾞｽ(入沢勝),1,紙,,000002,渡辺
2025/01/25(土),2025/01/25(土),2025/01/25(土),006509,ﾅｲﾃｯｸｽ,1,売上,000030,選別,640,640,03,kg,70,"44,800",38186,000001,A（事業）,001,処分費,14:12,14:12,000000,ﾅｲﾃｯｸｽ,000001,ｵﾈｽﾄ,000001,新木場ﾘｻｲｸﾙ工場,006509,ﾅｲﾃｯｸｽ,000182,ﾅｲﾃｯｸｽ,1,紙,,000004,山本
2025/01/25(土),2025/01/25(土),2025/01/25(土),006538,ﾃｸﾉ菱和,1,売上,000004,混合廃棄物(焼却物),130,130,03,kg,75,"9,750",38215,000004,D（建設）,001,処分費,16:11,16:13,000010,【76期】東京応化工業株式会社相模事業所,000001,ｵﾈｽﾄ,000001,新木場ﾘｻｲｸﾙ工場,000361,全公研,000289,全公研,2,電子,,000004,山本
2025/01/25(土),2025/01/25(土),2025/01/25(土),006807,新栄不動産ﾋﾞｼﾞﾈｽ,1,売上,000001,混合廃棄物A,690,690,03,kg,60,"41,400",38175,000002,B（残置）,001,処分費,13:49,13:53,000000,新栄不動産ﾋﾞｼﾞﾈｽ,000001,ｵﾈｽﾄ,000001,新木場ﾘｻｲｸﾙ工場,001656,真和商事,000055,真和商事,1,紙,,000002,渡辺
2025/01/25(土),2025/01/25(土),2025/01/25(土),006807,新栄不動産ﾋﾞｼﾞﾈｽ,1,売上,000032,ﾀｲﾔ(ﾎｲﾙ付),80,4,09,本,"2,000","8,000",38175,000002,B（残置）,001,処分費,13:49,13:53,000000,新栄不動産ﾋﾞｼﾞﾈｽ,000001,ｵﾈｽﾄ,000001,新木場ﾘｻｲｸﾙ工場,001656,真和商事,000055,真和商事,1,紙,,000002,渡辺
2025/01/25(土),2025/01/25(土),2025/01/25(土),006812,MAｸﾘｰﾝ,1,売上,000001,混合廃棄物A,270,270,03,kg,65,"17,550",38235,000003,C（解体）,001,処分費,17:47,17:54,000000,MAｸﾘｰﾝ,000001,ｵﾈｽﾄ,000001,新木場ﾘｻｲｸﾙ工場,006812,MAｸﾘｰﾝ,000755,M.Aｸﾘｰﾝ,1,紙,,000005,今村（紀）
2025/01/25(土),2025/01/25(土),2025/01/25(土),006812,MAｸﾘｰﾝ,1,売上,000004,混合廃棄物(焼却物),10,10,03,kg,75,750,38235,000003,C（解体）,001,処分費,17:47,17:54,000000,MAｸﾘｰﾝ,000001,ｵﾈｽﾄ,000001,新木場ﾘｻｲｸﾙ工場,006812,MAｸﾘｰﾝ,000755,M.Aｸﾘｰﾝ,1,紙,,000005,今村（紀）
2025/01/25(土),2025/01/25(土),2025/01/25(土),006812,MAｸﾘｰﾝ,1,売上,000029,木くず,180,180,03,kg,35,"6,300",38235,000003,C（解体）,001,処分費,17:47,17:54,000000,MAｸﾘｰﾝ,000001,ｵﾈｽﾄ,000001,新木場ﾘｻｲｸﾙ工場,006812,MAｸﾘｰﾝ,000755,M.Aｸﾘｰﾝ,1,紙,,000005,今村（紀）
2025/01/25(土),2025/01/25(土),2025/01/25(土),006850,Blick,1,売上,000001,混合廃棄物A,130,130,03,kg,65,"8,450",38155,000003,C（解体）,001,処分費,12:02,12:05,000002,Blick(柏),000001,ｵﾈｽﾄ,000001,新木場ﾘｻｲｸﾙ工場,000001,ｵﾈｽﾄ,000528,Blick,1,紙,,000007,小林
2025/01/25(土),2025/01/25(土),2025/01/25(土),006850,Blick,1,売上,000352,運搬費(2ｔ車),,1,07,台,"23,000","23,000",38155,000003,C（解体）,002,運搬費,12:02,12:05,000002,Blick(柏),000001,ｵﾈｽﾄ,000001,新木場ﾘｻｲｸﾙ工場,000001,ｵﾈｽﾄ,000528,Blick,1,紙,,000007,小林
2025/01/25(土),2025/01/25(土),2025/01/25(土),007259,UBSJ,1,売上,000001,混合廃棄物A,330,330,03,kg,65,"21,450",38209,000002,B（残置）,001,処分費,15:29,16:01,000001,UBSJ（辰巳）,000001,ｵﾈｽﾄ,000001,新木場ﾘｻｲｸﾙ工場,001244,銀座急送,000965,銀座急送,1,紙,,000002,渡辺
2025/01/25(土),2025/01/25(土),2025/01/25(土),007259,UBSJ,1,売上,000030,選別,50,50,03,kg,70,"3,500",38209,000002,B（残置）,001,処分費,15:29,16:01,000001,UBSJ（辰巳）,000001,ｵﾈｽﾄ,000001,新木場ﾘｻｲｸﾙ工場,001244,銀座急送,000965,銀座急送,1,紙,,000002,渡辺
2025/01/25(土),2025/01/25(土),2025/01/25(土),007342,ｵｰﾌﾟﾝﾊｳｽ･ﾃﾞｨﾍﾞﾛｯﾌﾟﾒﾝﾄ,1,売上,000002,混合廃棄物B,460,460,03,kg,70,"32,200",38206,000004,D（建設）,001,処分費,15:45,15:52,000000,ｵｰﾌﾟﾝﾊｳｽ･ﾃﾞｨﾍﾞﾛｯﾌﾟﾒﾝﾄ,000001,ｵﾈｽﾄ,000001,新木場ﾘｻｲｸﾙ工場,000210,ES産業,000175,ES産業,2,電子,,000002,渡辺
2025/01/25(土),2025/01/25(土),2025/01/25(土),007342,ｵｰﾌﾟﾝﾊｳｽ･ﾃﾞｨﾍﾞﾛｯﾌﾟﾒﾝﾄ,1,売上,000021,軽量物系B(ｸﾞﾗｽｳｰﾙ),200,200,03,kg,80,"16,000",38206,000004,D（建設）,001,処分費,15:45,15:52,000000,ｵｰﾌﾟﾝﾊｳｽ･ﾃﾞｨﾍﾞﾛｯﾌﾟﾒﾝﾄ,000001,ｵﾈｽﾄ,000001,新木場ﾘｻｲｸﾙ工場,000210,ES産業,000175,ES産業,2,電子,,000002,渡辺
2025/01/25(土),2025/01/25(土),2025/01/25(土),007375,ｳｴｽﾄﾊﾞﾚｰ,1,売上,000002,混合廃棄物B,210,210,03,kg,70,"14,700",38234,000003,C（解体）,001,処分費,17:32,17:38,000061,既存建物解体工事,000001,ｵﾈｽﾄ,000001,新木場ﾘｻｲｸﾙ工場,008129,BAT,001152,BAT,1,紙,,000007,小林
2025/01/25(土),2025/01/25(土),2025/01/25(土),007438,東西建築ｻｰﾋﾞｽ東京支社,2,支払,000068,GC 軽鉄･ｽﾁｰﾙ類,750,750,03,kg,23.5,"17,625",38156,000004,D（建設）,003,有価物,11:56,11:56,000042,大伝馬町ビル発電機更新工事,000001,ｵﾈｽﾄ,000001,新木場ﾘｻｲｸﾙ工場,000016,泉土木,000014,泉土木,1,紙,,000001,矢作
2025/01/25(土),2025/01/25(土),2025/01/25(土),007438,東西建築ｻｰﾋﾞｽ東京支社,2,支払,000069,GD,"1,950","1,950",03,kg,14,"27,300",38149,000004,D（建設）,003,有価物,11:29,11:29,000042,大伝馬町ビル発電機更新工事,000001,ｵﾈｽﾄ,000001,新木場ﾘｻｲｸﾙ工場,000016,泉土木,000014,泉土木,1,紙,,000001,矢作
2025/01/25(土),2025/01/25(土),2025/01/25(土),007438,東西建築ｻｰﾋﾞｽ東京支社,2,支払,000069,GD,"3,060","3,060",03,kg,14,"42,840",38180,000004,D（建設）,003,有価物,14:21,14:21,000042,大伝馬町ビル発電機更新工事,000001,ｵﾈｽﾄ,000001,新木場ﾘｻｲｸﾙ工場,000016,泉土木,000014,泉土木,1,紙,,000001,矢作
2025/01/25(土),2025/01/25(土),2025/01/25(土),007441,高松建設東京本店,1,売上,000002,混合廃棄物B,410,410,03,kg,70,"28,700",38118,000004,D（建設）,001,処分費,09:46,09:50,000004,代々木公園・ｴﾌ･ｱｲ興産ﾏﾝｼｮﾝ新築工,000001,ｵﾈｽﾄ,000001,新木場ﾘｻｲｸﾙ工場,000474,ｱｸﾛﾊﾞｯﾄｱｰﾑｽﾞ,000360,ｱｸﾛﾊﾞｯﾄｱｰﾑｽﾞ,2,電子,,000002,渡辺
2025/01/25(土),2025/01/25(土),2025/01/25(土),007552,ｵｰｱﾝﾄﾞｴﾑ工芸,1,売上,000018,軽量物系A(ｽﾎﾟﾝｼﾞ),90,90,03,kg,200,"18,000",38120,000004,D（建設）,001,処分費,09:50,09:50,000003,物流ｾﾝﾀｰ,000001,ｵﾈｽﾄ,000001,新木場ﾘｻｲｸﾙ工場,000351,那須野興業,000280,那須野興業,1,紙,,000004,山本
2025/01/25(土),2025/01/25(土),2025/01/25(土),007568,ﾗｲﾌｻｰﾋﾞｽｼﾞｬﾊﾟﾝ,1,売上,000001,混合廃棄物A,720,720,03,kg,65,"46,800",38166,000002,B（残置）,001,処分費,12:47,12:48,000000,ﾗｲﾌｻｰﾋﾞｽｼﾞｬﾊﾟﾝ,000001,ｵﾈｽﾄ,000001,新木場ﾘｻｲｸﾙ工場,007568,ﾗｲﾌｻｰﾋﾞｽｼﾞｬﾊﾟﾝ,001107,ﾗｲﾌｻｰﾋﾞｽｼﾞｬﾊﾟﾝ,1,紙,,000012,サン・テクノ
2025/01/25(土),2025/01/25(土),2025/01/25(土),007568,ﾗｲﾌｻｰﾋﾞｽｼﾞｬﾊﾟﾝ,1,売上,000106,消火器,10,1,09,本,"1,500","1,500",38166,000002,B（残置）,001,処分費,12:47,12:48,000000,ﾗｲﾌｻｰﾋﾞｽｼﾞｬﾊﾟﾝ,000001,ｵﾈｽﾄ,000001,新木場ﾘｻｲｸﾙ工場,007568,ﾗｲﾌｻｰﾋﾞｽｼﾞｬﾊﾟﾝ,001107,ﾗｲﾌｻｰﾋﾞｽｼﾞｬﾊﾟﾝ,1,紙,,000012,サン・テクノ
2025/01/25(土),2025/01/25(土),2025/01/25(土),007648,ﾊﾞﾝﾄﾞｰﾃｸﾆｶﾙｻｰﾋﾞｽ,1,売上,000001,混合廃棄物A,40,40,03,kg,65,"2,600",38110,000002,B（残置）,001,処分費,08:43,08:47,000000,ﾊﾞﾝﾄﾞｰﾃｸﾆｶﾙｻｰﾋﾞｽ,000001,ｵﾈｽﾄ,000001,新木場ﾘｻｲｸﾙ工場,007489,ﾌｫｰﾒｰｼｮﾝ,001020,ﾌｫｰﾒｰｼｮﾝ,1,紙,,000007,小林
2025/01/25(土),2025/01/25(土),2025/01/25(土),007648,ﾊﾞﾝﾄﾞｰﾃｸﾆｶﾙｻｰﾋﾞｽ,1,売上,000029,木くず,140,140,03,kg,35,"4,900",38110,000002,B（残置）,001,処分費,08:43,08:47,000000,ﾊﾞﾝﾄﾞｰﾃｸﾆｶﾙｻｰﾋﾞｽ,000001,ｵﾈｽﾄ,000001,新木場ﾘｻｲｸﾙ工場,007489,ﾌｫｰﾒｰｼｮﾝ,001020,ﾌｫｰﾒｰｼｮﾝ,1,紙,,000007,小林
2025/01/25(土),2025/01/25(土),2025/01/25(土),007699,ﾆｭｰきや,1,売上,000029,木くず,630,630,03,kg,35,"22,050",38169,000001,A（事業）,001,処分費,13:00,13:04,000004,小川邸,000001,ｵﾈｽﾄ,000001,新木場ﾘｻｲｸﾙ工場,000332,吉野商会,000269,吉野商会,1,紙,,000006,川部
2025/01/25(土),2025/01/25(土),2025/01/25(土),007764,ﾊﾟﾅｿﾆｯｸﾎｰﾑｽﾞ不動産,1,売上,000001,混合廃棄物A,440,4,02,m3,"12,000","48,000",38127,000002,B（残置）,001,処分費,10:22,10:25,000004,【東京東】加賀集積場,000001,ｵﾈｽﾄ,000001,新木場ﾘｻｲｸﾙ工場,000226,ｽﾃｱ,000227,ﾊﾟﾅｿﾆｯｸﾎｰﾑｽﾞ不動産東京営業所,2,電子,,000004,山本
2025/01/25(土),2025/01/25(土),2025/01/25(土),007764,ﾊﾟﾅｿﾆｯｸﾎｰﾑｽﾞ不動産,1,売上,000001,混合廃棄物A,920,4,02,m3,"12,000","48,000",38112,000002,B（残置）,001,処分費,09:07,09:09,000002,【神奈川】高田西2丁目507事務所・倉庫1階,000001,ｵﾈｽﾄ,000001,新木場ﾘｻｲｸﾙ工場,000001,ｵﾈｽﾄ,000227,ﾊﾟﾅｿﾆｯｸﾎｰﾑｽﾞ不動産,2,電子,,000004,山本
2025/01/25(土),2025/01/25(土),2025/01/25(土),007764,ﾊﾟﾅｿﾆｯｸﾎｰﾑｽﾞ不動産,1,売上,000006,混合廃棄物(壁紙・ｸﾛｽ),,4,02,m3,"12,000","48,000",38112,000002,B（残置）,001,処分費,09:07,09:09,000002,【神奈川】高田西2丁目507事務所・倉庫1階,000001,ｵﾈｽﾄ,000001,新木場ﾘｻｲｸﾙ工場,000001,ｵﾈｽﾄ,000227,ﾊﾟﾅｿﾆｯｸﾎｰﾑｽﾞ不動産,2,電子,,000004,山本
2025/01/25(土),2025/01/25(土),2025/01/25(土),007764,ﾊﾟﾅｿﾆｯｸﾎｰﾑｽﾞ不動産,1,売上,000349,運搬費(4ｔｺﾝﾃﾅ),,1,07,台,"24,000","24,000",38112,000002,B（残置）,002,運搬費,09:07,09:09,000002,【神奈川】高田西2丁目507事務所・倉庫1階,000001,ｵﾈｽﾄ,000001,新木場ﾘｻｲｸﾙ工場,000001,ｵﾈｽﾄ,000227,ﾊﾟﾅｿﾆｯｸﾎｰﾑｽﾞ不動産,2,電子,,000004,山本
2025/01/25(土),2025/01/25(土),2025/01/25(土),007764,ﾊﾟﾅｿﾆｯｸﾎｰﾑｽﾞ不動産,1,売上,000349,運搬費(4ｔｺﾝﾃﾅ),,1,07,台,"24,000","24,000",38127,000002,B（残置）,002,運搬費,10:22,10:25,000004,【東京東】加賀集積場,000001,ｵﾈｽﾄ,000001,新木場ﾘｻｲｸﾙ工場,000226,ｽﾃｱ,000227,ﾊﾟﾅｿﾆｯｸﾎｰﾑｽﾞ不動産東京営業所,2,電子,,000004,山本
2025/01/25(土),2025/01/25(土),2025/01/25(土),007858,F's,1,売上,000002,混合廃棄物B,700,700,03,kg,70,"49,000",38101,000003,C（解体）,001,処分費,08:19,08:24,000019,世田谷区用賀4-3-1,000001,ｵﾈｽﾄ,000001,新木場ﾘｻｲｸﾙ工場,007858,F's,001269,F's（ｴﾌｽﾞ）,1,紙,,000004,山本
2025/01/25(土),2025/01/25(土),2025/01/25(土),007858,F's,1,売上,000002,混合廃棄物B,810,810,03,kg,70,"56,700",38102,000003,C（解体）,001,処分費,08:06,08:14,000019,世田谷区用賀4-3-1,000001,ｵﾈｽﾄ,000001,新木場ﾘｻｲｸﾙ工場,007858,F's,001269,F's（ｴﾌｽﾞ）,1,紙,,000004,山本
2025/01/25(土),2025/01/25(土),2025/01/25(土),007858,F's,1,売上,000002,混合廃棄物B,870,870,03,kg,70,"60,900",38228,000003,C（解体）,001,処分費,17:26,17:29,000019,世田谷区用賀4-3-1,000001,ｵﾈｽﾄ,000001,新木場ﾘｻｲｸﾙ工場,007858,F's,001269,F's（ｴﾌｽﾞ）,1,紙,,000004,山本
2025/01/25(土),2025/01/25(土),2025/01/25(土),007858,F's,1,売上,000021,軽量物系B(ｸﾞﾗｽｳｰﾙ),30,30,03,kg,80,"2,400",38102,000003,C（解体）,001,処分費,08:06,08:14,000019,世田谷区用賀4-3-1,000001,ｵﾈｽﾄ,000001,新木場ﾘｻｲｸﾙ工場,007858,F's,001269,F's（ｴﾌｽﾞ）,1,紙,,000004,山本
2025/01/25(土),2025/01/25(土),2025/01/25(土),008011,首都高ﾒﾝﾃﾅﾝｽ西東京,1,売上,000001,混合廃棄物A,"1,340","1,340",03,kg,65,"87,100",38164,000004,D（建設）,001,処分費,12:27,12:29,000003,【浦和南基地】混廃・ガラ・木くず等（事務,000001,ｵﾈｽﾄ,000001,新木場ﾘｻｲｸﾙ工場,000001,ｵﾈｽﾄ,000213,首都高ﾒﾝﾃﾅﾝｽ西東京,1,紙,,000005,今村（紀）
2025/01/25(土),2025/01/25(土),2025/01/25(土),008011,首都高ﾒﾝﾃﾅﾝｽ西東京,1,売上,000109,運搬費,,1,07,台,"23,000","23,000",38164,000004,D（建設）,002,運搬費,12:27,12:29,000003,【浦和南基地】混廃・ガラ・木くず等（事務,000001,ｵﾈｽﾄ,000001,新木場ﾘｻｲｸﾙ工場,000001,ｵﾈｽﾄ,000213,首都高ﾒﾝﾃﾅﾝｽ西東京,1,紙,,000005,今村（紀）
2025/01/25(土),2025/01/25(土),2025/01/25(土),008103,しなの,1,売上,000002,混合廃棄物B,820,820,03,kg,70,"57,400",38098,000003,C（解体）,001,処分費,07:49,07:52,000009,貫井邸,000001,ｵﾈｽﾄ,000001,新木場ﾘｻｲｸﾙ工場,008103,しなの,001059,しなの,1,紙,,000012,サン・テクノ
2025/01/25(土),2025/01/25(土),2025/01/25(土),008309,ﾌｨﾌﾞｲﾝﾄﾗﾛｼﾞｽﾃｨｸｽ,1,売上,000014,混合廃棄物,860,8,02,m3,"8,000","64,000",38135,000004,D（建設）,001,処分費,10:53,10:53,000004,福通㈱いばらき五霞支店,000001,ｵﾈｽﾄ,000001,新木場ﾘｻｲｸﾙ工場,000001,ｵﾈｽﾄ,000386,ﾌｨﾌﾞｲﾝﾄﾗﾛｼﾞｽﾃｨｸｽ,2,電子,,000002,渡辺
2025/01/25(土),2025/01/25(土),2025/01/25(土),008309,ﾌｨﾌﾞｲﾝﾄﾗﾛｼﾞｽﾃｨｸｽ,1,売上,000109,運搬費,,1,07,台,"33,000","33,000",38135,000004,D（建設）,002,運搬費,10:53,10:53,000004,福通㈱いばらき五霞支店,000001,ｵﾈｽﾄ,000001,新木場ﾘｻｲｸﾙ工場,000001,ｵﾈｽﾄ,000386,ﾌｨﾌﾞｲﾝﾄﾗﾛｼﾞｽﾃｨｸｽ,2,電子,,000002,渡辺
2025/01/25(土),2025/01/25(土),2025/01/25(土),008343,JANSTAR,1,売上,000002,混合廃棄物B,400,400,03,kg,70,"28,000",38095,000003,C（解体）,001,処分費,07:35,07:40,000034,解体工事（足立区）,000001,ｵﾈｽﾄ,000001,新木場ﾘｻｲｸﾙ工場,008343,JANSTAR,000627,JANSTAR,1,紙,,000006,川部
2025/01/25(土),2025/01/25(土),2025/01/25(土),008343,JANSTAR,1,売上,000035,ｽﾀｲﾛ畳,10,0.5,11,枚,"3,500","1,750",38095,000003,C（解体）,001,処分費,07:35,07:40,000034,解体工事（足立区）,000001,ｵﾈｽﾄ,000001,新木場ﾘｻｲｸﾙ工場,008343,JANSTAR,000627,JANSTAR,1,紙,,000006,川部
2025/01/25(土),2025/01/25(土),2025/01/25(土),008465,ｼﾐｽﾞﾋﾞﾙﾗｲﾌｹｱ,1,売上,000001,混合廃棄物A,60,60,03,kg,58,"3,480",38167,000004,D（建設）,001,処分費,12:59,13:00,000000,ｼﾐｽﾞﾋﾞﾙﾗｲﾌｹｱ,000001,ｵﾈｽﾄ,000001,新木場ﾘｻｲｸﾙ工場,000016,泉土木,000014,泉土木,1,紙,,000001,矢作
2025/01/25(土),2025/01/25(土),2025/01/25(土),008465,ｼﾐｽﾞﾋﾞﾙﾗｲﾌｹｱ,1,売上,000001,混合廃棄物A,190,190,03,kg,58,"11,020",38145,000004,D（建設）,001,処分費,11:46,11:48,000000,ｼﾐｽﾞﾋﾞﾙﾗｲﾌｹｱ,000001,ｵﾈｽﾄ,000001,新木場ﾘｻｲｸﾙ工場,000016,泉土木,000014,泉土木,1,紙,,000001,矢作
2025/01/25(土),2025/01/25(土),2025/01/25(土),008496,ますでん,1,売上,000001,混合廃棄物A,200,200,03,kg,58,"11,600",38212,000004,D（建設）,001,処分費,15:54,15:59,000001,区立赤塚保育園外1施設照明設備改修工事,000001,ｵﾈｽﾄ,000001,新木場ﾘｻｲｸﾙ工場,000016,泉土木,000014,泉土木,1,紙,,000001,矢作
2025/01/25(土),2025/01/25(土),2025/01/25(土),008496,ますでん,1,売上,000010,混合廃棄物(ﾎﾞｰﾄﾞ混入),10,10,03,kg,60,600,38212,000004,D（建設）,001,処分費,15:54,15:59,000001,区立赤塚保育園外1施設照明設備改修工事,000001,ｵﾈｽﾄ,000001,新木場ﾘｻｲｸﾙ工場,000016,泉土木,000014,泉土木,1,紙,,000001,矢作
2025/01/25(土),2025/01/25(土),2025/01/25(土),008496,ますでん,1,売上,000046,ﾀﾞﾝﾎﾞｰﾙ,40,40,03,kg,0,0,38212,000004,D（建設）,001,処分費,15:54,15:59,000001,区立赤塚保育園外1施設照明設備改修工事,000001,ｵﾈｽﾄ,000001,新木場ﾘｻｲｸﾙ工場,000016,泉土木,000014,泉土木,1,紙,,000001,矢作
2025/01/25(土),2025/01/25(土),2025/01/25(土),008583,ｼﾞｬﾊﾟﾝﾅｼｮﾅﾙｽﾀｼﾞｱﾑｴﾝﾀｰﾃｲﾒﾝﾄ,1,売上,000001,混合廃棄物A,340,340,03,kg,65,"22,100",38130,000002,B（残置）,001,処分費,10:39,10:43,000001,国立競技場内,000001,ｵﾈｽﾄ,000001,新木場ﾘｻｲｸﾙ工場,001976,ｼﾐｽﾞｵｸﾄ,000202,ｼﾐｽﾞｵｸﾄ,1,紙,,000005,今村（紀）
2025/01/25(土),2025/01/25(土),2025/01/25(土),008673,ﾀﾞｯｿｰ･ｼｽﾃﾑｽﾞ,1,売上,000001,混合廃棄物A,100,100,03,kg,0,0,38195,000002,B（残置）,001,処分費,14:51,14:59,000000,ﾀﾞｯｿｰ･ｼｽﾃﾑｽﾞ,000001,ｵﾈｽﾄ,000001,新木場ﾘｻｲｸﾙ工場,000291,ｵﾌｨｽﾋﾞﾙﾄﾞ,001398,ﾀﾞｯｿｰ･ｼｽﾃﾑｽﾞ,1,紙,,000002,渡辺
2025/01/25(土),2025/01/25(土),2025/01/25(土),008673,ﾀﾞｯｿｰ･ｼｽﾃﾑｽﾞ,1,売上,000001,混合廃棄物A,130,130,03,kg,0,0,38201,000002,B（残置）,001,処分費,15:13,15:34,000000,ﾀﾞｯｿｰ･ｼｽﾃﾑｽﾞ,000001,ｵﾈｽﾄ,000001,新木場ﾘｻｲｸﾙ工場,000291,ｵﾌｨｽﾋﾞﾙﾄﾞ,001398,ﾀﾞｯｿｰ･ｼｽﾃﾑｽﾞ,1,紙,,000002,渡辺
2025/01/25(土),2025/01/25(土),2025/01/25(土),008673,ﾀﾞｯｿｰ･ｼｽﾃﾑｽﾞ,1,売上,000029,木くず,290,290,03,kg,0,0,38201,000002,B（残置）,001,処分費,15:13,15:34,000000,ﾀﾞｯｿｰ･ｼｽﾃﾑｽﾞ,000001,ｵﾈｽﾄ,000001,新木場ﾘｻｲｸﾙ工場,000291,ｵﾌｨｽﾋﾞﾙﾄﾞ,001398,ﾀﾞｯｿｰ･ｼｽﾃﾑｽﾞ,1,紙,,000002,渡辺
2025/01/25(土),2025/01/25(土),2025/01/25(土),008673,ﾀﾞｯｿｰ･ｼｽﾃﾑｽﾞ,1,売上,000029,木くず,970,970,03,kg,0,0,38195,000002,B（残置）,001,処分費,14:51,14:59,000000,ﾀﾞｯｿｰ･ｼｽﾃﾑｽﾞ,000001,ｵﾈｽﾄ,000001,新木場ﾘｻｲｸﾙ工場,000291,ｵﾌｨｽﾋﾞﾙﾄﾞ,001398,ﾀﾞｯｿｰ･ｼｽﾃﾑｽﾞ,1,紙,,000002,渡辺
2025/01/25(土),2025/01/25(土),2025/01/25(土),008673,ﾀﾞｯｿｰ･ｼｽﾃﾑｽﾞ,1,売上,000030,選別,400,400,03,kg,0,0,38201,000002,B（残置）,001,処分費,15:13,15:34,000000,ﾀﾞｯｿｰ･ｼｽﾃﾑｽﾞ,000001,ｵﾈｽﾄ,000001,新木場ﾘｻｲｸﾙ工場,000291,ｵﾌｨｽﾋﾞﾙﾄﾞ,001398,ﾀﾞｯｿｰ･ｼｽﾃﾑｽﾞ,1,紙,,000002,渡辺
2025/01/25(土),2025/01/25(土),2025/01/25(土),008753,東洋不動産,1,売上,000001,混合廃棄物A,"2,040","2,040",03,kg,54,"110,160",38142,000001,A（事業）,001,処分費,11:33,11:35,000001,板橋本町ﾋﾞﾙ,000001,ｵﾈｽﾄ,000001,新木場ﾘｻｲｸﾙ工場,000028,五十嵐商会,000025,五十嵐商会,1,紙,,000002,渡辺
2025/01/25(土),2025/01/25(土),2025/01/25(土),008760,ｾﾞｸｵｽ,1,売上,000017,軽量物系A(ｽﾀｲﾛﾌｫｰﾑ),230,230,03,kg,200,"46,000",38143,000003,C（解体）,001,処分費,11:37,11:42,000001,渋谷区代々木3丁目既存建物解体工事,000001,ｵﾈｽﾄ,000001,新木場ﾘｻｲｸﾙ工場,001049,三豊工業,000806,三豊工業,1,紙,,000006,川部
2025/01/25(土),2025/01/25(土),2025/01/25(土),008760,ｾﾞｸｵｽ,1,売上,000021,軽量物系B(ｸﾞﾗｽｳｰﾙ),40,40,03,kg,80,"3,200",38143,000003,C（解体）,001,処分費,11:37,11:42,000001,渋谷区代々木3丁目既存建物解体工事,000001,ｵﾈｽﾄ,000001,新木場ﾘｻｲｸﾙ工場,001049,三豊工業,000806,三豊工業,1,紙,,000006,川部
2025/01/25(土),2025/01/25(土),2025/01/25(土),008789,相鉄リビングサポート,1,売上,000001,混合廃棄物A,340,340,03,kg,65,"22,100",38162,000004,D（建設）,001,処分費,12:19,12:21,000001,逗子ﾋﾞｭｰﾊｲﾂ雑排水管更新工事,000001,ｵﾈｽﾄ,000001,新木場ﾘｻｲｸﾙ工場,000133,ﾀﾞｲｲﾁ興業,000105,ﾀﾞｲｲﾁ興業,1,紙,,000004,山本
2025/01/25(土),2025/01/25(土),2025/01/25(土),008813,銀座KTC税理士法人,1,売上,000030,選別,270,270,03,kg,60,"16,200",38230,000002,B（残置）,001,処分費,17:28,17:29,000000,銀座KTC税理士法人,000001,ｵﾈｽﾄ,000001,新木場ﾘｻｲｸﾙ工場,001308,ｵﾈｽﾄ･ﾜﾝ,001021,ｵﾈｽﾄ･ﾜﾝ,1,紙,,000011,オネスト・ワン
2025/01/25(土),2025/01/25(土),2025/01/25(土),008813,銀座KTC税理士法人,2,支払,000068,GC 軽鉄･ｽﾁｰﾙ類,60,60,03,kg,27,"1,620",38230,000002,B（残置）,003,有価物,17:28,17:29,000000,銀座KTC税理士法人,000001,ｵﾈｽﾄ,000001,新木場ﾘｻｲｸﾙ工場,001308,ｵﾈｽﾄ･ﾜﾝ,001021,ｵﾈｽﾄ･ﾜﾝ,1,紙,,000011,オネスト・ワン
2025/01/25(土),2025/01/25(土),2025/01/25(土),008825,ﾊｳｽ･ﾃﾞﾎﾟ･ﾊﾟｰﾄﾅｰｽﾞ,1,売上,000001,混合廃棄物A,180,180,03,kg,63,"11,340",38181,000002,B（残置）,001,処分費,14:18,14:22,000000,ﾊｳｽ･ﾃﾞﾎﾟ･ﾊﾟｰﾄﾅｰｽﾞ,000001,ｵﾈｽﾄ,000001,新木場ﾘｻｲｸﾙ工場,001308,ｵﾈｽﾄ･ﾜﾝ,001021,ｵﾈｽﾄ･ﾜﾝ,1,紙,,000011,オネスト・ワン
2025/01/25(土),2025/01/25(土),2025/01/25(土),008825,ﾊｳｽ･ﾃﾞﾎﾟ･ﾊﾟｰﾄﾅｰｽﾞ,1,売上,000029,木くず,60,60,03,kg,25,"1,500",38181,000002,B（残置）,001,処分費,14:18,14:22,000000,ﾊｳｽ･ﾃﾞﾎﾟ･ﾊﾟｰﾄﾅｰｽﾞ,000001,ｵﾈｽﾄ,000001,新木場ﾘｻｲｸﾙ工場,001308,ｵﾈｽﾄ･ﾜﾝ,001021,ｵﾈｽﾄ･ﾜﾝ,1,紙,,000011,オネスト・ワン
2025/01/25(土),2025/01/25(土),2025/01/25(土),008825,ﾊｳｽ･ﾃﾞﾎﾟ･ﾊﾟｰﾄﾅｰｽﾞ,1,売上,000030,選別,320,320,03,kg,60,"19,200",38144,000002,B（残置）,001,処分費,11:04,11:04,000000,ﾊｳｽ･ﾃﾞﾎﾟ･ﾊﾟｰﾄﾅｰｽﾞ,000001,ｵﾈｽﾄ,000001,新木場ﾘｻｲｸﾙ工場,001308,ｵﾈｽﾄ･ﾜﾝ,001021,ｵﾈｽﾄ･ﾜﾝ,1,紙,,000011,オネスト・ワン
2025/01/25(土),2025/01/25(土),2025/01/25(土),008825,ﾊｳｽ･ﾃﾞﾎﾟ･ﾊﾟｰﾄﾅｰｽﾞ,2,支払,000068,GC 軽鉄･ｽﾁｰﾙ類,"1,240","1,240",03,kg,27,"33,480",38144,000002,B（残置）,003,有価物,11:04,11:04,000000,ﾊｳｽ･ﾃﾞﾎﾟ･ﾊﾟｰﾄﾅｰｽﾞ,000001,ｵﾈｽﾄ,000001,新木場ﾘｻｲｸﾙ工場,001308,ｵﾈｽﾄ･ﾜﾝ,001021,ｵﾈｽﾄ･ﾜﾝ,1,紙,,000011,オネスト・ワン
2025/01/25(土),2025/01/25(土),2025/01/25(土),008826,USENﾃｸﾉｻｰﾋﾞｽ,1,売上,000001,混合廃棄物A,560,560,03,kg,65,"36,400",38081,000003,C（解体）,001,処分費,07:07,07:09,000001,ｱﾋﾟﾀ静岡店drug store'sSHOP静岡店,000001,ｵﾈｽﾄ,000001,新木場ﾘｻｲｸﾙ工場,006364,ｼｪﾉﾝﾋﾞｰ,000930,根本建設工業,1,紙,,000004,山本
2025/01/25(土),2025/01/25(土),2025/01/25(土),008826,USENﾃｸﾉｻｰﾋﾞｽ,1,売上,000026,石膏ﾎﾞｰﾄﾞC,"1,390","1,390",03,kg,80,"111,200",38081,000003,C（解体）,001,処分費,07:07,07:09,000001,ｱﾋﾟﾀ静岡店drug store'sSHOP静岡店,000001,ｵﾈｽﾄ,000001,新木場ﾘｻｲｸﾙ工場,006364,ｼｪﾉﾝﾋﾞｰ,000930,根本建設工業,1,紙,,000004,山本
2025/01/25(土),2025/01/25(土),2025/01/25(土),008826,USENﾃｸﾉｻｰﾋﾞｽ,1,売上,000029,木くず,830,830,03,kg,35,"29,050",38081,000003,C（解体）,001,処分費,07:07,07:09,000001,ｱﾋﾟﾀ静岡店drug store'sSHOP静岡店,000001,ｵﾈｽﾄ,000001,新木場ﾘｻｲｸﾙ工場,006364,ｼｪﾉﾝﾋﾞｰ,000930,根本建設工業,1,紙,,000004,山本
2025/01/25(土),2025/01/25(土),2025/01/25(土),008826,USENﾃｸﾉｻｰﾋﾞｽ,1,売上,000109,運搬費（4ｔｺﾝﾃﾅ夜間遠方）,,1,07,台,"85,000","85,000",38081,000003,C（解体）,002,運搬費,07:07,07:09,000001,ｱﾋﾟﾀ静岡店drug store'sSHOP静岡店,000001,ｵﾈｽﾄ,000001,新木場ﾘｻｲｸﾙ工場,006364,ｼｪﾉﾝﾋﾞｰ,000930,根本建設工業,1,紙,,000004,山本
2025/01/26(日),2025/01/26(日),2025/01/26(日),000086,"奉仕社 誠印 ",1,売上,000001,混合廃棄物A,140,140,03,kg,65,"9,100",38246,000002,B（残置）,001,処分費,10:29,10:29,000000,"奉仕社 誠印 ",000001,ｵﾈｽﾄ,000001,新木場ﾘｻｲｸﾙ工場,000086,"奉仕社 誠印 ",000072,"奉仕社 誠印  ",1,紙,,000007,小林
2025/01/26(日),2025/01/26(日),2025/01/26(日),000291,ｵﾌｨｽﾋﾞﾙﾄﾞ,1,売上,000001,混合廃棄物A,70,70,03,kg,65,"4,550",38273,000002,B（残置）,001,処分費,15:05,15:05,000001,ｵﾌｨｽﾋﾞﾙﾄﾞ,000001,ｵﾈｽﾄ,000001,新木場ﾘｻｲｸﾙ工場,000291,ｵﾌｨｽﾋﾞﾙﾄﾞ,000234,ｵﾌｨｽﾋﾞﾙﾄﾞ,1,紙,,000002,渡辺
2025/01/26(日),2025/01/26(日),2025/01/26(日),000291,ｵﾌｨｽﾋﾞﾙﾄﾞ,1,売上,000001,混合廃棄物A,300,300,03,kg,0,0,38280,000002,B（残置）,001,処分費,16:22,16:31,000001,ｵﾌｨｽﾋﾞﾙﾄﾞ,000001,ｵﾈｽﾄ,000001,新木場ﾘｻｲｸﾙ工場,000291,ｵﾌｨｽﾋﾞﾙﾄﾞ,000234,ｵﾌｨｽﾋﾞﾙﾄﾞ,1,紙,,000002,渡辺
2025/01/26(日),2025/01/26(日),2025/01/26(日),000291,ｵﾌｨｽﾋﾞﾙﾄﾞ,1,売上,000001,混合廃棄物A,800,800,03,kg,0,0,38252,000002,B（残置）,001,処分費,11:15,11:26,000001,ｵﾌｨｽﾋﾞﾙﾄﾞ,000001,ｵﾈｽﾄ,000001,新木場ﾘｻｲｸﾙ工場,000291,ｵﾌｨｽﾋﾞﾙﾄﾞ,000234,ｵﾌｨｽﾋﾞﾙﾄﾞ,1,紙,,000002,渡辺
2025/01/26(日),2025/01/26(日),2025/01/26(日),000291,ｵﾌｨｽﾋﾞﾙﾄﾞ,1,売上,000029,木くず,460,460,03,kg,0,0,38280,000002,B（残置）,001,処分費,16:22,16:31,000001,ｵﾌｨｽﾋﾞﾙﾄﾞ,000001,ｵﾈｽﾄ,000001,新木場ﾘｻｲｸﾙ工場,000291,ｵﾌｨｽﾋﾞﾙﾄﾞ,000234,ｵﾌｨｽﾋﾞﾙﾄﾞ,1,紙,,000002,渡辺
2025/01/26(日),2025/01/26(日),2025/01/26(日),000291,ｵﾌｨｽﾋﾞﾙﾄﾞ,1,売上,000029,木くず,800,800,03,kg,0,0,38252,000002,B（残置）,001,処分費,11:15,11:26,000001,ｵﾌｨｽﾋﾞﾙﾄﾞ,000001,ｵﾈｽﾄ,000001,新木場ﾘｻｲｸﾙ工場,000291,ｵﾌｨｽﾋﾞﾙﾄﾞ,000234,ｵﾌｨｽﾋﾞﾙﾄﾞ,1,紙,,000002,渡辺
2025/01/26(日),2025/01/26(日),2025/01/26(日),000421,ﾜﾝｽﾞﾗｲﾌ,1,売上,000001,混合廃棄物A,10,10,03,kg,60,600,38279,000002,B,001,処分費,15:55,15:59,000000,ﾜﾝｽﾞﾗｲﾌ,000001,ｵﾈｽﾄ,000001,新木場ﾘｻｲｸﾙ工場,000421,ﾜﾝｽﾞﾗｲﾌ,000330,ﾜﾝｽﾞﾗｲﾌ,1,紙,,000007,小林
2025/01/26(日),2025/01/26(日),2025/01/26(日),000421,ﾜﾝｽﾞﾗｲﾌ,1,売上,000013,混合廃棄物(ｿﾌｧｰ),130,130,03,kg,100,"13,000",38279,000002,B,001,処分費,15:55,15:59,000000,ﾜﾝｽﾞﾗｲﾌ,000001,ｵﾈｽﾄ,000001,新木場ﾘｻｲｸﾙ工場,000421,ﾜﾝｽﾞﾗｲﾌ,000330,ﾜﾝｽﾞﾗｲﾌ,1,紙,,000007,小林
2025/01/26(日),2025/01/26(日),2025/01/26(日),000421,ﾜﾝｽﾞﾗｲﾌ,1,売上,000031,金庫,200,200,03,kg,80,"16,000",38279,000002,B,001,処分費,15:55,15:59,000000,ﾜﾝｽﾞﾗｲﾌ,000001,ｵﾈｽﾄ,000001,新木場ﾘｻｲｸﾙ工場,000421,ﾜﾝｽﾞﾗｲﾌ,000330,ﾜﾝｽﾞﾗｲﾌ,1,紙,,000007,小林
2025/01/26(日),2025/01/26(日),2025/01/26(日),000736,(ｻﾝﾃｸﾉ)ｲﾝ･ｻﾎﾟｰﾄ,1,売上,000002,混合廃棄物B,260,260,03,kg,63,"16,380",38247,000006,F（他）,001,処分費,10:29,10:29,000000,(ｻﾝﾃｸﾉ)ｲﾝ･ｻﾎﾟｰﾄ,000001,ｵﾈｽﾄ,000001,新木場ﾘｻｲｸﾙ工場,001748,(ｻﾝﾃｸﾉ)ｽﾀｰﾀﾞｽﾄ社,001022,ｻﾝ･ﾃｸﾉ,1,紙,,000012,サン・テクノ
2025/01/26(日),2025/01/26(日),2025/01/26(日),000740,ﾌﾛﾝﾃｨｱ,1,売上,000001,混合廃棄物A,820,820,03,kg,60,"49,200",38266,000001,A（事業）,001,処分費,14:29,14:36,000001,ﾌﾛﾝﾃｨｱ入谷ﾘｻｲｸﾙ工場,000001,ｵﾈｽﾄ,000001,新木場ﾘｻｲｸﾙ工場,000740,ﾌﾛﾝﾃｨｱ,000570,ﾌﾛﾝﾃｨｱ（渡辺・足立区）,1,紙,,000002,渡辺
2025/01/26(日),2025/01/26(日),2025/01/26(日),000740,ﾌﾛﾝﾃｨｱ,1,売上,000001,混合廃棄物A,"1,820","1,820",03,kg,60,"109,200",38259,000001,A（事業）,001,処分費,13:21,13:23,000001,ﾌﾛﾝﾃｨｱ入谷ﾘｻｲｸﾙ工場,000001,ｵﾈｽﾄ,000001,新木場ﾘｻｲｸﾙ工場,000740,ﾌﾛﾝﾃｨｱ,000570,ﾌﾛﾝﾃｨｱ（渡辺・足立区）,1,紙,,000002,渡辺
2025/01/26(日),2025/01/26(日),2025/01/26(日),000751,まごのて,1,売上,000001,混合廃棄物A,220,220,03,kg,65,"14,300",38278,000002,B,001,処分費,16:01,16:06,000000,まごのて,000001,ｵﾈｽﾄ,000001,新木場ﾘｻｲｸﾙ工場,000751,まごのて,000580,まごのて,2,電子,,000006,川部
2025/01/26(日),2025/01/26(日),2025/01/26(日),000751,まごのて,1,売上,000035,ｽﾀｲﾛ畳,10,1,11,枚,"3,500","3,500",38278,000002,B,001,処分費,16:01,16:06,000000,まごのて,000001,ｵﾈｽﾄ,000001,新木場ﾘｻｲｸﾙ工場,000751,まごのて,000580,まごのて,2,電子,,000006,川部
2025/01/26(日),2025/01/26(日),2025/01/26(日),000751,まごのて,1,売上,000036,ﾏｯﾄﾚｽ(ｼﾝｸﾞﾙ),10,1,11,枚,"6,000","6,000",38278,000002,B,001,処分費,16:01,16:06,000000,まごのて,000001,ｵﾈｽﾄ,000001,新木場ﾘｻｲｸﾙ工場,000751,まごのて,000580,まごのて,2,電子,,000006,川部
2025/01/26(日),2025/01/26(日),2025/01/26(日),000864,林商事,1,売上,000002,混合廃棄物B,490,490,03,kg,70,"34,300",38236,000003,C（解体）,001,処分費,10:00,10:01,000013,埼玉県和光市新倉1-6-54,000001,ｵﾈｽﾄ,000001,新木場ﾘｻｲｸﾙ工場,000864,林商事,000672,林商事,1,紙,,000007,小林
2025/01/26(日),2025/01/26(日),2025/01/26(日),000864,林商事,1,売上,000021,軽量物系B(ｸﾞﾗｽｳｰﾙ),210,210,03,kg,80,"16,800",38236,000003,C（解体）,001,処分費,10:00,10:01,000013,埼玉県和光市新倉1-6-54,000001,ｵﾈｽﾄ,000001,新木場ﾘｻｲｸﾙ工場,000864,林商事,000672,林商事,1,紙,,000007,小林
2025/01/26(日),2025/01/26(日),2025/01/26(日),001230,ﾊﾘｰｽﾞﾀﾞｲﾅﾐｯｸｽ,1,売上,000001,混合廃棄物A,740,740,03,kg,65,"48,100",38250,000002,B（残置）,001,処分費,10:48,10:55,000001,ﾊﾘｰｽﾞ畑倉庫,000001,ｵﾈｽﾄ,000001,新木場ﾘｻｲｸﾙ工場,001230,ﾊﾘｰｽﾞﾀﾞｲﾅﾐｯｸｽ,00954X,【売掛】ﾊﾘｰｽﾞﾀﾞｲﾅﾐｯｸｽ,1,紙,,000007,小林
2025/01/26(日),2025/01/26(日),2025/01/26(日),001323,SUR,1,売上,000001,混合廃棄物A,130,130,03,kg,70,"9,100",38260,000002,B（残置）,001,処分費,13:21,13:25,000000,SUR,000001,ｵﾈｽﾄ,000001,新木場ﾘｻｲｸﾙ工場,001323,SUR,001034,SUR,1,紙,,000012,サン・テクノ
2025/01/26(日),2025/01/26(日),2025/01/26(日),001323,SUR,1,売上,000004,混合廃棄物(焼却物),60,60,03,kg,80,"4,800",38260,000002,B（残置）,001,処分費,13:21,13:25,000000,SUR,000001,ｵﾈｽﾄ,000001,新木場ﾘｻｲｸﾙ工場,001323,SUR,001034,SUR,1,紙,,000012,サン・テクノ
2025/01/26(日),2025/01/26(日),2025/01/26(日),001454,谷津商会,1,売上,000001,混合廃棄物A,390,390,03,kg,65,"25,350",38238,000001,A（事業）,001,処分費,10:10,10:12,000000,谷津商会,000001,ｵﾈｽﾄ,000001,新木場ﾘｻｲｸﾙ工場,001454,谷津商会,000247,谷津商会,1,紙,,000002,渡辺
2025/01/26(日),2025/01/26(日),2025/01/26(日),001690,太陽生命保険,1,売上,000030,選別,340,340,03,kg,70,"23,800",38256,000002,B（残置）,001,処分費,13:07,13:07,000005,太陽生命保険(中央区),000001,ｵﾈｽﾄ,000001,新木場ﾘｻｲｸﾙ工場,000110,ﾃｲｿｳ物流ｻｰﾋﾞｽ,000088,ﾃｲｿｳ物流ｻｰﾋﾞｽ,1,紙,,000002,渡辺
2025/01/26(日),2025/01/26(日),2025/01/26(日),001739,三機工業（八丁堀）,1,売上,000001,混合廃棄物A,30,30,03,kg,58,"1,740",38283,000004,D（建設）,001,処分費,16:39,16:40,000082,【PM1】三菱UFJ信託銀行　池袋支店ビル,000001,ｵﾈｽﾄ,000001,新木場ﾘｻｲｸﾙ工場,000016,泉土木,000014,泉土木,1,紙,,000001,矢作
2025/01/26(日),2025/01/26(日),2025/01/26(日),001739,三機工業（八丁堀）,1,売上,000001,混合廃棄物A,60,60,03,kg,65,"3,900",38248,000004,D（建設）,001,処分費,10:37,10:39,000015,愛宕グリーンヒルズMORIタワー,000001,ｵﾈｽﾄ,000001,新木場ﾘｻｲｸﾙ工場,001051,Y-maxx,000808,Y-maxx,1,紙,,000004,山本
2025/01/26(日),2025/01/26(日),2025/01/26(日),001739,三機工業（八丁堀）,1,売上,000001,混合廃棄物A,280,280,03,kg,58,"16,240",38271,000004,D（建設）,001,処分費,15:37,15:39,000071,【NWS】神谷町トラストタワー,000001,ｵﾈｽﾄ,000001,新木場ﾘｻｲｸﾙ工場,000016,泉土木,000014,泉土木,1,紙,,000001,矢作
2025/01/26(日),2025/01/26(日),2025/01/26(日),001739,三機工業（八丁堀）,1,売上,000001,混合廃棄物A,320,320,03,kg,58,"18,560",38276,000004,D（建設）,001,処分費,15:43,15:44,000071,【NWS】神谷町トラストタワー,000001,ｵﾈｽﾄ,000001,新木場ﾘｻｲｸﾙ工場,000016,泉土木,000014,泉土木,1,紙,,000001,矢作
2025/01/26(日),2025/01/26(日),2025/01/26(日),001739,三機工業（八丁堀）,1,売上,000001,混合廃棄物A,960,960,03,kg,58,"55,680",38261,000004,D（建設）,001,処分費,13:27,13:34,000078,【PM2】日本生命小山中央営業部,000001,ｵﾈｽﾄ,000001,新木場ﾘｻｲｸﾙ工場,000016,泉土木,000014,泉土木,1,紙,,000001,矢作
2025/01/26(日),2025/01/26(日),2025/01/26(日),001739,三機工業（八丁堀）,1,売上,000029,木くず,140,140,03,kg,35,"4,900",38248,000004,D（建設）,001,処分費,10:37,10:39,000015,愛宕グリーンヒルズMORIタワー,000001,ｵﾈｽﾄ,000001,新木場ﾘｻｲｸﾙ工場,001051,Y-maxx,000808,Y-maxx,1,紙,,000004,山本
2025/01/26(日),2025/01/26(日),2025/01/26(日),001853,ｸﾞﾛﾘｱｽ･ｼﾞｬﾊﾟﾝ,1,売上,000003,混合廃棄物C,800,800,03,kg,80,"64,000",38277,000002,B（残置）,001,処分費,15:54,16:22,000000,ｸﾞﾛﾘｱｽ･ｼﾞｬﾊﾟﾝ,000001,ｵﾈｽﾄ,000001,新木場ﾘｻｲｸﾙ工場,001853,ｸﾞﾛﾘｱｽ･ｼﾞｬﾊﾟﾝ,000148,ｸﾞﾛﾘｱｽ･ｼﾞｬﾊﾟﾝ,1,紙,,000006,川部
2025/01/26(日),2025/01/26(日),2025/01/26(日),001853,ｸﾞﾛﾘｱｽ･ｼﾞｬﾊﾟﾝ,1,売上,000003,混合廃棄物C,"1,060","1,060",03,kg,80,"84,800",38255,000002,B（残置）,001,処分費,11:59,12:12,000001,ｸﾞﾛﾘｱｽ･ｼﾞｬﾊﾟﾝ,000001,ｵﾈｽﾄ,000001,新木場ﾘｻｲｸﾙ工場,001853,ｸﾞﾛﾘｱｽ･ｼﾞｬﾊﾟﾝ,000148,ｸﾞﾛﾘｱｽ･ｼﾞｬﾊﾟﾝ,1,紙,,000006,川部
2025/01/26(日),2025/01/26(日),2025/01/26(日),001853,ｸﾞﾛﾘｱｽ･ｼﾞｬﾊﾟﾝ,1,売上,000013,混合廃棄物(ｿﾌｧｰ),30,30,03,kg,100,"3,000",38277,000002,B（残置）,001,処分費,15:54,16:22,000000,ｸﾞﾛﾘｱｽ･ｼﾞｬﾊﾟﾝ,000001,ｵﾈｽﾄ,000001,新木場ﾘｻｲｸﾙ工場,001853,ｸﾞﾛﾘｱｽ･ｼﾞｬﾊﾟﾝ,000148,ｸﾞﾛﾘｱｽ･ｼﾞｬﾊﾟﾝ,1,紙,,000006,川部
2025/01/26(日),2025/01/26(日),2025/01/26(日),001853,ｸﾞﾛﾘｱｽ･ｼﾞｬﾊﾟﾝ,1,売上,000492,混合廃棄物（羽毛物）,10,10,03,kg,250,"2,500",38277,000002,B（残置）,001,処分費,15:54,16:22,000000,ｸﾞﾛﾘｱｽ･ｼﾞｬﾊﾟﾝ,000001,ｵﾈｽﾄ,000001,新木場ﾘｻｲｸﾙ工場,001853,ｸﾞﾛﾘｱｽ･ｼﾞｬﾊﾟﾝ,000148,ｸﾞﾛﾘｱｽ･ｼﾞｬﾊﾟﾝ,1,紙,,000006,川部
2025/01/26(日),2025/01/26(日),2025/01/26(日),002332,太平ｴﾝｼﾞﾆｱﾘﾝｸﾞ,1,売上,000001,混合廃棄物A,440,440,03,kg,65,"28,600",38267,000004,D（建設）,001,処分費,14:42,14:51,000023,中山ﾋﾞﾙ,000001,ｵﾈｽﾄ,000001,新木場ﾘｻｲｸﾙ工場,000361,全公研,000289,全公研,1,紙,,000004,山本
2025/01/26(日),2025/01/26(日),2025/01/26(日),002332,太平ｴﾝｼﾞﾆｱﾘﾝｸﾞ,1,売上,000026,石膏ﾎﾞｰﾄﾞC,350,350,03,kg,80,"28,000",38267,000004,D（建設）,001,処分費,14:42,14:51,000023,中山ﾋﾞﾙ,000001,ｵﾈｽﾄ,000001,新木場ﾘｻｲｸﾙ工場,000361,全公研,000289,全公研,1,紙,,000004,山本
2025/01/26(日),2025/01/26(日),2025/01/26(日),002530,ｴｽﾋﾟｰﾃﾞｨｰ明治,1,売上,000002,混合廃棄物B,20,20,03,kg,70,"1,400",38251,000003,C（解体）,001,処分費,10:57,11:04,000009,大崎ｼﾝｸﾊﾟｰｸﾀﾞｯｿｰｼｽﾃﾑｽﾞ,000001,ｵﾈｽﾄ,000001,新木場ﾘｻｲｸﾙ工場,000057,ﾜｲｽﾞ,000047,ﾜｲｽﾞ,1,紙,,000005,今村（紀）
2025/01/26(日),2025/01/26(日),2025/01/26(日),002530,ｴｽﾋﾟｰﾃﾞｨｰ明治,1,売上,000021,軽量物系B(ｸﾞﾗｽｳｰﾙ),340,340,03,kg,80,"27,200",38251,000003,C（解体）,001,処分費,10:57,11:04,000009,大崎ｼﾝｸﾊﾟｰｸﾀﾞｯｿｰｼｽﾃﾑｽﾞ,000001,ｵﾈｽﾄ,000001,新木場ﾘｻｲｸﾙ工場,000057,ﾜｲｽﾞ,000047,ﾜｲｽﾞ,1,紙,,000005,今村（紀）
2025/01/26(日),2025/01/26(日),2025/01/26(日),003023,竹中工務店東京本店安全環境部,2,支払,000068,GC 軽鉄･ｽﾁｰﾙ類,300,300,03,kg,23.5,"7,050",38239,000004,D（建設）,003,有価物,10:19,10:19,000011,竹中ＯＣＢ地下１階改修,000001,ｵﾈｽﾄ,000001,新木場ﾘｻｲｸﾙ工場,000016,泉土木,000014,泉土木,2,電子,,000001,矢作
2025/01/26(日),2025/01/26(日),2025/01/26(日),003023,竹中工務店東京本店安全環境部,2,支払,000069,GD,720,720,03,kg,14,"10,080",38240,000004,D（建設）,003,有価物,10:14,10:14,000037,諸口（渋谷青山ＦＭ２５上）,000001,ｵﾈｽﾄ,000001,新木場ﾘｻｲｸﾙ工場,000016,泉土木,000014,泉土木,1,紙,,000001,矢作
2025/01/26(日),2025/01/26(日),2025/01/26(日),003091,坂本工務店,1,売上,000002,混合廃棄物B,"1,210","1,210",03,kg,70,"84,700",38253,000004,D（建設）,001,処分費,11:31,11:36,000002,東新小岩,000001,ｵﾈｽﾄ,000001,新木場ﾘｻｲｸﾙ工場,000226,ｽﾃｱ,000188,ｽﾃｱ,1,紙,,000004,山本
2025/01/26(日),2025/01/26(日),2025/01/26(日),004108,ﾊﾟﾅｿﾆｯｸ産機ｼｽﾃﾑｽﾞ,1,売上,000001,混合廃棄物A,150,150,03,kg,50,"7,500",38249,000004,D（建設）,001,処分費,10:40,10:45,000142,ファミリーマート南行徳三丁目店,000001,ｵﾈｽﾄ,000001,新木場ﾘｻｲｸﾙ工場,006436,ｻﾜ･ｺｰﾎﾟﾚｰｼｮﾝ,000873,伊藤忠ﾒﾀﾙｽﾞ,1,紙,,000001,矢作
2025/01/26(日),2025/01/26(日),2025/01/26(日),004108,ﾊﾟﾅｿﾆｯｸ産機ｼｽﾃﾑｽﾞ,1,売上,000030,選別,30,30,03,kg,50,"1,500",38249,000004,D（建設）,001,処分費,10:40,10:45,000142,ファミリーマート南行徳三丁目店,000001,ｵﾈｽﾄ,000001,新木場ﾘｻｲｸﾙ工場,006436,ｻﾜ･ｺｰﾎﾟﾚｰｼｮﾝ,000873,伊藤忠ﾒﾀﾙｽﾞ,1,紙,,000001,矢作
2025/01/26(日),2025/01/26(日),2025/01/26(日),004463,あるくる,1,売上,000001,混合廃棄物A,100,100,03,kg,58,"5,800",38274,000002,B（残置）,001,処分費,15:12,15:18,000081,第二こうわ荘(203)不用品撤去作業,000001,ｵﾈｽﾄ,000001,新木場ﾘｻｲｸﾙ工場,004463,あるくる,000823,あるくる,1,紙,,000001,矢作
2025/01/26(日),2025/01/26(日),2025/01/26(日),004463,あるくる,1,売上,000029,木くず,100,100,03,kg,48,"4,800",38274,000002,B（残置）,001,処分費,15:12,15:18,000081,第二こうわ荘(203)不用品撤去作業,000001,ｵﾈｽﾄ,000001,新木場ﾘｻｲｸﾙ工場,004463,あるくる,000823,あるくる,1,紙,,000001,矢作
2025/01/26(日),2025/01/26(日),2025/01/26(日),004463,あるくる,1,売上,000038,廃ﾌﾟﾗｽﾁｯｸ類,10,10,03,kg,48,480,38274,000002,B（残置）,001,処分費,15:12,15:18,000081,第二こうわ荘(203)不用品撤去作業,000001,ｵﾈｽﾄ,000001,新木場ﾘｻｲｸﾙ工場,004463,あるくる,000823,あるくる,1,紙,,000001,矢作
2025/01/26(日),2025/01/26(日),2025/01/26(日),004520,ｺﾞﾝ,1,売上,000001,混合廃棄物A,380,380,03,kg,65,"24,700",38237,000002,B（残置）,001,処分費,10:04,10:08,000000,ｺﾞﾝ,000001,ｵﾈｽﾄ,000001,新木場ﾘｻｲｸﾙ工場,004520,ｺﾞﾝ,000354,ｺﾞﾝ,1,紙,,000002,渡辺
2025/01/26(日),2025/01/26(日),2025/01/26(日),004520,ｺﾞﾝ,1,売上,000001,混合廃棄物A,500,500,03,kg,65,"32,500",38262,000002,B（残置）,001,処分費,14:21,14:24,000000,ｺﾞﾝ,000001,ｵﾈｽﾄ,000001,新木場ﾘｻｲｸﾙ工場,004520,ｺﾞﾝ,000354,ｺﾞﾝ,1,紙,,000002,渡辺
2025/01/26(日),2025/01/26(日),2025/01/26(日),004663,かねたや家具店,1,売上,000207,廃ﾌﾟﾗｽﾁｯｸ類(ﾋﾞﾆｰﾙ･発泡PS),"1,170","1,170",03,kg,30,"35,100",38254,000006,F（他）,001,処分費,11:41,11:45,000001,かねたや家具店　流通ｾﾝﾀｰ,000001,ｵﾈｽﾄ,000001,新木場ﾘｻｲｸﾙ工場,000001,ｵﾈｽﾄ,000562,かねたや家具店,1,紙,,000013,かねたや
2025/01/26(日),2025/01/26(日),2025/01/26(日),004663,かねたや家具店,1,売上,000208,混合廃棄物(ｿﾌｧｰ･家具類),"3,640","3,640",03,kg,65,"236,600",38320,000006,F（他）,001,処分費,10:34,10:34,000001,かねたや家具店　流通ｾﾝﾀｰ,000001,ｵﾈｽﾄ,000001,新木場ﾘｻｲｸﾙ工場,000001,ｵﾈｽﾄ,000562,かねたや家具店,1,紙,,000013,かねたや
2025/01/26(日),2025/01/26(日),2025/01/26(日),004663,かねたや家具店,1,売上,000404,収集運搬費(4ｔﾊﾟｯｶｰ車）,,1,07,台,"25,000","25,000",38254,000006,F（他）,002,運搬費,11:41,11:45,000001,かねたや家具店　流通ｾﾝﾀｰ,000001,ｵﾈｽﾄ,000001,新木場ﾘｻｲｸﾙ工場,000001,ｵﾈｽﾄ,000562,かねたや家具店,1,紙,,000013,かねたや
2025/01/26(日),2025/01/26(日),2025/01/26(日),004663,かねたや家具店,1,売上,000405,収集運搬費(10ｔｱｰﾑﾛｰﾙ車),,1,07,台,"32,000","32,000",38320,000006,F（他）,002,運搬費,10:34,10:34,000001,かねたや家具店　流通ｾﾝﾀｰ,000001,ｵﾈｽﾄ,000001,新木場ﾘｻｲｸﾙ工場,000001,ｵﾈｽﾄ,000562,かねたや家具店,1,紙,,000013,かねたや
2025/01/26(日),2025/01/26(日),2025/01/26(日),005011,ﾊﾙﾊﾟｴﾔ,1,売上,000001,混合廃棄物A,400,400,03,kg,65,"26,000",38282,000002,B（残置）,001,処分費,16:51,16:52,000000,ﾊﾙﾊﾟｴﾔ,000001,ｵﾈｽﾄ,000001,新木場ﾘｻｲｸﾙ工場,005011,ﾊﾙﾊﾟｴﾔ,000718,ﾊﾙﾊﾟｴﾔ,1,紙,,000005,今村（紀）
2025/01/26(日),2025/01/26(日),2025/01/26(日),005011,ﾊﾙﾊﾟｴﾔ,1,売上,000013,混合廃棄物(ｿﾌｧｰ),20,20,03,kg,100,"2,000",38282,000002,B（残置）,001,処分費,16:51,16:52,000000,ﾊﾙﾊﾟｴﾔ,000001,ｵﾈｽﾄ,000001,新木場ﾘｻｲｸﾙ工場,005011,ﾊﾙﾊﾟｴﾔ,000718,ﾊﾙﾊﾟｴﾔ,1,紙,,000005,今村（紀）
2025/01/26(日),2025/01/26(日),2025/01/26(日),005011,ﾊﾙﾊﾟｴﾔ,1,売上,000029,木くず,520,520,03,kg,35,"18,200",38282,000002,B（残置）,001,処分費,16:51,16:52,000000,ﾊﾙﾊﾟｴﾔ,000001,ｵﾈｽﾄ,000001,新木場ﾘｻｲｸﾙ工場,005011,ﾊﾙﾊﾟｴﾔ,000718,ﾊﾙﾊﾟｴﾔ,1,紙,,000005,今村（紀）
2025/01/26(日),2025/01/26(日),2025/01/26(日),005585,東京ｾﾝﾄﾗﾙｴｱｺﾝ,1,売上,000001,混合廃棄物A,"1,310","1,310",03,kg,63,"82,530",38258,000002,B（残置）,001,処分費,13:27,13:57,000002,東京ｾﾝﾄﾗﾙｴｱｺﾝ倉庫,000001,ｵﾈｽﾄ,000001,新木場ﾘｻｲｸﾙ工場,001308,ｵﾈｽﾄ･ﾜﾝ,001021,ｵﾈｽﾄ･ﾜﾝ,1,紙,,000011,オネスト・ワン
2025/01/26(日),2025/01/26(日),2025/01/26(日),005585,東京ｾﾝﾄﾗﾙｴｱｺﾝ,1,売上,000046,ﾀﾞﾝﾎﾞｰﾙ,70,70,03,kg,15,"1,050",38258,000002,B（残置）,001,処分費,13:27,13:57,000002,東京ｾﾝﾄﾗﾙｴｱｺﾝ倉庫,000001,ｵﾈｽﾄ,000001,新木場ﾘｻｲｸﾙ工場,001308,ｵﾈｽﾄ･ﾜﾝ,001021,ｵﾈｽﾄ･ﾜﾝ,1,紙,,000011,オネスト・ワン
2025/01/26(日),2025/01/26(日),2025/01/26(日),005585,東京ｾﾝﾄﾗﾙｴｱｺﾝ,2,支払,000068,GC 軽鉄･ｽﾁｰﾙ類,710,710,03,kg,27,"19,170",38258,000002,B（残置）,003,有価物,13:27,13:57,000002,東京ｾﾝﾄﾗﾙｴｱｺﾝ倉庫,000001,ｵﾈｽﾄ,000001,新木場ﾘｻｲｸﾙ工場,001308,ｵﾈｽﾄ･ﾜﾝ,001021,ｵﾈｽﾄ･ﾜﾝ,1,紙,,000011,オネスト・ワン
2025/01/26(日),2025/01/26(日),2025/01/26(日),006037,金由,1,売上,000001,混合廃棄物A,420,420,03,kg,63,"26,460",38272,000002,B（残置）,001,処分費,15:09,15:50,000005,金由(八丁堀),000001,ｵﾈｽﾄ,000001,新木場ﾘｻｲｸﾙ工場,001308,ｵﾈｽﾄ･ﾜﾝ,001021,ｵﾈｽﾄ･ﾜﾝ,1,紙,,000011,オネスト・ワン
2025/01/26(日),2025/01/26(日),2025/01/26(日),006037,金由,1,売上,000030,選別,570,570,03,kg,60,"34,200",38272,000002,B（残置）,001,処分費,15:09,15:50,000005,金由(八丁堀),000001,ｵﾈｽﾄ,000001,新木場ﾘｻｲｸﾙ工場,001308,ｵﾈｽﾄ･ﾜﾝ,001021,ｵﾈｽﾄ･ﾜﾝ,1,紙,,000011,オネスト・ワン
2025/01/26(日),2025/01/26(日),2025/01/26(日),006255,FRISCH,1,売上,000001,混合廃棄物A,90,90,03,kg,65,"5,850",38281,000002,B（残置）,001,処分費,16:23,16:27,000002,ﾎﾞﾇｰﾙ山崎,000001,ｵﾈｽﾄ,000001,新木場ﾘｻｲｸﾙ工場,006255,FRISCH,000747,FRISCH,1,紙,,000005,今村（紀）
2025/01/26(日),2025/01/26(日),2025/01/26(日),006255,FRISCH,1,売上,000006,混合廃棄物(壁紙・ｸﾛｽ),350,350,03,kg,75,"26,250",38281,000002,B（残置）,001,処分費,16:23,16:27,000002,ﾎﾞﾇｰﾙ山崎,000001,ｵﾈｽﾄ,000001,新木場ﾘｻｲｸﾙ工場,006255,FRISCH,000747,FRISCH,1,紙,,000005,今村（紀）
2025/01/26(日),2025/01/26(日),2025/01/26(日),006255,FRISCH,1,売上,000102,ﾏﾆﾌｪｽﾄ,,5,11,枚,50,250,38281,000002,B（残置）,001,処分費,16:23,16:27,000002,ﾎﾞﾇｰﾙ山崎,000001,ｵﾈｽﾄ,000001,新木場ﾘｻｲｸﾙ工場,006255,FRISCH,000747,FRISCH,1,紙,,000005,今村（紀）
2025/01/26(日),2025/01/26(日),2025/01/26(日),007568,ﾗｲﾌｻｰﾋﾞｽｼﾞｬﾊﾟﾝ,1,売上,000001,混合廃棄物A,"1,290","1,290",03,kg,58,"74,820",38242,000006,F（他）,001,処分費,10:16,10:16,000000,ﾗｲﾌｻｰﾋﾞｽｼﾞｬﾊﾟﾝ,000001,ｵﾈｽﾄ,000001,新木場ﾘｻｲｸﾙ工場,007568,ﾗｲﾌｻｰﾋﾞｽｼﾞｬﾊﾟﾝ,001022,ｻﾝ･ﾃｸﾉ,1,紙,,000012,サン・テクノ
2025/01/26(日),2025/01/26(日),2025/01/26(日),008313,ｱｾﾝｼｮﾝ,1,売上,000001,混合廃棄物A,160,160,03,kg,65,"10,400",38270,000003,C（解体）,001,処分費,15:36,15:41,000000,ｱｾﾝｼｮﾝ,000001,ｵﾈｽﾄ,000001,新木場ﾘｻｲｸﾙ工場,000853,つばさ産業,000666,つばさ産業,1,紙,,000007,小林
2025/01/26(日),2025/01/26(日),2025/01/26(日),008465,ｼﾐｽﾞﾋﾞﾙﾗｲﾌｹｱ,1,売上,000001,混合廃棄物A,20,20,03,kg,58,"1,160",38265,000004,D（建設）,001,処分費,13:43,14:09,000003,BF355158　清水建設本社ﾋﾞﾙ,000001,ｵﾈｽﾄ,000001,新木場ﾘｻｲｸﾙ工場,000016,泉土木,000014,泉土木,1,紙,,000001,矢作
2025/01/26(日),2025/01/26(日),2025/01/26(日),008465,ｼﾐｽﾞﾋﾞﾙﾗｲﾌｹｱ,1,売上,000046,ﾀﾞﾝﾎﾞｰﾙ,160,160,03,kg,0,0,38265,000004,D（建設）,001,処分費,13:43,14:09,000003,BF355158　清水建設本社ﾋﾞﾙ,000001,ｵﾈｽﾄ,000001,新木場ﾘｻｲｸﾙ工場,000016,泉土木,000014,泉土木,1,紙,,000001,矢作
2025/01/26(日),2025/01/26(日),2025/01/26(日),008465,ｼﾐｽﾞﾋﾞﾙﾗｲﾌｹｱ,2,支払,000069,GD,420,420,03,kg,14,"5,880",38265,000004,D（建設）,003,有価物,13:43,14:09,000003,BF355158　清水建設本社ﾋﾞﾙ,000001,ｵﾈｽﾄ,000001,新木場ﾘｻｲｸﾙ工場,000016,泉土木,000014,泉土木,1,紙,,000001,矢作
2025/01/26(日),2025/01/26(日),2025/01/26(日),008673,ﾀﾞｯｿｰ･ｼｽﾃﾑｽﾞ,1,売上,000001,混合廃棄物A,160,160,03,kg,0,0,38245,000002,B（残置）,001,処分費,10:21,10:26,000000,ﾀﾞｯｿｰ･ｼｽﾃﾑｽﾞ,000001,ｵﾈｽﾄ,000001,新木場ﾘｻｲｸﾙ工場,000291,ｵﾌｨｽﾋﾞﾙﾄﾞ,001398,ﾀﾞｯｿｰ･ｼｽﾃﾑｽﾞ,1,紙,,000002,渡辺
2025/01/26(日),2025/01/26(日),2025/01/26(日),008673,ﾀﾞｯｿｰ･ｼｽﾃﾑｽﾞ,1,売上,000001,混合廃棄物A,650,650,03,kg,0,0,38244,000002,B（残置）,001,処分費,10:28,10:34,000000,ﾀﾞｯｿｰ･ｼｽﾃﾑｽﾞ,000001,ｵﾈｽﾄ,000001,新木場ﾘｻｲｸﾙ工場,000291,ｵﾌｨｽﾋﾞﾙﾄﾞ,001398,ﾀﾞｯｿｰ･ｼｽﾃﾑｽﾞ,1,紙,,000002,渡辺
2025/01/26(日),2025/01/26(日),2025/01/26(日),008673,ﾀﾞｯｿｰ･ｼｽﾃﾑｽﾞ,1,売上,000029,木くず,650,650,03,kg,0,0,38245,000002,B（残置）,001,処分費,10:21,10:26,000000,ﾀﾞｯｿｰ･ｼｽﾃﾑｽﾞ,000001,ｵﾈｽﾄ,000001,新木場ﾘｻｲｸﾙ工場,000291,ｵﾌｨｽﾋﾞﾙﾄﾞ,001398,ﾀﾞｯｿｰ･ｼｽﾃﾑｽﾞ,1,紙,,000002,渡辺
2025/01/26(日),2025/01/26(日),2025/01/26(日),008811,NINJAPAN,1,売上,000001,混合廃棄物A,380,380,03,kg,65,"24,700",38264,000002,B（残置）,001,処分費,13:46,14:37,000000,NINJAPAN,000001,ｵﾈｽﾄ,000001,新木場ﾘｻｲｸﾙ工場,000110,ﾃｲｿｳ物流ｻｰﾋﾞｽ,000088,ﾃｲｿｳ物流ｻｰﾋﾞｽ,1,紙,,000002,渡辺
2025/01/26(日),2025/01/26(日),2025/01/26(日),008811,NINJAPAN,1,売上,000030,選別,520,520,03,kg,70,"36,400",38264,000002,B（残置）,001,処分費,13:46,14:37,000000,NINJAPAN,000001,ｵﾈｽﾄ,000001,新木場ﾘｻｲｸﾙ工場,000110,ﾃｲｿｳ物流ｻｰﾋﾞｽ,000088,ﾃｲｿｳ物流ｻｰﾋﾞｽ,1,紙,,000002,渡辺
2025/01/27(月),2025/01/27(月),2025/01/27(月),000026,ｼｰﾒﾝｽﾍﾙｽｹｱ,1,売上,000001,混合廃棄物A,270,270,03,kg,60,"16,200",38302,000006,F（他）,001,処分費,09:21,09:38,000001,ｼｰﾒﾝｽﾍﾙｽｹｱ平和島ｾﾝﾀｰ,000001,ｵﾈｽﾄ,000001,新木場ﾘｻｲｸﾙ工場,000243,田端運輸,000097,ｼｰﾒﾝｽﾍﾙｽｹｱ,1,紙,,000003,蛯子
2025/01/27(月),2025/01/27(月),2025/01/27(月),000026,ｼｰﾒﾝｽﾍﾙｽｹｱ,1,売上,000001,混合廃棄物A,850,850,03,kg,60,"51,000",38300,000006,F（他）,001,処分費,09:06,09:18,000001,ｼｰﾒﾝｽﾍﾙｽｹｱ平和島ｾﾝﾀｰ,000001,ｵﾈｽﾄ,000001,新木場ﾘｻｲｸﾙ工場,000243,田端運輸,000097,ｼｰﾒﾝｽﾍﾙｽｹｱ,1,紙,,000003,蛯子
2025/01/27(月),2025/01/27(月),2025/01/27(月),000026,ｼｰﾒﾝｽﾍﾙｽｹｱ,1,売上,000001,混合廃棄物A,"1,360","1,360",03,kg,60,"81,600",38291,000006,F（他）,001,処分費,08:02,08:12,000001,ｼｰﾒﾝｽﾍﾙｽｹｱ平和島ｾﾝﾀｰ,000001,ｵﾈｽﾄ,000001,新木場ﾘｻｲｸﾙ工場,000243,田端運輸,000097,ｼｰﾒﾝｽﾍﾙｽｹｱ,1,紙,,000003,蛯子
2025/01/27(月),2025/01/27(月),2025/01/27(月),000026,ｼｰﾒﾝｽﾍﾙｽｹｱ,1,売上,000460,GC　軽鉄・ｽﾁｰﾙ類,400,400,03,kg,0,0,38302,000006,F（他）,001,処分費,09:21,09:38,000001,ｼｰﾒﾝｽﾍﾙｽｹｱ平和島ｾﾝﾀｰ,000001,ｵﾈｽﾄ,000001,新木場ﾘｻｲｸﾙ工場,000243,田端運輸,000097,ｼｰﾒﾝｽﾍﾙｽｹｱ,1,紙,,000003,蛯子
2025/01/27(月),2025/01/27(月),2025/01/27(月),000044,不二製作所,1,売上,000001,混合廃棄物A,"1,160","1,160",03,kg,65,"75,400",38303,000004,D（建設）,001,処分費,09:22,09:25,000000,不二製作所（本社）,000001,ｵﾈｽﾄ,000001,新木場ﾘｻｲｸﾙ工場,000001,ｵﾈｽﾄ,000123,京葉興業,2,電子,,000004,山本
2025/01/27(月),2025/01/27(月),2025/01/27(月),000044,不二製作所,1,売上,000349,運搬費(4ｔｺﾝﾃﾅ),,1,07,台,"25,000","25,000",38303,000004,D（建設）,002,運搬費,09:22,09:25,000000,不二製作所（本社）,000001,ｵﾈｽﾄ,000001,新木場ﾘｻｲｸﾙ工場,000001,ｵﾈｽﾄ,000123,京葉興業,2,電子,,000004,山本
2025/01/27(月),2025/01/27(月),2025/01/27(月),000081,市川工業,1,売上,000002,混合廃棄物B,270,270,03,kg,70,"18,900",38365,000003,C（解体）,001,処分費,15:07,15:11,000032,六本木協和ﾋﾞﾙ西館改修工事,000001,ｵﾈｽﾄ,000001,新木場ﾘｻｲｸﾙ工場,000081,市川工業,000067,市川工業,1,紙,,000007,小林
2025/01/27(月),2025/01/27(月),2025/01/27(月),000176,旭化成,1,売上,000001,混合廃棄物A,390,390,03,kg,65,"25,350",38344,000002,B（残置）,001,処分費,12:38,12:47,000002,旭化成,000001,ｵﾈｽﾄ,000001,新木場ﾘｻｲｸﾙ工場,000175,ｾﾝｺｰﾘﾋﾞﾝｸﾞﾌﾟﾗｻﾞ,000144,旭化成,1,紙,,000002,渡辺
2025/01/27(月),2025/01/27(月),2025/01/27(月),000246,世田谷区　教育委員会事務局　学校健康推進,1,売上,000001,混合廃棄物A,840,840,03,kg,65,"54,600",38370,000001,A（事業）,001,処分費,15:26,15:26,000001,学校給食太子堂調理場,000001,ｵﾈｽﾄ,000001,新木場ﾘｻｲｸﾙ工場,001546,江栄,000013,江栄,1,紙,,000002,渡辺
2025/01/27(月),2025/01/27(月),2025/01/27(月),000251,三機工業（明石町）,1,売上,000014,混合廃棄物,470,8,02,m3,"10,000","80,000",38395,000004,D（建設）,001,処分費,16:22,16:28,000005,【赤城】北多摩一号水再生センター汚泥焼却,000001,ｵﾈｽﾄ,000001,新木場ﾘｻｲｸﾙ工場,000001,ｵﾈｽﾄ,000206,三機工業,1,紙,,000005,今村（紀）
2025/01/27(月),2025/01/27(月),2025/01/27(月),000251,三機工業（明石町）,1,売上,000349,運搬費(4ｔｺﾝﾃﾅ),,1,07,台,"25,000","25,000",38395,000004,D（建設）,002,運搬費,16:22,16:28,000005,【赤城】北多摩一号水再生センター汚泥焼却,000001,ｵﾈｽﾄ,000001,新木場ﾘｻｲｸﾙ工場,000001,ｵﾈｽﾄ,000206,三機工業,1,紙,,000005,今村（紀）
2025/01/27(月),2025/01/27(月),2025/01/27(月),000261,伊澤ﾀｵﾙ,1,売上,000001,混合廃棄物A,770,770,03,kg,60,"46,200",38394,000002,B（残置）,001,処分費,14:41,14:41,000000,伊澤ﾀｵﾙ,000001,ｵﾈｽﾄ,000001,新木場ﾘｻｲｸﾙ工場,001656,真和商事,000055,真和商事,1,紙,,000002,渡辺
2025/01/27(月),2025/01/27(月),2025/01/27(月),000261,伊澤ﾀｵﾙ,1,売上,000036,ﾏｯﾄﾚｽ(ｼﾝｸﾞﾙ),30,2,11,枚,"4,000","8,000",38394,000002,B（残置）,001,処分費,14:41,14:41,000000,伊澤ﾀｵﾙ,000001,ｵﾈｽﾄ,000001,新木場ﾘｻｲｸﾙ工場,001656,真和商事,000055,真和商事,1,紙,,000002,渡辺
2025/01/27(月),2025/01/27(月),2025/01/27(月),000272,新建産業,1,売上,000001,混合廃棄物A,160,160,03,kg,65,"10,400",38284,000001,A（事業）,001,処分費,07:00,07:03,000000,新建産業,000001,ｵﾈｽﾄ,000001,新木場ﾘｻｲｸﾙ工場,000272,新建産業,000222,新建産業,1,紙,,000006,川部
2025/01/27(月),2025/01/27(月),2025/01/27(月),000272,新建産業,1,売上,000001,混合廃棄物A,310,310,03,kg,65,"20,150",38363,000001,A（事業）,001,処分費,15:01,15:01,000000,新建産業,000001,ｵﾈｽﾄ,000001,新木場ﾘｻｲｸﾙ工場,000272,新建産業,000222,新建産業,1,紙,,000006,川部
2025/01/27(月),2025/01/27(月),2025/01/27(月),000281,ﾒﾀｳｫｰﾀｰ,1,売上,000014,混合廃棄物,630,8,02,m3,"10,000","80,000",38322,000004,D（建設）,001,処分費,11:21,11:23,000046,北部流域処理場汚泥焼却設備工事その2,000001,ｵﾈｽﾄ,000001,新木場ﾘｻｲｸﾙ工場,000001,ｵﾈｽﾄ,000281,ﾒﾀｳｫｰﾀｰ,1,紙,,000010,メタウォーター
2025/01/27(月),2025/01/27(月),2025/01/27(月),000281,ﾒﾀｳｫｰﾀｰ,1,売上,000014,混合廃棄物,930,8,02,m3,"10,000","80,000",38355,000004,D（建設）,001,処分費,12:14,12:16,000038,西長沢浄水場実験場撤去工事,000001,ｵﾈｽﾄ,000001,新木場ﾘｻｲｸﾙ工場,000001,ｵﾈｽﾄ,000281,ﾒﾀｳｫｰﾀｰ,1,紙,,000010,メタウォーター
2025/01/27(月),2025/01/27(月),2025/01/27(月),000281,ﾒﾀｳｫｰﾀｰ,1,売上,000109,運搬費,,1,07,台,"23,000","23,000",38355,000004,D（建設）,002,運搬費,12:14,12:16,000038,西長沢浄水場実験場撤去工事,000001,ｵﾈｽﾄ,000001,新木場ﾘｻｲｸﾙ工場,000001,ｵﾈｽﾄ,000281,ﾒﾀｳｫｰﾀｰ,1,紙,,000010,メタウォーター
2025/01/27(月),2025/01/27(月),2025/01/27(月),000281,ﾒﾀｳｫｰﾀｰ,1,売上,000109,運搬費,,1,07,台,"37,000","37,000",38322,000004,D（建設）,002,運搬費,11:21,11:23,000046,北部流域処理場汚泥焼却設備工事その2,000001,ｵﾈｽﾄ,000001,新木場ﾘｻｲｸﾙ工場,000001,ｵﾈｽﾄ,000281,ﾒﾀｳｫｰﾀｰ,1,紙,,000010,メタウォーター
2025/01/27(月),2025/01/27(月),2025/01/27(月),000286,ｷﾀｻﾞﾜ引越ｾﾝﾀｰ,1,売上,000002,混合廃棄物B,"1,120","1,120",03,kg,65,"72,800",38305,000002,B（残置）,001,処分費,09:46,09:55,000000,ｷﾀｻﾞﾜ引越ｾﾝﾀｰ,000001,ｵﾈｽﾄ,000001,新木場ﾘｻｲｸﾙ工場,000286,ｷﾀｻﾞﾜ引越ｾﾝﾀｰ,000230,ｷﾀｻﾞﾜ引越ｾﾝﾀｰ,1,紙,,000006,川部
2025/01/27(月),2025/01/27(月),2025/01/27(月),000286,ｷﾀｻﾞﾜ引越ｾﾝﾀｰ,1,売上,000101,ﾏｯﾄﾚｽ,10,10,03,kg,100,"1,000",38305,000002,B（残置）,001,処分費,09:46,09:55,000000,ｷﾀｻﾞﾜ引越ｾﾝﾀｰ,000001,ｵﾈｽﾄ,000001,新木場ﾘｻｲｸﾙ工場,000286,ｷﾀｻﾞﾜ引越ｾﾝﾀｰ,000230,ｷﾀｻﾞﾜ引越ｾﾝﾀｰ,1,紙,,000006,川部
2025/01/27(月),2025/01/27(月),2025/01/27(月),000294,北斗JAPAN,1,売上,000001,混合廃棄物A,710,710,03,kg,65,"46,150",38439,000002,B,001,処分費,18:00,18:09,000000,北斗JAPAN,000001,ｵﾈｽﾄ,000001,新木場ﾘｻｲｸﾙ工場,000294,北斗JAPAN,000237,北斗JAPAN,1,紙,,000006,川部
2025/01/27(月),2025/01/27(月),2025/01/27(月),000302,ﾖｼﾓﾘ,1,売上,000001,混合廃棄物A,680,680,03,kg,53,"36,040",38286,000001,A（事業）,001,処分費,07:18,07:20,000001,ﾖｼﾓﾘ扇ﾘｻｲｸﾙｾﾝﾀｰ,000001,ｵﾈｽﾄ,000001,新木場ﾘｻｲｸﾙ工場,000302,ﾖｼﾓﾘ,000244,ﾖｼﾓﾘ,1,紙,,000002,渡辺
2025/01/27(月),2025/01/27(月),2025/01/27(月),000302,ﾖｼﾓﾘ,1,売上,000003,混合廃棄物C,"1,900","1,900",03,kg,58,"110,200",38285,000001,A（事業）,001,処分費,07:06,07:08,000001,ﾖｼﾓﾘ扇ﾘｻｲｸﾙｾﾝﾀｰ,000001,ｵﾈｽﾄ,000001,新木場ﾘｻｲｸﾙ工場,000302,ﾖｼﾓﾘ,000244,ﾖｼﾓﾘ,1,紙,,000002,渡辺
2025/01/27(月),2025/01/27(月),2025/01/27(月),000312,野口興業,1,売上,000001,混合廃棄物A,540,540,03,kg,45,"24,300",38287,000001,A（事業）,001,処分費,07:28,07:34,000000,野口興業,000001,ｵﾈｽﾄ,000001,新木場ﾘｻｲｸﾙ工場,000312,野口興業,000253,野口興業,1,紙,,000002,渡辺
2025/01/27(月),2025/01/27(月),2025/01/27(月),000312,野口興業,1,売上,000001,混合廃棄物A,650,650,03,kg,45,"29,250",38290,000001,A（事業）,001,処分費,07:53,07:56,000000,野口興業,000001,ｵﾈｽﾄ,000001,新木場ﾘｻｲｸﾙ工場,000312,野口興業,000253,野口興業,1,紙,,000002,渡辺
2025/01/27(月),2025/01/27(月),2025/01/27(月),000382,ﾏｲﾌﾚﾝﾄﾞ,1,売上,000001,混合廃棄物A,230,230,03,kg,65,"14,950",38359,000002,B（残置）,001,処分費,14:30,14:42,000000,ﾏｲﾌﾚﾝﾄﾞ,000001,ｵﾈｽﾄ,000001,新木場ﾘｻｲｸﾙ工場,000382,ﾏｲﾌﾚﾝﾄﾞ,000308,ﾏｲﾌﾚﾝﾄﾞ,1,紙,,000007,小林
2025/01/27(月),2025/01/27(月),2025/01/27(月),000382,ﾏｲﾌﾚﾝﾄﾞ,1,売上,000029,木くず,220,220,03,kg,35,"7,700",38359,000002,B（残置）,001,処分費,14:30,14:42,000000,ﾏｲﾌﾚﾝﾄﾞ,000001,ｵﾈｽﾄ,000001,新木場ﾘｻｲｸﾙ工場,000382,ﾏｲﾌﾚﾝﾄﾞ,000308,ﾏｲﾌﾚﾝﾄﾞ,1,紙,,000007,小林
2025/01/27(月),2025/01/27(月),2025/01/27(月),000447,共同印刷,1,売上,000001,混合廃棄物A,140,140,03,kg,60,"8,400",38391,000001,A（事業）,001,処分費,16:17,16:17,000000,共同印刷,000001,ｵﾈｽﾄ,000001,新木場ﾘｻｲｸﾙ工場,000001,ｵﾈｽﾄ,000344,共同印刷,2,電子,,000002,渡辺
2025/01/27(月),2025/01/27(月),2025/01/27(月),000447,共同印刷,1,売上,000109,運搬費,,1,07,台,"23,000","23,000",38391,000001,A（事業）,002,運搬費,16:17,16:17,000000,共同印刷,000001,ｵﾈｽﾄ,000001,新木場ﾘｻｲｸﾙ工場,000001,ｵﾈｽﾄ,000344,共同印刷,2,電子,,000002,渡辺
2025/01/27(月),2025/01/27(月),2025/01/27(月),000466,関内工務店,1,売上,000001,混合廃棄物A,"1,500","1,500",03,kg,65,"97,500",38378,000004,D（建設）,001,処分費,15:44,15:44,000000,関内工務店,000001,ｵﾈｽﾄ,000001,新木場ﾘｻｲｸﾙ工場,000001,ｵﾈｽﾄ,000355,関内工務店,1,紙,,000002,渡辺
2025/01/27(月),2025/01/27(月),2025/01/27(月),000466,関内工務店,1,売上,000109,運搬費,,1,07,台,"28,000","28,000",38378,000004,D（建設）,002,運搬費,15:44,15:44,000000,関内工務店,000001,ｵﾈｽﾄ,000001,新木場ﾘｻｲｸﾙ工場,000001,ｵﾈｽﾄ,000355,関内工務店,1,紙,,000002,渡辺
2025/01/27(月),2025/01/27(月),2025/01/27(月),000477,企業組合 あうん,1,売上,000005,混合廃棄物(布団),210,210,03,kg,75,"15,750",38400,000002,B（残置）,001,処分費,16:57,16:57,000000,企業組合 あうん,000001,ｵﾈｽﾄ,000001,新木場ﾘｻｲｸﾙ工場,000477,企業組合 あうん,000362,企業組合 あうん,1,紙,,000007,小林
2025/01/27(月),2025/01/27(月),2025/01/27(月),000477,企業組合 あうん,1,売上,000492,混合廃棄物（羽毛物）,50,50,03,kg,250,"12,500",38400,000002,B（残置）,001,処分費,16:57,16:57,000000,企業組合 あうん,000001,ｵﾈｽﾄ,000001,新木場ﾘｻｲｸﾙ工場,000477,企業組合 あうん,000362,企業組合 あうん,1,紙,,000007,小林
2025/01/27(月),2025/01/27(月),2025/01/27(月),000508,月島ｼﾞｪｲﾃｸﾉﾒﾝﾃｻｰﾋﾞｽ横浜支店,1,売上,000001,混合廃棄物A,720,720,03,kg,65,"46,800",38345,000004,D（建設）,001,処分費,12:53,12:59,000002,綾瀬浄水場排水処理脱水機修繕工事,000001,ｵﾈｽﾄ,000001,新木場ﾘｻｲｸﾙ工場,000361,全公研,000289,全公研,1,紙,,000004,山本
2025/01/27(月),2025/01/27(月),2025/01/27(月),000691,Re建装,1,売上,000001,混合廃棄物A,60,60,03,kg,65,"3,900",38319,000003,C（解体）,001,処分費,11:20,11:24,000000,Re建装,000001,ｵﾈｽﾄ,000001,新木場ﾘｻｲｸﾙ工場,000691,Re建装,001275,Re建装,1,紙,,000007,小林
2025/01/27(月),2025/01/27(月),2025/01/27(月),000691,Re建装,1,売上,000004,混合廃棄物(焼却物),40,40,03,kg,75,"3,000",38319,000003,C（解体）,001,処分費,11:20,11:24,000000,Re建装,000001,ｵﾈｽﾄ,000001,新木場ﾘｻｲｸﾙ工場,000691,Re建装,001275,Re建装,1,紙,,000007,小林
2025/01/27(月),2025/01/27(月),2025/01/27(月),000712,ｴﾑﾃﾝｻﾎﾟｰﾄ,1,売上,000001,混合廃棄物A,260,260,03,kg,65,"16,900",38419,000002,B（残置）,001,処分費,16:05,16:06,000000,ｴﾑﾃﾝｻﾎﾟｰﾄ,000001,ｵﾈｽﾄ,000001,新木場ﾘｻｲｸﾙ工場,000712,ｴﾑﾃﾝｻﾎﾟｰﾄ,001283,ｴﾑﾃﾝｻﾎﾟｰﾄ,1,紙,,000007,小林
2025/01/27(月),2025/01/27(月),2025/01/27(月),000734,ﾒﾀｳｫｰﾀｰ（さいたま）,1,売上,000014,混合廃棄物,10,10,03,kg,65,650,38356,000004,D（建設）,001,処分費,15:25,15:25,000014,024大改第664号ﾄﾞﾗｲ活性炭計装設備修繕工事,000001,ｵﾈｽﾄ,000001,新木場ﾘｻｲｸﾙ工場,000001,ｵﾈｽﾄ,000281,ﾒﾀｳｫｰﾀｰ,1,紙,,000010,メタウォーター
2025/01/27(月),2025/01/27(月),2025/01/27(月),000734,ﾒﾀｳｫｰﾀｰ（さいたま）,1,売上,000352,運搬費(2ｔ車扱い),,1,07,台,"20,000","20,000",38356,000004,D（建設）,002,運搬費,15:25,15:25,000014,024大改第664号ﾄﾞﾗｲ活性炭計装設備修繕工事,000001,ｵﾈｽﾄ,000001,新木場ﾘｻｲｸﾙ工場,000001,ｵﾈｽﾄ,000281,ﾒﾀｳｫｰﾀｰ,1,紙,,000010,メタウォーター
2025/01/27(月),2025/01/27(月),2025/01/27(月),000734,ﾒﾀｳｫｰﾀｰ（さいたま）,2,支払,000068,GC 軽鉄･ｽﾁｰﾙ類,40,40,03,kg,23.5,940,38356,000004,D（建設）,003,有価物,15:25,15:25,000014,024大改第664号ﾄﾞﾗｲ活性炭計装設備修繕工事,000001,ｵﾈｽﾄ,000001,新木場ﾘｻｲｸﾙ工場,000001,ｵﾈｽﾄ,000281,ﾒﾀｳｫｰﾀｰ,1,紙,,000010,メタウォーター
2025/01/27(月),2025/01/27(月),2025/01/27(月),000794,東京ｶﾞｽﾘﾉﾍﾞｰｼｮﾝ,1,売上,000001,混合廃棄物A,510,510,03,kg,65,"33,150",38298,000004,D（建設）,001,処分費,08:58,09:00,000000,東京ｶﾞｽﾘﾉﾍﾞｰｼｮﾝ,000001,ｵﾈｽﾄ,000001,新木場ﾘｻｲｸﾙ工場,000133,ﾀﾞｲｲﾁ興業,000105,ﾀﾞｲｲﾁ興業,1,紙,,000004,山本
2025/01/27(月),2025/01/27(月),2025/01/27(月),000828,ﾆｯﾀｴｱｿﾘｭｰｼｮﾝｽﾞ,1,売上,000001,混合廃棄物A,40,40,03,kg,65,"2,600",38317,000004,D（建設）,001,処分費,11:22,11:22,000002,横浜技術ｾﾝﾀｰ,000001,ｵﾈｽﾄ,000001,新木場ﾘｻｲｸﾙ工場,000001,ｵﾈｽﾄ,000648,ﾆｯﾀｴｱｿﾘｭｰｼｮﾝｽﾞ,1,紙,,000005,今村（紀）
2025/01/27(月),2025/01/27(月),2025/01/27(月),000828,ﾆｯﾀｴｱｿﾘｭｰｼｮﾝｽﾞ,1,売上,000004,混合廃棄物(焼却物),360,360,03,kg,75,"27,000",38317,000004,D（建設）,001,処分費,11:22,11:22,000002,横浜技術ｾﾝﾀｰ,000001,ｵﾈｽﾄ,000001,新木場ﾘｻｲｸﾙ工場,000001,ｵﾈｽﾄ,000648,ﾆｯﾀｴｱｿﾘｭｰｼｮﾝｽﾞ,1,紙,,000005,今村（紀）
2025/01/27(月),2025/01/27(月),2025/01/27(月),000828,ﾆｯﾀｴｱｿﾘｭｰｼｮﾝｽﾞ,1,売上,000349,運搬費(4ｔｺﾝﾃﾅ),,1,07,台,"23,000","23,000",38317,000004,D（建設）,002,運搬費,11:22,11:22,000002,横浜技術ｾﾝﾀｰ,000001,ｵﾈｽﾄ,000001,新木場ﾘｻｲｸﾙ工場,000001,ｵﾈｽﾄ,000648,ﾆｯﾀｴｱｿﾘｭｰｼｮﾝｽﾞ,1,紙,,000005,今村（紀）
2025/01/27(月),2025/01/27(月),2025/01/27(月),000891,NTRｱｼｽﾄ,1,売上,000001,混合廃棄物A,310,310,03,kg,65,"20,150",38375,000002,B（残置）,001,処分費,15:29,15:35,000000,NTRｱｼｽﾄ,000001,ｵﾈｽﾄ,000001,新木場ﾘｻｲｸﾙ工場,000891,NTRｱｼｽﾄ,000689,NTRｱｼｽﾄ,1,紙,,000005,今村（紀）
2025/01/27(月),2025/01/27(月),2025/01/27(月),000955,CRASHIP,1,売上,000002,混合廃棄物B,640,640,03,kg,70,"44,800",38368,000003,C（解体）,001,処分費,15:15,15:19,000004,YP302解体工事,000001,ｵﾈｽﾄ,000001,新木場ﾘｻｲｸﾙ工場,000362,ﾐﾔ産興,000290,ﾐﾔ産興,1,紙,,000004,山本
2025/01/27(月),2025/01/27(月),2025/01/27(月),000979,永福引越センター,1,売上,000001,混合廃棄物A,180,180,03,kg,65,"11,700",38315,000002,B（残置）,001,処分費,10:49,10:49,000000,永福引越センター,000001,ｵﾈｽﾄ,000001,新木場ﾘｻｲｸﾙ工場,004752,渡辺興業,000759,永福引越ｾﾝﾀｰ（㈱渡辺興業）,1,紙,,000002,渡辺
2025/01/27(月),2025/01/27(月),2025/01/27(月),000979,永福引越センター,1,売上,000029,木くず,540,540,03,kg,35,"18,900",38405,000002,B（残置）,001,処分費,16:57,17:08,000000,永福引越センター,000001,ｵﾈｽﾄ,000001,新木場ﾘｻｲｸﾙ工場,004752,渡辺興業,000759,永福引越ｾﾝﾀｰ（㈱渡辺興業）,1,紙,,000002,渡辺
2025/01/27(月),2025/01/27(月),2025/01/27(月),001166,広いｲﾃｹﾞﾙ,1,売上,000002,混合廃棄物B,210,210,03,kg,70,"14,700",38357,000003,C（解体）,001,処分費,14:33,14:33,000011,埼玉県三郷市戸ヶ崎3-43-4,000001,ｵﾈｽﾄ,000001,新木場ﾘｻｲｸﾙ工場,001166,広いｲﾃｹﾞﾙ,001346,広いｲﾃｹﾞﾙ,1,紙,,000007,小林
2025/01/27(月),2025/01/27(月),2025/01/27(月),001202,ｸﾘｴｲｼｮﾝ,1,売上,000004,混合廃棄物(焼却物),90,90,03,kg,75,"6,750",38342,000002,B（残置）,001,処分費,12:29,12:42,000000,ｸﾘｴｲｼｮﾝ,000001,ｵﾈｽﾄ,000001,新木場ﾘｻｲｸﾙ工場,001202,ｸﾘｴｲｼｮﾝ,000933,ｸﾘｴｲｼｮﾝ,1,紙,,000007,小林
2025/01/27(月),2025/01/27(月),2025/01/27(月),001202,ｸﾘｴｲｼｮﾝ,1,売上,000029,木くず,480,480,03,kg,35,"16,800",38342,000002,B（残置）,001,処分費,12:29,12:42,000000,ｸﾘｴｲｼｮﾝ,000001,ｵﾈｽﾄ,000001,新木場ﾘｻｲｸﾙ工場,001202,ｸﾘｴｲｼｮﾝ,000933,ｸﾘｴｲｼｮﾝ,1,紙,,000007,小林
2025/01/27(月),2025/01/27(月),2025/01/27(月),001203,ﾏﾙﾐﾔ社,1,売上,000001,混合廃棄物A,110,110,03,kg,65,"7,150",38404,000002,B（残置）,001,処分費,16:47,16:47,000000,ﾏﾙﾐﾔ社,000001,ｵﾈｽﾄ,000001,新木場ﾘｻｲｸﾙ工場,001203,ﾏﾙﾐﾔ社,000934,ﾏﾙﾐﾔ社,1,紙,,000002,渡辺
2025/01/27(月),2025/01/27(月),2025/01/27(月),001226,ｱｰﾙﾂｰ,1,売上,000001,混合廃棄物A,90,90,03,kg,65,"5,850",38431,000002,B（残置）,001,処分費,17:44,17:49,000000,ｱｰﾙﾂｰ,000001,ｵﾈｽﾄ,000001,新木場ﾘｻｲｸﾙ工場,001226,ｱｰﾙﾂｰ,000950,ｱｰﾙﾂｰ,1,紙,,000006,川部
2025/01/27(月),2025/01/27(月),2025/01/27(月),001323,SUR,1,売上,000001,混合廃棄物A,190,190,03,kg,70,"13,300",38366,000002,B（残置）,001,処分費,15:07,15:12,000000,SUR,000001,ｵﾈｽﾄ,000001,新木場ﾘｻｲｸﾙ工場,001323,SUR,001034,SUR,1,紙,,000012,サン・テクノ
2025/01/27(月),2025/01/27(月),2025/01/27(月),001384,ﾄﾞﾘｰﾑｹﾞｰﾄ,1,売上,000001,混合廃棄物A,940,940,03,kg,65,"61,100",38309,000001,A（事業）,001,処分費,09:46,09:48,000000,ﾄﾞﾘｰﾑｹﾞｰﾄ,000001,ｵﾈｽﾄ,000001,新木場ﾘｻｲｸﾙ工場,000337,協立輸送,000274,協立輸送,1,紙,,000006,川部
2025/01/27(月),2025/01/27(月),2025/01/27(月),001395,昭和女子大学,1,売上,000001,混合廃棄物A,130,130,03,kg,65,"8,450",38379,000001,A（事業）,001,処分費,15:43,15:43,000000,昭和女子大学,000001,ｵﾈｽﾄ,000001,新木場ﾘｻｲｸﾙ工場,000019,ﾀｹｴｲ,000016,ﾀｹｴｲ,1,紙,,000007,小林
2025/01/27(月),2025/01/27(月),2025/01/27(月),001434,(ｻﾝﾃｸﾉ)東和ｴﾝｼﾞﾆｱﾘﾝｸﾞ,1,売上,000001,混合廃棄物A,130,130,03,kg,58,"7,540",38321,000006,F（他）,001,処分費,10:51,11:32,000000,(ｻﾝﾃｸﾉ)東和ｴﾝｼﾞﾆｱﾘﾝｸﾞ,000001,ｵﾈｽﾄ,000001,新木場ﾘｻｲｸﾙ工場,001438,(ｻﾝﾃｸﾉ)三興運輸(葛飾区),001022,ｻﾝ･ﾃｸﾉ,1,紙,,000012,サン・テクノ
2025/01/27(月),2025/01/27(月),2025/01/27(月),001434,(ｻﾝﾃｸﾉ)東和ｴﾝｼﾞﾆｱﾘﾝｸﾞ,1,売上,000030,選別,670,670,03,kg,50,"33,500",38321,000006,F（他）,001,処分費,10:51,11:32,000000,(ｻﾝﾃｸﾉ)東和ｴﾝｼﾞﾆｱﾘﾝｸﾞ,000001,ｵﾈｽﾄ,000001,新木場ﾘｻｲｸﾙ工場,001438,(ｻﾝﾃｸﾉ)三興運輸(葛飾区),001022,ｻﾝ･ﾃｸﾉ,1,紙,,000012,サン・テクノ
2025/01/27(月),2025/01/27(月),2025/01/27(月),001434,(ｻﾝﾃｸﾉ)東和ｴﾝｼﾞﾆｱﾘﾝｸﾞ,2,支払,000063,配線,20,20,03,kg,100,"2,000",38321,000006,F（他）,003,有価物,10:51,11:32,000000,(ｻﾝﾃｸﾉ)東和ｴﾝｼﾞﾆｱﾘﾝｸﾞ,000001,ｵﾈｽﾄ,000001,新木場ﾘｻｲｸﾙ工場,001438,(ｻﾝﾃｸﾉ)三興運輸(葛飾区),001022,ｻﾝ･ﾃｸﾉ,1,紙,,000012,サン・テクノ
2025/01/27(月),2025/01/27(月),2025/01/27(月),001434,(ｻﾝﾃｸﾉ)東和ｴﾝｼﾞﾆｱﾘﾝｸﾞ,2,支払,000068,GC 軽鉄･ｽﾁｰﾙ類,70,70,03,kg,21,"1,470",38321,000006,F（他）,003,有価物,10:51,11:32,000000,(ｻﾝﾃｸﾉ)東和ｴﾝｼﾞﾆｱﾘﾝｸﾞ,000001,ｵﾈｽﾄ,000001,新木場ﾘｻｲｸﾙ工場,001438,(ｻﾝﾃｸﾉ)三興運輸(葛飾区),001022,ｻﾝ･ﾃｸﾉ,1,紙,,000012,サン・テクノ
2025/01/27(月),2025/01/27(月),2025/01/27(月),001446,東京大学,1,売上,000001,混合廃棄物A,320,320,03,kg,65,"20,800",38351,000002,B（残置）,001,処分費,13:26,13:28,000011,東京大学農学部,000001,ｵﾈｽﾄ,000001,新木場ﾘｻｲｸﾙ工場,000013,東京商産業,000011,東京商産業,1,紙,,000004,山本
2025/01/27(月),2025/01/27(月),2025/01/27(月),001500,ｽﾀｰｾﾞﾝﾛｼﾞｽﾃｨｸｽ,1,売上,000001,混合廃棄物A,"1,060","1,060",03,kg,54,"57,240",38311,000001,A（事業）,001,処分費,09:59,10:00,000000,ｽﾀｰｾﾞﾝﾛｼﾞｽﾃｨｸｽ,000001,ｵﾈｽﾄ,000001,新木場ﾘｻｲｸﾙ工場,000028,五十嵐商会,000025,五十嵐商会,1,紙,,000002,渡辺
2025/01/27(月),2025/01/27(月),2025/01/27(月),001635,大阪ｼｰﾘﾝｸﾞ印刷,1,売上,000001,混合廃棄物A,"1,620","1,620",03,kg,68,"110,160",38326,000001,A（事業）,001,処分費,11:40,11:40,000002,三井物産流通ｸﾞﾙｰﾌﾟ㈱,000001,ｵﾈｽﾄ,000001,新木場ﾘｻｲｸﾙ工場,000001,ｵﾈｽﾄ,001211,大阪ｼｰﾘﾝｸﾞ印刷,2,電子,,000002,渡辺
2025/01/27(月),2025/01/27(月),2025/01/27(月),001635,大阪ｼｰﾘﾝｸﾞ印刷,1,売上,000001,混合廃棄物A,"1,780","1,780",03,kg,68,"121,040",38327,000001,A（事業）,001,処分費,11:43,11:43,000002,三井物産流通ｸﾞﾙｰﾌﾟ㈱,000001,ｵﾈｽﾄ,000001,新木場ﾘｻｲｸﾙ工場,000001,ｵﾈｽﾄ,001211,大阪ｼｰﾘﾝｸﾞ印刷,1,紙,,000002,渡辺
2025/01/27(月),2025/01/27(月),2025/01/27(月),001635,大阪ｼｰﾘﾝｸﾞ印刷,1,売上,000001,混合廃棄物A,"2,010","2,010",03,kg,68,"136,680",38329,000001,A（事業）,001,処分費,12:05,12:05,000002,三井物産流通ｸﾞﾙｰﾌﾟ㈱,000001,ｵﾈｽﾄ,000001,新木場ﾘｻｲｸﾙ工場,000001,ｵﾈｽﾄ,001211,大阪ｼｰﾘﾝｸﾞ印刷,2,電子,,000002,渡辺
2025/01/27(月),2025/01/27(月),2025/01/27(月),001635,大阪ｼｰﾘﾝｸﾞ印刷,1,売上,000109,運搬費,,1,07,台,"28,000","28,000",38326,000001,A（事業）,002,運搬費,11:40,11:40,000002,三井物産流通ｸﾞﾙｰﾌﾟ㈱,000001,ｵﾈｽﾄ,000001,新木場ﾘｻｲｸﾙ工場,000001,ｵﾈｽﾄ,001211,大阪ｼｰﾘﾝｸﾞ印刷,2,電子,,000002,渡辺
2025/01/27(月),2025/01/27(月),2025/01/27(月),001635,大阪ｼｰﾘﾝｸﾞ印刷,1,売上,000109,運搬費,,1,07,台,"28,000","28,000",38327,000001,A（事業）,002,運搬費,11:43,11:43,000002,三井物産流通ｸﾞﾙｰﾌﾟ㈱,000001,ｵﾈｽﾄ,000001,新木場ﾘｻｲｸﾙ工場,000001,ｵﾈｽﾄ,001211,大阪ｼｰﾘﾝｸﾞ印刷,1,紙,,000002,渡辺
2025/01/27(月),2025/01/27(月),2025/01/27(月),001635,大阪ｼｰﾘﾝｸﾞ印刷,1,売上,000109,運搬費,,1,07,台,"28,000","28,000",38329,000001,A（事業）,002,運搬費,12:05,12:05,000002,三井物産流通ｸﾞﾙｰﾌﾟ㈱,000001,ｵﾈｽﾄ,000001,新木場ﾘｻｲｸﾙ工場,000001,ｵﾈｽﾄ,001211,大阪ｼｰﾘﾝｸﾞ印刷,2,電子,,000002,渡辺
2025/01/27(月),2025/01/27(月),2025/01/27(月),001668,国際環境ｻｰﾋﾞｽ,1,売上,000001,混合廃棄物A,580,580,03,kg,60,"34,800",38292,000002,B（残置）,001,処分費,08:05,08:08,000001,国際環境ｻｰﾋﾞｽ(上鷺宮）,000001,ｵﾈｽﾄ,000001,新木場ﾘｻｲｸﾙ工場,001656,真和商事,000055,真和商事,1,紙,,000002,渡辺
2025/01/27(月),2025/01/27(月),2025/01/27(月),001668,国際環境ｻｰﾋﾞｽ,1,売上,000093,混合廃棄物(ﾋﾞﾝ･缶･ﾍﾟｯﾄﾎﾞﾄﾙ),140,140,03,kg,45,"6,300",38292,000002,B（残置）,001,処分費,08:05,08:08,000001,国際環境ｻｰﾋﾞｽ(上鷺宮）,000001,ｵﾈｽﾄ,000001,新木場ﾘｻｲｸﾙ工場,001656,真和商事,000055,真和商事,1,紙,,000002,渡辺
2025/01/27(月),2025/01/27(月),2025/01/27(月),001739,三機工業（八丁堀）,1,売上,000030,選別,20,20,03,kg,55,"1,100",38401,000004,D（建設）,001,処分費,15:05,15:05,000023,【NWS】MCDR　NRT10,000001,ｵﾈｽﾄ,000001,新木場ﾘｻｲｸﾙ工場,000016,泉土木,000014,泉土木,2,電子,,000001,矢作
2025/01/27(月),2025/01/27(月),2025/01/27(月),001739,三機工業（八丁堀）,2,支払,000068,GC 軽鉄･ｽﾁｰﾙ類,230,230,03,kg,23.5,"5,405",38410,000004,D（建設）,003,有価物,15:35,15:35,000023,【NWS】MCDR　NRT10,000001,ｵﾈｽﾄ,000001,新木場ﾘｻｲｸﾙ工場,000016,泉土木,000014,泉土木,1,紙,,000001,矢作
2025/01/27(月),2025/01/27(月),2025/01/27(月),001739,三機工業（八丁堀）,2,支払,000068,GC 軽鉄･ｽﾁｰﾙ類,240,240,03,kg,23.5,"5,640",38333,000004,D（建設）,003,有価物,11:14,11:14,000023,【NWS】MCDR　NRT10,000001,ｵﾈｽﾄ,000001,新木場ﾘｻｲｸﾙ工場,000016,泉土木,000014,泉土木,1,紙,,000001,矢作
2025/01/27(月),2025/01/27(月),2025/01/27(月),001739,三機工業（八丁堀）,2,支払,000068,GC 軽鉄･ｽﾁｰﾙ類,240,240,03,kg,23.5,"5,640",38340,000004,D（建設）,003,有価物,11:39,11:39,000023,【NWS】MCDR　NRT10,000001,ｵﾈｽﾄ,000001,新木場ﾘｻｲｸﾙ工場,000016,泉土木,000014,泉土木,1,紙,,000001,矢作
2025/01/27(月),2025/01/27(月),2025/01/27(月),001739,三機工業（八丁堀）,2,支払,000068,GC 軽鉄･ｽﾁｰﾙ類,240,240,03,kg,23.5,"5,640",38399,000004,D（建設）,003,有価物,14:56,14:56,000023,【NWS】MCDR　NRT10,000001,ｵﾈｽﾄ,000001,新木場ﾘｻｲｸﾙ工場,000016,泉土木,000014,泉土木,2,電子,,000001,矢作
2025/01/27(月),2025/01/27(月),2025/01/27(月),001739,三機工業（八丁堀）,2,支払,000068,GC 軽鉄･ｽﾁｰﾙ類,250,250,03,kg,23.5,"5,875",38336,000004,D（建設）,003,有価物,11:34,11:35,000023,【NWS】MCDR　NRT10,000001,ｵﾈｽﾄ,000001,新木場ﾘｻｲｸﾙ工場,000016,泉土木,000014,泉土木,1,紙,,000001,矢作
2025/01/27(月),2025/01/27(月),2025/01/27(月),001739,三機工業（八丁堀）,2,支払,000068,GC 軽鉄･ｽﾁｰﾙ類,250,250,03,kg,23.5,"5,875",38339,000004,D（建設）,003,有価物,11:37,11:37,000023,【NWS】MCDR　NRT10,000001,ｵﾈｽﾄ,000001,新木場ﾘｻｲｸﾙ工場,000016,泉土木,000014,泉土木,1,紙,,000001,矢作
2025/01/27(月),2025/01/27(月),2025/01/27(月),001739,三機工業（八丁堀）,2,支払,000068,GC 軽鉄･ｽﾁｰﾙ類,250,250,03,kg,23.5,"5,875",38415,000004,D（建設）,003,有価物,15:42,15:45,000023,【NWS】MCDR　NRT10,000001,ｵﾈｽﾄ,000001,新木場ﾘｻｲｸﾙ工場,000016,泉土木,000014,泉土木,1,紙,,000001,矢作
2025/01/27(月),2025/01/27(月),2025/01/27(月),001739,三機工業（八丁堀）,2,支払,000068,GC 軽鉄･ｽﾁｰﾙ類,320,320,03,kg,23.5,"7,520",38401,000004,D（建設）,003,有価物,15:05,15:05,000023,【NWS】MCDR　NRT10,000001,ｵﾈｽﾄ,000001,新木場ﾘｻｲｸﾙ工場,000016,泉土木,000014,泉土木,2,電子,,000001,矢作
2025/01/27(月),2025/01/27(月),2025/01/27(月),001739,三機工業（八丁堀）,2,支払,000068,GC 軽鉄･ｽﾁｰﾙ類,750,750,03,kg,23.5,"17,625",38324,000004,D（建設）,003,有価物,11:12,11:12,000023,【NWS】MCDR　NRT10,000001,ｵﾈｽﾄ,000001,新木場ﾘｻｲｸﾙ工場,000016,泉土木,000014,泉土木,2,電子,,000001,矢作
2025/01/27(月),2025/01/27(月),2025/01/27(月),001739,三機工業（八丁堀）,2,支払,000068,GC 軽鉄･ｽﾁｰﾙ類,750,750,03,kg,23.5,"17,625",38408,000004,D（建設）,003,有価物,15:21,15:21,000023,【NWS】MCDR　NRT10,000001,ｵﾈｽﾄ,000001,新木場ﾘｻｲｸﾙ工場,000016,泉土木,000014,泉土木,1,紙,,000001,矢作
2025/01/27(月),2025/01/27(月),2025/01/27(月),001739,三機工業（八丁堀）,2,支払,000068,GC 軽鉄･ｽﾁｰﾙ類,750,750,03,kg,23.5,"17,625",38414,000004,D（建設）,003,有価物,15:37,15:42,000023,【NWS】MCDR　NRT10,000001,ｵﾈｽﾄ,000001,新木場ﾘｻｲｸﾙ工場,000016,泉土木,000014,泉土木,2,電子,,000001,矢作
2025/01/27(月),2025/01/27(月),2025/01/27(月),001739,三機工業（八丁堀）,2,支払,000068,GC 軽鉄･ｽﾁｰﾙ類,760,760,03,kg,23.5,"17,860",38325,000004,D（建設）,003,有価物,11:13,11:13,000023,【NWS】MCDR　NRT10,000001,ｵﾈｽﾄ,000001,新木場ﾘｻｲｸﾙ工場,000016,泉土木,000014,泉土木,2,電子,,000001,矢作
2025/01/27(月),2025/01/27(月),2025/01/27(月),001756,田沢製作所,1,売上,000002,混合廃棄物B,"1,930","1,930",03,kg,63,"121,590",38310,000006,F（他）,001,処分費,10:04,10:06,000000,田沢製作所,000001,ｵﾈｽﾄ,000001,新木場ﾘｻｲｸﾙ工場,001371,(ｻﾝﾃｸﾉ)一不二総業,001022,ｻﾝ･ﾃｸﾉ,1,紙,,000012,サン・テクノ
2025/01/27(月),2025/01/27(月),2025/01/27(月),001949,大成建設,1,売上,000001,混合廃棄物A,520,520,03,kg,54,"28,080",38297,000001,A（事業）,001,処分費,08:40,08:41,000002,ﾏｰﾄﾞﾚ松田,000001,ｵﾈｽﾄ,000001,新木場ﾘｻｲｸﾙ工場,000028,五十嵐商会,000025,五十嵐商会,1,紙,,000002,渡辺
2025/01/27(月),2025/01/27(月),2025/01/27(月),002056,東広,1,売上,000001,混合廃棄物A,80,80,03,kg,65,"5,200",38338,000002,B（残置）,001,処分費,12:22,12:26,000003,さいまたｽｰﾊﾟｰｱﾘｰﾅ,000001,ｵﾈｽﾄ,000001,新木場ﾘｻｲｸﾙ工場,002202,宮坂運送,000268,宮坂運送,1,紙,,000004,山本
2025/01/27(月),2025/01/27(月),2025/01/27(月),002056,東広,1,売上,000015,混合廃棄物(反物),720,720,03,kg,100,"72,000",38338,000002,B（残置）,001,処分費,12:22,12:26,000003,さいまたｽｰﾊﾟｰｱﾘｰﾅ,000001,ｵﾈｽﾄ,000001,新木場ﾘｻｲｸﾙ工場,002202,宮坂運送,000268,宮坂運送,1,紙,,000004,山本
2025/01/27(月),2025/01/27(月),2025/01/27(月),002174,東京設備企画,1,売上,000001,混合廃棄物A,590,590,03,kg,65,"38,350",38403,000004,D（建設）,001,処分費,16:46,16:48,000002,代々木公園,000001,ｵﾈｽﾄ,000001,新木場ﾘｻｲｸﾙ工場,000351,那須野興業,000280,那須野興業,1,紙,,000004,山本
2025/01/27(月),2025/01/27(月),2025/01/27(月),002246,東ｿｰ物流,1,売上,000001,混合廃棄物A,"1,050","1,050",03,kg,60,"63,000",38299,000002,B（残置）,001,処分費,09:08,09:08,000000,東ｿｰ物流,000001,ｵﾈｽﾄ,000001,新木場ﾘｻｲｸﾙ工場,001772,三洋ｴｸｽﾌﾟﾚｽ,000228,三洋ｴｸｽﾌﾟﾚｽ,1,紙,,000002,渡辺
2025/01/27(月),2025/01/27(月),2025/01/27(月),002265,ｻｲｺｰ,1,売上,000001,混合廃棄物A,530,530,03,kg,60,"31,800",38362,000002,B（残置）,001,処分費,14:54,14:57,000001,ｻｲｺｰ(浦安市),000001,ｵﾈｽﾄ,000001,新木場ﾘｻｲｸﾙ工場,001772,三洋ｴｸｽﾌﾟﾚｽ,000228,三洋ｴｸｽﾌﾟﾚｽ,1,紙,,000002,渡辺
2025/01/27(月),2025/01/27(月),2025/01/27(月),002294,中村展設,1,売上,000001,混合廃棄物A,630,630,03,kg,60,"37,800",38436,000002,B（残置）,001,処分費,17:45,17:57,000000,中村展設,000001,ｵﾈｽﾄ,000001,新木場ﾘｻｲｸﾙ工場,001772,三洋ｴｸｽﾌﾟﾚｽ,000228,三洋ｴｸｽﾌﾟﾚｽ,1,紙,,000002,渡辺
2025/01/27(月),2025/01/27(月),2025/01/27(月),002299,ﾏﾙﾄﾐ建装,1,売上,000001,混合廃棄物A,730,730,03,kg,65,"47,450",38301,000002,B（残置）,001,処分費,09:08,09:11,000000,ﾏﾙﾄﾐ建装,000001,ｵﾈｽﾄ,000001,新木場ﾘｻｲｸﾙ工場,000988,さくら装建,000766,さくら装建,1,紙,,000002,渡辺
2025/01/27(月),2025/01/27(月),2025/01/27(月),002380,築地場外市場商店街(振),1,売上,000002,混合廃棄物B,250,250,03,kg,65,"16,250",38294,000002,B（残置）,001,処分費,08:11,08:11,000000,築地場外市場商店街(振),000001,ｵﾈｽﾄ,000001,新木場ﾘｻｲｸﾙ工場,001415,山口興業,001238,山口興業（BOND）,,,,000005,今村（紀）
2025/01/27(月),2025/01/27(月),2025/01/27(月),002426,ｽﾅｵｱｰﾄ（品川）,1,売上,000002,混合廃棄物B,250,250,03,kg,70,"17,500",38341,000003,C（解体）,001,処分費,12:29,12:34,000000,ｽﾅｵｱｰﾄ（品川）,000001,ｵﾈｽﾄ,000001,新木場ﾘｻｲｸﾙ工場,001211,津波古運送,000938,津波古運送,1,紙,,000002,渡辺
2025/01/27(月),2025/01/27(月),2025/01/27(月),002475,中外製薬,1,売上,000001,混合廃棄物A,800,800,03,kg,65,"52,000",38383,000002,B（残置）,001,処分費,15:48,15:51,000009,中外製薬資材配送ｾﾝﾀｰ(ﾔﾏﾄ運輸内)(大田区),000001,ｵﾈｽﾄ,000001,新木場ﾘｻｲｸﾙ工場,000001,ｵﾈｽﾄ,000023,ｼﾝｼｱ,2,電子,,000004,山本
2025/01/27(月),2025/01/27(月),2025/01/27(月),002475,中外製薬,1,売上,000109,運搬費(4ｔ平),,1,07,台,"30,000","30,000",38383,000002,B（残置）,002,運搬費,15:48,15:51,000009,中外製薬資材配送ｾﾝﾀｰ(ﾔﾏﾄ運輸内)(大田区),000001,ｵﾈｽﾄ,000001,新木場ﾘｻｲｸﾙ工場,000001,ｵﾈｽﾄ,000023,ｼﾝｼｱ,2,電子,,000004,山本
2025/01/27(月),2025/01/27(月),2025/01/27(月),002524,水上建設,1,売上,000002,混合廃棄物B,800,800,03,kg,70,"56,000",38396,000003,C（解体）,001,処分費,16:26,16:26,000001,（仮）足立区千住4丁目計画,000001,ｵﾈｽﾄ,000001,新木場ﾘｻｲｸﾙ工場,000057,ﾜｲｽﾞ,000047,ﾜｲｽﾞ,1,紙,,000005,今村（紀）
2025/01/27(月),2025/01/27(月),2025/01/27(月),002543,岡本工務店,1,売上,000002,混合廃棄物B,820,820,03,kg,70,"57,400",38388,000004,D（建設）,001,処分費,16:02,16:05,000001,岡本工務店置場,000001,ｵﾈｽﾄ,000001,新木場ﾘｻｲｸﾙ工場,001250,ｱﾝﾃﾞｽ,000971,ｱﾝﾃﾞｽ,1,紙,,000002,渡辺
2025/01/27(月),2025/01/27(月),2025/01/27(月),002670,ｻﾝ･ﾌﾚｲﾑ,1,売上,000001,混合廃棄物A,880,880,03,kg,65,"57,200",38330,000001,A（事業）,001,処分費,11:59,12:02,000000,ｻﾝ･ﾌﾚｲﾑ,000001,ｵﾈｽﾄ,000001,新木場ﾘｻｲｸﾙ工場,001494,坪野谷紙業,000629,坪野谷紙業,1,紙,,000002,渡辺
2025/01/27(月),2025/01/27(月),2025/01/27(月),003122,三井不動産ﾎﾃﾙﾏﾈｼﾞﾒﾝﾄ,1,売上,000001,混合廃棄物A,180,180,03,kg,54,"9,720",38289,000001,A（事業）,001,処分費,07:45,07:46,000001,三井ｶﾞｰﾃﾞﾝﾎﾃﾙ大手町,000001,ｵﾈｽﾄ,000001,新木場ﾘｻｲｸﾙ工場,000028,五十嵐商会,000025,五十嵐商会,1,紙,,000002,渡辺
2025/01/27(月),2025/01/27(月),2025/01/27(月),003147,中央建物,1,売上,000001,混合廃棄物A,230,230,03,kg,54,"12,420",38316,000001,A（事業）,001,処分費,11:09,11:13,000001,大倉本館,000001,ｵﾈｽﾄ,000001,新木場ﾘｻｲｸﾙ工場,000028,五十嵐商会,000025,五十嵐商会,1,紙,,000002,渡辺
2025/01/27(月),2025/01/27(月),2025/01/27(月),003341,ｹｰﾋﾞｰｴﾌ(K.B.F.),1,売上,000001,混合廃棄物A,520,520,03,kg,65,"33,800",38386,000002,B（残置）,001,処分費,15:54,16:04,000000,ｹｰﾋﾞｰｴﾌ(K.B.F.),000001,ｵﾈｽﾄ,000001,新木場ﾘｻｲｸﾙ工場,000113,中村商店,000089,中村商店,1,紙,,000006,川部
2025/01/27(月),2025/01/27(月),2025/01/27(月),003387,(ｵﾈﾜﾝ)ｱｻﾏ工業,1,売上,000001,混合廃棄物A,990,990,03,kg,63,"62,370",38411,000002,B（残置）,001,処分費,15:33,17:22,000001,ｱｻﾏ工業(世田谷区),000001,ｵﾈｽﾄ,000001,新木場ﾘｻｲｸﾙ工場,001308,ｵﾈｽﾄ･ﾜﾝ,001021,ｵﾈｽﾄ･ﾜﾝ,1,紙,,000011,オネスト・ワン
2025/01/27(月),2025/01/27(月),2025/01/27(月),003387,(ｵﾈﾜﾝ)ｱｻﾏ工業,1,売上,000030,選別,30,30,03,kg,60,"1,800",38411,000002,B（残置）,001,処分費,15:33,17:22,000001,ｱｻﾏ工業(世田谷区),000001,ｵﾈｽﾄ,000001,新木場ﾘｻｲｸﾙ工場,001308,ｵﾈｽﾄ･ﾜﾝ,001021,ｵﾈｽﾄ･ﾜﾝ,1,紙,,000011,オネスト・ワン
2025/01/27(月),2025/01/27(月),2025/01/27(月),003387,(ｵﾈﾜﾝ)ｱｻﾏ工業,2,支払,000068,GC 軽鉄･ｽﾁｰﾙ類,200,200,03,kg,27,"5,400",38411,000002,B（残置）,003,有価物,15:33,17:22,000001,ｱｻﾏ工業(世田谷区),000001,ｵﾈｽﾄ,000001,新木場ﾘｻｲｸﾙ工場,001308,ｵﾈｽﾄ･ﾜﾝ,001021,ｵﾈｽﾄ･ﾜﾝ,1,紙,,000011,オネスト・ワン
2025/01/27(月),2025/01/27(月),2025/01/27(月),003654,ﾌｼﾞｼｮｳ,1,売上,000001,混合廃棄物A,350,350,03,kg,65,"22,750",38373,000004,D（建設）,001,処分費,14:08,14:07,000000,ﾌｼﾞｼｮｳ,000001,ｵﾈｽﾄ,000001,新木場ﾘｻｲｸﾙ工場,000361,全公研,000289,全公研,1,紙,,000004,山本
2025/01/27(月),2025/01/27(月),2025/01/27(月),003654,ﾌｼﾞｼｮｳ,1,売上,000036,ﾏｯﾄﾚｽ(ｼﾝｸﾞﾙ),30,2,11,枚,"6,000","12,000",38373,000004,D（建設）,001,処分費,14:08,14:07,000000,ﾌｼﾞｼｮｳ,000001,ｵﾈｽﾄ,000001,新木場ﾘｻｲｸﾙ工場,000361,全公研,000289,全公研,1,紙,,000004,山本
2025/01/27(月),2025/01/27(月),2025/01/27(月),004071,ｴｽﾃｨｰｱｲ,1,売上,000002,混合廃棄物B,280,280,03,kg,70,"19,600",38423,000003,C（解体）,001,処分費,17:30,17:32,000025,東京都杉並区堀之内2-16-22,000001,ｵﾈｽﾄ,000001,新木場ﾘｻｲｸﾙ工場,004071,ｴｽﾃｨｰｱｲ,000185,ｴｽﾃｨｰｱｲ,1,紙,,000006,川部
2025/01/27(月),2025/01/27(月),2025/01/27(月),004074,東武ﾃﾞﾘﾊﾞﾘｰ,1,売上,000001,混合廃棄物A,20,20,03,kg,60,"1,200",38392,000004,D（建設）,001,処分費,14:29,16:24,000000,東武ﾃﾞﾘﾊﾞﾘｰ,000001,ｵﾈｽﾄ,000001,新木場ﾘｻｲｸﾙ工場,000033,富士商事,000029,富士商事,1,紙,,000004,山本
2025/01/27(月),2025/01/27(月),2025/01/27(月),004074,東武ﾃﾞﾘﾊﾞﾘｰ,2,支払,000068,GC 軽鉄･ｽﾁｰﾙ類,310,310,03,kg,25.5,"7,905",38392,000004,D（建設）,003,有価物,14:29,16:24,000000,東武ﾃﾞﾘﾊﾞﾘｰ,000001,ｵﾈｽﾄ,000001,新木場ﾘｻｲｸﾙ工場,000033,富士商事,000029,富士商事,1,紙,,000004,山本
2025/01/27(月),2025/01/27(月),2025/01/27(月),004074,東武ﾃﾞﾘﾊﾞﾘｰ,2,支払,000069,GD,"1,250","1,250",03,kg,1,"1,250",38392,000004,D（建設）,003,有価物,14:29,16:24,000000,東武ﾃﾞﾘﾊﾞﾘｰ,000001,ｵﾈｽﾄ,000001,新木場ﾘｻｲｸﾙ工場,000033,富士商事,000029,富士商事,1,紙,,000004,山本
2025/01/27(月),2025/01/27(月),2025/01/27(月),004108,ﾊﾟﾅｿﾆｯｸ産機ｼｽﾃﾑｽﾞ,1,売上,000001,混合廃棄物A,30,30,03,kg,50,"1,500",38354,000004,D（建設）,001,処分費,13:55,13:56,000141,ファミリーマート幕張テクノガーデン店,000001,ｵﾈｽﾄ,000001,新木場ﾘｻｲｸﾙ工場,006436,ｻﾜ･ｺｰﾎﾟﾚｰｼｮﾝ,000873,伊藤忠ﾒﾀﾙｽﾞ,1,紙,,000001,矢作
2025/01/27(月),2025/01/27(月),2025/01/27(月),004108,ﾊﾟﾅｿﾆｯｸ産機ｼｽﾃﾑｽﾞ,2,支払,000068,GC 軽鉄･ｽﾁｰﾙ類,30,30,03,kg,24.5,735,38354,000004,D（建設）,003,有価物,13:55,13:56,000141,ファミリーマート幕張テクノガーデン店,000001,ｵﾈｽﾄ,000001,新木場ﾘｻｲｸﾙ工場,006436,ｻﾜ･ｺｰﾎﾟﾚｰｼｮﾝ,000873,伊藤忠ﾒﾀﾙｽﾞ,1,紙,,000001,矢作
2025/01/27(月),2025/01/27(月),2025/01/27(月),004108,ﾊﾟﾅｿﾆｯｸ産機ｼｽﾃﾑｽﾞ,2,支払,000438,ﾀﾞﾝﾎﾞｰﾙ,80,80,03,kg,5,400,38354,000004,D（建設）,003,有価物,13:55,13:56,000141,ファミリーマート幕張テクノガーデン店,000001,ｵﾈｽﾄ,000001,新木場ﾘｻｲｸﾙ工場,006436,ｻﾜ･ｺｰﾎﾟﾚｰｼｮﾝ,000873,伊藤忠ﾒﾀﾙｽﾞ,1,紙,,000001,矢作
2025/01/27(月),2025/01/27(月),2025/01/27(月),004145,ｱﾝｶｰﾈｯﾄﾜｰｸｻｰﾋﾞｽ,1,売上,000001,混合廃棄物A,"1,560","1,560",03,kg,55,"85,800",38312,000001,A（事業）,001,処分費,10:27,10:32,000000,ｱﾝｶｰﾈｯﾄﾜｰｸｻｰﾋﾞｽ（葛飾）,000001,ｵﾈｽﾄ,000001,新木場ﾘｻｲｸﾙ工場,006364,ｼｪﾉﾝﾋﾞｰ,000125,ｴｽｼﾞｰ,1,紙,,000004,山本
2025/01/27(月),2025/01/27(月),2025/01/27(月),004145,ｱﾝｶｰﾈｯﾄﾜｰｸｻｰﾋﾞｽ,1,売上,000030,選別,670,670,03,kg,55,"36,850",38312,000001,A（事業）,001,処分費,10:27,10:32,000000,ｱﾝｶｰﾈｯﾄﾜｰｸｻｰﾋﾞｽ（葛飾）,000001,ｵﾈｽﾄ,000001,新木場ﾘｻｲｸﾙ工場,006364,ｼｪﾉﾝﾋﾞｰ,000125,ｴｽｼﾞｰ,1,紙,,000004,山本
2025/01/27(月),2025/01/27(月),2025/01/27(月),004575,ｸｲｯｸｺｰﾎﾟﾚｰｼｮﾝ,1,売上,000001,混合廃棄物A,20,20,03,kg,65,"1,300",38407,000002,B（残置）,001,処分費,16:58,16:59,000024,ｸｲｯｸｺｰﾎﾟﾚｰｼｮﾝ(和光市),000001,ｵﾈｽﾄ,000001,新木場ﾘｻｲｸﾙ工場,004575,ｸｲｯｸｺｰﾎﾟﾚｰｼｮﾝ,000414,ｸｲｯｸｺｰﾎﾟﾚｰｼｮﾝ,1,紙,,000007,小林
2025/01/27(月),2025/01/27(月),2025/01/27(月),004663,かねたや家具店,1,売上,000207,廃ﾌﾟﾗｽﾁｯｸ類(ﾋﾞﾆｰﾙ･発泡PS),280,280,03,kg,30,"8,400",38360,000006,F（他）,001,処分費,12:36,12:36,000003,かねたや家具店　幕張ﾒｯｾ,000001,ｵﾈｽﾄ,000001,新木場ﾘｻｲｸﾙ工場,000001,ｵﾈｽﾄ,000562,かねたや家具店,1,紙,,000013,かねたや
2025/01/27(月),2025/01/27(月),2025/01/27(月),004663,かねたや家具店,1,売上,000404,収集運搬費(4ｔﾊﾟｯｶｰ車）,,1,07,台,"25,000","25,000",38360,000006,F（他）,002,運搬費,12:36,12:36,000003,かねたや家具店　幕張ﾒｯｾ,000001,ｵﾈｽﾄ,000001,新木場ﾘｻｲｸﾙ工場,000001,ｵﾈｽﾄ,000562,かねたや家具店,1,紙,,000013,かねたや
2025/01/27(月),2025/01/27(月),2025/01/27(月),004713,小松ｳｫｰﾙ工業,1,売上,000028,ﾊﾟｰﾃｰｼｮﾝﾎﾞｰﾄﾞ,"2,670",3,02,m3,"18,000","54,000",38314,000004,D（建設）,001,処分費,11:10,11:15,000004,ｴｺｰ,000001,ｵﾈｽﾄ,000001,新木場ﾘｻｲｸﾙ工場,004712,まがみ商店,000878,まがみ商店,1,紙,,000004,山本
2025/01/27(月),2025/01/27(月),2025/01/27(月),004713,小松ｳｫｰﾙ工業,1,売上,000028,ﾊﾟｰﾃｰｼｮﾝﾎﾞｰﾄﾞ,"2,840",3,02,m3,"18,000","54,000",38313,000004,D（建設）,001,処分費,10:17,10:22,000004,ｴｺｰ,000001,ｵﾈｽﾄ,000001,新木場ﾘｻｲｸﾙ工場,004712,まがみ商店,000878,まがみ商店,1,紙,,000004,山本
2025/01/27(月),2025/01/27(月),2025/01/27(月),004766,JR東日本環境ｱｸｾｽ,1,売上,000001,混合廃棄物A,"1,170","1,170",03,kg,55,"64,350",38307,000001,A（事業）,001,処分費,09:50,09:50,000001,東京資源循環ｾﾝﾀｰ,000001,ｵﾈｽﾄ,000001,新木場ﾘｻｲｸﾙ工場,004766,JR東日本環境ｱｸｾｽ,000426,JR東日本環境ｱｸｾｽ,2,電子,,000002,渡辺
2025/01/27(月),2025/01/27(月),2025/01/27(月),004766,JR東日本環境ｱｸｾｽ,1,売上,000001,混合廃棄物A,"1,280","1,280",03,kg,55,"70,400",38296,000001,A（事業）,001,処分費,08:44,08:44,000001,東京資源循環ｾﾝﾀｰ,000001,ｵﾈｽﾄ,000001,新木場ﾘｻｲｸﾙ工場,004766,JR東日本環境ｱｸｾｽ,000426,JR東日本環境ｱｸｾｽ,2,電子,,000002,渡辺
2025/01/27(月),2025/01/27(月),2025/01/27(月),005277,ｱﾛｰｽﾞﾍﾙｽｹｱ,1,売上,000004,混合廃棄物(焼却物),330,330,03,kg,75,"24,750",38438,000002,B（残置）,001,処分費,17:52,18:01,000000,ｱﾛｰｽﾞﾍﾙｽｹｱ,000001,ｵﾈｽﾄ,000001,新木場ﾘｻｲｸﾙ工場,005277,ｱﾛｰｽﾞﾍﾙｽｹｱ,000609,ｱﾛｰｽﾞﾍﾙｽｹｱ,1,紙,,000007,小林
2025/01/27(月),2025/01/27(月),2025/01/27(月),005347,内田洋行,1,売上,000028,ﾊﾟｰﾃｰｼｮﾝﾎﾞｰﾄﾞ,900,1,02,m3,"18,000","18,000",38413,000004,D（建設）,001,処分費,17:03,17:04,000006,日興証券川越支店,000001,ｵﾈｽﾄ,000001,新木場ﾘｻｲｸﾙ工場,004712,まがみ商店,000878,まがみ商店,1,紙,,000004,山本
2025/01/27(月),2025/01/27(月),2025/01/27(月),005347,内田洋行,1,売上,000028,ﾊﾟｰﾃｰｼｮﾝﾎﾞｰﾄﾞ,"1,510",2,02,m3,"18,000","36,000",38367,000004,D（建設）,001,処分費,15:16,15:19,000005,日本ｾﾞｵﾝ,000001,ｵﾈｽﾄ,000001,新木場ﾘｻｲｸﾙ工場,004712,まがみ商店,000878,まがみ商店,1,紙,,000004,山本
2025/01/27(月),2025/01/27(月),2025/01/27(月),005347,内田洋行,1,売上,000028,ﾊﾟｰﾃｰｼｮﾝﾎﾞｰﾄﾞ,"1,870",2,02,m3,"18,000","36,000",38352,000004,D（建設）,001,処分費,13:31,13:35,000005,日本ｾﾞｵﾝ,000001,ｵﾈｽﾄ,000001,新木場ﾘｻｲｸﾙ工場,004712,まがみ商店,000878,まがみ商店,1,紙,,000004,山本
2025/01/27(月),2025/01/27(月),2025/01/27(月),005515,ｷｬﾌﾟﾃｨｿﾘｭｰｼｮﾝｽﾞ,1,売上,000030,選別,40,40,03,kg,70,"2,800",38382,000004,D（建設）,001,処分費,13:39,13:39,000065,永寿総合病院冷却塔用補給水メーター・排水,000001,ｵﾈｽﾄ,000001,新木場ﾘｻｲｸﾙ工場,000001,ｵﾈｽﾄ,001144,ｷｬﾌﾟﾃｨｿﾘｭｰｼｮﾝｽﾞ,1,紙,,000006,川部
2025/01/27(月),2025/01/27(月),2025/01/27(月),005515,ｷｬﾌﾟﾃｨｿﾘｭｰｼｮﾝｽﾞ,1,売上,000352,運搬費(2ｔ車),,1,07,台,"24,000","24,000",38382,000004,D（建設）,002,運搬費,13:39,13:39,000065,永寿総合病院冷却塔用補給水メーター・排水,000001,ｵﾈｽﾄ,000001,新木場ﾘｻｲｸﾙ工場,000001,ｵﾈｽﾄ,001144,ｷｬﾌﾟﾃｨｿﾘｭｰｼｮﾝｽﾞ,1,紙,,000006,川部
2025/01/27(月),2025/01/27(月),2025/01/27(月),005597,東京ﾃｸﾉ,1,売上,000001,混合廃棄物A,770,770,03,kg,63,"48,510",38361,000002,B（残置）,001,処分費,12:50,15:26,000000,東京ﾃｸﾉ,000001,ｵﾈｽﾄ,000001,新木場ﾘｻｲｸﾙ工場,001308,ｵﾈｽﾄ･ﾜﾝ,001021,ｵﾈｽﾄ･ﾜﾝ,1,紙,,000011,オネスト・ワン
2025/01/27(月),2025/01/27(月),2025/01/27(月),005597,東京ﾃｸﾉ,1,売上,000029,木くず,80,80,03,kg,25,"2,000",38361,000002,B（残置）,001,処分費,12:50,15:26,000000,東京ﾃｸﾉ,000001,ｵﾈｽﾄ,000001,新木場ﾘｻｲｸﾙ工場,001308,ｵﾈｽﾄ･ﾜﾝ,001021,ｵﾈｽﾄ･ﾜﾝ,1,紙,,000011,オネスト・ワン
2025/01/27(月),2025/01/27(月),2025/01/27(月),005597,東京ﾃｸﾉ,1,売上,000030,選別,120,120,03,kg,60,"7,200",38361,000002,B（残置）,001,処分費,12:50,15:26,000000,東京ﾃｸﾉ,000001,ｵﾈｽﾄ,000001,新木場ﾘｻｲｸﾙ工場,001308,ｵﾈｽﾄ･ﾜﾝ,001021,ｵﾈｽﾄ･ﾜﾝ,1,紙,,000011,オネスト・ワン
2025/01/27(月),2025/01/27(月),2025/01/27(月),005884,(ｻﾝﾃｸﾉ)ｻﾝﾄﾗｽﾄ,1,売上,000001,混合廃棄物A,260,260,03,kg,58,"15,080",38295,000006,F（他）,001,処分費,08:39,08:43,000092,小武海邸,000001,ｵﾈｽﾄ,000001,新木場ﾘｻｲｸﾙ工場,005884,(ｻﾝﾃｸﾉ)ｻﾝﾄﾗｽﾄ,001022,ｻﾝ･ﾃｸﾉ,1,紙,,000012,サン・テクノ
2025/01/27(月),2025/01/27(月),2025/01/27(月),005884,(ｻﾝﾃｸﾉ)ｻﾝﾄﾗｽﾄ,1,売上,000492,混合廃棄物（羽毛物）,10,10,03,kg,200,"2,000",38295,000006,F（他）,001,処分費,08:39,08:43,000092,小武海邸,000001,ｵﾈｽﾄ,000001,新木場ﾘｻｲｸﾙ工場,005884,(ｻﾝﾃｸﾉ)ｻﾝﾄﾗｽﾄ,001022,ｻﾝ･ﾃｸﾉ,1,紙,,000012,サン・テクノ
2025/01/27(月),2025/01/27(月),2025/01/27(月),005956,富国生命保険相互会社,1,売上,000001,混合廃棄物A,170,170,03,kg,63,"10,710",38424,000002,B（残置）,001,処分費,16:05,17:40,000000,富国生命保険相互会社,000001,ｵﾈｽﾄ,000001,新木場ﾘｻｲｸﾙ工場,005955,中丸産業運輸,001021,ｵﾈｽﾄ･ﾜﾝ,1,紙,,000011,オネスト・ワン
2025/01/27(月),2025/01/27(月),2025/01/27(月),005956,富国生命保険相互会社,1,売上,000029,木くず,80,80,03,kg,25,"2,000",38424,000002,B（残置）,001,処分費,16:05,17:40,000000,富国生命保険相互会社,000001,ｵﾈｽﾄ,000001,新木場ﾘｻｲｸﾙ工場,005955,中丸産業運輸,001021,ｵﾈｽﾄ･ﾜﾝ,1,紙,,000011,オネスト・ワン
2025/01/27(月),2025/01/27(月),2025/01/27(月),005956,富国生命保険相互会社,1,売上,000030,選別,10,10,03,kg,60,600,38424,000002,B（残置）,001,処分費,16:05,17:40,000000,富国生命保険相互会社,000001,ｵﾈｽﾄ,000001,新木場ﾘｻｲｸﾙ工場,005955,中丸産業運輸,001021,ｵﾈｽﾄ･ﾜﾝ,1,紙,,000011,オネスト・ワン
2025/01/27(月),2025/01/27(月),2025/01/27(月),006032,ﾍﾞﾙ興産,1,売上,000001,混合廃棄物A,490,490,03,kg,65,"31,850",38358,000003,C（解体）,001,処分費,14:29,14:34,000000,ﾍﾞﾙ興産,000001,ｵﾈｽﾄ,000001,新木場ﾘｻｲｸﾙ工場,006032,ﾍﾞﾙ興産,001146,ﾍﾞﾙ興産,1,紙,,000007,小林
2025/01/27(月),2025/01/27(月),2025/01/27(月),006076,TWC,1,売上,000002,混合廃棄物B,360,360,03,kg,70,"25,200",38304,000003,C（解体）,001,処分費,09:28,09:28,000015,【仮称】小川様邸解体工事計画,000001,ｵﾈｽﾄ,000001,新木場ﾘｻｲｸﾙ工場,001361,三信ﾃｯｸ,001367,三信ﾃｯｸ,1,紙,,000007,小林
2025/01/27(月),2025/01/27(月),2025/01/27(月),006076,TWC,1,売上,000018,軽量物系A(ｽﾎﾟﾝｼﾞ),10,10,03,kg,200,"2,000",38304,000003,C（解体）,001,処分費,09:28,09:28,000015,【仮称】小川様邸解体工事計画,000001,ｵﾈｽﾄ,000001,新木場ﾘｻｲｸﾙ工場,001361,三信ﾃｯｸ,001367,三信ﾃｯｸ,1,紙,,000007,小林
2025/01/27(月),2025/01/27(月),2025/01/27(月),006076,TWC,1,売上,000021,軽量物系B(ｸﾞﾗｽｳｰﾙ),30,30,03,kg,80,"2,400",38304,000003,C（解体）,001,処分費,09:28,09:28,000015,【仮称】小川様邸解体工事計画,000001,ｵﾈｽﾄ,000001,新木場ﾘｻｲｸﾙ工場,001361,三信ﾃｯｸ,001367,三信ﾃｯｸ,1,紙,,000007,小林
2025/01/27(月),2025/01/27(月),2025/01/27(月),006255,FRISCH,1,売上,000001,混合廃棄物A,480,480,03,kg,65,"31,200",38349,000002,B（残置）,001,処分費,12:54,13:07,000003,ﾊﾟｲﾝｾﾝﾀｰﾊｲﾂ池袋,000001,ｵﾈｽﾄ,000001,新木場ﾘｻｲｸﾙ工場,006255,FRISCH,000747,FRISCH,1,紙,,000005,今村（紀）
2025/01/27(月),2025/01/27(月),2025/01/27(月),006277,寿建工,1,売上,000017,軽量物系A(ｽﾀｲﾛﾌｫｰﾑ),180,180,03,kg,200,"36,000",38390,000003,C（解体）,001,処分費,16:11,16:15,000016,BXｶﾈｼﾝ様軽量鉄骨三階建解体工事,000001,ｵﾈｽﾄ,000001,新木場ﾘｻｲｸﾙ工場,006277,寿建工,000887,寿建工,1,紙,,000004,山本
2025/01/27(月),2025/01/27(月),2025/01/27(月),006317,柿沼電気管理事務所,1,売上,000030,選別,10,10,03,kg,70,700,38429,,,001,処分費,16:38,16:39,000000,柿沼電気管理事務所,000001,ｵﾈｽﾄ,000001,新木場ﾘｻｲｸﾙ工場,006317,柿沼電気管理事務所,001376,柿沼電気管理事務所,1,紙,,000005,今村（紀）
2025/01/27(月),2025/01/27(月),2025/01/27(月),006466,青木ｻｰﾋﾞｽ（入沢勝）,1,売上,000001,混合廃棄物A,220,220,03,kg,65,"14,300",38422,000002,B（残置）,001,処分費,17:29,17:38,000040,東京都渋谷区千駄ヶ谷3-15,000001,ｵﾈｽﾄ,000001,新木場ﾘｻｲｸﾙ工場,006466,青木ｻｰﾋﾞｽ（入沢勝）,000509,青木ｻｰﾋﾞｽ(入沢勝),1,紙,,000002,渡辺
2025/01/27(月),2025/01/27(月),2025/01/27(月),006509,ﾅｲﾃｯｸｽ,1,売上,000001,混合廃棄物A,260,260,03,kg,65,"16,900",38381,000001,A（事業）,001,処分費,15:54,15:54,000000,ﾅｲﾃｯｸｽ,000001,ｵﾈｽﾄ,000001,新木場ﾘｻｲｸﾙ工場,006509,ﾅｲﾃｯｸｽ,000182,ﾅｲﾃｯｸｽ,1,紙,,000004,山本
2025/01/27(月),2025/01/27(月),2025/01/27(月),006538,ﾃｸﾉ菱和,1,売上,000001,混合廃棄物A,100,100,03,kg,65,"6,500",38350,000004,D（建設）,001,処分費,12:56,12:56,000001,3XO3㈱KOKUSAN ELECTRIC,000001,ｵﾈｽﾄ,000001,新木場ﾘｻｲｸﾙ工場,001051,Y-maxx,000808,Y-maxx,1,紙,,000004,山本
2025/01/27(月),2025/01/27(月),2025/01/27(月),006538,ﾃｸﾉ菱和,1,売上,000002,混合廃棄物B,380,380,03,kg,70,"26,600",38318,000004,D（建設）,001,処分費,11:20,11:25,000005,4104三菱UFJ銀行多摩ﾋﾞｼﾞﾈｽｾﾝﾀｰO棟空調機更,000001,ｵﾈｽﾄ,000001,新木場ﾘｻｲｸﾙ工場,008089,ｷｭｰﾋﾞｯｸ,000808,Y-maxx,1,紙,,000004,山本
2025/01/27(月),2025/01/27(月),2025/01/27(月),006538,ﾃｸﾉ菱和,1,売上,000026,石膏ﾎﾞｰﾄﾞC,140,140,03,kg,80,"11,200",38318,000004,D（建設）,001,処分費,11:20,11:25,000005,4104三菱UFJ銀行多摩ﾋﾞｼﾞﾈｽｾﾝﾀｰO棟空調機更,000001,ｵﾈｽﾄ,000001,新木場ﾘｻｲｸﾙ工場,008089,ｷｭｰﾋﾞｯｸ,000808,Y-maxx,1,紙,,000004,山本
2025/01/27(月),2025/01/27(月),2025/01/27(月),006562,ﾘﾘｰﾌ,1,売上,000001,混合廃棄物A,590,590,03,kg,60,"35,400",38437,000002,B（残置）,001,処分費,17:53,17:55,000001,ﾘﾘｰﾌ　関東事業所,000001,ｵﾈｽﾄ,000001,新木場ﾘｻｲｸﾙ工場,001656,真和商事,000055,真和商事,1,紙,,000002,渡辺
2025/01/27(月),2025/01/27(月),2025/01/27(月),006576,ﾗﾝﾄﾞﾏｯｸ,1,売上,000001,混合廃棄物A,480,480,03,kg,60,"28,800",38332,000002,B（残置）,001,処分費,12:06,12:09,000002,ﾗﾝﾄﾞﾏｯｸ　ﾃﾞｻﾞｲﾝﾜｰｸｽ,000001,ｵﾈｽﾄ,000001,新木場ﾘｻｲｸﾙ工場,001656,真和商事,000055,真和商事,1,紙,,000002,渡辺
2025/01/27(月),2025/01/27(月),2025/01/27(月),006791,ﾌｪｲｽ,1,売上,000001,混合廃棄物A,150,150,03,kg,65,"9,750",38364,000004,D（建設）,001,処分費,14:54,14:58,000001,㈱ﾌｪｲｽ会社置場,000001,ｵﾈｽﾄ,000001,新木場ﾘｻｲｸﾙ工場,001051,Y-maxx,000808,Y-maxx,1,紙,,000004,山本
2025/01/27(月),2025/01/27(月),2025/01/27(月),006791,ﾌｪｲｽ,1,売上,000029,木くず,50,50,03,kg,35,"1,750",38364,000004,D（建設）,001,処分費,14:54,14:58,000001,㈱ﾌｪｲｽ会社置場,000001,ｵﾈｽﾄ,000001,新木場ﾘｻｲｸﾙ工場,001051,Y-maxx,000808,Y-maxx,1,紙,,000004,山本
2025/01/27(月),2025/01/27(月),2025/01/27(月),007118,ｻﾝｱｽ,1,売上,000001,混合廃棄物A,180,180,03,kg,65,"11,700",38380,000003,C（解体）,001,処分費,15:42,15:45,000001,ｻﾝｱｽ,000001,ｵﾈｽﾄ,000001,新木場ﾘｻｲｸﾙ工場,006236,池谷運送,000491,池谷運送,1,紙,,000007,小林
2025/01/27(月),2025/01/27(月),2025/01/27(月),007118,ｻﾝｱｽ,1,売上,000021,軽量物系B(ｸﾞﾗｽｳｰﾙ),80,80,03,kg,75,"6,000",38380,000003,C（解体）,001,処分費,15:42,15:45,000001,ｻﾝｱｽ,000001,ｵﾈｽﾄ,000001,新木場ﾘｻｲｸﾙ工場,006236,池谷運送,000491,池谷運送,1,紙,,000007,小林
2025/01/27(月),2025/01/27(月),2025/01/27(月),007342,ｵｰﾌﾟﾝﾊｳｽ･ﾃﾞｨﾍﾞﾛｯﾌﾟﾒﾝﾄ,1,売上,000002,混合廃棄物B,450,450,03,kg,70,"31,500",38376,000004,D（建設）,001,処分費,15:30,15:33,000000,ｵｰﾌﾟﾝﾊｳｽ･ﾃﾞｨﾍﾞﾛｯﾌﾟﾒﾝﾄ,000001,ｵﾈｽﾄ,000001,新木場ﾘｻｲｸﾙ工場,000210,ES産業,000175,ES産業,2,電子,,000002,渡辺
2025/01/27(月),2025/01/27(月),2025/01/27(月),007342,ｵｰﾌﾟﾝﾊｳｽ･ﾃﾞｨﾍﾞﾛｯﾌﾟﾒﾝﾄ,1,売上,000021,軽量物系B(ｸﾞﾗｽｳｰﾙ),200,200,03,kg,80,"16,000",38376,000004,D（建設）,001,処分費,15:30,15:33,000000,ｵｰﾌﾟﾝﾊｳｽ･ﾃﾞｨﾍﾞﾛｯﾌﾟﾒﾝﾄ,000001,ｵﾈｽﾄ,000001,新木場ﾘｻｲｸﾙ工場,000210,ES産業,000175,ES産業,2,電子,,000002,渡辺
2025/01/27(月),2025/01/27(月),2025/01/27(月),007438,東西建築ｻｰﾋﾞｽ東京支社,1,売上,000001,混合廃棄物A,100,100,03,kg,58,"5,800",38288,000004,D（建設）,001,処分費,07:39,07:53,000041,三井住友銀行ときわ台支店電気設備老朽化,000001,ｵﾈｽﾄ,000001,新木場ﾘｻｲｸﾙ工場,000016,泉土木,000014,泉土木,1,紙,,000001,矢作
2025/01/27(月),2025/01/27(月),2025/01/27(月),007438,東西建築ｻｰﾋﾞｽ東京支社,1,売上,000029,木くず,20,20,03,kg,25,500,38288,000004,D（建設）,001,処分費,07:39,07:53,000041,三井住友銀行ときわ台支店電気設備老朽化,000001,ｵﾈｽﾄ,000001,新木場ﾘｻｲｸﾙ工場,000016,泉土木,000014,泉土木,1,紙,,000001,矢作
2025/01/27(月),2025/01/27(月),2025/01/27(月),007438,東西建築ｻｰﾋﾞｽ東京支社,2,支払,000068,GC 軽鉄･ｽﾁｰﾙ類,300,300,03,kg,23.5,"7,050",38288,000004,D（建設）,003,有価物,07:39,07:53,000041,三井住友銀行ときわ台支店電気設備老朽化,000001,ｵﾈｽﾄ,000001,新木場ﾘｻｲｸﾙ工場,000016,泉土木,000014,泉土木,1,紙,,000001,矢作
2025/01/27(月),2025/01/27(月),2025/01/27(月),007444,日本ｺﾑｼｽ,1,売上,000001,混合廃棄物A,"1,480",8,02,m3,"11,000","88,000",38416,000004,D（建設）,001,処分費,17:17,17:24,000001,電気通信設備総合工事,000001,ｵﾈｽﾄ,000001,新木場ﾘｻｲｸﾙ工場,003444,上野運輸,000271,上野運輸,1,紙,,000004,山本
2025/01/27(月),2025/01/27(月),2025/01/27(月),007444,日本ｺﾑｼｽ,1,売上,000001,混合廃棄物A,"1,480","1,480",03,kg,60,"88,800",38409,000004,D（建設）,001,処分費,17:02,17:06,000005,電気通信設備総合工事,000001,ｵﾈｽﾄ,000001,新木場ﾘｻｲｸﾙ工場,003444,上野運輸,000271,上野運輸,1,紙,,000004,山本
2025/01/27(月),2025/01/27(月),2025/01/27(月),007614,友信,1,売上,000021,軽量物系B(ｸﾞﾗｽｳｰﾙ),80,80,03,kg,80,"6,400",38432,000003,C（解体）,001,処分費,17:45,17:47,000015,江戸川区西瑞江3-17-24,000001,ｵﾈｽﾄ,000001,新木場ﾘｻｲｸﾙ工場,007614,友信,001101,友信,1,紙,,000007,小林
2025/01/27(月),2025/01/27(月),2025/01/27(月),007802,多摩川ｴｱﾛｼｽﾃﾑｽﾞ,1,売上,000001,混合廃棄物A,200,200,03,kg,65,"13,000",38397,000004,D（建設）,001,処分費,16:27,16:30,000000,多摩川ｴｱﾛｼｽﾃﾑｽﾞ,000001,ｵﾈｽﾄ,000001,新木場ﾘｻｲｸﾙ工場,000361,全公研,000289,全公研,1,紙,,000004,山本
2025/01/27(月),2025/01/27(月),2025/01/27(月),007802,多摩川ｴｱﾛｼｽﾃﾑｽﾞ,1,売上,000030,選別,300,300,03,kg,60,"18,000",38397,000004,D（建設）,001,処分費,16:27,16:30,000000,多摩川ｴｱﾛｼｽﾃﾑｽﾞ,000001,ｵﾈｽﾄ,000001,新木場ﾘｻｲｸﾙ工場,000361,全公研,000289,全公研,1,紙,,000004,山本
2025/01/27(月),2025/01/27(月),2025/01/27(月),007881,ｴﾇ･ﾃｨ･ﾃｨ･ﾙ･ﾊﾟﾙｸ,1,売上,000001,混合廃棄物A,"1,630","1,630",03,kg,65,"105,950",38353,000002,B（残置）,001,処分費,13:38,13:55,000002,ｴﾇ･ﾃｨ･ﾃｨ･ﾙ･ﾊﾟﾙｸ(台東区),000001,ｵﾈｽﾄ,000001,新木場ﾘｻｲｸﾙ工場,002441,ｱｼｽﾄｼﾞｬﾊﾟﾝ,000673,ｱｼｽﾄｼﾞｬﾊﾟﾝ,1,紙,,000004,山本
2025/01/27(月),2025/01/27(月),2025/01/27(月),008011,首都高ﾒﾝﾃﾅﾝｽ西東京,1,売上,000001,混合廃棄物A,630,630,03,kg,65,"40,950",38384,000004,D（建設）,001,処分費,16:10,16:10,000002,【千駄ヶ谷スバル】混廃（緊急応急）,000001,ｵﾈｽﾄ,000001,新木場ﾘｻｲｸﾙ工場,000001,ｵﾈｽﾄ,000213,首都高ﾒﾝﾃﾅﾝｽ西東京,1,紙,,000005,今村（紀）
2025/01/27(月),2025/01/27(月),2025/01/27(月),008011,首都高ﾒﾝﾃﾅﾝｽ西東京,1,売上,000109,運搬費,,1,07,台,"23,000","23,000",38384,000004,D（建設）,002,運搬費,16:10,16:10,000002,【千駄ヶ谷スバル】混廃（緊急応急）,000001,ｵﾈｽﾄ,000001,新木場ﾘｻｲｸﾙ工場,000001,ｵﾈｽﾄ,000213,首都高ﾒﾝﾃﾅﾝｽ西東京,1,紙,,000005,今村（紀）
2025/01/27(月),2025/01/27(月),2025/01/27(月),008079,ｱｻﾉ大成基礎ｴﾝｼﾞﾆｱﾘﾝｸﾞ,1,売上,000017,軽量物系A(ｽﾀｲﾛﾌｫｰﾑ),20,20,03,kg,200,"4,000",38377,000004,D（建設）,001,処分費,15:31,15:37,000007,(仮称)荒川7丁目計画既存建物解体工事,000001,ｵﾈｽﾄ,000001,新木場ﾘｻｲｸﾙ工場,000305,ｹｲｴｲﾁ･ﾘｻｲｸﾙ,000246,ｹｲｴｲﾁ･ﾘｻｲｸﾙ,2,電子,,000006,川部
2025/01/27(月),2025/01/27(月),2025/01/27(月),008079,ｱｻﾉ大成基礎ｴﾝｼﾞﾆｱﾘﾝｸﾞ,1,売上,000021,軽量物系B(ｸﾞﾗｽｳｰﾙ),500,500,03,kg,80,"40,000",38377,000004,D（建設）,001,処分費,15:31,15:37,000007,(仮称)荒川7丁目計画既存建物解体工事,000001,ｵﾈｽﾄ,000001,新木場ﾘｻｲｸﾙ工場,000305,ｹｲｴｲﾁ･ﾘｻｲｸﾙ,000246,ｹｲｴｲﾁ･ﾘｻｲｸﾙ,2,電子,,000006,川部
2025/01/27(月),2025/01/27(月),2025/01/27(月),008290,日本通運㈱,2,支払,000068,GC 軽鉄･ｽﾁｰﾙ類,"1,280","1,280",03,kg,3,"3,840",38433,000001,A（事業）,003,有価物,16:38,16:38,000020,原木航空物流ｾﾝﾀｰK棟,000001,ｵﾈｽﾄ,000001,新木場ﾘｻｲｸﾙ工場,000001,ｵﾈｽﾄ,000095,日本通運,9,無,,000007,小林
2025/01/27(月),2025/01/27(月),2025/01/27(月),008290,日本通運㈱,2,支払,000068,GC 軽鉄･ｽﾁｰﾙ類,"1,370","1,370",03,kg,3,"4,110",38434,000001,A（事業）,003,有価物,16:39,16:39,000020,原木航空物流ｾﾝﾀｰK棟,000001,ｵﾈｽﾄ,000001,新木場ﾘｻｲｸﾙ工場,000001,ｵﾈｽﾄ,000095,日本通運,9,無,,000007,小林
2025/01/27(月),2025/01/27(月),2025/01/27(月),008290,日本通運㈱,2,支払,000068,GC 軽鉄･ｽﾁｰﾙ類,"1,700","1,700",03,kg,3,"5,100",38426,000001,A（事業）,003,有価物,16:37,16:37,000020,原木航空物流ｾﾝﾀｰK棟,000001,ｵﾈｽﾄ,000001,新木場ﾘｻｲｸﾙ工場,000001,ｵﾈｽﾄ,000095,日本通運,9,無,,000007,小林
2025/01/27(月),2025/01/27(月),2025/01/27(月),008342,ﾘｷｹﾝ,1,売上,000002,混合廃棄物B,"1,080","1,080",03,kg,70,"75,600",38385,000003,C（解体）,001,処分費,15:55,15:59,000002,(仮称)東品川4解体工事,000001,ｵﾈｽﾄ,000001,新木場ﾘｻｲｸﾙ工場,008343,JANSTAR,000627,JANSTAR,2,電子,,000006,川部
2025/01/27(月),2025/01/27(月),2025/01/27(月),008342,ﾘｷｹﾝ,1,売上,000002,混合廃棄物B,"1,250","1,250",03,kg,70,"87,500",38343,000003,C（解体）,001,処分費,12:51,12:57,000002,(仮称)東品川4解体工事,000001,ｵﾈｽﾄ,000001,新木場ﾘｻｲｸﾙ工場,008343,JANSTAR,000627,JANSTAR,2,電子,,000006,川部
2025/01/27(月),2025/01/27(月),2025/01/27(月),008383,ﾋﾉｷﾔｸﾞﾙｰﾌﾟ,1,売上,000002,混合廃棄物B,830,830,03,kg,65,"53,950",38393,000003,C（解体）,001,処分費,16:19,16:19,000000,ﾋﾉｷﾔｸﾞﾙｰﾌﾟ,000001,ｵﾈｽﾄ,000001,新木場ﾘｻｲｸﾙ工場,002245,三友建設,000658,三友建設,2,電子,,000002,渡辺
2025/01/27(月),2025/01/27(月),2025/01/27(月),008449,ﾌﾟﾚｲﾜﾝ,1,売上,000002,混合廃棄物B,290,290,03,kg,70,"20,300",38430,000003,C（解体）,001,処分費,17:36,17:41,000024,神奈川県横浜市瀬谷区三ツ境115-17,000001,ｵﾈｽﾄ,000001,新木場ﾘｻｲｸﾙ工場,008343,JANSTAR,000627,JANSTAR,1,紙,,000006,川部
2025/01/27(月),2025/01/27(月),2025/01/27(月),008449,ﾌﾟﾚｲﾜﾝ,1,売上,000002,混合廃棄物B,"1,230","1,230",03,kg,70,"86,100",38428,000003,C（解体）,001,処分費,16:38,16:43,000025,神奈川県横浜市南区睦町1-20-4,000001,ｵﾈｽﾄ,000001,新木場ﾘｻｲｸﾙ工場,008343,JANSTAR,000627,JANSTAR,1,紙,,000006,川部
2025/01/27(月),2025/01/27(月),2025/01/27(月),008531,徳倉建設,2,支払,000068,GC 軽鉄･ｽﾁｰﾙ類,"1,070","1,070",03,kg,15,"16,050",38371,000004,D（建設）,003,有価物,13:00,13:01,000000,徳倉建設,000001,ｵﾈｽﾄ,000001,新木場ﾘｻｲｸﾙ工場,000087,常盤工業,001375,常盤工業,9,無,,000002,渡辺
2025/01/27(月),2025/01/27(月),2025/01/27(月),008734,三菱地所ﾎﾃﾙｽﾞ＆ﾘｿﾞｰﾂ,1,売上,000001,混合廃棄物A,"2,780","2,780",03,kg,58,"161,240",38372,000002,B（残置）,001,処分費,14:01,14:12,000001,横浜ﾛｲﾔﾙﾊﾟｰｸﾎﾃﾙ,000001,ｵﾈｽﾄ,000001,新木場ﾘｻｲｸﾙ工場,001308,ｵﾈｽﾄ･ﾜﾝ,001021,ｵﾈｽﾄ･ﾜﾝ,1,紙,,000011,オネスト・ワン
2025/01/27(月),2025/01/27(月),2025/01/27(月),008823,ﾗｲｼﾞｯｸｽ,1,売上,000002,混合廃棄物B,550,550,03,kg,70,"38,500",38323,000003,C（解体）,001,処分費,11:03,11:03,000001,駄倉地区ｾﾝﾀｰ・狛江市商工会解体工事,000001,ｵﾈｽﾄ,000001,新木場ﾘｻｲｸﾙ工場,008827,　錦江,001420,錦江,1,紙,,000007,小林
2025/01/27(月),2025/01/27(月),2025/01/27(月),008823,ﾗｲｼﾞｯｸｽ,1,売上,000016,軽量物系A(発泡ｽﾁﾛｰﾙ),30,30,03,kg,200,"6,000",38323,000003,C（解体）,001,処分費,11:03,11:03,000001,駄倉地区ｾﾝﾀｰ・狛江市商工会解体工事,000001,ｵﾈｽﾄ,000001,新木場ﾘｻｲｸﾙ工場,008827,　錦江,001420,錦江,1,紙,,000007,小林
2025/01/27(月),2025/01/27(月),2025/01/27(月),008823,ﾗｲｼﾞｯｸｽ,1,売上,000017,軽量物系A(ｽﾀｲﾛﾌｫｰﾑ),70,70,03,kg,200,"14,000",38323,000003,C（解体）,001,処分費,11:03,11:03,000001,駄倉地区ｾﾝﾀｰ・狛江市商工会解体工事,000001,ｵﾈｽﾄ,000001,新木場ﾘｻｲｸﾙ工場,008827,　錦江,001420,錦江,1,紙,,000007,小林
2025/01/27(月),2025/01/27(月),2025/01/27(月),008823,ﾗｲｼﾞｯｸｽ,1,売上,000021,軽量物系B(ｸﾞﾗｽｳｰﾙ),30,30,03,kg,80,"2,400",38323,000003,C（解体）,001,処分費,11:03,11:03,000001,駄倉地区ｾﾝﾀｰ・狛江市商工会解体工事,000001,ｵﾈｽﾄ,000001,新木場ﾘｻｲｸﾙ工場,008827,　錦江,001420,錦江,1,紙,,000007,小林
2025/01/27(月),2025/01/27(月),2025/01/27(月),008829,大成,1,売上,000021,軽量物系B(ｸﾞﾗｽｳｰﾙ),120,120,03,kg,80,"9,600",38425,000003,C（解体）,001,処分費,17:28,17:31,000001,既存建物解体工事,000001,ｵﾈｽﾄ,000001,新木場ﾘｻｲｸﾙ工場,005224,謙成,000447,謙成,1,紙,,000007,小林
2025/01/27(月),2025/01/27(月),2025/01/27(月),008830,ｼｪｽﾀ,1,売上,000004,混合廃棄物(焼却物),550,550,03,kg,80,"44,000",38389,000004,D（建設）,001,処分費,16:08,16:17,000000,ｼｪｽﾀ,000001,ｵﾈｽﾄ,000001,新木場ﾘｻｲｸﾙ工場,001370,長村紙興,001080,長村紙興,1,紙,,000012,サン・テクノ
2025/01/27(月),2025/01/27(月),2025/01/27(月),008831,公益財団法人　新宿未来創造財団,1,売上,000001,混合廃棄物A,870,870,03,kg,65,"56,550",38331,000002,B（残置）,001,処分費,12:00,12:03,000001,国立競技場,000001,ｵﾈｽﾄ,000001,新木場ﾘｻｲｸﾙ工場,001976,ｼﾐｽﾞｵｸﾄ,000202,ｼﾐｽﾞｵｸﾄ,1,紙,,000005,今村（紀）
2025/01/28(火),2025/01/28(火),2025/01/28(火),000025,学校法人 中央大学,1,売上,000001,混合廃棄物A,90,90,03,kg,0,0,38520,000002,B（残置）,001,処分費,12:19,11:15,000000,学校法人 中央大学,000001,ｵﾈｽﾄ,000001,新木場ﾘｻｲｸﾙ工場,000001,ｵﾈｽﾄ,000022,学校法人 中央大学,1,紙,,000002,渡辺
2025/01/28(火),2025/01/28(火),2025/01/28(火),000025,学校法人 中央大学,1,売上,000001,混合廃棄物A,900,900,03,kg,0,0,38519,000002,B（残置）,001,処分費,13:00,13:00,000000,学校法人 中央大学,000001,ｵﾈｽﾄ,000001,新木場ﾘｻｲｸﾙ工場,000001,ｵﾈｽﾄ,000022,学校法人 中央大学,1,紙,,000002,渡辺
2025/01/28(火),2025/01/28(火),2025/01/28(火),000025,学校法人 中央大学,1,売上,000004,混合廃棄物(焼却物),340,340,03,kg,0,0,38520,000002,B（残置）,001,処分費,12:19,11:15,000000,学校法人 中央大学,000001,ｵﾈｽﾄ,000001,新木場ﾘｻｲｸﾙ工場,000001,ｵﾈｽﾄ,000022,学校法人 中央大学,1,紙,,000002,渡辺
2025/01/28(火),2025/01/28(火),2025/01/28(火),000025,学校法人 中央大学,1,売上,000030,選別,320,320,03,kg,0,0,38520,000002,B（残置）,001,処分費,12:19,11:15,000000,学校法人 中央大学,000001,ｵﾈｽﾄ,000001,新木場ﾘｻｲｸﾙ工場,000001,ｵﾈｽﾄ,000022,学校法人 中央大学,1,紙,,000002,渡辺
2025/01/28(火),2025/01/28(火),2025/01/28(火),000025,学校法人 中央大学,1,売上,000030,選別,480,480,03,kg,0,0,38553,000002,B（残置）,001,処分費,16:30,11:16,000000,学校法人 中央大学,000001,ｵﾈｽﾄ,000001,新木場ﾘｻｲｸﾙ工場,000001,ｵﾈｽﾄ,000022,学校法人 中央大学,1,紙,,000002,渡辺
2025/01/28(火),2025/01/28(火),2025/01/28(火),000025,学校法人 中央大学,2,支払,000068,GC 軽鉄･ｽﾁｰﾙ類,80,80,03,kg,0,0,38553,000002,B（残置）,003,有価物,16:30,11:16,000000,学校法人 中央大学,000001,ｵﾈｽﾄ,000001,新木場ﾘｻｲｸﾙ工場,000001,ｵﾈｽﾄ,000022,学校法人 中央大学,1,紙,,000002,渡辺
2025/01/28(火),2025/01/28(火),2025/01/28(火),000026,ｼｰﾒﾝｽﾍﾙｽｹｱ,1,売上,000001,混合廃棄物A,"1,510","1,510",03,kg,60,"90,600",38477,000006,F（他）,001,処分費,10:19,10:19,000001,ｼｰﾒﾝｽﾍﾙｽｹｱ平和島ｾﾝﾀｰ,000001,ｵﾈｽﾄ,000001,新木場ﾘｻｲｸﾙ工場,000243,田端運輸,000097,ｼｰﾒﾝｽﾍﾙｽｹｱ,1,紙,,000003,蛯子
2025/01/28(火),2025/01/28(火),2025/01/28(火),000026,ｼｰﾒﾝｽﾍﾙｽｹｱ,1,売上,000001,混合廃棄物A,"1,590","1,590",03,kg,60,"95,400",38531,000006,F（他）,001,処分費,14:11,14:17,000001,ｼｰﾒﾝｽﾍﾙｽｹｱ平和島ｾﾝﾀｰ,000001,ｵﾈｽﾄ,000001,新木場ﾘｻｲｸﾙ工場,000243,田端運輸,000097,ｼｰﾒﾝｽﾍﾙｽｹｱ,1,紙,,000003,蛯子
2025/01/28(火),2025/01/28(火),2025/01/28(火),000026,ｼｰﾒﾝｽﾍﾙｽｹｱ,1,売上,000001,混合廃棄物A,"1,690","1,690",03,kg,60,"101,400",38512,000006,F（他）,001,処分費,12:11,12:36,000001,ｼｰﾒﾝｽﾍﾙｽｹｱ平和島ｾﾝﾀｰ,000001,ｵﾈｽﾄ,000001,新木場ﾘｻｲｸﾙ工場,000243,田端運輸,000097,ｼｰﾒﾝｽﾍﾙｽｹｱ,1,紙,,000003,蛯子
2025/01/28(火),2025/01/28(火),2025/01/28(火),000026,ｼｰﾒﾝｽﾍﾙｽｹｱ,1,売上,000001,混合廃棄物A,"1,850","1,850",03,kg,60,"111,000",38492,000006,F（他）,001,処分費,11:24,11:34,000001,ｼｰﾒﾝｽﾍﾙｽｹｱ平和島ｾﾝﾀｰ,000001,ｵﾈｽﾄ,000001,新木場ﾘｻｲｸﾙ工場,000243,田端運輸,000097,ｼｰﾒﾝｽﾍﾙｽｹｱ,1,紙,,000003,蛯子
2025/01/28(火),2025/01/28(火),2025/01/28(火),000027,司工業,1,売上,000021,軽量物系B(ｸﾞﾗｽｳｰﾙ),420,420,03,kg,80,"33,600",38580,000004,D（建設）,001,処分費,17:11,17:18,000009,旧渋谷邸解体工事,000001,ｵﾈｽﾄ,000001,新木場ﾘｻｲｸﾙ工場,008436,永利建設工業,000150,永利建設工業,1,紙,,000003,蛯子
2025/01/28(火),2025/01/28(火),2025/01/28(火),000035,日本ﾄﾞﾗｲ,1,売上,000001,混合廃棄物A,700,700,03,kg,65,"45,500",38461,000006,F（他）,001,処分費,09:17,09:18,000001,日本ﾄﾞﾗｲ　白鳥工場,000001,ｵﾈｽﾄ,000001,新木場ﾘｻｲｸﾙ工場,000001,ｵﾈｽﾄ,000031,日本ﾄﾞﾗｲ,1,紙,,000003,蛯子
2025/01/28(火),2025/01/28(火),2025/01/28(火),000035,日本ﾄﾞﾗｲ,1,売上,000109,運搬費,,1,07,台,"22,000","22,000",38461,000006,F（他）,002,運搬費,09:17,09:18,000001,日本ﾄﾞﾗｲ　白鳥工場,000001,ｵﾈｽﾄ,000001,新木場ﾘｻｲｸﾙ工場,000001,ｵﾈｽﾄ,000031,日本ﾄﾞﾗｲ,1,紙,,000003,蛯子
2025/01/28(火),2025/01/28(火),2025/01/28(火),000063,鈴亀,1,売上,000002,混合廃棄物B,"1,130","1,130",03,kg,70,"79,100",38458,000005,E（中・積),001,処分費,08:44,08:43,000000,鈴亀,000001,ｵﾈｽﾄ,000001,新木場ﾘｻｲｸﾙ工場,000063,鈴亀,000052,鈴亀,1,紙,,000002,渡辺
2025/01/28(火),2025/01/28(火),2025/01/28(火),000129,NX商事,1,売上,000038,廃ﾌﾟﾗｽﾁｯｸ類,330,330,03,kg,60,"19,800",38542,000001,A（事業）,001,処分費,14:49,14:49,000001,深川LSｾﾝﾀｰ,000001,ｵﾈｽﾄ,000001,新木場ﾘｻｲｸﾙ工場,000001,ｵﾈｽﾄ,001226,NX商事,2,電子,,000002,渡辺
2025/01/28(火),2025/01/28(火),2025/01/28(火),000129,NX商事,1,売上,000109,運搬費,,1,07,台,"24,000","24,000",38542,000001,A（事業）,002,運搬費,14:49,14:49,000001,深川LSｾﾝﾀｰ,000001,ｵﾈｽﾄ,000001,新木場ﾘｻｲｸﾙ工場,000001,ｵﾈｽﾄ,001226,NX商事,2,電子,,000002,渡辺
2025/01/28(火),2025/01/28(火),2025/01/28(火),000187,協栄清水商店,1,売上,000086,ﾄﾅｰ,"1,120","1,120",03,kg,150,"168,000",38540,000005,E（中・積),001,処分費,14:47,14:49,000001,協栄清水商店板橋工場,000001,ｵﾈｽﾄ,000001,新木場ﾘｻｲｸﾙ工場,000187,協栄清水商店,000153,協栄清水商店,1,紙,,000002,渡辺
2025/01/28(火),2025/01/28(火),2025/01/28(火),000272,新建産業,1,売上,000001,混合廃棄物A,240,240,03,kg,65,"15,600",38489,000001,A（事業）,001,処分費,10:58,10:58,000000,新建産業,000001,ｵﾈｽﾄ,000001,新木場ﾘｻｲｸﾙ工場,000272,新建産業,000222,新建産業,1,紙,,000006,川部
2025/01/28(火),2025/01/28(火),2025/01/28(火),000281,ﾒﾀｳｫｰﾀｰ,1,売上,000090,ｺﾝｸﾘｰﾄがら(無筋),"1,880","1,880",03,kg,3.7,"6,956",38554,000004,D（建設）,001,処分費,15:54,15:55,000016,南部汚泥処理プラント汚泥焼却設備再構築,000001,ｵﾈｽﾄ,000001,新木場ﾘｻｲｸﾙ工場,000016,泉土木,000281,ﾒﾀｳｫｰﾀｰ,2,電子,,000010,メタウォーター
2025/01/28(火),2025/01/28(火),2025/01/28(火),000281,ﾒﾀｳｫｰﾀｰ,1,売上,000090,ｺﾝｸﾘｰﾄがら(無筋),"2,270","2,270",03,kg,3.7,"8,399",38518,000004,D（建設）,001,処分費,13:12,13:15,000016,南部汚泥処理プラント汚泥焼却設備再構築,000001,ｵﾈｽﾄ,000001,新木場ﾘｻｲｸﾙ工場,000016,泉土木,000281,ﾒﾀｳｫｰﾀｰ,1,紙,,000010,メタウォーター
2025/01/28(火),2025/01/28(火),2025/01/28(火),000281,ﾒﾀｳｫｰﾀｰ,1,売上,000090,ｺﾝｸﾘｰﾄがら(無筋),"3,280","3,280",03,kg,3.7,"12,136",38527,000004,D（建設）,001,処分費,13:56,13:59,000016,南部汚泥処理プラント汚泥焼却設備再構築,000001,ｵﾈｽﾄ,000001,新木場ﾘｻｲｸﾙ工場,000016,泉土木,000281,ﾒﾀｳｫｰﾀｰ,1,紙,,000010,メタウォーター
2025/01/28(火),2025/01/28(火),2025/01/28(火),000281,ﾒﾀｳｫｰﾀｰ,1,売上,000109,運搬費,,1,07,台,"21,000","21,000",38518,000004,D（建設）,002,運搬費,13:12,13:15,000016,南部汚泥処理プラント汚泥焼却設備再構築,000001,ｵﾈｽﾄ,000001,新木場ﾘｻｲｸﾙ工場,000016,泉土木,000281,ﾒﾀｳｫｰﾀｰ,1,紙,,000010,メタウォーター
2025/01/28(火),2025/01/28(火),2025/01/28(火),000281,ﾒﾀｳｫｰﾀｰ,1,売上,000109,運搬費,,1,07,台,"21,000","21,000",38527,000004,D（建設）,002,運搬費,13:56,13:59,000016,南部汚泥処理プラント汚泥焼却設備再構築,000001,ｵﾈｽﾄ,000001,新木場ﾘｻｲｸﾙ工場,000016,泉土木,000281,ﾒﾀｳｫｰﾀｰ,1,紙,,000010,メタウォーター
2025/01/28(火),2025/01/28(火),2025/01/28(火),000291,ｵﾌｨｽﾋﾞﾙﾄﾞ,1,売上,000001,混合廃棄物A,520,520,03,kg,65,"33,800",38539,000002,B（残置）,001,処分費,14:46,14:52,000001,ｵﾌｨｽﾋﾞﾙﾄﾞ,000001,ｵﾈｽﾄ,000001,新木場ﾘｻｲｸﾙ工場,000291,ｵﾌｨｽﾋﾞﾙﾄﾞ,000234,ｵﾌｨｽﾋﾞﾙﾄﾞ,1,紙,,000002,渡辺
2025/01/28(火),2025/01/28(火),2025/01/28(火),000302,ﾖｼﾓﾘ,1,売上,000001,混合廃棄物A,"1,030","1,030",03,kg,53,"54,590",38457,000001,A（事業）,001,処分費,08:33,08:36,000001,ﾖｼﾓﾘ扇ﾘｻｲｸﾙｾﾝﾀｰ,000001,ｵﾈｽﾄ,000001,新木場ﾘｻｲｸﾙ工場,000302,ﾖｼﾓﾘ,000244,ﾖｼﾓﾘ,1,紙,,000002,渡辺
2025/01/28(火),2025/01/28(火),2025/01/28(火),000312,野口興業,1,売上,000001,混合廃棄物A,740,740,03,kg,45,"33,300",38471,000001,A（事業）,001,処分費,09:17,09:17,000000,野口興業,000001,ｵﾈｽﾄ,000001,新木場ﾘｻｲｸﾙ工場,000312,野口興業,000253,野口興業,1,紙,,000002,渡辺
2025/01/28(火),2025/01/28(火),2025/01/28(火),000366,まごころ清掃社,1,売上,000001,混合廃棄物A,350,350,03,kg,65,"22,750",38452,000006,F（他）,001,処分費,07:49,07:50,000001,株式会社まごころ清掃社　戸吹工場,000001,ｵﾈｽﾄ,000001,新木場ﾘｻｲｸﾙ工場,000825,ｾﾞﾛｼｽﾃﾑｽﾞ,000645,ｾﾞﾛｼｽﾃﾑｽﾞ,2,電子,,000002,渡辺
2025/01/28(火),2025/01/28(火),2025/01/28(火),000462,ｽﾀｰﾂCAM,1,売上,000002,混合廃棄物B,440,440,03,kg,70,"30,800",38556,000004,D（建設）,001,処分費,15:54,15:58,000009,五十嵐医科工業様文京区本郷3丁目計画解体,000001,ｵﾈｽﾄ,000001,新木場ﾘｻｲｸﾙ工場,000474,ｱｸﾛﾊﾞｯﾄｱｰﾑｽﾞ,000360,ｱｸﾛﾊﾞｯﾄｱｰﾑｽﾞ,2,電子,,000002,渡辺
2025/01/28(火),2025/01/28(火),2025/01/28(火),000462,ｽﾀｰﾂCAM,1,売上,000002,混合廃棄物B,710,710,03,kg,70,"49,700",38550,000004,D（建設）,001,処分費,15:38,15:38,000004,りそな銀行浦安支店解体工事,000001,ｵﾈｽﾄ,000001,新木場ﾘｻｲｸﾙ工場,000474,ｱｸﾛﾊﾞｯﾄｱｰﾑｽﾞ,000360,ｱｸﾛﾊﾞｯﾄｱｰﾑｽﾞ,2,電子,,000002,渡辺
2025/01/28(火),2025/01/28(火),2025/01/28(火),000462,ｽﾀｰﾂCAM,1,売上,000002,混合廃棄物B,900,900,03,kg,70,"63,000",38502,000004,D（建設）,001,処分費,11:53,11:53,000009,五十嵐医科工業様文京区本郷3丁目計画解体,000001,ｵﾈｽﾄ,000001,新木場ﾘｻｲｸﾙ工場,000474,ｱｸﾛﾊﾞｯﾄｱｰﾑｽﾞ,000360,ｱｸﾛﾊﾞｯﾄｱｰﾑｽﾞ,2,電子,,000002,渡辺
2025/01/28(火),2025/01/28(火),2025/01/28(火),000542,SCRAP,1,売上,000001,混合廃棄物A,900,900,03,kg,65,"58,500",38526,000002,B（残置）,001,処分費,13:41,13:41,000002,日本ﾊﾟｰﾌﾟﾙ　第三保管倉庫,000001,ｵﾈｽﾄ,000001,新木場ﾘｻｲｸﾙ工場,000001,ｵﾈｽﾄ,000407,SCRAP,1,紙,,000002,渡辺
2025/01/28(火),2025/01/28(火),2025/01/28(火),000542,SCRAP,1,売上,000001,混合廃棄物A,"1,000","1,000",03,kg,65,"65,000",38524,000002,B（残置）,001,処分費,13:40,13:40,000002,日本ﾊﾟｰﾌﾟﾙ　第三保管倉庫,000001,ｵﾈｽﾄ,000001,新木場ﾘｻｲｸﾙ工場,000001,ｵﾈｽﾄ,000407,SCRAP,1,紙,,000002,渡辺
2025/01/28(火),2025/01/28(火),2025/01/28(火),000542,SCRAP,1,売上,000109,運搬費(4t),,1,07,台,"28,000","28,000",38524,000002,B（残置）,002,運搬費,13:40,13:40,000002,日本ﾊﾟｰﾌﾟﾙ　第三保管倉庫,000001,ｵﾈｽﾄ,000001,新木場ﾘｻｲｸﾙ工場,000001,ｵﾈｽﾄ,000407,SCRAP,1,紙,,000002,渡辺
2025/01/28(火),2025/01/28(火),2025/01/28(火),000542,SCRAP,1,売上,000109,運搬費(4t),,1,07,台,"28,000","28,000",38526,000002,B（残置）,002,運搬費,13:41,13:41,000002,日本ﾊﾟｰﾌﾟﾙ　第三保管倉庫,000001,ｵﾈｽﾄ,000001,新木場ﾘｻｲｸﾙ工場,000001,ｵﾈｽﾄ,000407,SCRAP,1,紙,,000002,渡辺
2025/01/28(火),2025/01/28(火),2025/01/28(火),000751,まごのて,1,売上,000001,混合廃棄物A,"1,290","1,290",03,kg,65,"83,850",38529,000002,B,001,処分費,13:59,13:59,000000,まごのて,000001,ｵﾈｽﾄ,000001,新木場ﾘｻｲｸﾙ工場,000751,まごのて,000580,まごのて,2,電子,,000006,川部
2025/01/28(火),2025/01/28(火),2025/01/28(火),000788,海野工業,1,売上,000001,混合廃棄物A,30,30,03,kg,65,"1,950",38464,000003,C（解体）,001,処分費,08:59,09:01,000000,海野工業,000001,ｵﾈｽﾄ,000001,新木場ﾘｻｲｸﾙ工場,000788,海野工業,001295,海野工業,1,紙,,000007,小林
2025/01/28(火),2025/01/28(火),2025/01/28(火),000815,ﾐﾈｲ興業,1,売上,000002,混合廃棄物B,410,410,03,kg,70,"28,700",38475,000003,C（解体）,001,処分費,09:45,09:45,000005,ｾﾝﾁｭﾘｰｵｰﾄ江戸川住宅解体工事,000001,ｵﾈｽﾄ,000001,新木場ﾘｻｲｸﾙ工場,000815,ﾐﾈｲ興業,000635,ﾐﾈｲ興業,1,紙,,000003,蛯子
2025/01/28(火),2025/01/28(火),2025/01/28(火),000882,双葉ﾗｲﾝ,1,売上,000001,混合廃棄物A,"1,490","1,490",03,kg,65,"96,850",38538,000004,D（建設）,001,処分費,14:24,14:24,000000,双葉ﾗｲﾝ,000001,ｵﾈｽﾄ,000001,新木場ﾘｻｲｸﾙ工場,000001,ｵﾈｽﾄ,000684,双葉ﾗｲﾝ,1,紙,,000005,今村（紀）
2025/01/28(火),2025/01/28(火),2025/01/28(火),000882,双葉ﾗｲﾝ,1,売上,000349,運搬費(4ｔｺﾝﾃﾅ),,1,07,台,"20,000","20,000",38538,000004,D（建設）,002,運搬費,14:24,14:24,000000,双葉ﾗｲﾝ,000001,ｵﾈｽﾄ,000001,新木場ﾘｻｲｸﾙ工場,000001,ｵﾈｽﾄ,000684,双葉ﾗｲﾝ,1,紙,,000005,今村（紀）
2025/01/28(火),2025/01/28(火),2025/01/28(火),001074,共栄学園,1,売上,000014,混合廃棄物,100,100,03,kg,50,"5,000",38463,000001,A（事業）,001,処分費,09:16,09:16,000000,共栄学園,000001,ｵﾈｽﾄ,000001,新木場ﾘｻｲｸﾙ工場,000001,ｵﾈｽﾄ,000825,学校法人 共栄学園,1,紙,,000006,川部
2025/01/28(火),2025/01/28(火),2025/01/28(火),001203,ﾏﾙﾐﾔ社,1,売上,000001,混合廃棄物A,240,240,03,kg,65,"15,600",38548,000002,B（残置）,001,処分費,15:31,15:37,000000,ﾏﾙﾐﾔ社,000001,ｵﾈｽﾄ,000001,新木場ﾘｻｲｸﾙ工場,001203,ﾏﾙﾐﾔ社,000934,ﾏﾙﾐﾔ社,1,紙,,000002,渡辺
2025/01/28(火),2025/01/28(火),2025/01/28(火),001212,永田興業,1,売上,000001,混合廃棄物A,420,420,03,kg,65,"27,300",38558,000002,B（残置）,001,処分費,16:07,16:11,000000,永田興業,000001,ｵﾈｽﾄ,000001,新木場ﾘｻｲｸﾙ工場,001212,永田興業,000939,永田興業,1,紙,,000007,小林
2025/01/28(火),2025/01/28(火),2025/01/28(火),001244,銀座急送,2,支払,000068,GC 軽鉄･ｽﾁｰﾙ類,860,860,03,kg,15,"12,900",38444,000002,B（残置）,003,有価物,06:29,06:29,000001,銀座急送㈱辰巳DS,000001,ｵﾈｽﾄ,000001,新木場ﾘｻｲｸﾙ工場,001244,銀座急送,000965,銀座急送,1,紙,,000002,渡辺
2025/01/28(火),2025/01/28(火),2025/01/28(火),001258,ﾎｿﾔ,1,売上,000001,混合廃棄物A,110,110,03,kg,65,"7,150",38447,000001,A（事業）,001,処分費,07:17,07:20,000000,ﾎｿﾔ,000001,ｵﾈｽﾄ,000001,新木場ﾘｻｲｸﾙ工場,001258,ﾎｿﾔ,000979,ﾎｿﾔ,1,紙,,000005,今村（紀）
2025/01/28(火),2025/01/28(火),2025/01/28(火),001318,丸伍産業,1,売上,000002,混合廃棄物B,310,310,03,kg,75,"23,250",38456,000004,D（建設）,001,処分費,08:26,08:27,000030,石崎邸附帯撤去工事,000001,ｵﾈｽﾄ,000001,新木場ﾘｻｲｸﾙ工場,001318,丸伍産業,001030,丸伍産業,1,紙,,000012,サン・テクノ
2025/01/28(火),2025/01/28(火),2025/01/28(火),001323,SUR,1,売上,000001,混合廃棄物A,160,160,03,kg,70,"11,200",38568,000002,B（残置）,001,処分費,16:15,16:22,000000,SUR,000001,ｵﾈｽﾄ,000001,新木場ﾘｻｲｸﾙ工場,001323,SUR,001034,SUR,1,紙,,000012,サン・テクノ
2025/01/28(火),2025/01/28(火),2025/01/28(火),001323,SUR,1,売上,000029,木くず,70,70,03,kg,40,"2,800",38568,000002,B（残置）,001,処分費,16:15,16:22,000000,SUR,000001,ｵﾈｽﾄ,000001,新木場ﾘｻｲｸﾙ工場,001323,SUR,001034,SUR,1,紙,,000012,サン・テクノ
2025/01/28(火),2025/01/28(火),2025/01/28(火),001413,（ﾏﾂﾓﾄ)ﾌｧﾐﾘｰﾏｰﾄ ﾌｧﾐﾏ･ﾘﾃｰﾙ･ｻｰﾋﾞｽ,1,売上,000001,混合廃棄物A,440,440,03,kg,65,"28,600",38442,000001,A（事業）,001,処分費,07:16,07:20,000040,ﾌｧﾐﾘｰﾏｰﾄ東京医科大学前店,000001,ｵﾈｽﾄ,000001,新木場ﾘｻｲｸﾙ工場,000131,ﾏﾂﾓﾄ,000104,ﾏﾂﾓﾄ,1,紙,,000002,渡辺
2025/01/28(火),2025/01/28(火),2025/01/28(火),001417,ｴﾊﾞﾆｭｰ,1,売上,000002,混合廃棄物B,830,830,03,kg,65,"53,950",38517,000002,B（残置）,001,処分費,12:13,12:16,000000,ｴﾊﾞﾆｭｰ,000001,ｵﾈｽﾄ,000001,新木場ﾘｻｲｸﾙ工場,001415,山口興業(BOND),001238,山口興業（BOND）,1,紙,,000005,今村（紀）
2025/01/28(火),2025/01/28(火),2025/01/28(火),001434,(ｻﾝﾃｸﾉ)東和ｴﾝｼﾞﾆｱﾘﾝｸﾞ,1,売上,000001,混合廃棄物A,90,90,03,kg,58,"5,220",38563,000006,F（他）,001,処分費,15:36,16:19,000103,公認会計士会館,000001,ｵﾈｽﾄ,000001,新木場ﾘｻｲｸﾙ工場,005884,(ｻﾝﾃｸﾉ)ｻﾝﾄﾗｽﾄ,001022,ｻﾝ･ﾃｸﾉ,1,紙,,000012,サン・テクノ
2025/01/28(火),2025/01/28(火),2025/01/28(火),001434,(ｻﾝﾃｸﾉ)東和ｴﾝｼﾞﾆｱﾘﾝｸﾞ,1,売上,000030,選別,490,490,03,kg,50,"24,500",38563,000006,F（他）,001,処分費,15:36,16:19,000103,公認会計士会館,000001,ｵﾈｽﾄ,000001,新木場ﾘｻｲｸﾙ工場,005884,(ｻﾝﾃｸﾉ)ｻﾝﾄﾗｽﾄ,001022,ｻﾝ･ﾃｸﾉ,1,紙,,000012,サン・テクノ
2025/01/28(火),2025/01/28(火),2025/01/28(火),001434,(ｻﾝﾃｸﾉ)東和ｴﾝｼﾞﾆｱﾘﾝｸﾞ,1,売上,000046,ﾀﾞﾝﾎﾞｰﾙ,20,20,03,kg,15,300,38563,000006,F（他）,001,処分費,15:36,16:19,000103,公認会計士会館,000001,ｵﾈｽﾄ,000001,新木場ﾘｻｲｸﾙ工場,005884,(ｻﾝﾃｸﾉ)ｻﾝﾄﾗｽﾄ,001022,ｻﾝ･ﾃｸﾉ,1,紙,,000012,サン・テクノ
2025/01/28(火),2025/01/28(火),2025/01/28(火),001434,(ｻﾝﾃｸﾉ)東和ｴﾝｼﾞﾆｱﾘﾝｸﾞ,2,支払,000063,配線,30,30,03,kg,100,"3,000",38563,000006,F（他）,003,有価物,15:36,16:19,000103,公認会計士会館,000001,ｵﾈｽﾄ,000001,新木場ﾘｻｲｸﾙ工場,005884,(ｻﾝﾃｸﾉ)ｻﾝﾄﾗｽﾄ,001022,ｻﾝ･ﾃｸﾉ,1,紙,,000012,サン・テクノ
2025/01/28(火),2025/01/28(火),2025/01/28(火),001434,(ｻﾝﾃｸﾉ)東和ｴﾝｼﾞﾆｱﾘﾝｸﾞ,2,支払,000068,GC 軽鉄･ｽﾁｰﾙ類,330,330,03,kg,21,"6,930",38563,000006,F（他）,003,有価物,15:36,16:19,000103,公認会計士会館,000001,ｵﾈｽﾄ,000001,新木場ﾘｻｲｸﾙ工場,005884,(ｻﾝﾃｸﾉ)ｻﾝﾄﾗｽﾄ,001022,ｻﾝ･ﾃｸﾉ,1,紙,,000012,サン・テクノ
2025/01/28(火),2025/01/28(火),2025/01/28(火),001480,新生紙ﾊﾟﾙﾌﾟ商事,1,売上,000001,混合廃棄物A,120,120,03,kg,65,"7,800",38448,000001,A（事業）,001,処分費,07:24,07:27,000001,OPﾋﾞﾙﾃﾞｨﾝｸﾞ,000001,ｵﾈｽﾄ,000001,新木場ﾘｻｲｸﾙ工場,001463,ﾅｺｼﾞ,000170,ﾅｺｼﾞ,1,紙,,000006,川部
2025/01/28(火),2025/01/28(火),2025/01/28(火),001572,啓徳社,1,売上,000001,混合廃棄物A,180,180,03,kg,65,"11,700",38541,000001,A（事業）,001,処分費,14:25,14:25,000001,啓徳社　飛田給営業所,000001,ｵﾈｽﾄ,000001,新木場ﾘｻｲｸﾙ工場,001546,江栄,000013,江栄,1,紙,,000002,渡辺
2025/01/28(火),2025/01/28(火),2025/01/28(火),001656,真和商事,1,売上,000001,混合廃棄物A,580,580,03,kg,60,"34,800",38454,000002,B（残置）,001,処分費,08:08,08:12,000001,真和商事　杉並営業所,000001,ｵﾈｽﾄ,000001,新木場ﾘｻｲｸﾙ工場,001656,真和商事,000055,真和商事,1,紙,,000002,渡辺
2025/01/28(火),2025/01/28(火),2025/01/28(火),001656,真和商事,1,売上,000093,混合廃棄物(ﾋﾞﾝ･缶･ﾍﾟｯﾄﾎﾞﾄﾙ),150,150,03,kg,45,"6,750",38454,000002,B（残置）,001,処分費,08:08,08:12,000001,真和商事　杉並営業所,000001,ｵﾈｽﾄ,000001,新木場ﾘｻｲｸﾙ工場,001656,真和商事,000055,真和商事,1,紙,,000002,渡辺
2025/01/28(火),2025/01/28(火),2025/01/28(火),001739,三機工業（八丁堀）,1,売上,000046,ﾀﾞﾝﾎﾞｰﾙ,50,50,03,kg,0,0,38569,000004,D（建設）,001,処分費,15:37,15:37,000023,【NWS】MCDR　NRT10,000001,ｵﾈｽﾄ,000001,新木場ﾘｻｲｸﾙ工場,000016,泉土木,000014,泉土木,1,紙,,000001,矢作
2025/01/28(火),2025/01/28(火),2025/01/28(火),001739,三機工業（八丁堀）,2,支払,000068,GC 軽鉄･ｽﾁｰﾙ類,240,240,03,kg,23.5,"5,640",38500,000004,D（建設）,003,有価物,11:36,11:36,000023,【NWS】MCDR　NRT10,000001,ｵﾈｽﾄ,000001,新木場ﾘｻｲｸﾙ工場,000016,泉土木,000014,泉土木,2,電子,,000001,矢作
2025/01/28(火),2025/01/28(火),2025/01/28(火),001739,三機工業（八丁堀）,2,支払,000068,GC 軽鉄･ｽﾁｰﾙ類,240,240,03,kg,23.5,"5,640",38501,000004,D（建設）,003,有価物,11:37,11:37,000023,【NWS】MCDR　NRT10,000001,ｵﾈｽﾄ,000001,新木場ﾘｻｲｸﾙ工場,000016,泉土木,000014,泉土木,2,電子,,000001,矢作
2025/01/28(火),2025/01/28(火),2025/01/28(火),001739,三機工業（八丁堀）,2,支払,000068,GC 軽鉄･ｽﾁｰﾙ類,240,240,03,kg,23.5,"5,640",38505,000004,D（建設）,003,有価物,11:46,11:46,000023,【NWS】MCDR　NRT10,000001,ｵﾈｽﾄ,000001,新木場ﾘｻｲｸﾙ工場,000016,泉土木,000014,泉土木,2,電子,,000001,矢作
2025/01/28(火),2025/01/28(火),2025/01/28(火),001739,三機工業（八丁堀）,2,支払,000068,GC 軽鉄･ｽﾁｰﾙ類,240,240,03,kg,23.5,"5,640",38565,000004,D（建設）,003,有価物,15:49,15:48,000023,【NWS】MCDR　NRT10,000001,ｵﾈｽﾄ,000001,新木場ﾘｻｲｸﾙ工場,000016,泉土木,000014,泉土木,2,電子,,000001,矢作
2025/01/28(火),2025/01/28(火),2025/01/28(火),001739,三機工業（八丁堀）,2,支払,000068,GC 軽鉄･ｽﾁｰﾙ類,250,250,03,kg,23.5,"5,875",38504,000004,D（建設）,003,有価物,11:38,11:38,000023,【NWS】MCDR　NRT10,000001,ｵﾈｽﾄ,000001,新木場ﾘｻｲｸﾙ工場,000016,泉土木,000014,泉土木,2,電子,,000001,矢作
2025/01/28(火),2025/01/28(火),2025/01/28(火),001739,三機工業（八丁堀）,2,支払,000068,GC 軽鉄･ｽﾁｰﾙ類,250,250,03,kg,23.5,"5,875",38566,000004,D（建設）,003,有価物,15:50,15:51,000023,【NWS】MCDR　NRT10,000001,ｵﾈｽﾄ,000001,新木場ﾘｻｲｸﾙ工場,000016,泉土木,000014,泉土木,2,電子,,000001,矢作
2025/01/28(火),2025/01/28(火),2025/01/28(火),001739,三機工業（八丁堀）,2,支払,000068,GC 軽鉄･ｽﾁｰﾙ類,250,250,03,kg,23.5,"5,875",38567,000004,D（建設）,003,有価物,15:54,15:55,000023,【NWS】MCDR　NRT10,000001,ｵﾈｽﾄ,000001,新木場ﾘｻｲｸﾙ工場,000016,泉土木,000014,泉土木,1,紙,,000001,矢作
2025/01/28(火),2025/01/28(火),2025/01/28(火),001739,三機工業（八丁堀）,2,支払,000068,GC 軽鉄･ｽﾁｰﾙ類,720,720,03,kg,23.5,"16,920",38503,000004,D（建設）,003,有価物,11:44,11:44,000023,【NWS】MCDR　NRT10,000001,ｵﾈｽﾄ,000001,新木場ﾘｻｲｸﾙ工場,000016,泉土木,000014,泉土木,2,電子,,000001,矢作
2025/01/28(火),2025/01/28(火),2025/01/28(火),001739,三機工業（八丁堀）,2,支払,000068,GC 軽鉄･ｽﾁｰﾙ類,730,730,03,kg,23.5,"17,155",38547,000004,D（建設）,003,有価物,14:51,14:51,000023,【NWS】MCDR　NRT10,000001,ｵﾈｽﾄ,000001,新木場ﾘｻｲｸﾙ工場,000016,泉土木,000014,泉土木,2,電子,,000001,矢作
2025/01/28(火),2025/01/28(火),2025/01/28(火),001739,三機工業（八丁堀）,2,支払,000068,GC 軽鉄･ｽﾁｰﾙ類,740,740,03,kg,23.5,"17,390",38499,000004,D（建設）,003,有価物,11:33,11:33,000023,【NWS】MCDR　NRT10,000001,ｵﾈｽﾄ,000001,新木場ﾘｻｲｸﾙ工場,000016,泉土木,000014,泉土木,2,電子,,000001,矢作
2025/01/28(火),2025/01/28(火),2025/01/28(火),001739,三機工業（八丁堀）,2,支払,000068,GC 軽鉄･ｽﾁｰﾙ類,760,760,03,kg,23.5,"17,860",38549,000004,D（建設）,003,有価物,14:56,14:56,000023,【NWS】MCDR　NRT10,000001,ｵﾈｽﾄ,000001,新木場ﾘｻｲｸﾙ工場,000016,泉土木,000014,泉土木,2,電子,,000001,矢作
2025/01/28(火),2025/01/28(火),2025/01/28(火),001793,東京健生病院,1,売上,000001,混合廃棄物A,400,400,03,kg,65,"26,000",38467,000001,A（事業）,001,処分費,09:05,09:07,000000,東京健生病院,000001,ｵﾈｽﾄ,000001,新木場ﾘｻｲｸﾙ工場,000061,芝商会,000050,芝商会,1,紙,,000007,小林
2025/01/28(火),2025/01/28(火),2025/01/28(火),001853,ｸﾞﾛﾘｱｽ･ｼﾞｬﾊﾟﾝ,1,売上,000001,混合廃棄物A,590,590,03,kg,65,"38,350",38576,000002,B（残置）,001,処分費,16:26,16:32,000001,ｸﾞﾛﾘｱｽ･ｼﾞｬﾊﾟﾝ,000001,ｵﾈｽﾄ,000001,新木場ﾘｻｲｸﾙ工場,001853,ｸﾞﾛﾘｱｽ･ｼﾞｬﾊﾟﾝ,000148,ｸﾞﾛﾘｱｽ･ｼﾞｬﾊﾟﾝ,1,紙,,000006,川部
2025/01/28(火),2025/01/28(火),2025/01/28(火),001901,東京ﾄﾞｰﾑﾎﾃﾙ,1,売上,000029,木くず,"1,010","1,010",03,kg,35,"35,350",38528,000001,A（事業）,001,処分費,13:57,14:00,000000,東京ﾄﾞｰﾑﾎﾃﾙ,000001,ｵﾈｽﾄ,000001,新木場ﾘｻｲｸﾙ工場,001246,三美社,000967,三美社,1,紙,,000002,渡辺
2025/01/28(火),2025/01/28(火),2025/01/28(火),001947,ﾁｬｺｰﾙ市野,1,売上,000001,混合廃棄物A,670,670,03,kg,53,"35,510",38486,000001,A（事業）,001,処分費,10:46,10:46,000001,渋谷市野ﾋﾞﾙ,000001,ｵﾈｽﾄ,000001,新木場ﾘｻｲｸﾙ工場,000302,ﾖｼﾓﾘ,000244,ﾖｼﾓﾘ,1,紙,,000002,渡辺
2025/01/28(火),2025/01/28(火),2025/01/28(火),001960,ｽﾀｰﾂﾌｧｼﾘﾃｨｰｻｰﾋﾞｽ,1,売上,000001,混合廃棄物A,480,480,03,kg,65,"31,200",38530,000001,A（事業）,001,処分費,14:10,14:10,000025,江戸川区立小岩図書館,000001,ｵﾈｽﾄ,000001,新木場ﾘｻｲｸﾙ工場,001454,谷津商会,000247,谷津商会,1,紙,,000002,渡辺
2025/01/28(火),2025/01/28(火),2025/01/28(火),001966,ｴﾇ･ﾃｨ･ﾃｨ都市開発,1,売上,000001,混合廃棄物A,"1,240","1,240",03,kg,54,"66,960",38473,000001,A（事業）,001,処分費,09:26,09:28,000004,ｱｰﾊﾞﾝﾈｯﾄ大手町,000001,ｵﾈｽﾄ,000001,新木場ﾘｻｲｸﾙ工場,000028,五十嵐商会,000025,五十嵐商会,1,紙,,000002,渡辺
2025/01/28(火),2025/01/28(火),2025/01/28(火),001972,第一ﾋﾞﾙﾃﾞｨﾝｸﾞ,1,売上,000001,混合廃棄物A,"1,070","1,070",03,kg,54,"57,780",38495,000001,A（事業）,001,処分費,11:05,11:05,000001,経団連会館,000001,ｵﾈｽﾄ,000001,新木場ﾘｻｲｸﾙ工場,000028,五十嵐商会,000025,五十嵐商会,1,紙,,000002,渡辺
2025/01/28(火),2025/01/28(火),2025/01/28(火),001976,ｼﾐｽﾞｵｸﾄ,1,売上,000001,混合廃棄物A,280,280,03,kg,65,"18,200",38478,000002,B（残置）,001,処分費,09:59,09:59,000001,下落合ｽﾀｼﾞｵ,000001,ｵﾈｽﾄ,000001,新木場ﾘｻｲｸﾙ工場,001976,ｼﾐｽﾞｵｸﾄ,000202,ｼﾐｽﾞｵｸﾄ,1,紙,,000005,今村（紀）
2025/01/28(火),2025/01/28(火),2025/01/28(火),002209,ｱｼﾞｰﾙartassistance,1,売上,000001,混合廃棄物A,"1,440","1,440",03,kg,65,"93,600",38474,000002,B（残置）,001,処分費,09:41,09:50,000003,東京映像美術,000001,ｵﾈｽﾄ,000001,新木場ﾘｻｲｸﾙ工場,002202,宮坂運送,000268,宮坂運送,1,紙,,000004,山本
2025/01/28(火),2025/01/28(火),2025/01/28(火),002361,ﾔﾏﾀﾞﾃﾞﾝｷ,1,売上,000002,混合廃棄物B,710,710,03,kg,70,"49,700",38451,000004,D（建設）,001,処分費,07:45,07:47,000116,佐藤香織様,000001,ｵﾈｽﾄ,000001,新木場ﾘｻｲｸﾙ工場,000229,ｱｽﾏ･ｸﾘｰﾝ,000191,ｱｽﾏ･ｸﾘｰﾝ,1,紙,,000002,渡辺
2025/01/28(火),2025/01/28(火),2025/01/28(火),002487,ｺｺｽﾅｶﾑﾗ,1,売上,000001,混合廃棄物A,"2,270","2,270",03,kg,65,"147,550",38441,000001,A（事業）,001,処分費,07:06,07:08,000001,ｺｺｽﾅｶﾑﾗ梅島本部,000001,ｵﾈｽﾄ,000001,新木場ﾘｻｲｸﾙ工場,000131,ﾏﾂﾓﾄ,000104,ﾏﾂﾓﾄ,1,紙,,000002,渡辺
2025/01/28(火),2025/01/28(火),2025/01/28(火),002627,ｻﾃﾗｲﾄｼﾞｬﾊﾟﾝ,1,売上,000001,混合廃棄物A,90,90,03,kg,54,"4,860",38469,000001,A（事業）,001,処分費,09:03,09:03,000001,ﾌｧﾛｼﾃｨﾋﾞﾙ(ﾗ･ﾋﾟｽﾀ新橋),000001,ｵﾈｽﾄ,000001,新木場ﾘｻｲｸﾙ工場,000028,五十嵐商会,000025,五十嵐商会,1,紙,,000002,渡辺
2025/01/28(火),2025/01/28(火),2025/01/28(火),002711,東京ﾃﾞｰﾘｰ,1,売上,000001,混合廃棄物A,"1,230","1,230",03,kg,60,"73,800",38564,000002,B（残置）,001,処分費,15:12,15:14,000000,東京ﾃﾞｰﾘｰ,000001,ｵﾈｽﾄ,000001,新木場ﾘｻｲｸﾙ工場,000325,ﾀﾞｽﾄ商会,000262,ﾀﾞｽﾄ商会,1,紙,,000002,渡辺
2025/01/28(火),2025/01/28(火),2025/01/28(火),002809,ｻﾄｰ運送,1,売上,000001,混合廃棄物A,350,350,03,kg,65,"22,750",38508,000002,B（残置）,001,処分費,12:12,12:12,000000,ｻﾄｰ運送,000001,ｵﾈｽﾄ,000001,新木場ﾘｻｲｸﾙ工場,002809,ｻﾄｰ運送,000012,ｻﾄｰ運送,1,紙,,000007,小林
2025/01/28(火),2025/01/28(火),2025/01/28(火),002809,ｻﾄｰ運送,1,売上,000013,混合廃棄物(ｿﾌｧｰ),70,70,03,kg,100,"7,000",38508,000002,B（残置）,001,処分費,12:12,12:12,000000,ｻﾄｰ運送,000001,ｵﾈｽﾄ,000001,新木場ﾘｻｲｸﾙ工場,002809,ｻﾄｰ運送,000012,ｻﾄｰ運送,1,紙,,000007,小林
2025/01/28(火),2025/01/28(火),2025/01/28(火),002809,ｻﾄｰ運送,1,売上,000029,木くず,150,150,03,kg,35,"5,250",38508,000002,B（残置）,001,処分費,12:12,12:12,000000,ｻﾄｰ運送,000001,ｵﾈｽﾄ,000001,新木場ﾘｻｲｸﾙ工場,002809,ｻﾄｰ運送,000012,ｻﾄｰ運送,1,紙,,000007,小林
2025/01/28(火),2025/01/28(火),2025/01/28(火),002999,ﾊﾞﾝﾀﾝ,1,売上,000001,混合廃棄物A,410,410,03,kg,65,"26,650",38440,000001,A（事業）,001,処分費,06:58,07:01,000001,ﾊﾞﾝﾀﾝ中目黒3号館,000001,ｵﾈｽﾄ,000001,新木場ﾘｻｲｸﾙ工場,000079,五十嵐商事,000065,五十嵐商事,1,紙,,000002,渡辺
2025/01/28(火),2025/01/28(火),2025/01/28(火),003128,高橋監理管理本部,1,売上,000002,混合廃棄物B,450,450,03,kg,70,"31,500",38544,000003,C（解体）,001,処分費,15:30,15:32,000008,㈱高橋管理足立営業所,000001,ｵﾈｽﾄ,000001,新木場ﾘｻｲｸﾙ工場,000362,ﾐﾔ産興,000290,ﾐﾔ産興,1,紙,,000004,山本
2025/01/28(火),2025/01/28(火),2025/01/28(火),003370,日本経済新聞社,1,売上,000001,混合廃棄物A,650,650,03,kg,54,"35,100",38485,000001,A（事業）,001,処分費,10:43,10:45,000001,日経虎ノ門別館,000001,ｵﾈｽﾄ,000001,新木場ﾘｻｲｸﾙ工場,000028,五十嵐商会,000025,五十嵐商会,1,紙,,000002,渡辺
2025/01/28(火),2025/01/28(火),2025/01/28(火),003404,共進不動産,1,売上,000001,混合廃棄物A,90,90,03,kg,70,"6,300",38482,000003,C（解体）,001,処分費,10:42,10:50,000001,ﾌﾛｰﾚﾝｽ,000001,ｵﾈｽﾄ,000001,新木場ﾘｻｲｸﾙ工場,001313,真田,001026,真田,1,紙,,000012,サン・テクノ
2025/01/28(火),2025/01/28(火),2025/01/28(火),003404,共進不動産,1,売上,000001,混合廃棄物A,290,290,03,kg,70,"20,300",38543,000003,C（解体）,001,処分費,15:13,15:19,000001,ﾌﾛｰﾚﾝｽ,000001,ｵﾈｽﾄ,000001,新木場ﾘｻｲｸﾙ工場,001313,真田,001026,真田,1,紙,,000012,サン・テクノ
2025/01/28(火),2025/01/28(火),2025/01/28(火),003404,共進不動産,1,売上,000029,木くず,240,240,03,kg,40,"9,600",38482,000003,C（解体）,001,処分費,10:42,10:50,000001,ﾌﾛｰﾚﾝｽ,000001,ｵﾈｽﾄ,000001,新木場ﾘｻｲｸﾙ工場,001313,真田,001026,真田,1,紙,,000012,サン・テクノ
2025/01/28(火),2025/01/28(火),2025/01/28(火),003418,東邦技建,1,売上,000001,混合廃棄物A,370,370,03,kg,65,"24,050",38575,000004,D（建設）,001,処分費,16:25,16:30,000000,東邦技建,000001,ｵﾈｽﾄ,000001,新木場ﾘｻｲｸﾙ工場,001051,Y-maxx,000808,Y-maxx,1,紙,,000004,山本
2025/01/28(火),2025/01/28(火),2025/01/28(火),003423,ﾘｺｰｼﾞｬﾊﾟﾝ,1,売上,000001,混合廃棄物A,30,30,03,kg,58,"1,740",38571,000004,D（建設）,001,処分費,16:19,16:19,000000,ﾘｺｰｼﾞｬﾊﾟﾝ,000001,ｵﾈｽﾄ,000001,新木場ﾘｻｲｸﾙ工場,000016,泉土木,000014,泉土木,2,電子,,000001,矢作
2025/01/28(火),2025/01/28(火),2025/01/28(火),003423,ﾘｺｰｼﾞｬﾊﾟﾝ,1,売上,000046,ﾀﾞﾝﾎﾞｰﾙ,10,10,03,kg,0,0,38571,000004,D（建設）,001,処分費,16:19,16:19,000000,ﾘｺｰｼﾞｬﾊﾟﾝ,000001,ｵﾈｽﾄ,000001,新木場ﾘｻｲｸﾙ工場,000016,泉土木,000014,泉土木,2,電子,,000001,矢作
2025/01/28(火),2025/01/28(火),2025/01/28(火),003470,ｼﾝﾜﾋﾟｰｹｰｼﾞｰ,1,売上,000002,混合廃棄物B,"1,240","1,240",03,kg,65,"80,600",38532,000001,A（事業）,001,処分費,14:15,14:15,000000,ｼﾝﾜﾋﾟｰｹｰｼﾞｰ,000001,ｵﾈｽﾄ,000001,新木場ﾘｻｲｸﾙ工場,000332,吉野商会,000269,吉野商会,1,紙,,000006,川部
2025/01/28(火),2025/01/28(火),2025/01/28(火),003492,東ｲﾝ,1,売上,000001,混合廃棄物A,540,540,03,kg,60,"32,400",38460,000002,B（残置）,001,処分費,08:47,08:54,000000,東ｲﾝ,000001,ｵﾈｽﾄ,000001,新木場ﾘｻｲｸﾙ工場,007489,ﾌｫｰﾒｰｼｮﾝ,001020,ﾌｫｰﾒｰｼｮﾝ,1,紙,,000007,小林
2025/01/28(火),2025/01/28(火),2025/01/28(火),003492,東ｲﾝ,1,売上,000001,混合廃棄物A,580,580,03,kg,60,"34,800",38459,000002,B（残置）,001,処分費,08:47,08:52,000000,東ｲﾝ,000001,ｵﾈｽﾄ,000001,新木場ﾘｻｲｸﾙ工場,007489,ﾌｫｰﾒｰｼｮﾝ,001020,ﾌｫｰﾒｰｼｮﾝ,1,紙,,000007,小林
2025/01/28(火),2025/01/28(火),2025/01/28(火),003497,ﾆｭｰﾊｳｼﾞﾝｸﾞ,1,売上,000043,ﾀｲﾙｶｰﾍﾟｯﾄ,620,620,03,kg,55,"34,100",38560,000004,D（建設）,001,処分費,16:07,16:09,000001,ﾆﾁﾚｲ東銀座ﾋﾞﾙ,000001,ｵﾈｽﾄ,000001,新木場ﾘｻｲｸﾙ工場,000016,泉土木,000014,泉土木,1,紙,,000001,矢作
2025/01/28(火),2025/01/28(火),2025/01/28(火),003497,ﾆｭｰﾊｳｼﾞﾝｸﾞ,1,売上,000046,ﾀﾞﾝﾎﾞｰﾙ,270,270,03,kg,0,0,38560,000004,D（建設）,001,処分費,16:07,16:09,000001,ﾆﾁﾚｲ東銀座ﾋﾞﾙ,000001,ｵﾈｽﾄ,000001,新木場ﾘｻｲｸﾙ工場,000016,泉土木,000014,泉土木,1,紙,,000001,矢作
2025/01/28(火),2025/01/28(火),2025/01/28(火),003556,日興電気工業,1,売上,000001,混合廃棄物A,790,790,03,kg,65,"51,350",38494,000004,D（建設）,001,処分費,11:33,11:33,000003,矢口消防署ほか1カ所(6)高圧ｹｰﾌﾞﾙ改修工事,000001,ｵﾈｽﾄ,000001,新木場ﾘｻｲｸﾙ工場,000229,ｱｽﾏ･ｸﾘｰﾝ,000191,ｱｽﾏ･ｸﾘｰﾝ,1,紙,,000002,渡辺
2025/01/28(火),2025/01/28(火),2025/01/28(火),003910,高匠,1,売上,000002,混合廃棄物B,250,250,03,kg,70,"17,500",38585,000003,C（解体）,001,処分費,17:49,17:51,000104,ｺｽﾓ大宮ﾛｲﾔﾙﾌｫﾙﾑ,000001,ｵﾈｽﾄ,000001,新木場ﾘｻｲｸﾙ工場,000362,ﾐﾔ産興,000290,ﾐﾔ産興,1,紙,,000004,山本
2025/01/28(火),2025/01/28(火),2025/01/28(火),003992,ﾓﾘﾃｯｸ,1,売上,000001,混合廃棄物A,"1,970","1,970",03,kg,65,"128,050",38462,000004,D（建設）,001,処分費,08:38,08:38,000000,ﾓﾘﾃｯｸ,000001,ｵﾈｽﾄ,000001,新木場ﾘｻｲｸﾙ工場,000001,ｵﾈｽﾄ,000707,ﾓﾘﾃｯｸ,1,紙,,000005,今村（紀）
2025/01/28(火),2025/01/28(火),2025/01/28(火),003992,ﾓﾘﾃｯｸ,1,売上,000349,運搬費(4ｔｺﾝﾃﾅ),,1,07,台,"16,000","16,000",38462,000004,D（建設）,002,運搬費,08:38,08:38,000000,ﾓﾘﾃｯｸ,000001,ｵﾈｽﾄ,000001,新木場ﾘｻｲｸﾙ工場,000001,ｵﾈｽﾄ,000707,ﾓﾘﾃｯｸ,1,紙,,000005,今村（紀）
2025/01/28(火),2025/01/28(火),2025/01/28(火),004108,ﾊﾟﾅｿﾆｯｸ産機ｼｽﾃﾑｽﾞ,1,売上,000029,木くず,270,270,03,kg,35,"9,450",38493,000004,D（建設）,001,処分費,11:29,11:35,000001,協和興運,000001,ｵﾈｽﾄ,000001,新木場ﾘｻｲｸﾙ工場,000033,富士商事,000873,伊藤忠ﾒﾀﾙｽﾞ,2,電子,,000001,矢作
2025/01/28(火),2025/01/28(火),2025/01/28(火),004108,ﾊﾟﾅｿﾆｯｸ産機ｼｽﾃﾑｽﾞ,2,支払,000438,ﾀﾞﾝﾎﾞｰﾙ,620,620,03,kg,5,"3,100",38493,000004,D（建設）,003,有価物,11:29,11:35,000001,協和興運,000001,ｵﾈｽﾄ,000001,新木場ﾘｻｲｸﾙ工場,000033,富士商事,000873,伊藤忠ﾒﾀﾙｽﾞ,2,電子,,000001,矢作
2025/01/28(火),2025/01/28(火),2025/01/28(火),004250,先駆ﾜｰｸｽ,1,売上,000001,混合廃棄物A,180,180,03,kg,65,"11,700",38479,000002,B（残置）,001,処分費,10:03,10:13,000000,先駆ﾜｰｸｽ,000001,ｵﾈｽﾄ,000001,新木場ﾘｻｲｸﾙ工場,004250,先駆ﾜｰｸｽ,000712,先駆ﾜｰｸｽ,1,紙,,000005,今村（紀）
2025/01/28(火),2025/01/28(火),2025/01/28(火),004250,先駆ﾜｰｸｽ,1,売上,000029,木くず,400,400,03,kg,35,"14,000",38479,000002,B（残置）,001,処分費,10:03,10:13,000000,先駆ﾜｰｸｽ,000001,ｵﾈｽﾄ,000001,新木場ﾘｻｲｸﾙ工場,004250,先駆ﾜｰｸｽ,000712,先駆ﾜｰｸｽ,1,紙,,000005,今村（紀）
2025/01/28(火),2025/01/28(火),2025/01/28(火),004463,あるくる,1,売上,000001,混合廃棄物A,40,40,03,kg,58,"2,320",38559,000002,B（残置）,001,処分費,16:00,16:00,000082,ﾓﾘｺｰﾎﾟ(201)不用品撤去作業,000001,ｵﾈｽﾄ,000001,新木場ﾘｻｲｸﾙ工場,004463,あるくる,000823,あるくる,1,紙,,000001,矢作
2025/01/28(火),2025/01/28(火),2025/01/28(火),004463,あるくる,1,売上,000029,木くず,100,100,03,kg,48,"4,800",38559,000002,B（残置）,001,処分費,16:00,16:00,000082,ﾓﾘｺｰﾎﾟ(201)不用品撤去作業,000001,ｵﾈｽﾄ,000001,新木場ﾘｻｲｸﾙ工場,004463,あるくる,000823,あるくる,1,紙,,000001,矢作
2025/01/28(火),2025/01/28(火),2025/01/28(火),004534,東海交通機械,1,売上,000001,混合廃棄物A,50,50,03,kg,65,"3,250",38481,000004,D（建設）,001,処分費,10:07,10:07,000008,東海旅客鉄道株式会社東京駅,000001,ｵﾈｽﾄ,000001,新木場ﾘｻｲｸﾙ工場,000361,全公研,000289,全公研,1,紙,,000004,山本
2025/01/28(火),2025/01/28(火),2025/01/28(火),004766,JR東日本環境ｱｸｾｽ,1,売上,000001,混合廃棄物A,"1,120","1,120",03,kg,55,"61,600",38455,000001,A（事業）,001,処分費,08:20,08:20,000001,東京資源循環ｾﾝﾀｰ,000001,ｵﾈｽﾄ,000001,新木場ﾘｻｲｸﾙ工場,004766,JR東日本環境ｱｸｾｽ,000426,JR東日本環境ｱｸｾｽ,2,電子,,000002,渡辺
2025/01/28(火),2025/01/28(火),2025/01/28(火),004766,JR東日本環境ｱｸｾｽ,1,売上,000001,混合廃棄物A,"1,190","1,190",03,kg,55,"65,450",38472,000001,A（事業）,001,処分費,09:19,09:22,000001,東京資源循環ｾﾝﾀｰ,000001,ｵﾈｽﾄ,000001,新木場ﾘｻｲｸﾙ工場,004766,JR東日本環境ｱｸｾｽ,000426,JR東日本環境ｱｸｾｽ,2,電子,,000002,渡辺
2025/01/28(火),2025/01/28(火),2025/01/28(火),005099,日本ﾋﾟｰﾏｯｸ,1,売上,000001,混合廃棄物A,210,210,03,kg,65,"13,650",38582,000004,D（建設）,001,処分費,17:25,17:33,000008,日本医科大学多摩永山病院,000001,ｵﾈｽﾄ,000001,新木場ﾘｻｲｸﾙ工場,001051,Y-maxx,000808,Y-maxx,1,紙,,000004,山本
2025/01/28(火),2025/01/28(火),2025/01/28(火),005297,ｻﾃﾝの夜,1,売上,000001,混合廃棄物A,480,480,03,kg,65,"31,200",38450,000001,A（事業）,001,処分費,07:29,07:31,000000,ｻﾃﾝの夜,000001,ｵﾈｽﾄ,000001,新木場ﾘｻｲｸﾙ工場,000393,栄運輸,000314,栄運輸,1,紙,,000002,渡辺
2025/01/28(火),2025/01/28(火),2025/01/28(火),005426,HEXEL Works,1,売上,000001,混合廃棄物A,60,60,03,kg,58,"3,480",38521,000004,D（建設）,001,処分費,12:39,12:39,000005,あいおいﾆｯｾｲ同和損保東京ｶｽﾀﾏｰｾﾝﾀｰﾋﾞﾙ,000001,ｵﾈｽﾄ,000001,新木場ﾘｻｲｸﾙ工場,000016,泉土木,000014,泉土木,1,紙,,000001,矢作
2025/01/28(火),2025/01/28(火),2025/01/28(火),005427,KCT,1,売上,000001,混合廃棄物A,110,110,03,kg,65,"7,150",38443,000004,D（建設）,001,処分費,06:28,06:28,000000,KCT,000001,ｵﾈｽﾄ,000001,新木場ﾘｻｲｸﾙ工場,005427,KCT,000454,KCT,1,紙,,000002,渡辺
2025/01/28(火),2025/01/28(火),2025/01/28(火),005427,KCT,1,売上,000004,混合廃棄物(焼却物),110,110,03,kg,75,"8,250",38443,000004,D（建設）,001,処分費,06:28,06:28,000000,KCT,000001,ｵﾈｽﾄ,000001,新木場ﾘｻｲｸﾙ工場,005427,KCT,000454,KCT,1,紙,,000002,渡辺
2025/01/28(火),2025/01/28(火),2025/01/28(火),005637,TBS,1,売上,000002,混合廃棄物B,370,370,03,kg,70,"25,900",38509,000003,C（解体）,001,処分費,12:10,12:14,000003,ﾗﾗｻｷ,000001,ｵﾈｽﾄ,000001,新木場ﾘｻｲｸﾙ工場,003882,ﾅｶﾑﾗ産興,000783,ﾅｶﾑﾗ産興,1,紙,,000006,川部
2025/01/28(火),2025/01/28(火),2025/01/28(火),005637,TBS,1,売上,000030,選別,160,160,03,kg,70,"11,200",38509,000003,C（解体）,001,処分費,12:10,12:14,000003,ﾗﾗｻｷ,000001,ｵﾈｽﾄ,000001,新木場ﾘｻｲｸﾙ工場,003882,ﾅｶﾑﾗ産興,000783,ﾅｶﾑﾗ産興,1,紙,,000006,川部
2025/01/28(火),2025/01/28(火),2025/01/28(火),005855,ｴｲﾌﾞﾙ,1,売上,000002,混合廃棄物B,"2,230","2,230",03,kg,54,"120,420",38466,000001,A（事業）,001,処分費,08:43,08:43,000001,元赤坂ｴｽｴﾌﾋﾞﾙ,000001,ｵﾈｽﾄ,000001,新木場ﾘｻｲｸﾙ工場,000028,五十嵐商会,000025,五十嵐商会,1,紙,,000002,渡辺
2025/01/28(火),2025/01/28(火),2025/01/28(火),005884,(ｻﾝﾃｸﾉ)ｻﾝﾄﾗｽﾄ,1,売上,000001,混合廃棄物A,380,380,03,kg,58,"22,040",38470,000006,F（他）,001,処分費,09:06,09:12,000093,さつきﾊｲﾂ,000001,ｵﾈｽﾄ,000001,新木場ﾘｻｲｸﾙ工場,005884,(ｻﾝﾃｸﾉ)ｻﾝﾄﾗｽﾄ,001022,ｻﾝ･ﾃｸﾉ,1,紙,,000012,サン・テクノ
2025/01/28(火),2025/01/28(火),2025/01/28(火),005884,(ｻﾝﾃｸﾉ)ｻﾝﾄﾗｽﾄ,1,売上,000492,混合廃棄物（羽毛物）,10,10,03,kg,200,"2,000",38470,000006,F（他）,001,処分費,09:06,09:12,000093,さつきﾊｲﾂ,000001,ｵﾈｽﾄ,000001,新木場ﾘｻｲｸﾙ工場,005884,(ｻﾝﾃｸﾉ)ｻﾝﾄﾗｽﾄ,001022,ｻﾝ･ﾃｸﾉ,1,紙,,000012,サン・テクノ
2025/01/28(火),2025/01/28(火),2025/01/28(火),006509,ﾅｲﾃｯｸｽ,1,売上,000030,選別,620,620,03,kg,70,"43,400",38546,000001,A（事業）,001,処分費,14:37,14:37,000000,ﾅｲﾃｯｸｽ,000001,ｵﾈｽﾄ,000001,新木場ﾘｻｲｸﾙ工場,006509,ﾅｲﾃｯｸｽ,000182,ﾅｲﾃｯｸｽ,1,紙,,000004,山本
2025/01/28(火),2025/01/28(火),2025/01/28(火),006538,ﾃｸﾉ菱和,1,売上,000002,混合廃棄物B,180,180,03,kg,70,"12,600",38476,000004,D（建設）,001,処分費,09:57,09:57,000012,港区役所VAV等交換業務委託,000001,ｵﾈｽﾄ,000001,新木場ﾘｻｲｸﾙ工場,008089,ｷｭｰﾋﾞｯｸ,000808,Y-maxx,2,電子,,000004,山本
2025/01/28(火),2025/01/28(火),2025/01/28(火),006538,ﾃｸﾉ菱和,1,売上,000027,石膏ﾎﾞｰﾄﾞD,140,140,03,kg,100,"14,000",38476,000004,D（建設）,001,処分費,09:57,09:57,000012,港区役所VAV等交換業務委託,000001,ｵﾈｽﾄ,000001,新木場ﾘｻｲｸﾙ工場,008089,ｷｭｰﾋﾞｯｸ,000808,Y-maxx,2,電子,,000004,山本
2025/01/28(火),2025/01/28(火),2025/01/28(火),006569,お世話や,1,売上,000001,混合廃棄物A,"1,010","1,010",03,kg,60,"60,600",38537,000002,B（残置）,001,処分費,14:20,14:23,000000,お世話や,000001,ｵﾈｽﾄ,000001,新木場ﾘｻｲｸﾙ工場,001656,真和商事,000055,真和商事,1,紙,,000002,渡辺
2025/01/28(火),2025/01/28(火),2025/01/28(火),006812,MAｸﾘｰﾝ,1,売上,000001,混合廃棄物A,700,700,03,kg,65,"45,500",38579,000003,C（解体）,001,処分費,17:10,17:22,000000,MAｸﾘｰﾝ,000001,ｵﾈｽﾄ,000001,新木場ﾘｻｲｸﾙ工場,006812,MAｸﾘｰﾝ,000755,M.Aｸﾘｰﾝ,1,紙,,000005,今村（紀）
2025/01/28(火),2025/01/28(火),2025/01/28(火),006812,MAｸﾘｰﾝ,1,売上,000029,木くず,100,100,03,kg,35,"3,500",38579,000003,C（解体）,001,処分費,17:10,17:22,000000,MAｸﾘｰﾝ,000001,ｵﾈｽﾄ,000001,新木場ﾘｻｲｸﾙ工場,006812,MAｸﾘｰﾝ,000755,M.Aｸﾘｰﾝ,1,紙,,000005,今村（紀）
2025/01/28(火),2025/01/28(火),2025/01/28(火),007375,ｳｴｽﾄﾊﾞﾚｰ,1,売上,000002,混合廃棄物B,420,420,03,kg,70,"29,400",38583,000003,C（解体）,001,処分費,17:26,17:32,000062,既存建物解体（杉並区）,000001,ｵﾈｽﾄ,000001,新木場ﾘｻｲｸﾙ工場,008129,BAT,001152,BAT,1,紙,,000007,小林
2025/01/28(火),2025/01/28(火),2025/01/28(火),007375,ｳｴｽﾄﾊﾞﾚｰ,1,売上,000021,軽量物系B(ｸﾞﾗｽｳｰﾙ),30,30,03,kg,80,"2,400",38583,000003,C（解体）,001,処分費,17:26,17:32,000062,既存建物解体（杉並区）,000001,ｵﾈｽﾄ,000001,新木場ﾘｻｲｸﾙ工場,008129,BAT,001152,BAT,1,紙,,000007,小林
2025/01/28(火),2025/01/28(火),2025/01/28(火),007547,ｴｸｼｵﾃｯｸ,1,売上,000001,混合廃棄物A,"1,590","1,590",03,kg,60,"95,400",38533,000004,D（建設）,001,処分費,12:57,13:02,000007,甲の指定する排出事業場　関東管内,000001,ｵﾈｽﾄ,000001,新木場ﾘｻｲｸﾙ工場,003444,上野運輸,000271,上野運輸,1,紙,,000004,山本
2025/01/28(火),2025/01/28(火),2025/01/28(火),007568,ﾗｲﾌｻｰﾋﾞｽｼﾞｬﾊﾟﾝ,1,売上,000001,混合廃棄物A,220,220,03,kg,65,"14,300",38584,000002,B（残置）,001,処分費,17:35,17:46,000000,ﾗｲﾌｻｰﾋﾞｽｼﾞｬﾊﾟﾝ,000001,ｵﾈｽﾄ,000001,新木場ﾘｻｲｸﾙ工場,007568,ﾗｲﾌｻｰﾋﾞｽｼﾞｬﾊﾟﾝ,001107,ﾗｲﾌｻｰﾋﾞｽｼﾞｬﾊﾟﾝ,1,紙,,000012,サン・テクノ
2025/01/28(火),2025/01/28(火),2025/01/28(火),007568,ﾗｲﾌｻｰﾋﾞｽｼﾞｬﾊﾟﾝ,1,売上,000029,木くず,90,90,03,kg,35,"3,150",38584,000002,B（残置）,001,処分費,17:35,17:46,000000,ﾗｲﾌｻｰﾋﾞｽｼﾞｬﾊﾟﾝ,000001,ｵﾈｽﾄ,000001,新木場ﾘｻｲｸﾙ工場,007568,ﾗｲﾌｻｰﾋﾞｽｼﾞｬﾊﾟﾝ,001107,ﾗｲﾌｻｰﾋﾞｽｼﾞｬﾊﾟﾝ,1,紙,,000012,サン・テクノ
2025/01/28(火),2025/01/28(火),2025/01/28(火),007594,ﾀｶｻｺﾞ,1,売上,000001,混合廃棄物A,780,780,03,kg,65,"50,700",38506,000002,B（残置）,001,処分費,11:59,12:00,000000,ﾀｶｻｺﾞ,000001,ｵﾈｽﾄ,000001,新木場ﾘｻｲｸﾙ工場,000001,ｵﾈｽﾄ,001103,ﾀｶｻｺﾞ,1,紙,,000007,小林
2025/01/28(火),2025/01/28(火),2025/01/28(火),007594,ﾀｶｻｺﾞ,1,売上,000109,運搬費,,1,07,台,"5,000","5,000",38506,000002,B（残置）,002,運搬費,11:59,12:00,000000,ﾀｶｻｺﾞ,000001,ｵﾈｽﾄ,000001,新木場ﾘｻｲｸﾙ工場,000001,ｵﾈｽﾄ,001103,ﾀｶｻｺﾞ,1,紙,,000007,小林
2025/01/28(火),2025/01/28(火),2025/01/28(火),007600,雲龍工業,1,売上,000002,混合廃棄物B,330,330,03,kg,70,"23,100",38507,000003,C（解体）,001,処分費,11:58,12:05,000009,品川区戸越2-5-17,000001,ｵﾈｽﾄ,000001,新木場ﾘｻｲｸﾙ工場,007600,雲龍工業,001100,雲龍工業,1,紙,,000007,小林
2025/01/28(火),2025/01/28(火),2025/01/28(火),007600,雲龍工業,1,売上,000017,軽量物系A(ｽﾀｲﾛﾌｫｰﾑ),20,20,03,kg,200,"4,000",38507,000003,C（解体）,001,処分費,11:58,12:05,000009,品川区戸越2-5-17,000001,ｵﾈｽﾄ,000001,新木場ﾘｻｲｸﾙ工場,007600,雲龍工業,001100,雲龍工業,1,紙,,000007,小林
2025/01/28(火),2025/01/28(火),2025/01/28(火),007647,英優建設,1,売上,000001,混合廃棄物A,240,240,03,kg,65,"15,600",38449,000002,B（残置）,001,処分費,07:24,07:35,000044,英優建設(川崎市),000001,ｵﾈｽﾄ,000001,新木場ﾘｻｲｸﾙ工場,007489,ﾌｫｰﾒｰｼｮﾝ,001020,ﾌｫｰﾒｰｼｮﾝ,1,紙,,000007,小林
2025/01/28(火),2025/01/28(火),2025/01/28(火),007647,英優建設,1,売上,000024,石膏ﾎﾞｰﾄﾞA,270,270,03,kg,40,"10,800",38449,000002,B（残置）,001,処分費,07:24,07:35,000044,英優建設(川崎市),000001,ｵﾈｽﾄ,000001,新木場ﾘｻｲｸﾙ工場,007489,ﾌｫｰﾒｰｼｮﾝ,001020,ﾌｫｰﾒｰｼｮﾝ,1,紙,,000007,小林
2025/01/28(火),2025/01/28(火),2025/01/28(火),007647,英優建設,1,売上,000029,木くず,50,50,03,kg,35,"1,750",38449,000002,B（残置）,001,処分費,07:24,07:35,000044,英優建設(川崎市),000001,ｵﾈｽﾄ,000001,新木場ﾘｻｲｸﾙ工場,007489,ﾌｫｰﾒｰｼｮﾝ,001020,ﾌｫｰﾒｰｼｮﾝ,1,紙,,000007,小林
2025/01/28(火),2025/01/28(火),2025/01/28(火),007764,ﾊﾟﾅｿﾆｯｸﾎｰﾑｽﾞ不動産,1,売上,000001,混合廃棄物A,260,4,02,m3,"12,000","48,000",38536,000002,B（残置）,001,処分費,14:13,14:19,000001,【東京】世田谷区　鎌田集積場,000001,ｵﾈｽﾄ,000001,新木場ﾘｻｲｸﾙ工場,000001,ｵﾈｽﾄ,000227,ﾊﾟﾅｿﾆｯｸﾎｰﾑｽﾞ不動産,2,電子,,000004,山本
2025/01/28(火),2025/01/28(火),2025/01/28(火),007764,ﾊﾟﾅｿﾆｯｸﾎｰﾑｽﾞ不動産,1,売上,000109,運搬費,,1,07,台,"24,000","24,000",38536,000002,B（残置）,002,運搬費,14:13,14:19,000001,【東京】世田谷区　鎌田集積場,000001,ｵﾈｽﾄ,000001,新木場ﾘｻｲｸﾙ工場,000001,ｵﾈｽﾄ,000227,ﾊﾟﾅｿﾆｯｸﾎｰﾑｽﾞ不動産,2,電子,,000004,山本
2025/01/28(火),2025/01/28(火),2025/01/28(火),007874,ﾃﾙﾐｯｸ,1,売上,000001,混合廃棄物A,160,160,03,kg,65,"10,400",38551,000002,B（残置）,001,処分費,14:57,15:45,000001,吉川工場,000001,ｵﾈｽﾄ,000001,新木場ﾘｻｲｸﾙ工場,002202,宮坂運送,000268,宮坂運送,1,紙,,000004,山本
2025/01/28(火),2025/01/28(火),2025/01/28(火),007874,ﾃﾙﾐｯｸ,2,支払,000068,GC 軽鉄･ｽﾁｰﾙ類,270,270,03,kg,25.5,"6,885",38551,000002,B（残置）,003,有価物,14:57,15:45,000001,吉川工場,000001,ｵﾈｽﾄ,000001,新木場ﾘｻｲｸﾙ工場,002202,宮坂運送,000268,宮坂運送,1,紙,,000004,山本
2025/01/28(火),2025/01/28(火),2025/01/28(火),007923,RefarM,1,売上,000001,混合廃棄物A,860,860,03,kg,65,"55,900",38446,000004,D（建設）,001,処分費,06:30,06:30,000002,江戸川区西瑞江3-27-10,000001,ｵﾈｽﾄ,000001,新木場ﾘｻｲｸﾙ工場,000144,H&N,000115,H&N,1,紙,,000002,渡辺
2025/01/28(火),2025/01/28(火),2025/01/28(火),008079,ｱｻﾉ大成基礎ｴﾝｼﾞﾆｱﾘﾝｸﾞ,1,売上,000017,軽量物系A(ｽﾀｲﾛﾌｫｰﾑ),30,30,03,kg,200,"6,000",38522,000004,D（建設）,001,処分費,13:30,13:35,000007,(仮称)荒川7丁目計画既存建物解体工事,000001,ｵﾈｽﾄ,000001,新木場ﾘｻｲｸﾙ工場,000305,ｹｲｴｲﾁ･ﾘｻｲｸﾙ,000246,ｹｲｴｲﾁ･ﾘｻｲｸﾙ,2,電子,,000006,川部
2025/01/28(火),2025/01/28(火),2025/01/28(火),008079,ｱｻﾉ大成基礎ｴﾝｼﾞﾆｱﾘﾝｸﾞ,1,売上,000021,軽量物系B(ｸﾞﾗｽｳｰﾙ),460,460,03,kg,80,"36,800",38522,000004,D（建設）,001,処分費,13:30,13:35,000007,(仮称)荒川7丁目計画既存建物解体工事,000001,ｵﾈｽﾄ,000001,新木場ﾘｻｲｸﾙ工場,000305,ｹｲｴｲﾁ･ﾘｻｲｸﾙ,000246,ｹｲｴｲﾁ･ﾘｻｲｸﾙ,2,電子,,000006,川部
2025/01/28(火),2025/01/28(火),2025/01/28(火),008290,日本通運㈱,1,売上,000029,木くず,50,50,03,kg,35,"1,750",38545,000001,A（事業）,001,処分費,15:22,15:27,000012,新宿航空貨物ｾﾝﾀｰ,000001,ｵﾈｽﾄ,000001,新木場ﾘｻｲｸﾙ工場,000001,ｵﾈｽﾄ,000095,日本通運,2,電子,,000007,小林
2025/01/28(火),2025/01/28(火),2025/01/28(火),008290,日本通運㈱,1,売上,000029,木くず,990,990,03,kg,35,"34,650",38487,000001,A（事業）,001,処分費,11:14,11:19,000012,新宿航空貨物ｾﾝﾀｰ,000001,ｵﾈｽﾄ,000001,新木場ﾘｻｲｸﾙ工場,000001,ｵﾈｽﾄ,000095,日本通運,2,電子,,000007,小林
2025/01/28(火),2025/01/28(火),2025/01/28(火),008290,日本通運㈱,1,売上,000038,廃ﾌﾟﾗｽﾁｯｸ類,230,230,03,kg,60,"13,800",38534,000001,A（事業）,001,処分費,14:16,14:16,000012,新宿航空貨物ｾﾝﾀｰ,000001,ｵﾈｽﾄ,000001,新木場ﾘｻｲｸﾙ工場,000001,ｵﾈｽﾄ,000095,日本通運,2,電子,,000007,小林
2025/01/28(火),2025/01/28(火),2025/01/28(火),008290,日本通運㈱,1,売上,000038,廃ﾌﾟﾗｽﾁｯｸ類,420,420,03,kg,60,"25,200",38487,000001,A（事業）,001,処分費,11:14,11:19,000012,新宿航空貨物ｾﾝﾀｰ,000001,ｵﾈｽﾄ,000001,新木場ﾘｻｲｸﾙ工場,000001,ｵﾈｽﾄ,000095,日本通運,2,電子,,000007,小林
2025/01/28(火),2025/01/28(火),2025/01/28(火),008290,日本通運㈱,1,売上,000038,廃ﾌﾟﾗｽﾁｯｸ類,840,840,03,kg,60,"50,400",38484,000001,A（事業）,001,処分費,10:37,10:37,000007,国際航空貨物統括部ｵﾍﾟﾚｰｼｮﾝｾﾝﾀｰ羽田ｾﾝﾀｰ,000001,ｵﾈｽﾄ,000001,新木場ﾘｻｲｸﾙ工場,000001,ｵﾈｽﾄ,000095,日本通運,2,電子,,000007,小林
2025/01/28(火),2025/01/28(火),2025/01/28(火),008290,日本通運㈱,1,売上,000038,廃ﾌﾟﾗｽﾁｯｸ類,"1,130","1,130",03,kg,60,"67,800",38545,000001,A（事業）,001,処分費,15:22,15:27,000012,新宿航空貨物ｾﾝﾀｰ,000001,ｵﾈｽﾄ,000001,新木場ﾘｻｲｸﾙ工場,000001,ｵﾈｽﾄ,000095,日本通運,2,電子,,000007,小林
2025/01/28(火),2025/01/28(火),2025/01/28(火),008290,日本通運㈱,1,売上,000053,金属くず,10,10,03,kg,65,650,38484,000001,A（事業）,001,処分費,10:37,10:37,000007,国際航空貨物統括部ｵﾍﾟﾚｰｼｮﾝｾﾝﾀｰ羽田ｾﾝﾀｰ,000001,ｵﾈｽﾄ,000001,新木場ﾘｻｲｸﾙ工場,000001,ｵﾈｽﾄ,000095,日本通運,2,電子,,000007,小林
2025/01/28(火),2025/01/28(火),2025/01/28(火),008290,日本通運㈱,1,売上,000109,運搬費,,1,07,台,"21,000","21,000",38484,000001,A（事業）,002,運搬費,10:37,10:37,000007,国際航空貨物統括部ｵﾍﾟﾚｰｼｮﾝｾﾝﾀｰ羽田ｾﾝﾀｰ,000001,ｵﾈｽﾄ,000001,新木場ﾘｻｲｸﾙ工場,000001,ｵﾈｽﾄ,000095,日本通運,2,電子,,000007,小林
2025/01/28(火),2025/01/28(火),2025/01/28(火),008290,日本通運㈱,1,売上,000109,運搬費,,1,07,台,"21,000","21,000",38487,000001,A（事業）,002,運搬費,11:14,11:19,000012,新宿航空貨物ｾﾝﾀｰ,000001,ｵﾈｽﾄ,000001,新木場ﾘｻｲｸﾙ工場,000001,ｵﾈｽﾄ,000095,日本通運,2,電子,,000007,小林
2025/01/28(火),2025/01/28(火),2025/01/28(火),008290,日本通運㈱,1,売上,000109,運搬費,,1,07,台,"21,000","21,000",38534,000001,A（事業）,002,運搬費,14:16,14:16,000012,新宿航空貨物ｾﾝﾀｰ,000001,ｵﾈｽﾄ,000001,新木場ﾘｻｲｸﾙ工場,000001,ｵﾈｽﾄ,000095,日本通運,2,電子,,000007,小林
2025/01/28(火),2025/01/28(火),2025/01/28(火),008290,日本通運㈱,1,売上,000109,運搬費,,1,07,台,"21,000","21,000",38545,000001,A（事業）,002,運搬費,15:22,15:27,000012,新宿航空貨物ｾﾝﾀｰ,000001,ｵﾈｽﾄ,000001,新木場ﾘｻｲｸﾙ工場,000001,ｵﾈｽﾄ,000095,日本通運,2,電子,,000007,小林
2025/01/28(火),2025/01/28(火),2025/01/28(火),008348,UPVillage,1,売上,000001,混合廃棄物A,270,270,03,kg,65,"17,550",38557,000002,B（残置）,001,処分費,15:52,15:52,000000,UPVillage,000001,ｵﾈｽﾄ,000001,新木場ﾘｻｲｸﾙ工場,008348,UPVillage,001178,UPVillage,1,紙,,000005,今村（紀）
2025/01/28(火),2025/01/28(火),2025/01/28(火),008488,月島ｼﾞｪｲﾃｸﾉﾒﾝﾃｻｰﾋﾞｽ千葉支店,1,売上,000001,混合廃棄物A,50,50,03,kg,65,"3,250",38490,000004,D（建設）,001,処分費,11:22,11:27,000001,新井浄水場排水処理設備更新工事（R6),000001,ｵﾈｽﾄ,000001,新木場ﾘｻｲｸﾙ工場,000361,全公研,000289,全公研,2,電子,,000004,山本
2025/01/28(火),2025/01/28(火),2025/01/28(火),008634,石井自動車整備工場,1,売上,000002,混合廃棄物B,800,800,03,kg,70,"56,000",38480,000003,C（解体）,001,処分費,10:04,10:06,000000,石井自動車整備工場,000001,ｵﾈｽﾄ,000001,新木場ﾘｻｲｸﾙ工場,000362,ﾐﾔ産興,000290,ﾐﾔ産興,1,紙,,000004,山本
2025/01/28(火),2025/01/28(火),2025/01/28(火),008698,ｱﾙﾌｧｰ企画,1,売上,000001,混合廃棄物A,450,450,03,kg,65,"29,250",38453,000004,D（建設）,001,処分費,07:56,07:58,000001,新庁舎第2期棟建設工事のうち衛生設備工事,000001,ｵﾈｽﾄ,000001,新木場ﾘｻｲｸﾙ工場,001051,Y-maxx,000808,Y-maxx,1,紙,,000004,山本
2025/01/28(火),2025/01/28(火),2025/01/28(火),008734,三菱地所ﾎﾃﾙｽﾞ＆ﾘｿﾞｰﾂ,2,支払,000068,GC 軽鉄･ｽﾁｰﾙ類,"1,280","1,280",03,kg,27,"34,560",38488,000002,B（残置）,003,有価物,10:48,10:48,000001,横浜ﾛｲﾔﾙﾊﾟｰｸﾎﾃﾙ,000001,ｵﾈｽﾄ,000001,新木場ﾘｻｲｸﾙ工場,006008,洗足池運輸,001021,ｵﾈｽﾄ･ﾜﾝ,1,紙,,000011,オネスト・ワン
2025/01/28(火),2025/01/28(火),2025/01/28(火),008735,成和光学工業,1,売上,000001,混合廃棄物A,380,380,03,kg,63,"23,940",38578,000002,B（残置）,001,処分費,16:53,17:07,000000,成和光学工業,000001,ｵﾈｽﾄ,000001,新木場ﾘｻｲｸﾙ工場,001308,ｵﾈｽﾄ･ﾜﾝ,001021,ｵﾈｽﾄ･ﾜﾝ,1,紙,,000011,オネスト・ワン
2025/01/28(火),2025/01/28(火),2025/01/28(火),008735,成和光学工業,1,売上,000001,混合廃棄物A,"1,150","1,150",03,kg,63,"72,450",38525,000002,B（残置）,001,処分費,13:01,13:49,000000,成和光学工業,000001,ｵﾈｽﾄ,000001,新木場ﾘｻｲｸﾙ工場,001308,ｵﾈｽﾄ･ﾜﾝ,001021,ｵﾈｽﾄ･ﾜﾝ,1,紙,,000011,オネスト・ワン
2025/01/28(火),2025/01/28(火),2025/01/28(火),008735,成和光学工業,1,売上,000030,選別,700,700,03,kg,60,"42,000",38525,000002,B（残置）,001,処分費,13:01,13:49,000000,成和光学工業,000001,ｵﾈｽﾄ,000001,新木場ﾘｻｲｸﾙ工場,001308,ｵﾈｽﾄ･ﾜﾝ,001021,ｵﾈｽﾄ･ﾜﾝ,1,紙,,000011,オネスト・ワン
2025/01/28(火),2025/01/28(火),2025/01/28(火),008735,成和光学工業,1,売上,000030,選別,"1,060","1,060",03,kg,60,"63,600",38578,000002,B（残置）,001,処分費,16:53,17:07,000000,成和光学工業,000001,ｵﾈｽﾄ,000001,新木場ﾘｻｲｸﾙ工場,001308,ｵﾈｽﾄ･ﾜﾝ,001021,ｵﾈｽﾄ･ﾜﾝ,1,紙,,000011,オネスト・ワン
2025/01/28(火),2025/01/28(火),2025/01/28(火),008735,成和光学工業,1,売上,000031,金庫,50,50,03,kg,70,"3,500",38578,000002,B（残置）,001,処分費,16:53,17:07,000000,成和光学工業,000001,ｵﾈｽﾄ,000001,新木場ﾘｻｲｸﾙ工場,001308,ｵﾈｽﾄ･ﾜﾝ,001021,ｵﾈｽﾄ･ﾜﾝ,1,紙,,000011,オネスト・ワン
2025/01/28(火),2025/01/28(火),2025/01/28(火),008735,成和光学工業,1,売上,000031,金庫,160,160,03,kg,70,"11,200",38525,000002,B（残置）,001,処分費,13:01,13:49,000000,成和光学工業,000001,ｵﾈｽﾄ,000001,新木場ﾘｻｲｸﾙ工場,001308,ｵﾈｽﾄ･ﾜﾝ,001021,ｵﾈｽﾄ･ﾜﾝ,1,紙,,000011,オネスト・ワン
2025/01/28(火),2025/01/28(火),2025/01/28(火),008735,成和光学工業,2,支払,000068,GC 軽鉄･ｽﾁｰﾙ類,240,240,03,kg,27,"6,480",38525,000002,B（残置）,003,有価物,13:01,13:49,000000,成和光学工業,000001,ｵﾈｽﾄ,000001,新木場ﾘｻｲｸﾙ工場,001308,ｵﾈｽﾄ･ﾜﾝ,001021,ｵﾈｽﾄ･ﾜﾝ,1,紙,,000011,オネスト・ワン
2025/01/28(火),2025/01/28(火),2025/01/28(火),008735,成和光学工業,2,支払,000068,GC 軽鉄･ｽﾁｰﾙ類,250,250,03,kg,27,"6,750",38578,000002,B（残置）,003,有価物,16:53,17:07,000000,成和光学工業,000001,ｵﾈｽﾄ,000001,新木場ﾘｻｲｸﾙ工場,001308,ｵﾈｽﾄ･ﾜﾝ,001021,ｵﾈｽﾄ･ﾜﾝ,1,紙,,000011,オネスト・ワン
2025/01/28(火),2025/01/28(火),2025/01/28(火),008763,小金井市役所,1,売上,000001,混合廃棄物A,10,10,03,kg,0,0,38496,000006,F（他）,001,処分費,11:48,12:36,000007,本町小学校,000001,ｵﾈｽﾄ,000001,新木場ﾘｻｲｸﾙ工場,000001,ｵﾈｽﾄ,001413,小金井市役所,1,紙,,000007,小林
2025/01/28(火),2025/01/28(火),2025/01/28(火),008763,小金井市役所,1,売上,000001,混合廃棄物A,30,30,03,kg,0,0,38498,000006,F（他）,001,処分費,11:58,11:58,000011,小金井第二中学校,000001,ｵﾈｽﾄ,000001,新木場ﾘｻｲｸﾙ工場,000001,ｵﾈｽﾄ,001413,小金井市役所,1,紙,,000007,小林
2025/01/28(火),2025/01/28(火),2025/01/28(火),008763,小金井市役所,1,売上,000001,混合廃棄物A,80,80,03,kg,0,0,38497,000006,F（他）,001,処分費,11:59,11:59,000009,南小学校,000001,ｵﾈｽﾄ,000001,新木場ﾘｻｲｸﾙ工場,000001,ｵﾈｽﾄ,001413,小金井市役所,1,紙,,000007,小林
2025/01/28(火),2025/01/28(火),2025/01/28(火),008763,小金井市役所,1,売上,000372,ﾀｲﾔ,20,20,03,kg,0,0,38496,000006,F（他）,001,処分費,11:48,12:36,000007,本町小学校,000001,ｵﾈｽﾄ,000001,新木場ﾘｻｲｸﾙ工場,000001,ｵﾈｽﾄ,001413,小金井市役所,1,紙,,000007,小林
2025/01/28(火),2025/02/16(日),2025/02/16(日),008371,新菱冷熱工業電気計装事業部,1,売上,000001,混合廃棄物A,220,220,03,kg,65,"14,300",38483,000004,D（建設）,001,処分費,10:37,10:40,000002,【大瀧】西池袋熱供給株式会社 センタープ,000001,ｵﾈｽﾄ,000001,新木場ﾘｻｲｸﾙ工場,000001,ｵﾈｽﾄ,000594,新菱冷熱工業都市環境事業部,1,紙,,000006,川部
2025/01/28(火),2025/02/16(日),2025/02/16(日),008371,新菱冷熱工業電気計装事業部,1,売上,000038,廃ﾌﾟﾗｽﾁｯｸ類,20,20,03,kg,65,"1,300",38483,000004,D（建設）,001,処分費,10:37,10:40,000002,【大瀧】西池袋熱供給株式会社 センタープ,000001,ｵﾈｽﾄ,000001,新木場ﾘｻｲｸﾙ工場,000001,ｵﾈｽﾄ,000594,新菱冷熱工業都市環境事業部,1,紙,,000006,川部
2025/01/28(火),2025/02/16(日),2025/02/16(日),008371,新菱冷熱工業電気計装事業部,1,売上,000046,ﾀﾞﾝﾎﾞｰﾙ,30,30,03,kg,0,0,38483,000004,D（建設）,001,処分費,10:37,10:40,000002,【大瀧】西池袋熱供給株式会社 センタープ,000001,ｵﾈｽﾄ,000001,新木場ﾘｻｲｸﾙ工場,000001,ｵﾈｽﾄ,000594,新菱冷熱工業都市環境事業部,1,紙,,000006,川部
2025/01/28(火),2025/02/16(日),2025/02/16(日),008371,新菱冷熱工業電気計装事業部,1,売上,000352,運搬費(2ｔ車),,1,07,台,"23,000","23,000",38483,000004,D（建設）,002,運搬費,10:37,10:40,000002,【大瀧】西池袋熱供給株式会社 センタープ,000001,ｵﾈｽﾄ,000001,新木場ﾘｻｲｸﾙ工場,000001,ｵﾈｽﾄ,000594,新菱冷熱工業都市環境事業部,1,紙,,000006,川部
2025/01/29(水),2025/01/29(水),2025/01/29(水),000016,泉土木,1,売上,000001,混合廃棄物A,280,280,03,kg,58,"16,240",38670,000004,D（建設）,001,処分費,14:45,14:47,000000,泉土木,000001,ｵﾈｽﾄ,000001,新木場ﾘｻｲｸﾙ工場,000016,泉土木,000014,泉土木,1,紙,,000001,矢作
2025/01/29(水),2025/01/29(水),2025/01/29(水),000026,ｼｰﾒﾝｽﾍﾙｽｹｱ,1,売上,000001,混合廃棄物A,"1,380","1,380",03,kg,60,"82,800",38619,000006,F（他）,001,処分費,09:51,10:02,000001,ｼｰﾒﾝｽﾍﾙｽｹｱ平和島ｾﾝﾀｰ,000001,ｵﾈｽﾄ,000001,新木場ﾘｻｲｸﾙ工場,000243,田端運輸,000097,ｼｰﾒﾝｽﾍﾙｽｹｱ,1,紙,,000003,蛯子
2025/01/29(水),2025/01/29(水),2025/01/29(水),000026,ｼｰﾒﾝｽﾍﾙｽｹｱ,1,売上,000001,混合廃棄物A,"1,500","1,500",03,kg,60,"90,000",38623,000006,F（他）,001,処分費,10:20,10:29,000001,ｼｰﾒﾝｽﾍﾙｽｹｱ平和島ｾﾝﾀｰ,000001,ｵﾈｽﾄ,000001,新木場ﾘｻｲｸﾙ工場,000243,田端運輸,000097,ｼｰﾒﾝｽﾍﾙｽｹｱ,1,紙,,000003,蛯子
2025/01/29(水),2025/01/29(水),2025/01/29(水),000026,ｼｰﾒﾝｽﾍﾙｽｹｱ,1,売上,000001,混合廃棄物A,"1,600","1,600",03,kg,60,"96,000",38597,000006,F（他）,001,処分費,07:34,07:43,000001,ｼｰﾒﾝｽﾍﾙｽｹｱ平和島ｾﾝﾀｰ,000001,ｵﾈｽﾄ,000001,新木場ﾘｻｲｸﾙ工場,000243,田端運輸,000097,ｼｰﾒﾝｽﾍﾙｽｹｱ,1,紙,,000003,蛯子
2025/01/29(水),2025/01/29(水),2025/01/29(水),000026,ｼｰﾒﾝｽﾍﾙｽｹｱ,1,売上,000460,GC　軽鉄・ｽﾁｰﾙ類,"2,280","2,280",03,kg,0,0,38625,000006,F（他）,001,処分費,11:39,11:39,000001,ｼｰﾒﾝｽﾍﾙｽｹｱ平和島ｾﾝﾀｰ,000001,ｵﾈｽﾄ,000001,新木場ﾘｻｲｸﾙ工場,000243,田端運輸,000097,ｼｰﾒﾝｽﾍﾙｽｹｱ,1,紙,,000003,蛯子
2025/01/29(水),2025/01/29(水),2025/01/29(水),000110,ﾃｲｿｳ物流ｻｰﾋﾞｽ,1,売上,000001,混合廃棄物A,660,660,03,kg,65,"42,900",38633,000002,B（残置）,001,処分費,11:31,11:39,000000,ﾃｲｿｳ物流ｻｰﾋﾞｽ,000001,ｵﾈｽﾄ,000001,新木場ﾘｻｲｸﾙ工場,000110,ﾃｲｿｳ物流ｻｰﾋﾞｽ,000088,ﾃｲｿｳ物流ｻｰﾋﾞｽ,1,紙,,000002,渡辺
2025/01/29(水),2025/01/29(水),2025/01/29(水),000169,深井自動車,1,売上,000001,混合廃棄物A,900,900,03,kg,65,"58,500",38636,000004,D（建設）,001,処分費,11:58,11:58,000000,深井自動車,000001,ｵﾈｽﾄ,000001,新木場ﾘｻｲｸﾙ工場,000021,ｱｰｸ,000018,ｱｰｸ,1,紙,,000003,蛯子
2025/01/29(水),2025/01/29(水),2025/01/29(水),000172,ﾀﾂｷ輸送,1,売上,000001,混合廃棄物A,190,190,03,kg,65,"12,350",38679,000001,A（事業）,001,処分費,15:25,15:25,000000,ﾀﾂｷ輸送,000001,ｵﾈｽﾄ,000001,新木場ﾘｻｲｸﾙ工場,000172,ﾀﾂｷ輸送,000140,ﾀﾂｷ輸送,1,紙,,000006,川部
2025/01/29(水),2025/01/29(水),2025/01/29(水),000272,新建産業,1,売上,000001,混合廃棄物A,210,210,03,kg,65,"13,650",38629,000001,A（事業）,001,処分費,11:02,11:07,000000,新建産業,000001,ｵﾈｽﾄ,000001,新木場ﾘｻｲｸﾙ工場,000272,新建産業,000222,新建産業,1,紙,,000006,川部
2025/01/29(水),2025/01/29(水),2025/01/29(水),000281,ﾒﾀｳｫｰﾀｰ,1,売上,000014,混合廃棄物,"1,280",8,02,m3,"10,000","80,000",38665,000004,D（建設）,001,処分費,14:27,14:31,000032,令和5･6･7年度三河島水再生ｾﾝﾀｰ浅草系,000001,ｵﾈｽﾄ,000001,新木場ﾘｻｲｸﾙ工場,000001,ｵﾈｽﾄ,000281,ﾒﾀｳｫｰﾀｰ,2,電子,,000010,メタウォーター
2025/01/29(水),2025/01/29(水),2025/01/29(水),000281,ﾒﾀｳｫｰﾀｰ,1,売上,000014,混合廃棄物,"1,700",15,02,m3,"10,000","150,000",38658,000004,D（建設）,001,処分費,12:58,13:10,000031,東京都王子ﾎﾟﾝﾌﾟ所発電設備工事,000001,ｵﾈｽﾄ,000001,新木場ﾘｻｲｸﾙ工場,000001,ｵﾈｽﾄ,000281,ﾒﾀｳｫｰﾀｰ,2,電子,,000010,メタウォーター
2025/01/29(水),2025/01/29(水),2025/01/29(水),000281,ﾒﾀｳｫｰﾀｰ,1,売上,000109,運搬費,,1,07,台,"23,000","23,000",38665,000004,D（建設）,002,運搬費,14:27,14:31,000032,令和5･6･7年度三河島水再生ｾﾝﾀｰ浅草系,000001,ｵﾈｽﾄ,000001,新木場ﾘｻｲｸﾙ工場,000001,ｵﾈｽﾄ,000281,ﾒﾀｳｫｰﾀｰ,2,電子,,000010,メタウォーター
2025/01/29(水),2025/01/29(水),2025/01/29(水),000281,ﾒﾀｳｫｰﾀｰ,1,売上,000350,運搬費(4ｔﾕﾆｯｸ車)2ヵ所下ろし,,1,07,台,"35,000","35,000",38658,000004,D（建設）,002,運搬費,12:58,13:10,000031,東京都王子ﾎﾟﾝﾌﾟ所発電設備工事,000001,ｵﾈｽﾄ,000001,新木場ﾘｻｲｸﾙ工場,000001,ｵﾈｽﾄ,000281,ﾒﾀｳｫｰﾀｰ,2,電子,,000010,メタウォーター
2025/01/29(水),2025/01/29(水),2025/01/29(水),000284,住ﾍﾞｼｰﾄ防水,1,売上,000001,混合廃棄物A,860,4,02,m3,"10,000","40,000",38660,000004,D（建設）,001,処分費,12:50,12:50,000004,住ﾍﾞｼｰﾄ防水㈱DN研修ｾﾝﾀｰ,000001,ｵﾈｽﾄ,000001,新木場ﾘｻｲｸﾙ工場,000001,ｵﾈｽﾄ,000927,住べｼｰﾄ防水,1,紙,,000004,山本
2025/01/29(水),2025/01/29(水),2025/01/29(水),000284,住ﾍﾞｼｰﾄ防水,1,売上,000353,運搬費(3ｔｺﾝﾃﾅ車),,1,07,台,"20,000","20,000",38660,000004,D（建設）,002,運搬費,12:50,12:50,000004,住ﾍﾞｼｰﾄ防水㈱DN研修ｾﾝﾀｰ,000001,ｵﾈｽﾄ,000001,新木場ﾘｻｲｸﾙ工場,000001,ｵﾈｽﾄ,000927,住べｼｰﾄ防水,1,紙,,000004,山本
2025/01/29(水),2025/01/29(水),2025/01/29(水),000286,ｷﾀｻﾞﾜ引越ｾﾝﾀｰ,1,売上,000001,混合廃棄物A,640,640,03,kg,65,"41,600",38652,000002,B（残置）,001,処分費,13:38,13:39,000000,ｷﾀｻﾞﾜ引越ｾﾝﾀｰ,000001,ｵﾈｽﾄ,000001,新木場ﾘｻｲｸﾙ工場,000286,ｷﾀｻﾞﾜ引越ｾﾝﾀｰ,000230,ｷﾀｻﾞﾜ引越ｾﾝﾀｰ,1,紙,,000006,川部
2025/01/29(水),2025/01/29(水),2025/01/29(水),000286,ｷﾀｻﾞﾜ引越ｾﾝﾀｰ,1,売上,000001,混合廃棄物A,"1,930","1,930",03,kg,65,"125,450",38624,000002,B（残置）,001,処分費,10:43,10:43,000000,ｷﾀｻﾞﾜ引越ｾﾝﾀｰ,000001,ｵﾈｽﾄ,000001,新木場ﾘｻｲｸﾙ工場,000286,ｷﾀｻﾞﾜ引越ｾﾝﾀｰ,000230,ｷﾀｻﾞﾜ引越ｾﾝﾀｰ,1,紙,,000006,川部
2025/01/29(水),2025/01/29(水),2025/01/29(水),000286,ｷﾀｻﾞﾜ引越ｾﾝﾀｰ,1,売上,000492,混合廃棄物（羽毛物）,10,10,03,kg,250,"2,500",38652,000002,B（残置）,001,処分費,13:38,13:39,000000,ｷﾀｻﾞﾜ引越ｾﾝﾀｰ,000001,ｵﾈｽﾄ,000001,新木場ﾘｻｲｸﾙ工場,000286,ｷﾀｻﾞﾜ引越ｾﾝﾀｰ,000230,ｷﾀｻﾞﾜ引越ｾﾝﾀｰ,1,紙,,000006,川部
2025/01/29(水),2025/01/29(水),2025/01/29(水),000294,北斗JAPAN,1,売上,000001,混合廃棄物A,"1,090","1,090",03,kg,65,"70,850",38708,000002,B,001,処分費,17:31,17:48,000000,北斗JAPAN,000001,ｵﾈｽﾄ,000001,新木場ﾘｻｲｸﾙ工場,000294,北斗JAPAN,000237,北斗JAPAN,1,紙,,000006,川部
2025/01/29(水),2025/01/29(水),2025/01/29(水),000302,ﾖｼﾓﾘ,1,売上,000001,混合廃棄物A,640,640,03,kg,53,"33,920",38607,000001,A（事業）,001,処分費,08:38,08:38,000001,ﾖｼﾓﾘ扇ﾘｻｲｸﾙｾﾝﾀｰ,000001,ｵﾈｽﾄ,000001,新木場ﾘｻｲｸﾙ工場,000302,ﾖｼﾓﾘ,000244,ﾖｼﾓﾘ,1,紙,,000002,渡辺
2025/01/29(水),2025/01/29(水),2025/01/29(水),000302,ﾖｼﾓﾘ,1,売上,000003,混合廃棄物C,"3,130","3,130",03,kg,58,"181,540",38604,000001,A（事業）,001,処分費,08:18,08:20,000001,ﾖｼﾓﾘ扇ﾘｻｲｸﾙｾﾝﾀｰ,000001,ｵﾈｽﾄ,000001,新木場ﾘｻｲｸﾙ工場,000302,ﾖｼﾓﾘ,000244,ﾖｼﾓﾘ,1,紙,,000002,渡辺
2025/01/29(水),2025/01/29(水),2025/01/29(水),000312,野口興業,1,売上,000001,混合廃棄物A,650,650,03,kg,45,"29,250",38596,000001,A（事業）,001,処分費,07:22,07:28,000000,野口興業,000001,ｵﾈｽﾄ,000001,新木場ﾘｻｲｸﾙ工場,000312,野口興業,000253,野口興業,1,紙,,000002,渡辺
2025/01/29(水),2025/01/29(水),2025/01/29(水),000318,ﾔﾏﾓﾄｵﾌｨｽｻｰﾋﾞｽ,1,売上,000001,混合廃棄物A,610,610,03,kg,65,"39,650",38638,000002,B（残置）,001,処分費,12:08,12:08,000002,水天宮,000001,ｵﾈｽﾄ,000001,新木場ﾘｻｲｸﾙ工場,000188,ｽﾁｰﾙｽﾄｱ,000154,ｽﾁｰﾙｽﾄｱ,1,紙,,000006,川部
2025/01/29(水),2025/01/29(水),2025/01/29(水),000323,雑用社,1,売上,000002,混合廃棄物B,530,530,03,kg,70,"37,100",38600,000002,B（残置）,001,処分費,07:58,08:01,000000,雑用社,000001,ｵﾈｽﾄ,000001,新木場ﾘｻｲｸﾙ工場,000323,雑用社,000260,雑用社,1,紙,,000002,渡辺
2025/01/29(水),2025/01/29(水),2025/01/29(水),000392,亀田,1,売上,000002,混合廃棄物B,"2,700","2,700",03,kg,63,"170,100",38602,000005,E（中・積),001,処分費,08:07,08:10,000000,亀田,000001,ｵﾈｽﾄ,000001,新木場ﾘｻｲｸﾙ工場,000392,亀田,000313,亀田,1,紙,,000002,渡辺
2025/01/29(水),2025/01/29(水),2025/01/29(水),000691,Re建装,1,売上,000001,混合廃棄物A,20,20,03,kg,65,"1,300",38611,000003,C（解体）,001,処分費,08:55,08:57,000000,Re建装,000001,ｵﾈｽﾄ,000001,新木場ﾘｻｲｸﾙ工場,000691,Re建装,001275,Re建装,1,紙,,000007,小林
2025/01/29(水),2025/01/29(水),2025/01/29(水),000691,Re建装,1,売上,000001,混合廃棄物A,70,70,03,kg,65,"4,550",38610,000003,C（解体）,001,処分費,08:54,08:58,000000,Re建装,000001,ｵﾈｽﾄ,000001,新木場ﾘｻｲｸﾙ工場,000691,Re建装,001275,Re建装,1,紙,,000007,小林
2025/01/29(水),2025/01/29(水),2025/01/29(水),000691,Re建装,1,売上,000006,混合廃棄物(壁紙・ｸﾛｽ),80,80,03,kg,75,"6,000",38610,000003,C（解体）,001,処分費,08:54,08:58,000000,Re建装,000001,ｵﾈｽﾄ,000001,新木場ﾘｻｲｸﾙ工場,000691,Re建装,001275,Re建装,1,紙,,000007,小林
2025/01/29(水),2025/01/29(水),2025/01/29(水),000691,Re建装,1,売上,000006,混合廃棄物(壁紙・ｸﾛｽ),90,90,03,kg,75,"6,750",38611,000003,C（解体）,001,処分費,08:55,08:57,000000,Re建装,000001,ｵﾈｽﾄ,000001,新木場ﾘｻｲｸﾙ工場,000691,Re建装,001275,Re建装,1,紙,,000007,小林
2025/01/29(水),2025/01/29(水),2025/01/29(水),000734,ﾒﾀｳｫｰﾀｰ（さいたま）,1,売上,000014,混合廃棄物,40,40,03,kg,65,"2,600",38697,000004,D（建設）,001,処分費,16:27,16:29,000012,雨水滞水池ﾌﾗｯｼｭｹﾞｰﾄNo.1ほか修繕（上流）,000001,ｵﾈｽﾄ,000001,新木場ﾘｻｲｸﾙ工場,000001,ｵﾈｽﾄ,000281,ﾒﾀｳｫｰﾀｰ,1,紙,,000010,メタウォーター
2025/01/29(水),2025/01/29(水),2025/01/29(水),000734,ﾒﾀｳｫｰﾀｰ（さいたま）,1,売上,000352,運搬費(2ｔ車),,1,07,台,"28,000","28,000",38697,000004,D（建設）,002,運搬費,16:27,16:29,000012,雨水滞水池ﾌﾗｯｼｭｹﾞｰﾄNo.1ほか修繕（上流）,000001,ｵﾈｽﾄ,000001,新木場ﾘｻｲｸﾙ工場,000001,ｵﾈｽﾄ,000281,ﾒﾀｳｫｰﾀｰ,1,紙,,000010,メタウォーター
2025/01/29(水),2025/01/29(水),2025/01/29(水),000788,海野工業,1,売上,000001,混合廃棄物A,30,30,03,kg,65,"1,950",38599,000003,C（解体）,001,処分費,07:47,07:49,000000,海野工業,000001,ｵﾈｽﾄ,000001,新木場ﾘｻｲｸﾙ工場,000788,海野工業,001295,海野工業,1,紙,,000007,小林
2025/01/29(水),2025/01/29(水),2025/01/29(水),000828,ﾆｯﾀｴｱｿﾘｭｰｼｮﾝｽﾞ,1,売上,000001,混合廃棄物A,30,30,03,kg,65,"1,950",38644,000004,D（建設）,001,処分費,12:22,12:24,000001,大森技術ｾﾝﾀｰ,000001,ｵﾈｽﾄ,000001,新木場ﾘｻｲｸﾙ工場,000001,ｵﾈｽﾄ,000648,ﾆｯﾀｴｱｿﾘｭｰｼｮﾝｽﾞ,1,紙,,000005,今村（紀）
2025/01/29(水),2025/01/29(水),2025/01/29(水),000828,ﾆｯﾀｴｱｿﾘｭｰｼｮﾝｽﾞ,1,売上,000004,混合廃棄物(焼却物),230,230,03,kg,75,"17,250",38644,000004,D（建設）,001,処分費,12:22,12:24,000001,大森技術ｾﾝﾀｰ,000001,ｵﾈｽﾄ,000001,新木場ﾘｻｲｸﾙ工場,000001,ｵﾈｽﾄ,000648,ﾆｯﾀｴｱｿﾘｭｰｼｮﾝｽﾞ,1,紙,,000005,今村（紀）
2025/01/29(水),2025/01/29(水),2025/01/29(水),000828,ﾆｯﾀｴｱｿﾘｭｰｼｮﾝｽﾞ,1,売上,000352,運搬費(2ｔ車),,1,07,台,"23,000","23,000",38644,000004,D（建設）,002,運搬費,12:22,12:24,000001,大森技術ｾﾝﾀｰ,000001,ｵﾈｽﾄ,000001,新木場ﾘｻｲｸﾙ工場,000001,ｵﾈｽﾄ,000648,ﾆｯﾀｴｱｿﾘｭｰｼｮﾝｽﾞ,1,紙,,000005,今村（紀）
2025/01/29(水),2025/01/29(水),2025/01/29(水),000865,金澤運輸,1,売上,000001,混合廃棄物A,190,190,03,kg,65,"12,350",38656,000003,C（解体）,001,処分費,13:38,13:42,000000,金澤運輸,000001,ｵﾈｽﾄ,000001,新木場ﾘｻｲｸﾙ工場,000865,金澤運輸,001305,金澤運輸,1,紙,,000007,小林
2025/01/29(水),2025/01/29(水),2025/01/29(水),000885,ﾏｲﾝﾄﾞｶﾝﾊﾟﾆｰ合同会社,1,売上,000001,混合廃棄物A,220,220,03,kg,65,"14,300",38614,000002,B（残置）,001,処分費,09:20,09:20,000000,ﾏｲﾝﾄﾞｶﾝﾊﾟﾆｰ合同会社,000001,ｵﾈｽﾄ,000001,新木場ﾘｻｲｸﾙ工場,000885,ﾏｲﾝﾄﾞｶﾝﾊﾟﾆｰ合同会社,000685,ﾏｲﾝﾄﾞｶﾝﾊﾟﾆｰ,1,紙,,000005,今村（紀）
2025/01/29(水),2025/01/29(水),2025/01/29(水),000898,ﾄﾗｽﾄ,1,売上,000001,混合廃棄物A,60,60,03,kg,58,"3,480",38588,000006,F（他）,001,処分費,06:25,06:25,000000,ﾄﾗｽﾄ,000001,ｵﾈｽﾄ,000001,新木場ﾘｻｲｸﾙ工場,000898,ﾄﾗｽﾄ,001022,ｻﾝ･ﾃｸﾉ,1,紙,,000012,サン・テクノ
2025/01/29(水),2025/01/29(水),2025/01/29(水),000898,ﾄﾗｽﾄ,1,売上,000004,混合廃棄物(焼却物),70,70,03,kg,68,"4,760",38588,000006,F（他）,001,処分費,06:25,06:25,000000,ﾄﾗｽﾄ,000001,ｵﾈｽﾄ,000001,新木場ﾘｻｲｸﾙ工場,000898,ﾄﾗｽﾄ,001022,ｻﾝ･ﾃｸﾉ,1,紙,,000012,サン・テクノ
2025/01/29(水),2025/01/29(水),2025/01/29(水),000988,さくら装建,1,売上,000001,混合廃棄物A,540,540,03,kg,65,"35,100",38613,000002,B（残置）,001,処分費,09:10,09:13,000000,さくら装建,000001,ｵﾈｽﾄ,000001,新木場ﾘｻｲｸﾙ工場,000988,さくら装建,000766,さくら装建,1,紙,,000002,渡辺
2025/01/29(水),2025/01/29(水),2025/01/29(水),001106,舞浜企画（市川本社）,1,売上,000002,混合廃棄物B,30,30,03,kg,70,"2,100",38621,000003,C（解体）,001,処分費,10:04,10:04,000005,共同住宅ｱｯﾌﾟﾙﾊｲﾂ,000001,ｵﾈｽﾄ,000001,新木場ﾘｻｲｸﾙ工場,005727,富山,000896,富山,1,紙,,000004,山本
2025/01/29(水),2025/01/29(水),2025/01/29(水),001244,銀座急送,1,売上,000001,混合廃棄物A,"1,200","1,200",03,kg,65,"78,000",38712,000002,B（残置）,001,処分費,17:40,17:55,000001,銀座急送㈱辰巳DS,000001,ｵﾈｽﾄ,000001,新木場ﾘｻｲｸﾙ工場,001244,銀座急送,000965,銀座急送,1,紙,,000002,渡辺
2025/01/29(水),2025/01/29(水),2025/01/29(水),001244,銀座急送,1,売上,000036,ﾏｯﾄﾚｽ(ｼﾝｸﾞﾙ),10,1,11,枚,"6,000","6,000",38712,000002,B（残置）,001,処分費,17:40,17:55,000001,銀座急送㈱辰巳DS,000001,ｵﾈｽﾄ,000001,新木場ﾘｻｲｸﾙ工場,001244,銀座急送,000965,銀座急送,1,紙,,000002,渡辺
2025/01/29(水),2025/01/29(水),2025/01/29(水),001395,昭和女子大学,1,売上,000001,混合廃棄物A,170,170,03,kg,65,"11,050",38680,000001,A（事業）,001,処分費,15:16,15:16,000000,昭和女子大学,000001,ｵﾈｽﾄ,000001,新木場ﾘｻｲｸﾙ工場,000019,ﾀｹｴｲ,000016,ﾀｹｴｲ,1,紙,,000007,小林
2025/01/29(水),2025/01/29(水),2025/01/29(水),001434,(ｻﾝﾃｸﾉ)東和ｴﾝｼﾞﾆｱﾘﾝｸﾞ,1,売上,000001,混合廃棄物A,90,90,03,kg,58,"5,220",38687,000006,F（他）,001,処分費,14:32,15:55,000104,東京ﾐｯﾄﾞﾀｳﾝﾎｰﾙＤＳＰ大井ｽﾋﾟｰｶｰ改修,000001,ｵﾈｽﾄ,000001,新木場ﾘｻｲｸﾙ工場,005884,(ｻﾝﾃｸﾉ)ｻﾝﾄﾗｽﾄ,001022,ｻﾝ･ﾃｸﾉ,1,紙,,000012,サン・テクノ
2025/01/29(水),2025/01/29(水),2025/01/29(水),001434,(ｻﾝﾃｸﾉ)東和ｴﾝｼﾞﾆｱﾘﾝｸﾞ,1,売上,000001,混合廃棄物A,100,100,03,kg,58,"5,800",38648,000006,F（他）,001,処分費,12:56,12:56,000051,順天学園,000001,ｵﾈｽﾄ,000001,新木場ﾘｻｲｸﾙ工場,000226,ｽﾃｱ,001022,ｻﾝ･ﾃｸﾉ,1,紙,,000012,サン・テクノ
2025/01/29(水),2025/01/29(水),2025/01/29(水),001434,(ｻﾝﾃｸﾉ)東和ｴﾝｼﾞﾆｱﾘﾝｸﾞ,1,売上,000030,選別,"1,140","1,140",03,kg,50,"57,000",38687,000006,F（他）,001,処分費,14:32,15:55,000104,東京ﾐｯﾄﾞﾀｳﾝﾎｰﾙＤＳＰ大井ｽﾋﾟｰｶｰ改修,000001,ｵﾈｽﾄ,000001,新木場ﾘｻｲｸﾙ工場,005884,(ｻﾝﾃｸﾉ)ｻﾝﾄﾗｽﾄ,001022,ｻﾝ･ﾃｸﾉ,1,紙,,000012,サン・テクノ
2025/01/29(水),2025/01/29(水),2025/01/29(水),001434,(ｻﾝﾃｸﾉ)東和ｴﾝｼﾞﾆｱﾘﾝｸﾞ,1,売上,000046,ﾀﾞﾝﾎﾞｰﾙ,10,10,03,kg,15,150,38687,000006,F（他）,001,処分費,14:32,15:55,000104,東京ﾐｯﾄﾞﾀｳﾝﾎｰﾙＤＳＰ大井ｽﾋﾟｰｶｰ改修,000001,ｵﾈｽﾄ,000001,新木場ﾘｻｲｸﾙ工場,005884,(ｻﾝﾃｸﾉ)ｻﾝﾄﾗｽﾄ,001022,ｻﾝ･ﾃｸﾉ,1,紙,,000012,サン・テクノ
2025/01/29(水),2025/01/29(水),2025/01/29(水),001434,(ｻﾝﾃｸﾉ)東和ｴﾝｼﾞﾆｱﾘﾝｸﾞ,2,支払,000068,GC 軽鉄･ｽﾁｰﾙ類,70,70,03,kg,21,"1,470",38687,000006,F（他）,003,有価物,14:32,15:55,000104,東京ﾐｯﾄﾞﾀｳﾝﾎｰﾙＤＳＰ大井ｽﾋﾟｰｶｰ改修,000001,ｵﾈｽﾄ,000001,新木場ﾘｻｲｸﾙ工場,005884,(ｻﾝﾃｸﾉ)ｻﾝﾄﾗｽﾄ,001022,ｻﾝ･ﾃｸﾉ,1,紙,,000012,サン・テクノ
2025/01/29(水),2025/01/29(水),2025/01/29(水),001438,(ｻﾝﾃｸﾉ)三興運輸(葛飾区),1,売上,000001,混合廃棄物A,810,810,03,kg,58,"46,980",38682,000006,F（他）,001,処分費,15:23,15:32,000000,(ｻﾝﾃｸﾉ)三興運輸(葛飾区),000001,ｵﾈｽﾄ,000001,新木場ﾘｻｲｸﾙ工場,001438,(ｻﾝﾃｸﾉ)三興運輸(葛飾区),001022,ｻﾝ･ﾃｸﾉ,1,紙,,000012,サン・テクノ
2025/01/29(水),2025/01/29(水),2025/01/29(水),001438,(ｻﾝﾃｸﾉ)三興運輸(葛飾区),1,売上,000492,混合廃棄物（羽毛物）,10,10,03,kg,200,"2,000",38682,000006,F（他）,001,処分費,15:23,15:32,000000,(ｻﾝﾃｸﾉ)三興運輸(葛飾区),000001,ｵﾈｽﾄ,000001,新木場ﾘｻｲｸﾙ工場,001438,(ｻﾝﾃｸﾉ)三興運輸(葛飾区),001022,ｻﾝ･ﾃｸﾉ,1,紙,,000012,サン・テクノ
2025/01/29(水),2025/01/29(水),2025/01/29(水),001500,ｽﾀｰｾﾞﾝﾛｼﾞｽﾃｨｸｽ,1,売上,000001,混合廃棄物A,800,800,03,kg,54,"43,200",38641,000001,A（事業）,001,処分費,12:04,12:05,000000,ｽﾀｰｾﾞﾝﾛｼﾞｽﾃｨｸｽ,000001,ｵﾈｽﾄ,000001,新木場ﾘｻｲｸﾙ工場,000028,五十嵐商会,000025,五十嵐商会,1,紙,,000002,渡辺
2025/01/29(水),2025/01/29(水),2025/01/29(水),001550,ちよだ,1,売上,000001,混合廃棄物A,660,660,03,kg,65,"42,900",38647,000001,A（事業）,001,処分費,12:27,12:27,000000,ちよだ,000001,ｵﾈｽﾄ,000001,新木場ﾘｻｲｸﾙ工場,001546,江栄,000013,江栄,1,紙,,000002,渡辺
2025/01/29(水),2025/01/29(水),2025/01/29(水),001654,ﾌﾟﾘ･ﾃｯｸ,1,売上,000001,混合廃棄物A,"1,690","1,690",03,kg,65,"109,850",38586,000001,A（事業）,001,処分費,06:58,07:00,000000,ﾌﾟﾘ･ﾃｯｸ,000001,ｵﾈｽﾄ,000001,新木場ﾘｻｲｸﾙ工場,001248,東日本ﾊｲｳｪｲ,000969,東日本ﾊｲｳｪｲ,1,紙,,000002,渡辺
2025/01/29(水),2025/01/29(水),2025/01/29(水),001654,ﾌﾟﾘ･ﾃｯｸ,1,売上,000036,ﾏｯﾄﾚｽ(ｼﾝｸﾞﾙ),10,1,11,枚,"6,000","6,000",38586,000001,A（事業）,001,処分費,06:58,07:00,000000,ﾌﾟﾘ･ﾃｯｸ,000001,ｵﾈｽﾄ,000001,新木場ﾘｻｲｸﾙ工場,001248,東日本ﾊｲｳｪｲ,000969,東日本ﾊｲｳｪｲ,1,紙,,000002,渡辺
2025/01/29(水),2025/01/29(水),2025/01/29(水),001656,真和商事,1,売上,000001,混合廃棄物A,770,770,03,kg,60,"46,200",38715,000002,B（残置）,001,処分費,18:05,18:08,000001,真和商事　杉並営業所,000001,ｵﾈｽﾄ,000001,新木場ﾘｻｲｸﾙ工場,001656,真和商事,000055,真和商事,1,紙,,000002,渡辺
2025/01/29(水),2025/01/29(水),2025/01/29(水),001704,ひまわり総合ｻｰﾋﾞｽ,1,売上,000001,混合廃棄物A,"1,340","1,340",03,kg,65,"87,100",38669,000001,A（事業）,001,処分費,14:52,14:52,000000,ひまわり総合ｻｰﾋﾞｽ,000001,ｵﾈｽﾄ,000001,新木場ﾘｻｲｸﾙ工場,001494,坪野谷紙業,000629,坪野谷紙業,1,紙,,000002,渡辺
2025/01/29(水),2025/01/29(水),2025/01/29(水),001704,ひまわり総合ｻｰﾋﾞｽ,1,売上,000036,ﾏｯﾄﾚｽ(ｼﾝｸﾞﾙ),10,1,11,枚,"6,000","6,000",38669,000001,A（事業）,001,処分費,14:52,14:52,000000,ひまわり総合ｻｰﾋﾞｽ,000001,ｵﾈｽﾄ,000001,新木場ﾘｻｲｸﾙ工場,001494,坪野谷紙業,000629,坪野谷紙業,1,紙,,000002,渡辺
2025/01/29(水),2025/01/29(水),2025/01/29(水),001828,ﾃﾞｨｰﾊﾞ,1,売上,000001,混合廃棄物A,20,20,03,kg,65,"1,300",38651,000002,B（残置）,001,処分費,13:08,13:08,000000,ﾃﾞｨｰﾊﾞ,000001,ｵﾈｽﾄ,000001,新木場ﾘｻｲｸﾙ工場,001212,永田興業,000939,永田興業,1,紙,,000007,小林
2025/01/29(水),2025/01/29(水),2025/01/29(水),001828,ﾃﾞｨｰﾊﾞ,1,売上,000016,軽量物系A(発泡ｽﾁﾛｰﾙ),80,80,03,kg,200,"16,000",38651,000002,B（残置）,001,処分費,13:08,13:08,000000,ﾃﾞｨｰﾊﾞ,000001,ｵﾈｽﾄ,000001,新木場ﾘｻｲｸﾙ工場,001212,永田興業,000939,永田興業,1,紙,,000007,小林
2025/01/29(水),2025/01/29(水),2025/01/29(水),001828,ﾃﾞｨｰﾊﾞ,1,売上,000029,木くず,220,220,03,kg,35,"7,700",38651,000002,B（残置）,001,処分費,13:08,13:08,000000,ﾃﾞｨｰﾊﾞ,000001,ｵﾈｽﾄ,000001,新木場ﾘｻｲｸﾙ工場,001212,永田興業,000939,永田興業,1,紙,,000007,小林
2025/01/29(水),2025/01/29(水),2025/01/29(水),001845,ｲﾄｰﾖｰｶ堂,1,売上,000001,混合廃棄物A,"2,770","2,770",03,kg,65,"180,050",38587,000001,A（事業）,001,処分費,07:08,07:10,000003,ｱﾘｵ亀有店,000001,ｵﾈｽﾄ,000001,新木場ﾘｻｲｸﾙ工場,000170,板越商事,000138,板越商事,2,電子,,000002,渡辺
2025/01/29(水),2025/01/29(水),2025/01/29(水),001892,東洋熱工業,1,売上,000001,混合廃棄物A,470,470,03,kg,58,"27,260",38706,000004,D（建設）,001,処分費,17:24,17:28,000078,【M3サブ系統】緑山スタジオAHU更新工事,000001,ｵﾈｽﾄ,000001,新木場ﾘｻｲｸﾙ工場,000016,泉土木,000014,泉土木,1,紙,,000001,矢作
2025/01/29(水),2025/01/29(水),2025/01/29(水),001947,ﾁｬｺｰﾙ市野,1,売上,000001,混合廃棄物A,"1,030","1,030",03,kg,53,"54,590",38631,000001,A（事業）,001,処分費,11:12,11:12,000001,渋谷市野ﾋﾞﾙ,000001,ｵﾈｽﾄ,000001,新木場ﾘｻｲｸﾙ工場,000302,ﾖｼﾓﾘ,000244,ﾖｼﾓﾘ,1,紙,,000002,渡辺
2025/01/29(水),2025/01/29(水),2025/01/29(水),001972,第一ﾋﾞﾙﾃﾞｨﾝｸﾞ,1,売上,000001,混合廃棄物A,"1,140","1,140",03,kg,54,"61,560",38622,000001,A（事業）,001,処分費,10:19,10:21,000001,経団連会館,000001,ｵﾈｽﾄ,000001,新木場ﾘｻｲｸﾙ工場,000028,五十嵐商会,000025,五十嵐商会,1,紙,,000002,渡辺
2025/01/29(水),2025/01/29(水),2025/01/29(水),002056,東広,1,売上,000001,混合廃棄物A,570,570,03,kg,65,"37,050",38657,000002,B（残置）,001,処分費,13:47,13:47,000000,東広,000001,ｵﾈｽﾄ,000001,新木場ﾘｻｲｸﾙ工場,001976,ｼﾐｽﾞｵｸﾄ,000202,ｼﾐｽﾞｵｸﾄ,1,紙,,000005,今村（紀）
2025/01/29(水),2025/01/29(水),2025/01/29(水),002056,東広,1,売上,000015,混合廃棄物(反物),"2,290","2,290",03,kg,100,"229,000",38657,000002,B（残置）,001,処分費,13:47,13:47,000000,東広,000001,ｵﾈｽﾄ,000001,新木場ﾘｻｲｸﾙ工場,001976,ｼﾐｽﾞｵｸﾄ,000202,ｼﾐｽﾞｵｸﾄ,1,紙,,000005,今村（紀）
2025/01/29(水),2025/01/29(水),2025/01/29(水),002137,ﾔﾏﾄ運輸北東京主管支店,1,売上,000002,混合廃棄物B,"1,080","1,080",03,kg,70,"75,600",38620,000005,E（中・積),001,処分費,10:18,10:23,000000,ﾔﾏﾄ運輸北東京主管支店,000001,ｵﾈｽﾄ,000001,新木場ﾘｻｲｸﾙ工場,000333,坪田運送,000270,坪田運送,1,紙,,000002,渡辺
2025/01/29(水),2025/01/29(水),2025/01/29(水),002196,丸山工務店,1,売上,000001,混合廃棄物A,630,630,03,kg,65,"40,950",38627,000004,D（建設）,001,処分費,10:58,10:58,000001,丸山工務店,000001,ｵﾈｽﾄ,000001,新木場ﾘｻｲｸﾙ工場,000154,京葉興業,000123,京葉興業,1,紙,,000004,山本
2025/01/29(水),2025/01/29(水),2025/01/29(水),002202,宮坂運送,1,売上,000001,混合廃棄物A,800,800,03,kg,65,"52,000",38696,000002,B（残置）,001,処分費,16:18,16:35,000003,宮坂運送（東葛西）,000001,ｵﾈｽﾄ,000001,新木場ﾘｻｲｸﾙ工場,002202,宮坂運送,000268,宮坂運送,1,紙,,000004,山本
2025/01/29(水),2025/01/29(水),2025/01/29(水),002245,三友建設,1,売上,000002,混合廃棄物B,200,200,03,kg,65,"13,000",38664,000003,C（解体）,001,処分費,14:11,14:11,000000,三友建設,000001,ｵﾈｽﾄ,000001,新木場ﾘｻｲｸﾙ工場,002245,三友建設,000658,三友建設,2,電子,,000002,渡辺
2025/01/29(水),2025/01/29(水),2025/01/29(水),002245,三友建設,1,売上,000021,軽量物系B(ｸﾞﾗｽｳｰﾙ),80,80,03,kg,60,"4,800",38664,000003,C（解体）,001,処分費,14:11,14:11,000000,三友建設,000001,ｵﾈｽﾄ,000001,新木場ﾘｻｲｸﾙ工場,002245,三友建設,000658,三友建設,2,電子,,000002,渡辺
2025/01/29(水),2025/01/29(水),2025/01/29(水),002294,中村展設,1,売上,000001,混合廃棄物A,670,670,03,kg,60,"40,200",38655,000002,B（残置）,001,処分費,13:25,13:45,000020,中村展設（三郷市）,000001,ｵﾈｽﾄ,000001,新木場ﾘｻｲｸﾙ工場,001772,三洋ｴｸｽﾌﾟﾚｽ,000228,三洋ｴｸｽﾌﾟﾚｽ,1,紙,,000002,渡辺
2025/01/29(水),2025/01/29(水),2025/01/29(水),002294,中村展設,1,売上,000030,選別,40,40,03,kg,40,"1,600",38655,000002,B（残置）,001,処分費,13:25,13:45,000020,中村展設（三郷市）,000001,ｵﾈｽﾄ,000001,新木場ﾘｻｲｸﾙ工場,001772,三洋ｴｸｽﾌﾟﾚｽ,000228,三洋ｴｸｽﾌﾟﾚｽ,1,紙,,000002,渡辺
2025/01/29(水),2025/01/29(水),2025/01/29(水),002294,中村展設,2,支払,000068,GC 軽鉄･ｽﾁｰﾙ類,300,300,03,kg,15,"4,500",38655,000002,B（残置）,003,有価物,13:25,13:45,000020,中村展設（三郷市）,000001,ｵﾈｽﾄ,000001,新木場ﾘｻｲｸﾙ工場,001772,三洋ｴｸｽﾌﾟﾚｽ,000228,三洋ｴｸｽﾌﾟﾚｽ,1,紙,,000002,渡辺
2025/01/29(水),2025/01/29(水),2025/01/29(水),002390,上組東京支店,1,売上,000001,混合廃棄物A,540,540,03,kg,65,"35,100",38634,000004,D（建設）,001,処分費,11:48,11:48,000001,㈱上組ﾜｰﾙﾄﾞ流通ｾﾝﾀｰ,000001,ｵﾈｽﾄ,000001,新木場ﾘｻｲｸﾙ工場,000133,ﾀﾞｲｲﾁ興業,000105,ﾀﾞｲｲﾁ興業,1,紙,,000004,山本
2025/01/29(水),2025/01/29(水),2025/01/29(水),002390,上組東京支店,1,売上,000492,混合廃棄物（羽毛物）,10,10,03,kg,250,"2,500",38634,000004,D（建設）,001,処分費,11:48,11:48,000001,㈱上組ﾜｰﾙﾄﾞ流通ｾﾝﾀｰ,000001,ｵﾈｽﾄ,000001,新木場ﾘｻｲｸﾙ工場,000133,ﾀﾞｲｲﾁ興業,000105,ﾀﾞｲｲﾁ興業,1,紙,,000004,山本
2025/01/29(水),2025/01/29(水),2025/01/29(水),002475,中外製薬,1,売上,000001,混合廃棄物A,40,40,03,kg,65,"2,600",38677,000002,B（残置）,001,処分費,13:36,13:36,000001,中外製薬(高崎）,000001,ｵﾈｽﾄ,000001,新木場ﾘｻｲｸﾙ工場,000001,ｵﾈｽﾄ,000023,ｼﾝｼｱ,2,電子,,000004,山本
2025/01/29(水),2025/01/29(水),2025/01/29(水),002475,中外製薬,1,売上,000109,運搬費(2t),,1,07,台,"40,000","40,000",38677,000002,B（残置）,002,運搬費,13:36,13:36,000001,中外製薬(高崎）,000001,ｵﾈｽﾄ,000001,新木場ﾘｻｲｸﾙ工場,000001,ｵﾈｽﾄ,000023,ｼﾝｼｱ,2,電子,,000004,山本
2025/01/29(水),2025/01/29(水),2025/01/29(水),002482,AQ　Group,1,売上,000029,木くず,980,980,03,kg,35,"34,300",38659,000003,C（解体）,001,処分費,14:14,14:16,000000,AQ　Group,000001,ｵﾈｽﾄ,000001,新木場ﾘｻｲｸﾙ工場,006167,綿貫工業,000658,三友建設,2,電子,,000002,渡辺
2025/01/29(水),2025/01/29(水),2025/01/29(水),002539,三星樹脂工業,1,売上,000001,混合廃棄物A,"1,180","1,180",03,kg,65,"76,700",38674,000001,A（事業）,001,処分費,14:55,14:58,000000,三星樹脂工業,000001,ｵﾈｽﾄ,000001,新木場ﾘｻｲｸﾙ工場,001454,谷津商会,000247,谷津商会,1,紙,,000002,渡辺
2025/01/29(水),2025/01/29(水),2025/01/29(水),002576,(ｻﾝﾃｸﾉ)川崎ﾈｯﾄ工業,1,売上,000001,混合廃棄物A,520,520,03,kg,58,"30,160",38605,000006,F（他）,001,処分費,08:26,08:33,000000,(ｻﾝﾃｸﾉ)川崎ﾈｯﾄ工業,000001,ｵﾈｽﾄ,000001,新木場ﾘｻｲｸﾙ工場,002576,(ｻﾝﾃｸﾉ)川崎ﾈｯﾄ工業,001022,ｻﾝ･ﾃｸﾉ,1,紙,,000012,サン・テクノ
2025/01/29(水),2025/01/29(水),2025/01/29(水),002627,ｻﾃﾗｲﾄｼﾞｬﾊﾟﾝ,1,売上,000001,混合廃棄物A,130,130,03,kg,54,"7,020",38635,000001,A（事業）,001,処分費,11:39,11:40,000001,ﾌｧﾛｼﾃｨﾋﾞﾙ(ﾗ･ﾋﾟｽﾀ新橋),000001,ｵﾈｽﾄ,000001,新木場ﾘｻｲｸﾙ工場,000028,五十嵐商会,000025,五十嵐商会,1,紙,,000002,渡辺
2025/01/29(水),2025/01/29(水),2025/01/29(水),002666,室町ﾋﾞﾙｻｰﾋﾞｽ,1,売上,000001,混合廃棄物A,10,10,03,kg,58,580,38589,000004,D（建設）,001,処分費,06:26,06:27,000017,三井住友銀行板橋中台出張所,000001,ｵﾈｽﾄ,000001,新木場ﾘｻｲｸﾙ工場,000016,泉土木,000014,泉土木,1,紙,,000001,矢作
2025/01/29(水),2025/01/29(水),2025/01/29(水),002666,室町ﾋﾞﾙｻｰﾋﾞｽ,2,支払,000068,GC 軽鉄･ｽﾁｰﾙ類,110,110,03,kg,23.5,"2,585",38589,000004,D（建設）,003,有価物,06:26,06:27,000017,三井住友銀行板橋中台出張所,000001,ｵﾈｽﾄ,000001,新木場ﾘｻｲｸﾙ工場,000016,泉土木,000014,泉土木,1,紙,,000001,矢作
2025/01/29(水),2025/01/29(水),2025/01/29(水),002666,室町ﾋﾞﾙｻｰﾋﾞｽ,2,支払,000070,室外機,440,440,03,kg,30,"13,200",38591,000004,D（建設）,003,有価物,06:55,06:55,000017,三井住友銀行板橋中台出張所,000001,ｵﾈｽﾄ,000001,新木場ﾘｻｲｸﾙ工場,000016,泉土木,000014,泉土木,1,紙,,000001,矢作
2025/01/29(水),2025/01/29(水),2025/01/29(水),002666,室町ﾋﾞﾙｻｰﾋﾞｽ,2,支払,000070,室外機,710,710,03,kg,30,"21,300",38592,000004,D（建設）,003,有価物,06:55,06:55,000017,三井住友銀行板橋中台出張所,000001,ｵﾈｽﾄ,000001,新木場ﾘｻｲｸﾙ工場,000016,泉土木,000014,泉土木,1,紙,,000001,矢作
2025/01/29(水),2025/01/29(水),2025/01/29(水),002766,ﾕｰﾌﾟﾗﾝﾄ,1,売上,000001,混合廃棄物A,540,540,03,kg,58,"31,320",38700,000004,D,001,処分費,16:44,16:54,000000,ﾕｰﾌﾟﾗﾝﾄ,000001,ｵﾈｽﾄ,000001,新木場ﾘｻｲｸﾙ工場,002766,ﾕｰﾌﾟﾗﾝﾄ,000014,泉土木,1,紙,,000001,矢作
2025/01/29(水),2025/01/29(水),2025/01/29(水),002766,ﾕｰﾌﾟﾗﾝﾄ,1,売上,000026,石膏ﾎﾞｰﾄﾞC,60,60,03,kg,45,"2,700",38700,000004,D,001,処分費,16:44,16:54,000000,ﾕｰﾌﾟﾗﾝﾄ,000001,ｵﾈｽﾄ,000001,新木場ﾘｻｲｸﾙ工場,002766,ﾕｰﾌﾟﾗﾝﾄ,000014,泉土木,1,紙,,000001,矢作
2025/01/29(水),2025/01/29(水),2025/01/29(水),002906,ﾎｰﾑﾗｲﾌ管理,1,売上,000001,混合廃棄物A,10,10,03,kg,58,580,38710,000004,D（建設）,001,処分費,16:33,16:33,000002,TDS三田,000001,ｵﾈｽﾄ,000001,新木場ﾘｻｲｸﾙ工場,000016,泉土木,000014,泉土木,1,紙,,000001,矢作
2025/01/29(水),2025/01/29(水),2025/01/29(水),003122,三井不動産ﾎﾃﾙﾏﾈｼﾞﾒﾝﾄ,1,売上,000001,混合廃棄物A,640,640,03,kg,54,"34,560",38601,000001,A（事業）,001,処分費,08:06,08:08,000002,三井ｶﾞｰﾃﾞﾝﾎﾃﾙ京橋,000001,ｵﾈｽﾄ,000001,新木場ﾘｻｲｸﾙ工場,000028,五十嵐商会,000025,五十嵐商会,1,紙,,000002,渡辺
2025/01/29(水),2025/01/29(水),2025/01/29(水),003283,鈴進産資源,1,売上,000002,混合廃棄物B,890,890,03,kg,70,"62,300",38685,000004,D（建設）,001,処分費,15:38,15:41,000000,鈴進産資源,000001,ｵﾈｽﾄ,000001,新木場ﾘｻｲｸﾙ工場,001225,ｹｲﾖｰｶﾞｰﾍﾞｯﾁﾞ,000949,ｹｲﾖｰｶﾞｰﾍﾞｯﾁﾞ,1,紙,,000002,渡辺
2025/01/29(水),2025/01/29(水),2025/01/29(水),003283,鈴進産資源,1,売上,000004,混合廃棄物(焼却物),100,100,03,kg,75,"7,500",38685,000004,D（建設）,001,処分費,15:38,15:41,000000,鈴進産資源,000001,ｵﾈｽﾄ,000001,新木場ﾘｻｲｸﾙ工場,001225,ｹｲﾖｰｶﾞｰﾍﾞｯﾁﾞ,000949,ｹｲﾖｰｶﾞｰﾍﾞｯﾁﾞ,1,紙,,000002,渡辺
2025/01/29(水),2025/01/29(水),2025/01/29(水),003560,帝国倉庫,1,売上,000001,混合廃棄物A,130,130,03,kg,65,"8,450",38711,000002,B（残置）,001,処分費,17:34,17:39,000002,㈱帝国倉庫　板橋営業所,000001,ｵﾈｽﾄ,000001,新木場ﾘｻｲｸﾙ工場,000110,ﾃｲｿｳ物流ｻｰﾋﾞｽ,000088,ﾃｲｿｳ物流ｻｰﾋﾞｽ,1,紙,,000002,渡辺
2025/01/29(水),2025/01/29(水),2025/01/29(水),003593,ｴｺﾍﾟﾝｷﾞﾝ,1,売上,000002,混合廃棄物B,440,440,03,kg,70,"30,800",38608,000004,D（建設）,001,処分費,08:48,08:52,000000,ｴｺﾍﾟﾝｷﾞﾝ,000001,ｵﾈｽﾄ,000001,新木場ﾘｻｲｸﾙ工場,000210,ES産業,000175,ES産業,1,紙,,000002,渡辺
2025/01/29(水),2025/01/29(水),2025/01/29(水),003593,ｴｺﾍﾟﾝｷﾞﾝ,1,売上,000021,軽量物系B(ｸﾞﾗｽｳｰﾙ),190,190,03,kg,80,"15,200",38608,000004,D（建設）,001,処分費,08:48,08:52,000000,ｴｺﾍﾟﾝｷﾞﾝ,000001,ｵﾈｽﾄ,000001,新木場ﾘｻｲｸﾙ工場,000210,ES産業,000175,ES産業,1,紙,,000002,渡辺
2025/01/29(水),2025/01/29(水),2025/01/29(水),003601,双樹社,1,売上,000030,選別,30,30,03,kg,60,"1,800",38642,000002,B（残置）,001,処分費,11:10,11:10,000000,双樹社,000001,ｵﾈｽﾄ,000001,新木場ﾘｻｲｸﾙ工場,001308,ｵﾈｽﾄ･ﾜﾝ,001021,ｵﾈｽﾄ･ﾜﾝ,1,紙,,000011,オネスト・ワン
2025/01/29(水),2025/01/29(水),2025/01/29(水),003725,ﾔﾏﾀﾞ,1,売上,000001,混合廃棄物A,840,840,03,kg,65,"54,600",38615,000002,B（残置）,001,処分費,09:24,09:30,000000,ﾔﾏﾀﾞ,000001,ｵﾈｽﾄ,000001,新木場ﾘｻｲｸﾙ工場,000194,中央梱包運輸,000160,中央梱包運輸,1,紙,,000005,今村（紀）
2025/01/29(水),2025/01/29(水),2025/01/29(水),003863,ｸﾛﾀﾞ,1,売上,000021,軽量物系B(ｸﾞﾗｽｳｰﾙ),880,880,03,kg,80,"70,400",38617,000004,D（建設）,001,処分費,09:46,09:46,000001,ｸﾛﾀﾞ（足立区）,000001,ｵﾈｽﾄ,000001,新木場ﾘｻｲｸﾙ工場,003863,ｸﾛﾀﾞ,000374,ｸﾛﾀﾞ,1,紙,,000002,渡辺
2025/01/29(水),2025/01/29(水),2025/01/29(水),003872,ｾｷｽｲﾊｲﾑ不動産,1,売上,000001,混合廃棄物A,20,20,03,kg,65,"1,300",38637,000004,D（建設）,001,処分費,12:03,12:03,000000,ｾｷｽｲﾊｲﾑ不動産,000001,ｵﾈｽﾄ,000001,新木場ﾘｻｲｸﾙ工場,000001,ｵﾈｽﾄ,000654,ｾｷｽｲﾊｲﾑ 不動産,2,電子,,000005,今村（紀）
2025/01/29(水),2025/01/29(水),2025/01/29(水),003872,ｾｷｽｲﾊｲﾑ不動産,1,売上,000352,運搬費(2ｔ車),,1,07,台,"27,000","27,000",38637,000004,D（建設）,002,運搬費,12:03,12:03,000000,ｾｷｽｲﾊｲﾑ不動産,000001,ｵﾈｽﾄ,000001,新木場ﾘｻｲｸﾙ工場,000001,ｵﾈｽﾄ,000654,ｾｷｽｲﾊｲﾑ 不動産,2,電子,,000005,今村（紀）
2025/01/29(水),2025/01/29(水),2025/01/29(水),003954,ｲﾝﾋﾞｻﾞﾗｲﾝ・ｼﾞｬﾊﾟﾝ,1,売上,000030,選別,"1,550","1,550",03,kg,50,"77,500",38646,000006,F（他）,001,処分費,12:37,12:37,000002,鈴与㈱東扇島ﾒﾃﾞｨｶﾙｾﾝﾀｰ,000001,ｵﾈｽﾄ,000001,新木場ﾘｻｲｸﾙ工場,001308,ｵﾈｽﾄ･ﾜﾝ,001022,ｻﾝ･ﾃｸﾉ,1,紙,,000012,サン・テクノ
2025/01/29(水),2025/01/29(水),2025/01/29(水),004003,便利屋ﾐﾔﾅﾐ,1,売上,000001,混合廃棄物A,350,350,03,kg,65,"22,750",38717,000002,B（残置）,001,処分費,18:14,18:25,000000,便利屋ﾐﾔﾅﾐ,000001,ｵﾈｽﾄ,000001,新木場ﾘｻｲｸﾙ工場,004003,便利屋ﾐﾔﾅﾐ,001113,便利屋ﾐﾔﾅﾐ,1,紙,,000012,サン・テクノ
2025/01/29(水),2025/01/29(水),2025/01/29(水),004008,便利屋ﾌｧﾐﾘｰ江東木場店,1,売上,000001,混合廃棄物A,200,200,03,kg,65,"13,000",38713,000002,B（残置）,001,処分費,17:51,17:57,000000,便利屋ﾌｧﾐﾘｰ江東木場店,000001,ｵﾈｽﾄ,000001,新木場ﾘｻｲｸﾙ工場,004008,便利屋ﾌｧﾐﾘｰ江東木場店,001118,便利屋ﾌｧﾐﾘｰ江東木場店,1,紙,,000012,サン・テクノ
2025/01/29(水),2025/01/29(水),2025/01/29(水),004039,(ｵﾈﾜﾝ)ﾄｯﾌﾟﾘﾕｰｽ,1,売上,000001,混合廃棄物A,230,230,03,kg,63,"14,490",38653,000002,B（残置）,001,処分費,13:18,13:18,000000,(ｵﾈﾜﾝ)ﾄｯﾌﾟﾘﾕｰｽ,000001,ｵﾈｽﾄ,000001,新木場ﾘｻｲｸﾙ工場,004039,(ｵﾈﾜﾝ)ﾄｯﾌﾟﾘﾕｰｽ,001021,ｵﾈｽﾄ･ﾜﾝ,1,紙,,000011,オネスト・ワン
2025/01/29(水),2025/01/29(水),2025/01/29(水),004039,(ｵﾈﾜﾝ)ﾄｯﾌﾟﾘﾕｰｽ,1,売上,000001,混合廃棄物A,300,300,03,kg,63,"18,900",38703,000002,B,001,処分費,16:45,16:47,000000,(ｵﾈﾜﾝ)ﾄｯﾌﾟﾘﾕｰｽ,000001,ｵﾈｽﾄ,000001,新木場ﾘｻｲｸﾙ工場,004039,(ｵﾈﾜﾝ)ﾄｯﾌﾟﾘﾕｰｽ,001021,ｵﾈｽﾄ･ﾜﾝ,1,紙,,000011,オネスト・ワン
2025/01/29(水),2025/01/29(水),2025/01/29(水),004039,(ｵﾈﾜﾝ)ﾄｯﾌﾟﾘﾕｰｽ,1,売上,000004,混合廃棄物(焼却物),80,80,03,kg,68,"5,440",38703,000002,B,001,処分費,16:45,16:47,000000,(ｵﾈﾜﾝ)ﾄｯﾌﾟﾘﾕｰｽ,000001,ｵﾈｽﾄ,000001,新木場ﾘｻｲｸﾙ工場,004039,(ｵﾈﾜﾝ)ﾄｯﾌﾟﾘﾕｰｽ,001021,ｵﾈｽﾄ･ﾜﾝ,1,紙,,000011,オネスト・ワン
2025/01/29(水),2025/01/29(水),2025/01/29(水),004039,(ｵﾈﾜﾝ)ﾄｯﾌﾟﾘﾕｰｽ,1,売上,000102,ﾏﾆﾌｪｽﾄ,,10,11,枚,50,500,38703,000002,B,001,処分費,16:45,16:47,000000,(ｵﾈﾜﾝ)ﾄｯﾌﾟﾘﾕｰｽ,000001,ｵﾈｽﾄ,000001,新木場ﾘｻｲｸﾙ工場,004039,(ｵﾈﾜﾝ)ﾄｯﾌﾟﾘﾕｰｽ,001021,ｵﾈｽﾄ･ﾜﾝ,1,紙,,000011,オネスト・ワン
2025/01/29(水),2025/01/29(水),2025/01/29(水),004074,東武ﾃﾞﾘﾊﾞﾘｰ,1,売上,000001,混合廃棄物A,"1,040","1,040",03,kg,60,"62,400",38661,000004,D（建設）,001,処分費,13:50,14:56,000001,東武ﾃﾞﾘﾊﾞﾘｰ㈱物流ｾﾝﾀｰ,000001,ｵﾈｽﾄ,000001,新木場ﾘｻｲｸﾙ工場,000033,富士商事,000029,富士商事,1,紙,,000004,山本
2025/01/29(水),2025/01/29(水),2025/01/29(水),004074,東武ﾃﾞﾘﾊﾞﾘｰ,1,売上,000001,混合廃棄物A,"1,310","1,310",03,kg,60,"78,600",38704,000004,D（建設）,001,処分費,16:57,17:04,000000,東武ﾃﾞﾘﾊﾞﾘｰ,000001,ｵﾈｽﾄ,000001,新木場ﾘｻｲｸﾙ工場,000033,富士商事,000029,富士商事,1,紙,,000004,山本
2025/01/29(水),2025/01/29(水),2025/01/29(水),004074,東武ﾃﾞﾘﾊﾞﾘｰ,1,売上,000030,選別,300,300,03,kg,60,"18,000",38661,000004,D（建設）,001,処分費,13:50,14:56,000001,東武ﾃﾞﾘﾊﾞﾘｰ㈱物流ｾﾝﾀｰ,000001,ｵﾈｽﾄ,000001,新木場ﾘｻｲｸﾙ工場,000033,富士商事,000029,富士商事,1,紙,,000004,山本
2025/01/29(水),2025/01/29(水),2025/01/29(水),004074,東武ﾃﾞﾘﾊﾞﾘｰ,1,売上,000031,金庫,570,570,03,kg,80,"45,600",38661,000004,D（建設）,001,処分費,13:50,14:56,000001,東武ﾃﾞﾘﾊﾞﾘｰ㈱物流ｾﾝﾀｰ,000001,ｵﾈｽﾄ,000001,新木場ﾘｻｲｸﾙ工場,000033,富士商事,000029,富士商事,1,紙,,000004,山本
2025/01/29(水),2025/01/29(水),2025/01/29(水),004074,東武ﾃﾞﾘﾊﾞﾘｰ,2,支払,000068,GC 軽鉄･ｽﾁｰﾙ類,840,840,03,kg,25.5,"21,420",38661,000004,D（建設）,003,有価物,13:50,14:56,000001,東武ﾃﾞﾘﾊﾞﾘｰ㈱物流ｾﾝﾀｰ,000001,ｵﾈｽﾄ,000001,新木場ﾘｻｲｸﾙ工場,000033,富士商事,000029,富士商事,1,紙,,000004,山本
2025/01/29(水),2025/01/29(水),2025/01/29(水),004108,ﾊﾟﾅｿﾆｯｸ産機ｼｽﾃﾑｽﾞ,1,売上,000001,混合廃棄物A,370,370,03,kg,50,"18,500",38639,000004,D（建設）,001,処分費,12:22,12:29,000144,ファミリーマート真砂一丁目店,000001,ｵﾈｽﾄ,000001,新木場ﾘｻｲｸﾙ工場,006436,ｻﾜ･ｺｰﾎﾟﾚｰｼｮﾝ,000873,伊藤忠ﾒﾀﾙｽﾞ,2,電子,,000001,矢作
2025/01/29(水),2025/01/29(水),2025/01/29(水),004375,ｱｸｾｽﾌﾛﾝﾃｨｱ,1,売上,000002,混合廃棄物B,420,420,03,kg,70,"29,400",38693,000003,C（解体）,001,処分費,16:13,16:15,000006,みさと団地,000001,ｵﾈｽﾄ,000001,新木場ﾘｻｲｸﾙ工場,000362,ﾐﾔ産興,000290,ﾐﾔ産興,1,紙,,000004,山本
2025/01/29(水),2025/01/29(水),2025/01/29(水),004639,ｱｸｾｽ有明,1,売上,000001,混合廃棄物A,170,170,03,kg,65,"11,050",38626,000004,D（建設）,001,処分費,10:35,10:35,000000,ｱｸｾｽ有明,000001,ｵﾈｽﾄ,000001,新木場ﾘｻｲｸﾙ工場,004639,ｱｸｾｽ有明,000419,ｱｸｾｽ有明,1,紙,,000002,渡辺
2025/01/29(水),2025/01/29(水),2025/01/29(水),004639,ｱｸｾｽ有明,1,売上,000029,木くず,680,680,03,kg,35,"23,800",38626,000004,D（建設）,001,処分費,10:35,10:35,000000,ｱｸｾｽ有明,000001,ｵﾈｽﾄ,000001,新木場ﾘｻｲｸﾙ工場,004639,ｱｸｾｽ有明,000419,ｱｸｾｽ有明,1,紙,,000002,渡辺
2025/01/29(水),2025/01/29(水),2025/01/29(水),004766,JR東日本環境ｱｸｾｽ,1,売上,000001,混合廃棄物A,"1,300","1,300",03,kg,55,"71,500",38598,000001,A（事業）,001,処分費,07:45,07:45,000001,東京資源循環ｾﾝﾀｰ,000001,ｵﾈｽﾄ,000001,新木場ﾘｻｲｸﾙ工場,004766,JR東日本環境ｱｸｾｽ,000426,JR東日本環境ｱｸｾｽ,2,電子,,000002,渡辺
2025/01/29(水),2025/01/29(水),2025/01/29(水),004766,JR東日本環境ｱｸｾｽ,1,売上,000001,混合廃棄物A,"1,460","1,460",03,kg,55,"80,300",38609,000001,A（事業）,001,処分費,08:54,08:54,000001,東京資源循環ｾﾝﾀｰ,000001,ｵﾈｽﾄ,000001,新木場ﾘｻｲｸﾙ工場,004766,JR東日本環境ｱｸｾｽ,000426,JR東日本環境ｱｸｾｽ,2,電子,,000002,渡辺
2025/01/29(水),2025/01/29(水),2025/01/29(水),004847,三井住友銀行健康保険組合,1,売上,000001,混合廃棄物A,340,340,03,kg,65,"22,100",38698,000002,B（残置）,001,処分費,16:25,16:32,000000,三井住友銀行健康保険組合,000001,ｵﾈｽﾄ,000001,新木場ﾘｻｲｸﾙ工場,000110,ﾃｲｿｳ物流ｻｰﾋﾞｽ,000088,ﾃｲｿｳ物流ｻｰﾋﾞｽ,1,紙,,000002,渡辺
2025/01/29(水),2025/01/29(水),2025/01/29(水),005103,ｴﾚｸﾄﾘ,1,売上,000001,混合廃棄物A,930,930,03,kg,65,"60,450",38689,000004,D（建設）,001,処分費,15:45,15:48,000000,ｴﾚｸﾄﾘ,000001,ｵﾈｽﾄ,000001,新木場ﾘｻｲｸﾙ工場,000351,那須野興業,000280,那須野興業,1,紙,,000004,山本
2025/01/29(水),2025/01/29(水),2025/01/29(水),005103,ｴﾚｸﾄﾘ,1,売上,000029,木くず,200,200,03,kg,35,"7,000",38689,000004,D（建設）,001,処分費,15:45,15:48,000000,ｴﾚｸﾄﾘ,000001,ｵﾈｽﾄ,000001,新木場ﾘｻｲｸﾙ工場,000351,那須野興業,000280,那須野興業,1,紙,,000004,山本
2025/01/29(水),2025/01/29(水),2025/01/29(水),005166,宏基産業,1,売上,000002,混合廃棄物B,360,360,03,kg,70,"25,200",38612,000003,C（解体）,001,処分費,09:09,09:14,000014,松本様邸解体工事,000001,ｵﾈｽﾄ,000001,新木場ﾘｻｲｸﾙ工場,005166,宏基産業,000424,宏基産業,1,紙,,000002,渡辺
2025/01/29(水),2025/01/29(水),2025/01/29(水),005179,ｷｬｯﾄﾊﾝｽﾞ,1,売上,000001,混合廃棄物A,70,70,03,kg,65,"4,550",38688,000002,B（残置）,001,処分費,15:44,15:52,000001,北沢産業,000001,ｵﾈｽﾄ,000001,新木場ﾘｻｲｸﾙ工場,005179,ｷｬｯﾄﾊﾝｽﾞ,000446,ｷｬｯﾄﾊﾝｽﾞ,1,紙,,000007,小林
2025/01/29(水),2025/01/29(水),2025/01/29(水),005231,ｲﾝｸﾞ,1,売上,000002,混合廃棄物B,550,550,03,kg,65,"35,750",38709,000003,C（解体）,001,処分費,17:32,17:36,000022,旧ﾊﾟｰｸﾌﾟﾗｻﾞﾎﾃﾙ改修工事,000001,ｵﾈｽﾄ,000001,新木場ﾘｻｲｸﾙ工場,005231,ｲﾝｸﾞ,000676,ｲﾝｸﾞ,2,電子,,000002,渡辺
2025/01/29(水),2025/01/29(水),2025/01/29(水),005277,ｱﾛｰｽﾞﾍﾙｽｹｱ,1,売上,000001,混合廃棄物A,210,210,03,kg,65,"13,650",38667,000002,B（残置）,001,処分費,14:23,14:23,000000,ｱﾛｰｽﾞﾍﾙｽｹｱ,000001,ｵﾈｽﾄ,000001,新木場ﾘｻｲｸﾙ工場,005277,ｱﾛｰｽﾞﾍﾙｽｹｱ,000609,ｱﾛｰｽﾞﾍﾙｽｹｱ,1,紙,,000007,小林
2025/01/29(水),2025/01/29(水),2025/01/29(水),005277,ｱﾛｰｽﾞﾍﾙｽｹｱ,1,売上,000004,混合廃棄物(焼却物),50,50,03,kg,75,"3,750",38667,000002,B（残置）,001,処分費,14:23,14:23,000000,ｱﾛｰｽﾞﾍﾙｽｹｱ,000001,ｵﾈｽﾄ,000001,新木場ﾘｻｲｸﾙ工場,005277,ｱﾛｰｽﾞﾍﾙｽｹｱ,000609,ｱﾛｰｽﾞﾍﾙｽｹｱ,1,紙,,000007,小林
2025/01/29(水),2025/01/29(水),2025/01/29(水),005515,ｷｬﾌﾟﾃｨｿﾘｭｰｼｮﾝｽﾞ,1,売上,000001,混合廃棄物A,10,10,03,kg,65,650,38662,000004,D（建設）,001,処分費,12:20,12:20,000066,三木プーリ（株）テクニカルセンター倉庫棟,000001,ｵﾈｽﾄ,000001,新木場ﾘｻｲｸﾙ工場,000001,ｵﾈｽﾄ,001144,ｷｬﾌﾟﾃｨｿﾘｭｰｼｮﾝｽﾞ,1,紙,,000006,川部
2025/01/29(水),2025/01/29(水),2025/01/29(水),005515,ｷｬﾌﾟﾃｨｿﾘｭｰｼｮﾝｽﾞ,1,売上,000349,運搬費(4ｔｺﾝﾃﾅ),,1,07,台,"35,000","35,000",38662,000004,D（建設）,002,運搬費,12:20,12:20,000066,三木プーリ（株）テクニカルセンター倉庫棟,000001,ｵﾈｽﾄ,000001,新木場ﾘｻｲｸﾙ工場,000001,ｵﾈｽﾄ,001144,ｷｬﾌﾟﾃｨｿﾘｭｰｼｮﾝｽﾞ,1,紙,,000006,川部
2025/01/29(水),2025/01/29(水),2025/01/29(水),005884,(ｻﾝﾃｸﾉ)ｻﾝﾄﾗｽﾄ,1,売上,000001,混合廃棄物A,460,460,03,kg,58,"26,680",38630,000006,F（他）,001,処分費,11:04,11:16,000094,佐藤邸,000001,ｵﾈｽﾄ,000001,新木場ﾘｻｲｸﾙ工場,005884,(ｻﾝﾃｸﾉ)ｻﾝﾄﾗｽﾄ,001022,ｻﾝ･ﾃｸﾉ,1,紙,,000012,サン・テクノ
2025/01/29(水),2025/01/29(水),2025/01/29(水),005884,(ｻﾝﾃｸﾉ)ｻﾝﾄﾗｽﾄ,1,売上,000029,木くず,120,120,03,kg,20,"2,400",38630,000006,F（他）,001,処分費,11:04,11:16,000094,佐藤邸,000001,ｵﾈｽﾄ,000001,新木場ﾘｻｲｸﾙ工場,005884,(ｻﾝﾃｸﾉ)ｻﾝﾄﾗｽﾄ,001022,ｻﾝ･ﾃｸﾉ,1,紙,,000012,サン・テクノ
2025/01/29(水),2025/01/29(水),2025/01/29(水),005919,ﾄｰﾁｸ,1,売上,000021,軽量物系B(ｸﾞﾗｽｳｰﾙ),"1,090","1,090",03,kg,80,"87,200",38603,000004,D（建設）,001,処分費,08:17,08:21,000001,ﾄｰﾁｸ（所沢置場）,000001,ｵﾈｽﾄ,000001,新木場ﾘｻｲｸﾙ工場,005918,ｷｮｰｴｲｽﾄｯｸ,000343,ｷｮｰｴｲｽﾄｯｸ,1,紙,,000002,渡辺
2025/01/29(水),2025/01/29(水),2025/01/29(水),006002,東京ｶﾞｽ風呂販売店協同組合,1,売上,000038,廃ﾌﾟﾗｽﾁｯｸ類,10,10,03,kg,65,650,38707,000002,B（残置）,001,処分費,17:13,17:21,000002,都営島根二丁目第2ｱﾊﾟｰﾄ（4～7、10号棟）,000001,ｵﾈｽﾄ,000001,新木場ﾘｻｲｸﾙ工場,000001,ｵﾈｽﾄ,000295,小見山商事,1,紙,,000005,今村（紀）
2025/01/29(水),2025/01/29(水),2025/01/29(水),006002,東京ｶﾞｽ風呂販売店協同組合,1,売上,000046,ﾀﾞﾝﾎﾞｰﾙ,40,40,03,kg,20,800,38707,000002,B（残置）,001,処分費,17:13,17:21,000002,都営島根二丁目第2ｱﾊﾟｰﾄ（4～7、10号棟）,000001,ｵﾈｽﾄ,000001,新木場ﾘｻｲｸﾙ工場,000001,ｵﾈｽﾄ,000295,小見山商事,1,紙,,000005,今村（紀）
2025/01/29(水),2025/01/29(水),2025/01/29(水),006002,東京ｶﾞｽ風呂販売店協同組合,1,売上,000352,運搬費(2ｔ車),,1,07,台,"25,000","25,000",38707,000002,B（残置）,002,運搬費,17:13,17:21,000002,都営島根二丁目第2ｱﾊﾟｰﾄ（4～7、10号棟）,000001,ｵﾈｽﾄ,000001,新木場ﾘｻｲｸﾙ工場,000001,ｵﾈｽﾄ,000295,小見山商事,1,紙,,000005,今村（紀）
2025/01/29(水),2025/01/29(水),2025/01/29(水),006002,東京ｶﾞｽ風呂販売店協同組合,2,支払,000061,給湯器,300,300,03,kg,140,"42,000",38707,000002,B（残置）,003,有価物,17:13,17:21,000002,都営島根二丁目第2ｱﾊﾟｰﾄ（4～7、10号棟）,000001,ｵﾈｽﾄ,000001,新木場ﾘｻｲｸﾙ工場,000001,ｵﾈｽﾄ,000295,小見山商事,1,紙,,000005,今村（紀）
2025/01/29(水),2025/01/29(水),2025/01/29(水),006509,ﾅｲﾃｯｸｽ,1,売上,000001,混合廃棄物A,350,350,03,kg,65,"22,750",38675,000001,A（事業）,001,処分費,15:11,15:18,000000,ﾅｲﾃｯｸｽ,000001,ｵﾈｽﾄ,000001,新木場ﾘｻｲｸﾙ工場,006509,ﾅｲﾃｯｸｽ,000182,ﾅｲﾃｯｸｽ,1,紙,,000004,山本
2025/01/29(水),2025/01/29(水),2025/01/29(水),006569,お世話や,1,売上,000001,混合廃棄物A,210,210,03,kg,60,"12,600",38673,000002,B（残置）,001,処分費,15:06,15:08,000001,お世話や　初台事務所,000001,ｵﾈｽﾄ,000001,新木場ﾘｻｲｸﾙ工場,001656,真和商事,000055,真和商事,1,紙,,000002,渡辺
2025/01/29(水),2025/01/29(水),2025/01/29(水),006569,お世話や,1,売上,000001,混合廃棄物A,260,260,03,kg,60,"15,600",38628,000002,B（残置）,001,処分費,11:04,11:04,000000,お世話や,000001,ｵﾈｽﾄ,000001,新木場ﾘｻｲｸﾙ工場,001656,真和商事,000055,真和商事,1,紙,,000002,渡辺
2025/01/29(水),2025/01/29(水),2025/01/29(水),006569,お世話や,1,売上,000001,混合廃棄物A,390,390,03,kg,60,"23,400",38606,000002,B（残置）,001,処分費,08:29,08:36,000000,お世話や,000001,ｵﾈｽﾄ,000001,新木場ﾘｻｲｸﾙ工場,001656,真和商事,000055,真和商事,1,紙,,000002,渡辺
2025/01/29(水),2025/01/29(水),2025/01/29(水),006569,お世話や,1,売上,000013,混合廃棄物(ｿﾌｧｰ),50,50,03,kg,100,"5,000",38628,000002,B（残置）,001,処分費,11:04,11:04,000000,お世話や,000001,ｵﾈｽﾄ,000001,新木場ﾘｻｲｸﾙ工場,001656,真和商事,000055,真和商事,1,紙,,000002,渡辺
2025/01/29(水),2025/01/29(水),2025/01/29(水),006569,お世話や,1,売上,000036,ﾏｯﾄﾚｽ(ｼﾝｸﾞﾙ),10,1,11,枚,"4,000","4,000",38673,000002,B（残置）,001,処分費,15:06,15:08,000001,お世話や　初台事務所,000001,ｵﾈｽﾄ,000001,新木場ﾘｻｲｸﾙ工場,001656,真和商事,000055,真和商事,1,紙,,000002,渡辺
2025/01/29(水),2025/01/29(水),2025/01/29(水),006569,お世話や,1,売上,000093,混合廃棄物(ﾋﾞﾝ･缶･ﾍﾟｯﾄﾎﾞﾄﾙ),100,100,03,kg,45,"4,500",38606,000002,B（残置）,001,処分費,08:29,08:36,000000,お世話や,000001,ｵﾈｽﾄ,000001,新木場ﾘｻｲｸﾙ工場,001656,真和商事,000055,真和商事,1,紙,,000002,渡辺
2025/01/29(水),2025/01/29(水),2025/01/29(水),006593,(ｻﾝﾃｸﾉ)ﾙﾐﾅｽ･ﾋﾞｰｼﾞｬﾊﾟﾝ,1,売上,000001,混合廃棄物A,970,970,03,kg,58,"56,260",38690,000006,F（他）,001,処分費,14:39,16:13,000001,ｵﾍﾟﾚｰｼｮﾝｾﾝﾀｰ,000001,ｵﾈｽﾄ,000001,新木場ﾘｻｲｸﾙ工場,000001,ｵﾈｽﾄ,001022,ｻﾝ･ﾃｸﾉ,1,紙,,000012,サン・テクノ
2025/01/29(水),2025/01/29(水),2025/01/29(水),006593,(ｻﾝﾃｸﾉ)ﾙﾐﾅｽ･ﾋﾞｰｼﾞｬﾊﾟﾝ,1,売上,000030,選別,310,310,03,kg,50,"15,500",38690,000006,F（他）,001,処分費,14:39,16:13,000001,ｵﾍﾟﾚｰｼｮﾝｾﾝﾀｰ,000001,ｵﾈｽﾄ,000001,新木場ﾘｻｲｸﾙ工場,000001,ｵﾈｽﾄ,001022,ｻﾝ･ﾃｸﾉ,1,紙,,000012,サン・テクノ
2025/01/29(水),2025/01/29(水),2025/01/29(水),006593,(ｻﾝﾃｸﾉ)ﾙﾐﾅｽ･ﾋﾞｰｼﾞｬﾊﾟﾝ,1,売上,000109,運搬費(4t),,1,07,台,"18,000","18,000",38690,000006,F（他）,002,運搬費,14:39,16:13,000001,ｵﾍﾟﾚｰｼｮﾝｾﾝﾀｰ,000001,ｵﾈｽﾄ,000001,新木場ﾘｻｲｸﾙ工場,000001,ｵﾈｽﾄ,001022,ｻﾝ･ﾃｸﾉ,1,紙,,000012,サン・テクノ
2025/01/29(水),2025/01/29(水),2025/01/29(水),006812,MAｸﾘｰﾝ,1,売上,000001,混合廃棄物A,330,330,03,kg,65,"21,450",38714,000003,C（解体）,001,処分費,17:52,18:06,000000,MAｸﾘｰﾝ,000001,ｵﾈｽﾄ,000001,新木場ﾘｻｲｸﾙ工場,006812,MAｸﾘｰﾝ,000755,M.Aｸﾘｰﾝ,1,紙,,000005,今村（紀）
2025/01/29(水),2025/01/29(水),2025/01/29(水),006812,MAｸﾘｰﾝ,1,売上,000029,木くず,220,220,03,kg,35,"7,700",38714,000003,C（解体）,001,処分費,17:52,18:06,000000,MAｸﾘｰﾝ,000001,ｵﾈｽﾄ,000001,新木場ﾘｻｲｸﾙ工場,006812,MAｸﾘｰﾝ,000755,M.Aｸﾘｰﾝ,1,紙,,000005,今村（紀）
2025/01/29(水),2025/01/29(水),2025/01/29(水),007084,ﾏｷﾉ空調設備,1,売上,000020,軽量物系A(ｳﾚﾀﾝ),40,40,03,kg,200,"8,000",38616,000002,B（残置）,001,処分費,09:39,09:41,000001,ﾀﾞｲﾄ空調,000001,ｵﾈｽﾄ,000001,新木場ﾘｻｲｸﾙ工場,006364,ｼｪﾉﾝﾋﾞｰ,000928,ｼｪﾉﾝﾋﾞｰ,1,紙,,000004,山本
2025/01/29(水),2025/01/29(水),2025/01/29(水),007180,NINFEA,1,売上,000021,軽量物系B(ｸﾞﾗｽｳｰﾙ),350,350,03,kg,80,"28,000",38705,000004,D（建設）,001,処分費,16:52,16:52,000014,世田谷区深沢8-17-16,000001,ｵﾈｽﾄ,000001,新木場ﾘｻｲｸﾙ工場,007180,NINFEA,001074,NINFEA,1,紙,,000012,サン・テクノ
2025/01/29(水),2025/01/29(水),2025/01/29(水),007375,ｳｴｽﾄﾊﾞﾚｰ,1,売上,000002,混合廃棄物B,750,750,03,kg,70,"52,500",38716,000003,C（解体）,001,処分費,18:04,18:09,000063,既存建物解体工事（昭島市）,000001,ｵﾈｽﾄ,000001,新木場ﾘｻｲｸﾙ工場,008129,BAT,001152,BAT,1,紙,,000007,小林
2025/01/29(水),2025/01/29(水),2025/01/29(水),007426,富士電機,1,売上,000001,混合廃棄物A,460,460,03,kg,65,"29,900",38686,000004,D（建設）,001,処分費,15:44,15:54,000003,調布航空宇宙センター本所特高受変電設備更,000001,ｵﾈｽﾄ,000001,新木場ﾘｻｲｸﾙ工場,001051,Y-maxx,000808,Y-maxx,2,電子,,000004,山本
2025/01/29(水),2025/01/29(水),2025/01/29(水),007426,富士電機,1,売上,000011,混合廃棄物(処理困難物),320,320,03,kg,100,"32,000",38686,000004,D（建設）,001,処分費,15:44,15:54,000003,調布航空宇宙センター本所特高受変電設備更,000001,ｵﾈｽﾄ,000001,新木場ﾘｻｲｸﾙ工場,001051,Y-maxx,000808,Y-maxx,2,電子,,000004,山本
2025/01/29(水),2025/01/29(水),2025/01/29(水),007438,東西建築ｻｰﾋﾞｽ東京支社,2,支払,000065,ｽﾃﾝﾚｽ,30,30,03,kg,95,"2,850",38678,000004,D（建設）,003,有価物,13:48,13:48,000043,SMBC錦糸町ビル　7階ドレンパン交換工事,000001,ｵﾈｽﾄ,000001,新木場ﾘｻｲｸﾙ工場,000016,泉土木,000014,泉土木,1,紙,,000001,矢作
2025/01/29(水),2025/01/29(水),2025/01/29(水),007640,東京都住宅供給公社,1,売上,000001,混合廃棄物A,900,900,03,kg,65,"58,500",38701,000002,B（残置）,001,処分費,16:27,16:30,000167,都営江戸川3丁目ｱﾊﾟｰﾄ,000001,ｵﾈｽﾄ,000001,新木場ﾘｻｲｸﾙ工場,000988,さくら装建,000766,さくら装建,2,電子,,000002,渡辺
2025/01/29(水),2025/01/29(水),2025/01/29(水),007640,東京都住宅供給公社,1,売上,000001,混合廃棄物A,"1,040","1,040",03,kg,65,"67,600",38718,000002,B（残置）,001,処分費,18:15,18:17,000005,新宿6丁目ｱﾊﾟｰﾄ,000001,ｵﾈｽﾄ,000001,新木場ﾘｻｲｸﾙ工場,000988,さくら装建,000766,さくら装建,2,電子,,000002,渡辺
2025/01/29(水),2025/01/29(水),2025/01/29(水),007640,東京都住宅供給公社,1,売上,000001,混合廃棄物A,"1,080","1,080",03,kg,65,"70,200",38719,000002,B（残置）,001,処分費,18:15,18:18,000119,平井7丁目第4ｱﾊﾟｰﾄ,000001,ｵﾈｽﾄ,000001,新木場ﾘｻｲｸﾙ工場,000988,さくら装建,000766,さくら装建,2,電子,,000002,渡辺
2025/01/29(水),2025/01/29(水),2025/01/29(水),007640,東京都住宅供給公社,1,売上,000037,ﾏｯﾄﾚｽ(ﾀﾞﾌﾞﾙ),20,1,11,枚,"8,000","8,000",38719,000002,B（残置）,001,処分費,18:15,18:18,000119,平井7丁目第4ｱﾊﾟｰﾄ,000001,ｵﾈｽﾄ,000001,新木場ﾘｻｲｸﾙ工場,000988,さくら装建,000766,さくら装建,2,電子,,000002,渡辺
2025/01/29(水),2025/01/29(水),2025/01/29(水),007785,ｾﾚｸﾄ,1,売上,000001,混合廃棄物A,380,380,03,kg,65,"24,700",38672,000002,B（残置）,001,処分費,15:41,15:41,000000,ｾﾚｸﾄ,000001,ｵﾈｽﾄ,000001,新木場ﾘｻｲｸﾙ工場,007489,ﾌｫｰﾒｰｼｮﾝ,001020,ﾌｫｰﾒｰｼｮﾝ,1,紙,,000007,小林
2025/01/29(水),2025/01/29(水),2025/01/29(水),007785,ｾﾚｸﾄ,1,売上,000024,石膏ﾎﾞｰﾄﾞA,130,130,03,kg,40,"5,200",38672,000002,B（残置）,001,処分費,15:41,15:41,000000,ｾﾚｸﾄ,000001,ｵﾈｽﾄ,000001,新木場ﾘｻｲｸﾙ工場,007489,ﾌｫｰﾒｰｼｮﾝ,001020,ﾌｫｰﾒｰｼｮﾝ,1,紙,,000007,小林
2025/01/29(水),2025/01/29(水),2025/01/29(水),008079,ｱｻﾉ大成基礎ｴﾝｼﾞﾆｱﾘﾝｸﾞ,1,売上,000021,軽量物系B(ｸﾞﾗｽｳｰﾙ),510,510,03,kg,80,"40,800",38692,000004,D（建設）,001,処分費,16:09,16:11,000007,(仮称)荒川7丁目計画既存建物解体工事,000001,ｵﾈｽﾄ,000001,新木場ﾘｻｲｸﾙ工場,000305,ｹｲｴｲﾁ･ﾘｻｲｸﾙ,000246,ｹｲｴｲﾁ･ﾘｻｲｸﾙ,2,電子,,000006,川部
2025/01/29(水),2025/01/29(水),2025/01/29(水),008214,藤木工務店東京支店,1,売上,000002,混合廃棄物B,140,140,03,kg,70,"9,800",38671,000004,D（建設）,001,処分費,14:55,14:58,000002,市ヶ谷寮解体工事,000001,ｵﾈｽﾄ,000001,新木場ﾘｻｲｸﾙ工場,000474,ｱｸﾛﾊﾞｯﾄｱｰﾑｽﾞ,000360,ｱｸﾛﾊﾞｯﾄｱｰﾑｽﾞ,2,電子,,000002,渡辺
2025/01/29(水),2025/01/29(水),2025/01/29(水),008214,藤木工務店東京支店,1,売上,000016,軽量物系A(発泡ｽﾁﾛｰﾙ),30,30,03,kg,200,"6,000",38632,000004,D（建設）,001,処分費,11:22,11:22,000002,市ヶ谷寮解体工事,000001,ｵﾈｽﾄ,000001,新木場ﾘｻｲｸﾙ工場,000474,ｱｸﾛﾊﾞｯﾄｱｰﾑｽﾞ,000360,ｱｸﾛﾊﾞｯﾄｱｰﾑｽﾞ,2,電子,,000002,渡辺
2025/01/29(水),2025/01/29(水),2025/01/29(水),008214,藤木工務店東京支店,1,売上,000020,軽量物系A(ｳﾚﾀﾝ),110,110,03,kg,200,"22,000",38632,000004,D（建設）,001,処分費,11:22,11:22,000002,市ヶ谷寮解体工事,000001,ｵﾈｽﾄ,000001,新木場ﾘｻｲｸﾙ工場,000474,ｱｸﾛﾊﾞｯﾄｱｰﾑｽﾞ,000360,ｱｸﾛﾊﾞｯﾄｱｰﾑｽﾞ,2,電子,,000002,渡辺
2025/01/29(水),2025/01/29(水),2025/01/29(水),008214,藤木工務店東京支店,1,売上,000020,軽量物系A(ｳﾚﾀﾝ),140,140,03,kg,200,"28,000",38671,000004,D（建設）,001,処分費,14:55,14:58,000002,市ヶ谷寮解体工事,000001,ｵﾈｽﾄ,000001,新木場ﾘｻｲｸﾙ工場,000474,ｱｸﾛﾊﾞｯﾄｱｰﾑｽﾞ,000360,ｱｸﾛﾊﾞｯﾄｱｰﾑｽﾞ,2,電子,,000002,渡辺
2025/01/29(水),2025/01/29(水),2025/01/29(水),008290,日本通運㈱,1,売上,000029,木くず,720,720,03,kg,35,"25,200",38663,000001,A（事業）,001,処分費,14:13,14:15,000001,江東辰巳航空貨物ｾﾝﾀｰ,000001,ｵﾈｽﾄ,000001,新木場ﾘｻｲｸﾙ工場,000001,ｵﾈｽﾄ,000095,日本通運,2,電子,,000007,小林
2025/01/29(水),2025/01/29(水),2025/01/29(水),008290,日本通運㈱,1,売上,000038,廃ﾌﾟﾗｽﾁｯｸ類,80,80,03,kg,60,"4,800",38663,000001,A（事業）,001,処分費,14:13,14:15,000001,江東辰巳航空貨物ｾﾝﾀｰ,000001,ｵﾈｽﾄ,000001,新木場ﾘｻｲｸﾙ工場,000001,ｵﾈｽﾄ,000095,日本通運,2,電子,,000007,小林
2025/01/29(水),2025/01/29(水),2025/01/29(水),008290,日本通運㈱,1,売上,000109,運搬費,,1,07,台,"16,000","16,000",38663,000001,A（事業）,002,運搬費,14:13,14:15,000001,江東辰巳航空貨物ｾﾝﾀｰ,000001,ｵﾈｽﾄ,000001,新木場ﾘｻｲｸﾙ工場,000001,ｵﾈｽﾄ,000095,日本通運,2,電子,,000007,小林
2025/01/29(水),2025/01/29(水),2025/01/29(水),008352,ASKOT,1,売上,000002,混合廃棄物B,160,160,03,kg,70,"11,200",38595,000003,C（解体）,001,処分費,07:21,07:23,000015,足立区梅田解体工事,000001,ｵﾈｽﾄ,000001,新木場ﾘｻｲｸﾙ工場,007123,ﾓﾝﾎﾞﾙﾄﾞ,000462,ﾓﾝﾎﾞﾙﾄﾞ,1,紙,,000007,小林
2025/01/29(水),2025/01/29(水),2025/01/29(水),008371,新菱冷熱工業電気計装事業部,1,売上,000001,混合廃棄物A,60,60,03,kg,65,"3,900",38869,000004,D（建設）,001,処分費,17:23,17:32,000016,【村上】西池袋DHC 諸工事  2024年度,000001,ｵﾈｽﾄ,000001,新木場ﾘｻｲｸﾙ工場,000001,ｵﾈｽﾄ,000594,新菱冷熱工業都市環境事業部,1,紙,,000006,川部
2025/01/29(水),2025/01/29(水),2025/01/29(水),008371,新菱冷熱工業電気計装事業部,1,売上,000001,混合廃棄物A,80,80,03,kg,65,"5,200",38867,000004,D（建設）,001,処分費,17:23,17:23,000016,【村上】西池袋DHC 諸工事  2024年度,000001,ｵﾈｽﾄ,000001,新木場ﾘｻｲｸﾙ工場,000001,ｵﾈｽﾄ,000594,新菱冷熱工業都市環境事業部,1,紙,,000006,川部
2025/01/29(水),2025/01/29(水),2025/01/29(水),008371,新菱冷熱工業電気計装事業部,1,売上,000001,混合廃棄物A,80,80,03,kg,65,"5,200",38868,000004,D（建設）,001,処分費,17:23,17:23,000016,【村上】西池袋DHC 諸工事  2024年度,000001,ｵﾈｽﾄ,000001,新木場ﾘｻｲｸﾙ工場,000001,ｵﾈｽﾄ,000594,新菱冷熱工業都市環境事業部,1,紙,,000006,川部
2025/01/29(水),2025/01/29(水),2025/01/29(水),008371,新菱冷熱工業電気計装事業部,1,売上,000352,運搬費(2ｔ車),,1,07,台,"4,800","4,800",38867,000004,D（建設）,002,運搬費,17:23,17:23,000016,【村上】西池袋DHC 諸工事  2024年度,000001,ｵﾈｽﾄ,000001,新木場ﾘｻｲｸﾙ工場,000001,ｵﾈｽﾄ,000594,新菱冷熱工業都市環境事業部,1,紙,,000006,川部
2025/01/29(水),2025/01/29(水),2025/01/29(水),008371,新菱冷熱工業電気計装事業部,1,売上,000352,運搬費(2ｔ車),,1,07,台,"4,800","4,800",38868,000004,D（建設）,002,運搬費,17:23,17:23,000016,【村上】西池袋DHC 諸工事  2024年度,000001,ｵﾈｽﾄ,000001,新木場ﾘｻｲｸﾙ工場,000001,ｵﾈｽﾄ,000594,新菱冷熱工業都市環境事業部,1,紙,,000006,川部
2025/01/29(水),2025/01/29(水),2025/01/29(水),008371,新菱冷熱工業電気計装事業部,1,売上,000352,運搬費(2ｔ車),,1,07,台,"4,800","4,800",38869,000004,D（建設）,002,運搬費,17:23,17:32,000016,【村上】西池袋DHC 諸工事  2024年度,000001,ｵﾈｽﾄ,000001,新木場ﾘｻｲｸﾙ工場,000001,ｵﾈｽﾄ,000594,新菱冷熱工業都市環境事業部,1,紙,,000006,川部
2025/01/29(水),2025/01/29(水),2025/01/29(水),008686,三信工務店,1,売上,000002,混合廃棄物B,620,620,03,kg,70,"43,400",38666,000003,C（解体）,001,処分費,14:46,14:48,000001,（仮称）台東区上野2丁目既存建物解体工事,000001,ｵﾈｽﾄ,000001,新木場ﾘｻｲｸﾙ工場,001014,南都興業,000779,南都興業,1,紙,,000006,川部
2025/01/29(水),2025/01/29(水),2025/01/29(水),008712,ﾊﾟﾗﾚﾙ東京,1,売上,000030,選別,40,40,03,kg,60,"2,400",38699,000002,B（残置）,001,処分費,15:04,15:05,000001,ﾊﾟﾗﾚﾙ東京,000001,ｵﾈｽﾄ,000001,新木場ﾘｻｲｸﾙ工場,001308,ｵﾈｽﾄ･ﾜﾝ,001021,ｵﾈｽﾄ･ﾜﾝ,1,紙,,000011,オネスト・ワン
2025/01/29(水),2025/01/29(水),2025/01/29(水),008726,宝印刷,1,売上,000001,混合廃棄物A,770,770,03,kg,60,"46,200",38684,000001,A（事業）,001,処分費,15:38,15:40,000000,宝印刷,000001,ｵﾈｽﾄ,000001,新木場ﾘｻｲｸﾙ工場,001856,SUN-K,000261,SUNｰK,1,紙,,000006,川部
2025/01/29(水),2025/01/29(水),2025/01/29(水),008734,三菱地所ﾎﾃﾙｽﾞ＆ﾘｿﾞｰﾂ,1,売上,000030,選別,820,820,03,kg,43,"35,260",38640,000002,B（残置）,001,処分費,11:04,11:05,000001,横浜ﾛｲﾔﾙﾊﾟｰｸﾎﾃﾙ,000001,ｵﾈｽﾄ,000001,新木場ﾘｻｲｸﾙ工場,006008,洗足池運輸,001021,ｵﾈｽﾄ･ﾜﾝ,1,紙,,000011,オネスト・ワン
2025/01/29(水),2025/01/29(水),2025/01/29(水),008734,三菱地所ﾎﾃﾙｽﾞ＆ﾘｿﾞｰﾂ,2,支払,000064,ｱﾙﾐ類,80,80,03,kg,150,"12,000",38640,000002,B（残置）,003,有価物,11:04,11:05,000001,横浜ﾛｲﾔﾙﾊﾟｰｸﾎﾃﾙ,000001,ｵﾈｽﾄ,000001,新木場ﾘｻｲｸﾙ工場,006008,洗足池運輸,001021,ｵﾈｽﾄ･ﾜﾝ,1,紙,,000011,オネスト・ワン
2025/01/29(水),2025/01/29(水),2025/01/29(水),008785,YDｻﾎﾟｰﾄ㈱,2,支払,000068,GC 軽鉄･ｽﾁｰﾙ類,580,580,03,kg,23.5,"13,630",38649,000004,D（建設）,003,有価物,11:53,11:53,000002,発電所,000001,ｵﾈｽﾄ,000001,新木場ﾘｻｲｸﾙ工場,000016,泉土木,000014,泉土木,1,紙,,000001,矢作
2025/01/29(水),2025/02/16(日),2025/02/16(日),008371,新菱冷熱工業電気計装事業部,1,売上,000001,混合廃棄物A,20,20,03,kg,65,"1,300",38618,000004,D（建設）,001,処分費,09:49,09:54,000015,【村上】日本ホテル　諸工事　２０２４年度,000001,ｵﾈｽﾄ,000001,新木場ﾘｻｲｸﾙ工場,000001,ｵﾈｽﾄ,000594,新菱冷熱工業都市環境事業部,1,紙,,000006,川部
2025/01/29(水),2025/02/16(日),2025/02/16(日),008371,新菱冷熱工業電気計装事業部,1,売上,000001,混合廃棄物A,20,20,03,kg,65,"1,300",38864,000004,D（建設）,001,処分費,17:20,17:21,000015,【村上】日本ホテル　諸工事　２０２４年度,000001,ｵﾈｽﾄ,000001,新木場ﾘｻｲｸﾙ工場,000001,ｵﾈｽﾄ,000594,新菱冷熱工業都市環境事業部,1,紙,,000006,川部
2025/01/29(水),2025/02/16(日),2025/02/16(日),008371,新菱冷熱工業電気計装事業部,1,売上,000001,混合廃棄物A,80,80,03,kg,65,"5,200",38865,000004,D（建設）,001,処分費,17:23,17:23,000016,【村上】西池袋DHC 諸工事  2024年度,000001,ｵﾈｽﾄ,000001,新木場ﾘｻｲｸﾙ工場,000001,ｵﾈｽﾄ,000594,新菱冷熱工業都市環境事業部,1,紙,,000006,川部
2025/01/29(水),2025/02/16(日),2025/02/16(日),008371,新菱冷熱工業電気計装事業部,1,売上,000109,運搬費,,1,07,台,"4,800","4,800",38618,000004,D（建設）,002,運搬費,09:49,09:54,000015,【村上】日本ホテル　諸工事　２０２４年度,000001,ｵﾈｽﾄ,000001,新木場ﾘｻｲｸﾙ工場,000001,ｵﾈｽﾄ,000594,新菱冷熱工業都市環境事業部,1,紙,,000006,川部
2025/01/29(水),2025/02/16(日),2025/02/16(日),008371,新菱冷熱工業電気計装事業部,1,売上,000109,運搬費,,1,07,台,"4,800","4,800",38864,000004,D（建設）,002,運搬費,17:20,17:21,000015,【村上】日本ホテル　諸工事　２０２４年度,000001,ｵﾈｽﾄ,000001,新木場ﾘｻｲｸﾙ工場,000001,ｵﾈｽﾄ,000594,新菱冷熱工業都市環境事業部,1,紙,,000006,川部
2025/01/29(水),2025/02/16(日),2025/02/16(日),008371,新菱冷熱工業電気計装事業部,1,売上,000352,運搬費(2ｔ車),,1,07,台,"4,800","4,800",38865,000004,D（建設）,002,運搬費,17:23,17:23,000016,【村上】西池袋DHC 諸工事  2024年度,000001,ｵﾈｽﾄ,000001,新木場ﾘｻｲｸﾙ工場,000001,ｵﾈｽﾄ,000594,新菱冷熱工業都市環境事業部,1,紙,,000006,川部
2025/01/30(木),2025/01/30(木),2025/01/30(木),000026,ｼｰﾒﾝｽﾍﾙｽｹｱ,1,売上,000001,混合廃棄物A,"1,410","1,410",03,kg,60,"84,600",38763,000006,F（他）,001,処分費,10:04,10:12,000001,ｼｰﾒﾝｽﾍﾙｽｹｱ平和島ｾﾝﾀｰ,000001,ｵﾈｽﾄ,000001,新木場ﾘｻｲｸﾙ工場,000243,田端運輸,000097,ｼｰﾒﾝｽﾍﾙｽｹｱ,1,紙,,000003,蛯子
2025/01/30(木),2025/01/30(木),2025/01/30(木),000026,ｼｰﾒﾝｽﾍﾙｽｹｱ,1,売上,000001,混合廃棄物A,"2,800","2,800",03,kg,60,"168,000",38789,000006,F（他）,001,処分費,11:43,11:58,000001,ｼｰﾒﾝｽﾍﾙｽｹｱ平和島ｾﾝﾀｰ,000001,ｵﾈｽﾄ,000001,新木場ﾘｻｲｸﾙ工場,000243,田端運輸,000097,ｼｰﾒﾝｽﾍﾙｽｹｱ,1,紙,,000003,蛯子
2025/01/30(木),2025/01/30(木),2025/01/30(木),000043,宮本,1,売上,000177,混合廃棄物処理費(運搬費込み),600,1,07,台,"90,000","90,000",38767,000005,E（中・積),001,処分費,10:08,10:08,000000,宮本,000001,ｵﾈｽﾄ,000001,新木場ﾘｻｲｸﾙ工場,000001,ｵﾈｽﾄ,000038,宮本,1,紙,,000005,今村（紀）
2025/01/30(木),2025/01/30(木),2025/01/30(木),000063,鈴亀,1,売上,000002,混合廃棄物B,"1,560","1,560",03,kg,70,"109,200",38748,000005,E（中・積),001,処分費,09:03,09:08,000000,鈴亀,000001,ｵﾈｽﾄ,000001,新木場ﾘｻｲｸﾙ工場,000063,鈴亀,000052,鈴亀,1,紙,,000002,渡辺
2025/01/30(木),2025/01/30(木),2025/01/30(木),000071,服部運輸,1,売上,000001,混合廃棄物A,240,240,03,kg,65,"15,600",38791,000001,A（事業）,001,処分費,11:44,11:46,000000,服部運輸,000001,ｵﾈｽﾄ,000001,新木場ﾘｻｲｸﾙ工場,000071,服部運輸,000058,服部運輸,1,紙,,000006,川部
2025/01/30(木),2025/01/30(木),2025/01/30(木),000093,ｴｰ･ｴﾑ開発,1,売上,000002,混合廃棄物B,480,480,03,kg,70,"33,600",38726,000003,C,001,処分費,06:59,07:01,000000,ｴｰ･ｴﾑ開発,000001,ｵﾈｽﾄ,000001,新木場ﾘｻｲｸﾙ工場,000093,ｴｰ･ｴﾑ開発,000076,ｴｰ･ｴﾑ開発,1,紙,,000007,小林
2025/01/30(木),2025/01/30(木),2025/01/30(木),000173,荒井商店,1,売上,000001,混合廃棄物A,360,360,03,kg,65,"23,400",38839,000004,D（建設）,001,処分費,15:46,15:48,000001,荒井商店,000001,ｵﾈｽﾄ,000001,新木場ﾘｻｲｸﾙ工場,000173,荒井商店,000141,荒井商店,1,紙,,000006,川部
2025/01/30(木),2025/01/30(木),2025/01/30(木),000173,荒井商店,1,売上,000001,混合廃棄物A,"1,120","1,120",03,kg,65,"72,800",38827,000004,D（建設）,001,処分費,14:28,14:31,000001,荒井商店,000001,ｵﾈｽﾄ,000001,新木場ﾘｻｲｸﾙ工場,000173,荒井商店,000141,荒井商店,1,紙,,000006,川部
2025/01/30(木),2025/01/30(木),2025/01/30(木),000173,荒井商店,1,売上,000001,混合廃棄物A,"1,260","1,260",03,kg,65,"81,900",38792,000004,D（建設）,001,処分費,11:51,11:54,000001,荒井商店,000001,ｵﾈｽﾄ,000001,新木場ﾘｻｲｸﾙ工場,000173,荒井商店,000141,荒井商店,1,紙,,000006,川部
2025/01/30(木),2025/01/30(木),2025/01/30(木),000210,ES産業,1,売上,000002,混合廃棄物B,440,440,03,kg,70,"30,800",38751,000004,D（建設）,001,処分費,09:03,09:06,000000,ES産業,000001,ｵﾈｽﾄ,000001,新木場ﾘｻｲｸﾙ工場,000210,ES産業,000175,ES産業,1,紙,,000002,渡辺
2025/01/30(木),2025/01/30(木),2025/01/30(木),000210,ES産業,1,売上,000021,軽量物系B(ｸﾞﾗｽｳｰﾙ),190,190,03,kg,80,"15,200",38751,000004,D（建設）,001,処分費,09:03,09:06,000000,ES産業,000001,ｵﾈｽﾄ,000001,新木場ﾘｻｲｸﾙ工場,000210,ES産業,000175,ES産業,1,紙,,000002,渡辺
2025/01/30(木),2025/01/30(木),2025/01/30(木),000272,新建産業,1,売上,000001,混合廃棄物A,190,190,03,kg,65,"12,350",38778,000001,A（事業）,001,処分費,11:12,11:12,000023,松浦興産,000001,ｵﾈｽﾄ,000001,新木場ﾘｻｲｸﾙ工場,000272,新建産業,000222,新建産業,1,紙,,000006,川部
2025/01/30(木),2025/01/30(木),2025/01/30(木),000272,新建産業,1,売上,000001,混合廃棄物A,410,410,03,kg,65,"26,650",38794,000001,A（事業）,001,処分費,11:59,11:59,000023,松浦興産,000001,ｵﾈｽﾄ,000001,新木場ﾘｻｲｸﾙ工場,000272,新建産業,000222,新建産業,1,紙,,000006,川部
2025/01/30(木),2025/01/30(木),2025/01/30(木),000281,ﾒﾀｳｫｰﾀｰ,1,売上,000014,混合廃棄物,300,5,02,m3,"10,000","50,000",38823,000004,D（建設）,001,処分費,14:44,14:49,000029,三鷹市東部水再生センター監視制御設備等,000001,ｵﾈｽﾄ,000001,新木場ﾘｻｲｸﾙ工場,000001,ｵﾈｽﾄ,000281,ﾒﾀｳｫｰﾀｰ,2,電子,,000010,メタウォーター
2025/01/30(木),2025/01/30(木),2025/01/30(木),000281,ﾒﾀｳｫｰﾀｰ,1,売上,000014,混合廃棄物,340,4,02,m3,"10,000","40,000",38795,000004,D（建設）,001,処分費,12:17,12:21,000003,森ヶ崎水再生ｾﾝﾀｰ(東)反応槽機械設備再構築,000001,ｵﾈｽﾄ,000001,新木場ﾘｻｲｸﾙ工場,000001,ｵﾈｽﾄ,000281,ﾒﾀｳｫｰﾀｰ,1,紙,,000010,メタウォーター
2025/01/30(木),2025/01/30(木),2025/01/30(木),000281,ﾒﾀｳｫｰﾀｰ,1,売上,000014,混合廃棄物,"1,090",10,02,m3,"10,000","100,000",38779,000004,D（建設）,001,処分費,11:08,11:11,000038,西長沢浄水場実験場撤去工事,000001,ｵﾈｽﾄ,000001,新木場ﾘｻｲｸﾙ工場,000001,ｵﾈｽﾄ,000281,ﾒﾀｳｫｰﾀｰ,1,紙,,000010,メタウォーター
2025/01/30(木),2025/01/30(木),2025/01/30(木),000281,ﾒﾀｳｫｰﾀｰ,1,売上,000029,木くず,590,8,02,m3,"6,000","48,000",38811,000004,D（建設）,001,処分費,13:21,13:26,000032,令和5･6･7年度三河島水再生ｾﾝﾀｰ浅草系,000001,ｵﾈｽﾄ,000001,新木場ﾘｻｲｸﾙ工場,000001,ｵﾈｽﾄ,000281,ﾒﾀｳｫｰﾀｰ,1,紙,,000010,メタウォーター
2025/01/30(木),2025/01/30(木),2025/01/30(木),000281,ﾒﾀｳｫｰﾀｰ,1,売上,000109,運搬費,,1,07,台,"23,000","23,000",38779,000004,D（建設）,002,運搬費,11:08,11:11,000038,西長沢浄水場実験場撤去工事,000001,ｵﾈｽﾄ,000001,新木場ﾘｻｲｸﾙ工場,000001,ｵﾈｽﾄ,000281,ﾒﾀｳｫｰﾀｰ,1,紙,,000010,メタウォーター
2025/01/30(木),2025/01/30(木),2025/01/30(木),000281,ﾒﾀｳｫｰﾀｰ,1,売上,000109,運搬費,,1,07,台,"23,000","23,000",38811,000004,D（建設）,002,運搬費,13:21,13:26,000032,令和5･6･7年度三河島水再生ｾﾝﾀｰ浅草系,000001,ｵﾈｽﾄ,000001,新木場ﾘｻｲｸﾙ工場,000001,ｵﾈｽﾄ,000281,ﾒﾀｳｫｰﾀｰ,1,紙,,000010,メタウォーター
2025/01/30(木),2025/01/30(木),2025/01/30(木),000281,ﾒﾀｳｫｰﾀｰ,1,売上,000350,運搬費(4ｔﾕﾆｯｸ車),,1,07,台,"30,000","30,000",38823,000004,D（建設）,002,運搬費,14:44,14:49,000029,三鷹市東部水再生センター監視制御設備等,000001,ｵﾈｽﾄ,000001,新木場ﾘｻｲｸﾙ工場,000001,ｵﾈｽﾄ,000281,ﾒﾀｳｫｰﾀｰ,2,電子,,000010,メタウォーター
2025/01/30(木),2025/01/30(木),2025/01/30(木),000281,ﾒﾀｳｫｰﾀｰ,1,売上,000352,運搬費(2ｔ車),,1,07,台,"20,000","20,000",38795,000004,D（建設）,002,運搬費,12:17,12:21,000003,森ヶ崎水再生ｾﾝﾀｰ(東)反応槽機械設備再構築,000001,ｵﾈｽﾄ,000001,新木場ﾘｻｲｸﾙ工場,000001,ｵﾈｽﾄ,000281,ﾒﾀｳｫｰﾀｰ,1,紙,,000010,メタウォーター
2025/01/30(木),2025/01/30(木),2025/01/30(木),000284,住ﾍﾞｼｰﾄ防水,1,売上,000001,混合廃棄物A,500,4,02,m3,"10,000","40,000",38799,000004,D（建設）,001,処分費,12:25,12:29,000002,住ﾍﾞｼｰﾄ防水㈱神奈川ｵﾌｨｽ,000001,ｵﾈｽﾄ,000001,新木場ﾘｻｲｸﾙ工場,000001,ｵﾈｽﾄ,000927,住べｼｰﾄ防水,1,紙,,000004,山本
2025/01/30(木),2025/01/30(木),2025/01/30(木),000284,住ﾍﾞｼｰﾄ防水,1,売上,000353,運搬費(3ｔｺﾝﾃﾅ車),,1,07,台,"23,000","23,000",38799,000004,D（建設）,002,運搬費,12:25,12:29,000002,住ﾍﾞｼｰﾄ防水㈱神奈川ｵﾌｨｽ,000001,ｵﾈｽﾄ,000001,新木場ﾘｻｲｸﾙ工場,000001,ｵﾈｽﾄ,000927,住べｼｰﾄ防水,1,紙,,000004,山本
2025/01/30(木),2025/01/30(木),2025/01/30(木),000286,ｷﾀｻﾞﾜ引越ｾﾝﾀｰ,1,売上,000001,混合廃棄物A,"1,390","1,390",03,kg,65,"90,350",38857,000002,B（残置）,001,処分費,16:59,17:05,000000,ｷﾀｻﾞﾜ引越ｾﾝﾀｰ,000001,ｵﾈｽﾄ,000001,新木場ﾘｻｲｸﾙ工場,000286,ｷﾀｻﾞﾜ引越ｾﾝﾀｰ,000230,ｷﾀｻﾞﾜ引越ｾﾝﾀｰ,1,紙,,000006,川部
2025/01/30(木),2025/01/30(木),2025/01/30(木),000294,北斗JAPAN,1,売上,000001,混合廃棄物A,460,460,03,kg,65,"29,900",38855,000002,B,001,処分費,16:41,16:56,000000,北斗JAPAN,000001,ｵﾈｽﾄ,000001,新木場ﾘｻｲｸﾙ工場,000294,北斗JAPAN,000237,北斗JAPAN,1,紙,,000006,川部
2025/01/30(木),2025/01/30(木),2025/01/30(木),000294,北斗JAPAN,1,売上,000004,混合廃棄物(焼却物),20,20,03,kg,75,"1,500",38855,000002,B,001,処分費,16:41,16:56,000000,北斗JAPAN,000001,ｵﾈｽﾄ,000001,新木場ﾘｻｲｸﾙ工場,000294,北斗JAPAN,000237,北斗JAPAN,1,紙,,000006,川部
2025/01/30(木),2025/01/30(木),2025/01/30(木),000294,北斗JAPAN,1,売上,000018,軽量物系A(ｽﾎﾟﾝｼﾞ),10,10,03,kg,200,"2,000",38855,000002,B,001,処分費,16:41,16:56,000000,北斗JAPAN,000001,ｵﾈｽﾄ,000001,新木場ﾘｻｲｸﾙ工場,000294,北斗JAPAN,000237,北斗JAPAN,1,紙,,000006,川部
2025/01/30(木),2025/01/30(木),2025/01/30(木),000302,ﾖｼﾓﾘ,1,売上,000001,混合廃棄物A,680,680,03,kg,53,"36,040",38732,000001,A（事業）,001,処分費,07:13,07:15,000001,ﾖｼﾓﾘ扇ﾘｻｲｸﾙｾﾝﾀｰ,000001,ｵﾈｽﾄ,000001,新木場ﾘｻｲｸﾙ工場,000302,ﾖｼﾓﾘ,000244,ﾖｼﾓﾘ,1,紙,,000002,渡辺
2025/01/30(木),2025/01/30(木),2025/01/30(木),000302,ﾖｼﾓﾘ,1,売上,000003,混合廃棄物C,"2,800","2,800",03,kg,58,"162,400",38809,000001,A（事業）,001,処分費,13:38,13:38,000001,ﾖｼﾓﾘ扇ﾘｻｲｸﾙｾﾝﾀｰ,000001,ｵﾈｽﾄ,000001,新木場ﾘｻｲｸﾙ工場,000302,ﾖｼﾓﾘ,000244,ﾖｼﾓﾘ,1,紙,,000002,渡辺
2025/01/30(木),2025/01/30(木),2025/01/30(木),000312,野口興業,1,売上,000001,混合廃棄物A,700,700,03,kg,45,"31,500",38749,000001,A（事業）,001,処分費,08:47,08:55,000000,野口興業,000001,ｵﾈｽﾄ,000001,新木場ﾘｻｲｸﾙ工場,000312,野口興業,000253,野口興業,1,紙,,000002,渡辺
2025/01/30(木),2025/01/30(木),2025/01/30(木),000323,雑用社,1,売上,000002,混合廃棄物B,750,750,03,kg,70,"52,500",38819,000002,B（残置）,001,処分費,14:19,14:21,000000,雑用社,000001,ｵﾈｽﾄ,000001,新木場ﾘｻｲｸﾙ工場,000323,雑用社,000260,雑用社,1,紙,,000002,渡辺
2025/01/30(木),2025/01/30(木),2025/01/30(木),000349,TREｶﾞﾗｽ,1,売上,000001,混合廃棄物A,150,150,03,kg,65,"9,750",38744,000005,E（中・積),001,処分費,08:17,08:18,000001,TREｶﾞﾗｽ新木場工場,000001,ｵﾈｽﾄ,000001,新木場ﾘｻｲｸﾙ工場,000349,TREｶﾞﾗｽ,000279,TREｶﾞﾗｽ,1,紙,,000007,小林
2025/01/30(木),2025/01/30(木),2025/01/30(木),000349,TREｶﾞﾗｽ,1,売上,000001,混合廃棄物A,270,270,03,kg,65,"17,550",38744,000005,E（中・積),001,処分費,08:17,08:18,000001,TREｶﾞﾗｽ新木場工場,000001,ｵﾈｽﾄ,000001,新木場ﾘｻｲｸﾙ工場,000349,TREｶﾞﾗｽ,000279,TREｶﾞﾗｽ,1,紙,,000007,小林
2025/01/30(木),2025/01/30(木),2025/01/30(木),000354,泉商店,1,売上,000001,混合廃棄物A,340,340,03,kg,65,"22,100",38724,000002,B（残置）,001,処分費,06:24,06:25,000001,泉商店,000001,ｵﾈｽﾄ,000001,新木場ﾘｻｲｸﾙ工場,000354,泉商店,000283,泉商店,1,紙,,000006,川部
2025/01/30(木),2025/01/30(木),2025/01/30(木),000354,泉商店,1,売上,000036,ﾏｯﾄﾚｽ(ｼﾝｸﾞﾙ),20,2,11,枚,"6,000","12,000",38724,000002,B（残置）,001,処分費,06:24,06:25,000001,泉商店,000001,ｵﾈｽﾄ,000001,新木場ﾘｻｲｸﾙ工場,000354,泉商店,000283,泉商店,1,紙,,000006,川部
2025/01/30(木),2025/01/30(木),2025/01/30(木),000354,泉商店,1,売上,000037,ﾏｯﾄﾚｽ(ﾀﾞﾌﾞﾙ),60,3,11,枚,"8,000","24,000",38724,000002,B（残置）,001,処分費,06:24,06:25,000001,泉商店,000001,ｵﾈｽﾄ,000001,新木場ﾘｻｲｸﾙ工場,000354,泉商店,000283,泉商店,1,紙,,000006,川部
2025/01/30(木),2025/01/30(木),2025/01/30(木),000397,東美,1,売上,000026,石膏ﾎﾞｰﾄﾞC,60,60,03,kg,80,"4,800",38866,000003,C（解体）,001,処分費,17:29,17:29,000002,埼玉県さいたま市大宮区仲町1-96-2-1,000001,ｵﾈｽﾄ,000001,新木場ﾘｻｲｸﾙ工場,000397,東美,000318,東美,1,紙,,000007,小林
2025/01/30(木),2025/01/30(木),2025/01/30(木),000414,SMCR東京支店,2,支払,000068,GC 軽鉄･ｽﾁｰﾙ類,930,930,03,kg,23.5,"21,855",38720,000004,D（建設）,003,有価物,06:52,06:52,000000,SMCR東京支店,000001,ｵﾈｽﾄ,000001,新木場ﾘｻｲｸﾙ工場,000016,泉土木,000014,泉土木,1,紙,,000001,矢作
2025/01/30(木),2025/01/30(木),2025/01/30(木),000462,ｽﾀｰﾂCAM,1,売上,000002,混合廃棄物B,80,80,03,kg,70,"5,600",38838,000004,D（建設）,001,処分費,15:31,15:33,000004,りそな銀行浦安支店解体工事,000001,ｵﾈｽﾄ,000001,新木場ﾘｻｲｸﾙ工場,000474,ｱｸﾛﾊﾞｯﾄｱｰﾑｽﾞ,000360,ｱｸﾛﾊﾞｯﾄｱｰﾑｽﾞ,2,電子,,000002,渡辺
2025/01/30(木),2025/01/30(木),2025/01/30(木),000462,ｽﾀｰﾂCAM,1,売上,000002,混合廃棄物B,660,660,03,kg,70,"46,200",38821,000004,D（建設）,001,処分費,14:19,14:22,000009,五十嵐医科工業様文京区本郷3丁目計画解体,000001,ｵﾈｽﾄ,000001,新木場ﾘｻｲｸﾙ工場,000474,ｱｸﾛﾊﾞｯﾄｱｰﾑｽﾞ,000360,ｱｸﾛﾊﾞｯﾄｱｰﾑｽﾞ,2,電子,,000002,渡辺
2025/01/30(木),2025/01/30(木),2025/01/30(木),000462,ｽﾀｰﾂCAM,1,売上,000004,混合廃棄物(焼却物),70,70,03,kg,75,"5,250",38821,000004,D（建設）,001,処分費,14:19,14:22,000009,五十嵐医科工業様文京区本郷3丁目計画解体,000001,ｵﾈｽﾄ,000001,新木場ﾘｻｲｸﾙ工場,000474,ｱｸﾛﾊﾞｯﾄｱｰﾑｽﾞ,000360,ｱｸﾛﾊﾞｯﾄｱｰﾑｽﾞ,2,電子,,000002,渡辺
2025/01/30(木),2025/01/30(木),2025/01/30(木),000463,東京ﾋﾞｼﾞﾈｽ,1,売上,000001,混合廃棄物A,460,460,03,kg,65,"29,900",38853,000005,E（中・積),001,処分費,16:21,16:31,000000,東京ﾋﾞｼﾞﾈｽ,000001,ｵﾈｽﾄ,000001,新木場ﾘｻｲｸﾙ工場,000463,東京ﾋﾞｼﾞﾈｽ,001227,東京ﾋﾞｼﾞﾈｽ,1,紙,,000002,渡辺
2025/01/30(木),2025/01/30(木),2025/01/30(木),000463,東京ﾋﾞｼﾞﾈｽ,1,売上,000492,混合廃棄物（羽毛物）,10,10,03,kg,250,"2,500",38853,000005,E（中・積),001,処分費,16:21,16:31,000000,東京ﾋﾞｼﾞﾈｽ,000001,ｵﾈｽﾄ,000001,新木場ﾘｻｲｸﾙ工場,000463,東京ﾋﾞｼﾞﾈｽ,001227,東京ﾋﾞｼﾞﾈｽ,1,紙,,000002,渡辺
2025/01/30(木),2025/01/30(木),2025/01/30(木),000495,武久開発,1,売上,000002,混合廃棄物B,570,570,03,kg,65,"37,050",38728,000003,C（解体）,001,処分費,07:06,07:08,000001,朝霞現場,000001,ｵﾈｽﾄ,000001,新木場ﾘｻｲｸﾙ工場,000495,武久開発,000375,武久開発,1,紙,,000002,渡辺
2025/01/30(木),2025/01/30(木),2025/01/30(木),000495,武久開発,1,売上,000002,混合廃棄物B,"1,220","1,220",03,kg,65,"79,300",38762,000003,C（解体）,001,処分費,09:56,09:56,000001,朝霞現場,000001,ｵﾈｽﾄ,000001,新木場ﾘｻｲｸﾙ工場,000495,武久開発,000375,武久開発,1,紙,,000002,渡辺
2025/01/30(木),2025/01/30(木),2025/01/30(木),000495,武久開発,1,売上,000002,混合廃棄物B,"1,530","1,530",03,kg,65,"99,450",38800,000003,C（解体）,001,処分費,12:44,12:44,000000,武久開発,000001,ｵﾈｽﾄ,000001,新木場ﾘｻｲｸﾙ工場,000495,武久開発,000375,武久開発,1,紙,,000002,渡辺
2025/01/30(木),2025/01/30(木),2025/01/30(木),000495,武久開発,1,売上,000021,軽量物系B(ｸﾞﾗｽｳｰﾙ),250,250,03,kg,80,"20,000",38728,000003,C（解体）,001,処分費,07:06,07:08,000001,朝霞現場,000001,ｵﾈｽﾄ,000001,新木場ﾘｻｲｸﾙ工場,000495,武久開発,000375,武久開発,1,紙,,000002,渡辺
2025/01/30(木),2025/01/30(木),2025/01/30(木),000589,両角商店,1,売上,000001,混合廃棄物A,120,120,03,kg,65,"7,800",38782,000005,E（中・積),001,処分費,11:37,11:37,000000,両角商店,000001,ｵﾈｽﾄ,000001,新木場ﾘｻｲｸﾙ工場,000589,両角商店,001253,両角商店,1,紙,,000006,川部
2025/01/30(木),2025/01/30(木),2025/01/30(木),000589,両角商店,1,売上,000013,混合廃棄物(ｿﾌｧｰ),20,20,03,kg,100,"2,000",38782,000005,E（中・積),001,処分費,11:37,11:37,000000,両角商店,000001,ｵﾈｽﾄ,000001,新木場ﾘｻｲｸﾙ工場,000589,両角商店,001253,両角商店,1,紙,,000006,川部
2025/01/30(木),2025/01/30(木),2025/01/30(木),000740,ﾌﾛﾝﾃｨｱ,1,売上,000021,軽量物系B(ｸﾞﾗｽｳｰﾙ),600,600,03,kg,65,"39,000",38742,000001,A（事業）,001,処分費,08:10,08:15,000001,ﾌﾛﾝﾃｨｱ入谷ﾘｻｲｸﾙ工場,000001,ｵﾈｽﾄ,000001,新木場ﾘｻｲｸﾙ工場,000740,ﾌﾛﾝﾃｨｱ,000570,ﾌﾛﾝﾃｨｱ（渡辺・足立区）,1,紙,,000002,渡辺
2025/01/30(木),2025/01/30(木),2025/01/30(木),000751,まごのて,1,売上,000001,混合廃棄物A,490,490,03,kg,65,"31,850",38870,000002,B,001,処分費,17:43,17:43,000000,まごのて,000001,ｵﾈｽﾄ,000001,新木場ﾘｻｲｸﾙ工場,000751,まごのて,000580,まごのて,2,電子,,000006,川部
2025/01/30(木),2025/01/30(木),2025/01/30(木),000757,宗徳環境,1,売上,000001,混合廃棄物A,370,370,03,kg,65,"24,050",38872,000004,D（建設）,001,処分費,18:00,18:03,000000,宗徳環境,000001,ｵﾈｽﾄ,000001,新木場ﾘｻｲｸﾙ工場,000757,宗徳環境,000586,宗徳環境,1,紙,,000004,山本
2025/01/30(木),2025/01/30(木),2025/01/30(木),000757,宗徳環境,1,売上,000029,木くず,100,100,03,kg,35,"3,500",38872,000004,D（建設）,001,処分費,18:00,18:03,000000,宗徳環境,000001,ｵﾈｽﾄ,000001,新木場ﾘｻｲｸﾙ工場,000757,宗徳環境,000586,宗徳環境,1,紙,,000004,山本
2025/01/30(木),2025/01/30(木),2025/01/30(木),000867,ｵﾚﾝｼﾞﾎｰﾑﾜｰｸｽ,1,売上,000002,混合廃棄物B,360,360,03,kg,70,"25,200",38861,000002,B（残置）,001,処分費,17:17,17:19,000000,ｵﾚﾝｼﾞﾎｰﾑﾜｰｸｽ,000001,ｵﾈｽﾄ,000001,新木場ﾘｻｲｸﾙ工場,008462,Sｲﾝﾀﾞｳｴｽﾄ,000444,S･ｲﾝﾀﾞ ｳｴｽﾄ,1,紙,,000007,小林
2025/01/30(木),2025/01/30(木),2025/01/30(木),000898,ﾄﾗｽﾄ,1,売上,000001,混合廃棄物A,70,70,03,kg,58,"4,060",38805,000006,F（他）,001,処分費,13:10,13:10,000000,ﾄﾗｽﾄ,000001,ｵﾈｽﾄ,000001,新木場ﾘｻｲｸﾙ工場,000898,ﾄﾗｽﾄ,001022,ｻﾝ･ﾃｸﾉ,1,紙,,000012,サン・テクノ
2025/01/30(木),2025/01/30(木),2025/01/30(木),000898,ﾄﾗｽﾄ,1,売上,000004,混合廃棄物(焼却物),270,270,03,kg,68,"18,360",38805,000006,F（他）,001,処分費,13:10,13:10,000000,ﾄﾗｽﾄ,000001,ｵﾈｽﾄ,000001,新木場ﾘｻｲｸﾙ工場,000898,ﾄﾗｽﾄ,001022,ｻﾝ･ﾃｸﾉ,1,紙,,000012,サン・テクノ
2025/01/30(木),2025/01/30(木),2025/01/30(木),000911,Free Style,1,売上,000001,混合廃棄物A,740,740,03,kg,65,"48,100",38831,000004,D（建設）,001,処分費,14:47,14:47,000000,Free Style,000001,ｵﾈｽﾄ,000001,新木場ﾘｻｲｸﾙ工場,000001,ｵﾈｽﾄ,000700,Free Style,1,紙,,000005,今村（紀）
2025/01/30(木),2025/01/30(木),2025/01/30(木),000911,Free Style,1,売上,000109,運搬費,,1,07,台,"18,000","18,000",38831,000004,D（建設）,002,運搬費,14:47,14:47,000000,Free Style,000001,ｵﾈｽﾄ,000001,新木場ﾘｻｲｸﾙ工場,000001,ｵﾈｽﾄ,000700,Free Style,1,紙,,000005,今村（紀）
2025/01/30(木),2025/01/30(木),2025/01/30(木),001203,ﾏﾙﾐﾔ社,1,売上,000001,混合廃棄物A,280,280,03,kg,65,"18,200",38835,000002,B（残置）,001,処分費,14:46,14:56,000000,ﾏﾙﾐﾔ社,000001,ｵﾈｽﾄ,000001,新木場ﾘｻｲｸﾙ工場,001203,ﾏﾙﾐﾔ社,000934,ﾏﾙﾐﾔ社,1,紙,,000002,渡辺
2025/01/30(木),2025/01/30(木),2025/01/30(木),001206,ｶﾜｻｷ,1,売上,000001,混合廃棄物A,80,80,03,kg,65,"5,200",38738,000002,B（残置）,001,処分費,07:48,08:56,000000,ｶﾜｻｷ,000001,ｵﾈｽﾄ,000001,新木場ﾘｻｲｸﾙ工場,001206,ｶﾜｻｷ,000936,ｶﾜｻｷ,1,紙,,000007,小林
2025/01/30(木),2025/01/30(木),2025/01/30(木),001206,ｶﾜｻｷ,1,売上,000029,木くず,480,480,03,kg,35,"16,800",38738,000002,B（残置）,001,処分費,07:48,08:56,000000,ｶﾜｻｷ,000001,ｵﾈｽﾄ,000001,新木場ﾘｻｲｸﾙ工場,001206,ｶﾜｻｷ,000936,ｶﾜｻｷ,1,紙,,000007,小林
2025/01/30(木),2025/01/30(木),2025/01/30(木),001206,ｶﾜｻｷ,1,売上,000030,選別,890,890,03,kg,70,"62,300",38738,000002,B（残置）,001,処分費,07:48,08:56,000000,ｶﾜｻｷ,000001,ｵﾈｽﾄ,000001,新木場ﾘｻｲｸﾙ工場,001206,ｶﾜｻｷ,000936,ｶﾜｻｷ,1,紙,,000007,小林
2025/01/30(木),2025/01/30(木),2025/01/30(木),001226,ｱｰﾙﾂｰ,1,売上,000001,混合廃棄物A,20,20,03,kg,65,"1,300",38860,000002,B（残置）,001,処分費,17:16,17:21,000000,ｱｰﾙﾂｰ,000001,ｵﾈｽﾄ,000001,新木場ﾘｻｲｸﾙ工場,001226,ｱｰﾙﾂｰ,000950,ｱｰﾙﾂｰ,1,紙,,000006,川部
2025/01/30(木),2025/01/30(木),2025/01/30(木),001226,ｱｰﾙﾂｰ,1,売上,000001,混合廃棄物A,200,200,03,kg,65,"13,000",38802,000002,B（残置）,001,処分費,12:42,13:14,000006,弓矢四国ﾋﾞﾙ7階,000001,ｵﾈｽﾄ,000001,新木場ﾘｻｲｸﾙ工場,008552,北総運輸,00950X,【売掛】ｱｰﾙﾂｰ,1,紙,,000006,川部
2025/01/30(木),2025/01/30(木),2025/01/30(木),001226,ｱｰﾙﾂｰ,1,売上,000029,木くず,50,50,03,kg,35,"1,750",38860,000002,B（残置）,001,処分費,17:16,17:21,000000,ｱｰﾙﾂｰ,000001,ｵﾈｽﾄ,000001,新木場ﾘｻｲｸﾙ工場,001226,ｱｰﾙﾂｰ,000950,ｱｰﾙﾂｰ,1,紙,,000006,川部
2025/01/30(木),2025/01/30(木),2025/01/30(木),001226,ｱｰﾙﾂｰ,1,売上,000029,木くず,350,350,03,kg,35,"12,250",38802,000002,B（残置）,001,処分費,12:42,13:14,000006,弓矢四国ﾋﾞﾙ7階,000001,ｵﾈｽﾄ,000001,新木場ﾘｻｲｸﾙ工場,008552,北総運輸,00950X,【売掛】ｱｰﾙﾂｰ,1,紙,,000006,川部
2025/01/30(木),2025/01/30(木),2025/01/30(木),001226,ｱｰﾙﾂｰ,1,売上,000031,金庫,60,60,03,kg,80,"4,800",38802,000002,B（残置）,001,処分費,12:42,13:14,000006,弓矢四国ﾋﾞﾙ7階,000001,ｵﾈｽﾄ,000001,新木場ﾘｻｲｸﾙ工場,008552,北総運輸,00950X,【売掛】ｱｰﾙﾂｰ,1,紙,,000006,川部
2025/01/30(木),2025/01/30(木),2025/01/30(木),001226,ｱｰﾙﾂｰ,1,売上,000109,運搬費,,1,07,台,"30,000","30,000",38802,000002,B（残置）,002,運搬費,12:42,13:14,000006,弓矢四国ﾋﾞﾙ7階,000001,ｵﾈｽﾄ,000001,新木場ﾘｻｲｸﾙ工場,008552,北総運輸,00950X,【売掛】ｱｰﾙﾂｰ,1,紙,,000006,川部
2025/01/30(木),2025/01/30(木),2025/01/30(木),001226,ｱｰﾙﾂｰ,2,支払,000068,GC 軽鉄･ｽﾁｰﾙ類,260,260,03,kg,15,"3,900",38802,000002,B（残置）,003,有価物,12:42,13:14,000006,弓矢四国ﾋﾞﾙ7階,000001,ｵﾈｽﾄ,000001,新木場ﾘｻｲｸﾙ工場,008552,北総運輸,00950X,【売掛】ｱｰﾙﾂｰ,1,紙,,000006,川部
2025/01/30(木),2025/01/30(木),2025/01/30(木),001254,ﾄｯﾌﾟ,1,売上,000009,混合廃棄物(安定型),920,920,03,kg,60,"55,200",38759,000004,D（建設）,001,処分費,09:39,09:46,000001,ﾄｯﾌﾟ　吉川事業所,000001,ｵﾈｽﾄ,000001,新木場ﾘｻｲｸﾙ工場,001254,ﾄｯﾌﾟ,000975,ﾄｯﾌﾟ,1,紙,,000002,渡辺
2025/01/30(木),2025/01/30(木),2025/01/30(木),001254,ﾄｯﾌﾟ,1,売上,000017,軽量物系A(ｽﾀｲﾛﾌｫｰﾑ),10,10,03,kg,200,"2,000",38759,000004,D（建設）,001,処分費,09:39,09:46,000001,ﾄｯﾌﾟ　吉川事業所,000001,ｵﾈｽﾄ,000001,新木場ﾘｻｲｸﾙ工場,001254,ﾄｯﾌﾟ,000975,ﾄｯﾌﾟ,1,紙,,000002,渡辺
2025/01/30(木),2025/01/30(木),2025/01/30(木),001254,ﾄｯﾌﾟ,1,売上,000021,軽量物系B(ｸﾞﾗｽｳｰﾙ),240,240,03,kg,80,"19,200",38759,000004,D（建設）,001,処分費,09:39,09:46,000001,ﾄｯﾌﾟ　吉川事業所,000001,ｵﾈｽﾄ,000001,新木場ﾘｻｲｸﾙ工場,001254,ﾄｯﾌﾟ,000975,ﾄｯﾌﾟ,1,紙,,000002,渡辺
2025/01/30(木),2025/01/30(木),2025/01/30(木),001323,SUR,1,売上,000001,混合廃棄物A,160,160,03,kg,70,"11,200",38843,000002,B（残置）,001,処分費,15:53,15:53,000000,SUR,000001,ｵﾈｽﾄ,000001,新木場ﾘｻｲｸﾙ工場,001323,SUR,001034,SUR,1,紙,,000012,サン・テクノ
2025/01/30(木),2025/01/30(木),2025/01/30(木),001323,SUR,1,売上,000029,木くず,110,110,03,kg,40,"4,400",38843,000002,B（残置）,001,処分費,15:53,15:53,000000,SUR,000001,ｵﾈｽﾄ,000001,新木場ﾘｻｲｸﾙ工場,001323,SUR,001034,SUR,1,紙,,000012,サン・テクノ
2025/01/30(木),2025/01/30(木),2025/01/30(木),001362,ｷｰｿﾝｽﾞ,1,売上,000001,混合廃棄物A,140,140,03,kg,58,"8,120",38722,000006,F（他）,001,処分費,06:23,06:23,000000,ｷｰｿﾝｽﾞ,000001,ｵﾈｽﾄ,000001,新木場ﾘｻｲｸﾙ工場,001362,ｷｰｿﾝｽﾞ,001022,ｻﾝ･ﾃｸﾉ,1,紙,,000012,サン・テクノ
2025/01/30(木),2025/01/30(木),2025/01/30(木),001362,ｷｰｿﾝｽﾞ,1,売上,000004,混合廃棄物(焼却物),150,150,03,kg,68,"10,200",38722,000006,F（他）,001,処分費,06:23,06:23,000000,ｷｰｿﾝｽﾞ,000001,ｵﾈｽﾄ,000001,新木場ﾘｻｲｸﾙ工場,001362,ｷｰｿﾝｽﾞ,001022,ｻﾝ･ﾃｸﾉ,1,紙,,000012,サン・テクノ
2025/01/30(木),2025/01/30(木),2025/01/30(木),001375,昭工業,1,売上,000002,混合廃棄物B,380,380,03,kg,70,"26,600",38806,000004,D（建設）,001,処分費,13:31,13:31,000000,昭工業,000001,ｵﾈｽﾄ,000001,新木場ﾘｻｲｸﾙ工場,000239,石橋商店,000197,石橋商店,1,紙,,000004,山本
2025/01/30(木),2025/01/30(木),2025/01/30(木),001430,東興管理,1,売上,000001,混合廃棄物A,560,560,03,kg,65,"36,400",38797,000001,A（事業）,001,処分費,12:22,12:22,000001,久米ﾋﾞﾙ,000001,ｵﾈｽﾄ,000001,新木場ﾘｻｲｸﾙ工場,001546,江栄,000013,江栄,1,紙,,000002,渡辺
2025/01/30(木),2025/01/30(木),2025/01/30(木),001434,(ｻﾝﾃｸﾉ)東和ｴﾝｼﾞﾆｱﾘﾝｸﾞ,1,売上,000001,混合廃棄物A,300,300,03,kg,58,"17,400",38787,000006,F（他）,001,処分費,11:40,12:02,000099,司法研修所,000001,ｵﾈｽﾄ,000001,新木場ﾘｻｲｸﾙ工場,000001,ｵﾈｽﾄ,001022,ｻﾝ･ﾃｸﾉ,1,紙,,000012,サン・テクノ
2025/01/30(木),2025/01/30(木),2025/01/30(木),001434,(ｻﾝﾃｸﾉ)東和ｴﾝｼﾞﾆｱﾘﾝｸﾞ,1,売上,000030,選別,630,630,03,kg,50,"31,500",38787,000006,F（他）,001,処分費,11:40,12:02,000099,司法研修所,000001,ｵﾈｽﾄ,000001,新木場ﾘｻｲｸﾙ工場,000001,ｵﾈｽﾄ,001022,ｻﾝ･ﾃｸﾉ,1,紙,,000012,サン・テクノ
2025/01/30(木),2025/01/30(木),2025/01/30(木),001434,(ｻﾝﾃｸﾉ)東和ｴﾝｼﾞﾆｱﾘﾝｸﾞ,1,売上,000109,運搬費(2t),,1,07,台,"15,000","15,000",38787,000006,F（他）,002,運搬費,11:40,12:02,000099,司法研修所,000001,ｵﾈｽﾄ,000001,新木場ﾘｻｲｸﾙ工場,000001,ｵﾈｽﾄ,001022,ｻﾝ･ﾃｸﾉ,1,紙,,000012,サン・テクノ
2025/01/30(木),2025/01/30(木),2025/01/30(木),001434,(ｻﾝﾃｸﾉ)東和ｴﾝｼﾞﾆｱﾘﾝｸﾞ,2,支払,000068,GC 軽鉄･ｽﾁｰﾙ類,30,30,03,kg,21,630,38787,000006,F（他）,003,有価物,11:40,12:02,000099,司法研修所,000001,ｵﾈｽﾄ,000001,新木場ﾘｻｲｸﾙ工場,000001,ｵﾈｽﾄ,001022,ｻﾝ･ﾃｸﾉ,1,紙,,000012,サン・テクノ
2025/01/30(木),2025/01/30(木),2025/01/30(木),001461,千代田電設,2,支払,000069,GD,830,830,03,kg,3,"2,490",38804,000001,A（事業）,003,有価物,12:43,13:01,000002,長崎第二豊寿園内部改修その他に伴う電気工,000001,ｵﾈｽﾄ,000001,新木場ﾘｻｲｸﾙ工場,001454,谷津商会,000247,谷津商会,1,紙,,000002,渡辺
2025/01/30(木),2025/01/30(木),2025/01/30(木),001480,新生紙ﾊﾟﾙﾌﾟ商事,1,売上,000001,混合廃棄物A,110,110,03,kg,65,"7,150",38727,000001,A（事業）,001,処分費,06:59,07:02,000001,OPﾋﾞﾙﾃﾞｨﾝｸﾞ,000001,ｵﾈｽﾄ,000001,新木場ﾘｻｲｸﾙ工場,001463,ﾅｺｼﾞ,000170,ﾅｺｼﾞ,1,紙,,000006,川部
2025/01/30(木),2025/01/30(木),2025/01/30(木),001595,希松,1,売上,000001,混合廃棄物A,380,380,03,kg,65,"24,700",38764,000002,B（残置）,001,処分費,09:55,09:58,000001,事業本部工場（ﾅﾁｭﾗﾙﾌｧｸﾄﾘｰ東京）,000001,ｵﾈｽﾄ,000001,新木場ﾘｻｲｸﾙ工場,000001,ｵﾈｽﾄ,000569,希松,1,紙,,000005,今村（紀）
2025/01/30(木),2025/01/30(木),2025/01/30(木),001595,希松,1,売上,000349,運搬費(4ｔｺﾝﾃﾅ),,1,07,台,"20,000","20,000",38764,000002,B（残置）,002,運搬費,09:55,09:58,000001,事業本部工場（ﾅﾁｭﾗﾙﾌｧｸﾄﾘｰ東京）,000001,ｵﾈｽﾄ,000001,新木場ﾘｻｲｸﾙ工場,000001,ｵﾈｽﾄ,000569,希松,1,紙,,000005,今村（紀）
2025/01/30(木),2025/01/30(木),2025/01/30(木),001656,真和商事,1,売上,000001,混合廃棄物A,320,320,03,kg,60,"19,200",38743,000002,B（残置）,001,処分費,08:29,08:36,000001,真和商事　杉並営業所,000001,ｵﾈｽﾄ,000001,新木場ﾘｻｲｸﾙ工場,001656,真和商事,000055,真和商事,1,紙,,000002,渡辺
2025/01/30(木),2025/01/30(木),2025/01/30(木),001656,真和商事,1,売上,000093,混合廃棄物(ﾋﾞﾝ･缶･ﾍﾟｯﾄﾎﾞﾄﾙ),80,80,03,kg,45,"3,600",38743,000002,B（残置）,001,処分費,08:29,08:36,000001,真和商事　杉並営業所,000001,ｵﾈｽﾄ,000001,新木場ﾘｻｲｸﾙ工場,001656,真和商事,000055,真和商事,1,紙,,000002,渡辺
2025/01/30(木),2025/01/30(木),2025/01/30(木),001659,東京東武工業,1,売上,000001,混合廃棄物A,590,590,03,kg,60,"35,400",38815,000002,B（残置）,001,処分費,13:55,13:57,000000,東京東武工業,000001,ｵﾈｽﾄ,000001,新木場ﾘｻｲｸﾙ工場,001656,真和商事,000055,真和商事,1,紙,,000002,渡辺
2025/01/30(木),2025/01/30(木),2025/01/30(木),001971,NTTｱｰﾊﾞﾝﾊﾞﾘｭｰｻﾎﾟｰﾄ,1,売上,000001,混合廃棄物A,770,770,03,kg,54,"41,580",38773,000001,A（事業）,001,処分費,10:54,10:56,000004,ｱｰﾊﾞﾝﾈｯﾄ内幸町ﾋﾞﾙ･THEBLOSSOMHIBIYA,000001,ｵﾈｽﾄ,000001,新木場ﾘｻｲｸﾙ工場,000028,五十嵐商会,000025,五十嵐商会,1,紙,,000002,渡辺
2025/01/30(木),2025/01/30(木),2025/01/30(木),001972,第一ﾋﾞﾙﾃﾞｨﾝｸﾞ,1,売上,000001,混合廃棄物A,"1,040","1,040",03,kg,54,"56,160",38772,000001,A（事業）,001,処分費,10:55,10:55,000001,経団連会館,000001,ｵﾈｽﾄ,000001,新木場ﾘｻｲｸﾙ工場,000028,五十嵐商会,000025,五十嵐商会,1,紙,,000002,渡辺
2025/01/30(木),2025/01/30(木),2025/01/30(木),001989,関東ﾛｯｸｳｰﾙ,1,売上,000001,混合廃棄物A,580,580,03,kg,65,"37,700",38818,000004,D（建設）,001,処分費,14:12,14:15,000000,関東ﾛｯｸｳｰﾙ,000001,ｵﾈｽﾄ,000001,新木場ﾘｻｲｸﾙ工場,001988,鈴木運輸,000057,鈴木運輸,1,紙,,000002,渡辺
2025/01/30(木),2025/01/30(木),2025/01/30(木),002155,ﾄﾘﾔﾏ,1,売上,000002,混合廃棄物B,350,350,03,kg,70,"24,500",38814,000004,D（建設）,001,処分費,13:46,13:47,000016,ﾊﾟｰｸﾊｲﾑ氷川台2丁目,000001,ｵﾈｽﾄ,000001,新木場ﾘｻｲｸﾙ工場,000326,ｱﾍﾞﾏｷ,000263,ｱﾍﾞﾏｷ,1,紙,,000002,渡辺
2025/01/30(木),2025/01/30(木),2025/01/30(木),002226,共和商事,1,売上,000001,混合廃棄物A,520,520,03,kg,65,"33,800",38776,000003,C（解体）,001,処分費,11:10,11:10,000001,木村様邸,000001,ｵﾈｽﾄ,000001,新木場ﾘｻｲｸﾙ工場,000001,ｵﾈｽﾄ,001421,共和商事,1,紙,,000006,川部
2025/01/30(木),2025/01/30(木),2025/01/30(木),002226,共和商事,1,売上,000035,ｽﾀｲﾛ畳,140,14,11,枚,"3,500","49,000",38776,000003,C（解体）,001,処分費,11:10,11:10,000001,木村様邸,000001,ｵﾈｽﾄ,000001,新木場ﾘｻｲｸﾙ工場,000001,ｵﾈｽﾄ,001421,共和商事,1,紙,,000006,川部
2025/01/30(木),2025/01/30(木),2025/01/30(木),002226,共和商事,1,売上,000109,運搬費,,1,07,台,"25,000","25,000",38776,000003,C（解体）,002,運搬費,11:10,11:10,000001,木村様邸,000001,ｵﾈｽﾄ,000001,新木場ﾘｻｲｸﾙ工場,000001,ｵﾈｽﾄ,001421,共和商事,1,紙,,000006,川部
2025/01/30(木),2025/01/30(木),2025/01/30(木),002361,ﾔﾏﾀﾞﾃﾞﾝｷ,1,売上,000002,混合廃棄物B,740,740,03,kg,70,"51,800",38736,000004,D（建設）,001,処分費,07:33,07:35,000089,埼玉県新座市野火止6-1-7,000001,ｵﾈｽﾄ,000001,新木場ﾘｻｲｸﾙ工場,000229,ｱｽﾏ･ｸﾘｰﾝ,000191,ｱｽﾏ･ｸﾘｰﾝ,1,紙,,000002,渡辺
2025/01/30(木),2025/01/30(木),2025/01/30(木),002380,築地場外市場商店街(振),1,売上,000002,混合廃棄物B,410,410,03,kg,65,"26,650",38746,000002,B（残置）,001,処分費,08:32,08:32,000000,築地場外市場商店街(振),000001,ｵﾈｽﾄ,000001,新木場ﾘｻｲｸﾙ工場,001415,山口興業,001238,山口興業（BOND）,,,,000005,今村（紀）
2025/01/30(木),2025/01/30(木),2025/01/30(木),002386,第一生命保険,1,売上,000030,選別,130,130,03,kg,70,"9,100",38770,000002,B（残置）,001,処分費,10:08,10:08,000000,第一生命保険,000001,ｵﾈｽﾄ,000001,新木場ﾘｻｲｸﾙ工場,000001,ｵﾈｽﾄ,000039,第一生命保険,1,紙,,000002,渡辺
2025/01/30(木),2025/01/30(木),2025/01/30(木),002386,第一生命保険,1,売上,000109,運搬費(2t),,1,07,台,"23,000","23,000",38770,000002,B（残置）,002,運搬費,10:08,10:08,000000,第一生命保険,000001,ｵﾈｽﾄ,000001,新木場ﾘｻｲｸﾙ工場,000001,ｵﾈｽﾄ,000039,第一生命保険,1,紙,,000002,渡辺
2025/01/30(木),2025/01/30(木),2025/01/30(木),002482,AQ　Group,1,売上,000002,混合廃棄物B,60,60,03,kg,65,"3,900",38798,000003,C（解体）,001,処分費,12:26,12:31,000000,AQ　Group,000001,ｵﾈｽﾄ,000001,新木場ﾘｻｲｸﾙ工場,006167,綿貫工業,000658,三友建設,1,紙,,000002,渡辺
2025/01/30(木),2025/01/30(木),2025/01/30(木),002484,第一興商,1,売上,000001,混合廃棄物A,140,140,03,kg,54,"7,560",38753,000001,A（事業）,001,処分費,09:23,09:59,000001,MARUNOUCHI　BASE,000001,ｵﾈｽﾄ,000001,新木場ﾘｻｲｸﾙ工場,000028,五十嵐商会,000025,五十嵐商会,1,紙,,000002,渡辺
2025/01/30(木),2025/01/30(木),2025/01/30(木),002484,第一興商,1,売上,000030,選別,450,450,03,kg,65,"29,250",38753,000001,A（事業）,001,処分費,09:23,09:59,000001,MARUNOUCHI　BASE,000001,ｵﾈｽﾄ,000001,新木場ﾘｻｲｸﾙ工場,000028,五十嵐商会,000025,五十嵐商会,1,紙,,000002,渡辺
2025/01/30(木),2025/01/30(木),2025/01/30(木),002484,第一興商,2,支払,000068,GC 軽鉄･ｽﾁｰﾙ類,30,30,03,kg,15,450,38753,000001,A（事業）,003,有価物,09:23,09:59,000001,MARUNOUCHI　BASE,000001,ｵﾈｽﾄ,000001,新木場ﾘｻｲｸﾙ工場,000028,五十嵐商会,000025,五十嵐商会,1,紙,,000002,渡辺
2025/01/30(木),2025/01/30(木),2025/01/30(木),002579,ﾏﾙﾔﾏｴｸｾﾙ,1,売上,000001,混合廃棄物A,50,50,03,kg,65,"3,250",38822,000004,D（建設）,001,処分費,14:28,14:30,000000,ﾏﾙﾔﾏｴｸｾﾙ,000001,ｵﾈｽﾄ,000001,新木場ﾘｻｲｸﾙ工場,000361,全公研,000289,全公研,1,紙,,000004,山本
2025/01/30(木),2025/01/30(木),2025/01/30(木),002579,ﾏﾙﾔﾏｴｸｾﾙ,1,売上,000004,混合廃棄物(焼却物),410,410,03,kg,75,"30,750",38822,000004,D（建設）,001,処分費,14:28,14:30,000000,ﾏﾙﾔﾏｴｸｾﾙ,000001,ｵﾈｽﾄ,000001,新木場ﾘｻｲｸﾙ工場,000361,全公研,000289,全公研,1,紙,,000004,山本
2025/01/30(木),2025/01/30(木),2025/01/30(木),002627,ｻﾃﾗｲﾄｼﾞｬﾊﾟﾝ,1,売上,000001,混合廃棄物A,120,120,03,kg,54,"6,480",38760,000001,A（事業）,001,処分費,09:25,09:25,000001,ﾌｧﾛｼﾃｨﾋﾞﾙ(ﾗ･ﾋﾟｽﾀ新橋),000001,ｵﾈｽﾄ,000001,新木場ﾘｻｲｸﾙ工場,000028,五十嵐商会,000025,五十嵐商会,1,紙,,000002,渡辺
2025/01/30(木),2025/01/30(木),2025/01/30(木),002659,ﾊｳｽｺﾑ,1,売上,000001,混合廃棄物A,530,530,03,kg,53,"28,090",38777,000001,A（事業）,001,処分費,11:00,11:02,000002,ﾊｳｽｺﾑ赤羽店,000001,ｵﾈｽﾄ,000001,新木場ﾘｻｲｸﾙ工場,000302,ﾖｼﾓﾘ,000244,ﾖｼﾓﾘ,1,紙,,000002,渡辺
2025/01/30(木),2025/01/30(木),2025/01/30(木),002689,三機ﾃｸﾉｻﾎﾟｰﾄ,2,支払,000068,GC 軽鉄･ｽﾁｰﾙ類,350,350,03,kg,23.5,"8,225",38820,000004,D（建設）,003,有価物,14:15,14:15,000016,信金中央金庫　高井戸寮,000001,ｵﾈｽﾄ,000001,新木場ﾘｻｲｸﾙ工場,000016,泉土木,000014,泉土木,1,紙,,000001,矢作
2025/01/30(木),2025/01/30(木),2025/01/30(木),002905,ｴｽﾄﾜﾝ,1,売上,000021,軽量物系B(ｸﾞﾗｽｳｰﾙ),160,160,03,kg,80,"12,800",38836,000004,D（建設）,001,処分費,15:26,15:28,000002,ﾌﾗﾜｰﾒﾃﾞｨｶﾙﾓｰﾙ2階解体工事,000001,ｵﾈｽﾄ,000001,新木場ﾘｻｲｸﾙ工場,000226,ｽﾃｱ,000188,ｽﾃｱ,1,紙,,000004,山本
2025/01/30(木),2025/01/30(木),2025/01/30(木),003023,竹中工務店東京本店安全環境部,2,支払,000068,GC 軽鉄･ｽﾁｰﾙ類,"3,680","3,680",03,kg,23.5,"86,480",38721,000004,D（建設）,003,有価物,06:22,06:22,000043,北青山吉川ビルエレベーター更新,000001,ｵﾈｽﾄ,000001,新木場ﾘｻｲｸﾙ工場,000016,泉土木,000014,泉土木,1,紙,,000001,矢作
2025/01/30(木),2025/01/30(木),2025/01/30(木),003128,高橋監理管理本部,1,売上,000002,混合廃棄物B,450,450,03,kg,70,"31,500",38856,000003,C（解体）,001,処分費,16:47,16:49,000035,中島様邸,000001,ｵﾈｽﾄ,000001,新木場ﾘｻｲｸﾙ工場,000362,ﾐﾔ産興,000290,ﾐﾔ産興,1,紙,,000004,山本
2025/01/30(木),2025/01/30(木),2025/01/30(木),003274,(ｻﾝﾃｸﾉ)和幸流通ｻｰﾋﾞｽ,1,売上,000001,混合廃棄物A,350,350,03,kg,58,"20,300",38812,000006,F（他）,001,処分費,14:03,14:08,000000,(ｻﾝﾃｸﾉ)和幸流通ｻｰﾋﾞｽ,000001,ｵﾈｽﾄ,000001,新木場ﾘｻｲｸﾙ工場,003274,(ｻﾝﾃｸﾉ)和幸流通ｻｰﾋﾞｽ,001022,ｻﾝ･ﾃｸﾉ,1,紙,,000012,サン・テクノ
2025/01/30(木),2025/01/30(木),2025/01/30(木),003294,不二熱学工業,2,支払,000069,GD,"1,050","1,050",03,kg,14,"14,700",38808,000004,D（建設）,003,有価物,13:03,13:03,000002,ﾀﾞｲｴｰ川崎ﾌﾟﾛｾｽｾﾝﾀｰ冷凍機更新工事,000001,ｵﾈｽﾄ,000001,新木場ﾘｻｲｸﾙ工場,000016,泉土木,000014,泉土木,1,紙,,000001,矢作
2025/01/30(木),2025/01/30(木),2025/01/30(木),003494,ﾛｼｭ･ﾀﾞｲｱｸﾞﾉｽﾃｨｯｸｽ,1,売上,000001,混合廃棄物A,920,920,03,kg,54,"49,680",38801,000001,A（事業）,001,処分費,12:54,13:06,000001,品川ｼｰｽﾞﾝﾃﾗｽ,000001,ｵﾈｽﾄ,000001,新木場ﾘｻｲｸﾙ工場,000028,五十嵐商会,000025,五十嵐商会,1,紙,,000002,渡辺
2025/01/30(木),2025/01/30(木),2025/01/30(木),003631,価値総合研究所,1,売上,000001,混合廃棄物A,290,290,03,kg,54,"15,660",38829,000001,A（事業）,001,処分費,14:34,15:29,000000,価値総合研究所,000001,ｵﾈｽﾄ,000001,新木場ﾘｻｲｸﾙ工場,000028,五十嵐商会,000025,五十嵐商会,1,紙,,000002,渡辺
2025/01/30(木),2025/01/30(木),2025/01/30(木),003631,価値総合研究所,1,売上,000030,選別,460,460,03,kg,65,"29,900",38829,000001,A（事業）,001,処分費,14:34,15:29,000000,価値総合研究所,000001,ｵﾈｽﾄ,000001,新木場ﾘｻｲｸﾙ工場,000028,五十嵐商会,000025,五十嵐商会,1,紙,,000002,渡辺
2025/01/30(木),2025/01/30(木),2025/01/30(木),004008,便利屋ﾌｧﾐﾘｰ江東木場店,1,売上,000029,木くず,330,330,03,kg,35,"11,550",38862,000002,B（残置）,001,処分費,17:26,17:33,000000,便利屋ﾌｧﾐﾘｰ江東木場店,000001,ｵﾈｽﾄ,000001,新木場ﾘｻｲｸﾙ工場,004008,便利屋ﾌｧﾐﾘｰ江東木場店,001118,便利屋ﾌｧﾐﾘｰ江東木場店,1,紙,,000012,サン・テクノ
2025/01/30(木),2025/01/30(木),2025/01/30(木),004039,(ｵﾈﾜﾝ)ﾄｯﾌﾟﾘﾕｰｽ,1,売上,000001,混合廃棄物A,340,340,03,kg,63,"21,420",38850,000002,B（残置）,001,処分費,16:05,16:11,000000,(ｵﾈﾜﾝ)ﾄｯﾌﾟﾘﾕｰｽ,000001,ｵﾈｽﾄ,000001,新木場ﾘｻｲｸﾙ工場,004039,(ｵﾈﾜﾝ)ﾄｯﾌﾟﾘﾕｰｽ,001021,ｵﾈｽﾄ･ﾜﾝ,1,紙,,000011,オネスト・ワン
2025/01/30(木),2025/01/30(木),2025/01/30(木),004039,(ｵﾈﾜﾝ)ﾄｯﾌﾟﾘﾕｰｽ,1,売上,000013,混合廃棄物(ｿﾌｧｰ),20,20,03,kg,90,"1,800",38850,000002,B（残置）,001,処分費,16:05,16:11,000000,(ｵﾈﾜﾝ)ﾄｯﾌﾟﾘﾕｰｽ,000001,ｵﾈｽﾄ,000001,新木場ﾘｻｲｸﾙ工場,004039,(ｵﾈﾜﾝ)ﾄｯﾌﾟﾘﾕｰｽ,001021,ｵﾈｽﾄ･ﾜﾝ,1,紙,,000011,オネスト・ワン
2025/01/30(木),2025/01/30(木),2025/01/30(木),004108,ﾊﾟﾅｿﾆｯｸ産機ｼｽﾃﾑｽﾞ,1,売上,000001,混合廃棄物A,90,90,03,kg,50,"4,500",38852,000004,D（建設）,001,処分費,16:20,16:22,000145,コスモス薬品新屋店,000001,ｵﾈｽﾄ,000001,新木場ﾘｻｲｸﾙ工場,008280,エコフォレスト,000873,伊藤忠ﾒﾀﾙｽﾞ,1,紙,,000001,矢作
2025/01/30(木),2025/01/30(木),2025/01/30(木),004108,ﾊﾟﾅｿﾆｯｸ産機ｼｽﾃﾑｽﾞ,1,売上,000001,混合廃棄物A,120,120,03,kg,50,"6,000",38783,000004,D（建設）,001,処分費,11:43,11:43,000001,協和興運,000001,ｵﾈｽﾄ,000001,新木場ﾘｻｲｸﾙ工場,000033,富士商事,000873,伊藤忠ﾒﾀﾙｽﾞ,2,電子,,000001,矢作
2025/01/30(木),2025/01/30(木),2025/01/30(木),004364,ｳｲﾝｸﾞ,1,売上,000001,混合廃棄物A,630,630,03,kg,65,"40,950",38761,000002,B（残置）,001,処分費,09:50,09:50,000000,ｳｲﾝｸﾞ,000001,ｵﾈｽﾄ,000001,新木場ﾘｻｲｸﾙ工場,004364,ｳｲﾝｸﾞ,000092,ｳｲﾝｸﾞ,1,紙,,000006,川部
2025/01/30(木),2025/01/30(木),2025/01/30(木),004394,第一工芸社,1,売上,000001,混合廃棄物A,340,340,03,kg,65,"22,100",38833,000002,B（残置）,001,処分費,14:45,14:50,000021,東京ﾊﾟﾜｰﾃｸﾉﾛｼﾞｰ東扇島,000001,ｵﾈｽﾄ,000001,新木場ﾘｻｲｸﾙ工場,000330,ﾘｸﾘｰﾝｻｰﾋﾞｽ,000267,ﾘｸﾘｰﾝｻｰﾋﾞｽ,1,紙,,000004,山本
2025/01/30(木),2025/01/30(木),2025/01/30(木),004394,第一工芸社,1,売上,000043,ﾀｲﾙｶｰﾍﾟｯﾄ,780,780,03,kg,60,"46,800",38833,000002,B（残置）,001,処分費,14:45,14:50,000021,東京ﾊﾟﾜｰﾃｸﾉﾛｼﾞｰ東扇島,000001,ｵﾈｽﾄ,000001,新木場ﾘｻｲｸﾙ工場,000330,ﾘｸﾘｰﾝｻｰﾋﾞｽ,000267,ﾘｸﾘｰﾝｻｰﾋﾞｽ,1,紙,,000004,山本
2025/01/30(木),2025/01/30(木),2025/01/30(木),004534,東海交通機械,1,売上,000030,選別,"2,340","2,340",03,kg,60,"140,400",38725,000004,D（建設）,001,処分費,06:51,06:51,000008,東海旅客鉄道株式会社東京駅,000001,ｵﾈｽﾄ,000001,新木場ﾘｻｲｸﾙ工場,000361,全公研,000289,全公研,2,電子,,000004,山本
2025/01/30(木),2025/01/30(木),2025/01/30(木),004534,東海交通機械,2,支払,000064,ｱﾙﾐ類,20,20,03,kg,105,"2,100",38781,000004,D（建設）,003,有価物,10:58,10:58,000008,東海旅客鉄道株式会社東京駅,000001,ｵﾈｽﾄ,000001,新木場ﾘｻｲｸﾙ工場,000361,全公研,000289,全公研,2,電子,,000004,山本
2025/01/30(木),2025/01/30(木),2025/01/30(木),004534,東海交通機械,2,支払,000068,GC 軽鉄･ｽﾁｰﾙ類,"1,030","1,030",03,kg,25,"25,750",38781,000004,D（建設）,003,有価物,10:58,10:58,000008,東海旅客鉄道株式会社東京駅,000001,ｵﾈｽﾄ,000001,新木場ﾘｻｲｸﾙ工場,000361,全公研,000289,全公研,2,電子,,000004,山本
2025/01/30(木),2025/01/30(木),2025/01/30(木),004595,ﾘｻｲｸﾙﾚｽｷｭｰ,1,売上,000001,混合廃棄物A,30,30,03,kg,70,"2,100",38863,000002,B（残置）,001,処分費,17:28,17:31,000000,ﾘｻｲｸﾙﾚｽｷｭｰ,000001,ｵﾈｽﾄ,000001,新木場ﾘｻｲｸﾙ工場,004595,ﾘｻｲｸﾙﾚｽｷｭｰ,001040,ﾘｻｲｸﾙﾚｽｷｭｰ,1,紙,,000012,サン・テクノ
2025/01/30(木),2025/01/30(木),2025/01/30(木),004595,ﾘｻｲｸﾙﾚｽｷｭｰ,1,売上,000026,石膏ﾎﾞｰﾄﾞC,80,80,03,kg,85,"6,800",38863,000002,B（残置）,001,処分費,17:28,17:31,000000,ﾘｻｲｸﾙﾚｽｷｭｰ,000001,ｵﾈｽﾄ,000001,新木場ﾘｻｲｸﾙ工場,004595,ﾘｻｲｸﾙﾚｽｷｭｰ,001040,ﾘｻｲｸﾙﾚｽｷｭｰ,1,紙,,000012,サン・テクノ
2025/01/30(木),2025/01/30(木),2025/01/30(木),004595,ﾘｻｲｸﾙﾚｽｷｭｰ,1,売上,000102,ﾏﾆﾌｪｽﾄ,,1,11,枚,50,50,38863,000002,B（残置）,001,処分費,17:28,17:31,000000,ﾘｻｲｸﾙﾚｽｷｭｰ,000001,ｵﾈｽﾄ,000001,新木場ﾘｻｲｸﾙ工場,004595,ﾘｻｲｸﾙﾚｽｷｭｰ,001040,ﾘｻｲｸﾙﾚｽｷｭｰ,1,紙,,000012,サン・テクノ
2025/01/30(木),2025/01/30(木),2025/01/30(木),004766,JR東日本環境ｱｸｾｽ,1,売上,000001,混合廃棄物A,"1,240","1,240",03,kg,55,"68,200",38739,000001,A（事業）,001,処分費,07:57,08:01,000001,東京資源循環ｾﾝﾀｰ,000001,ｵﾈｽﾄ,000001,新木場ﾘｻｲｸﾙ工場,004766,JR東日本環境ｱｸｾｽ,000426,JR東日本環境ｱｸｾｽ,2,電子,,000002,渡辺
2025/01/30(木),2025/01/30(木),2025/01/30(木),004766,JR東日本環境ｱｸｾｽ,1,売上,000001,混合廃棄物A,"1,240","1,240",03,kg,55,"68,200",38752,000001,A（事業）,001,処分費,09:09,09:09,000001,東京資源循環ｾﾝﾀｰ,000001,ｵﾈｽﾄ,000001,新木場ﾘｻｲｸﾙ工場,004766,JR東日本環境ｱｸｾｽ,000426,JR東日本環境ｱｸｾｽ,2,電子,,000002,渡辺
2025/01/30(木),2025/01/30(木),2025/01/30(木),004833,ﾘｰﾄﾞ,1,売上,000004,混合廃棄物(焼却物),120,120,03,kg,80,"9,600",38775,000004,D,001,処分費,10:59,11:04,000000,ﾘｰﾄﾞ,000001,ｵﾈｽﾄ,000001,新木場ﾘｻｲｸﾙ工場,004833,ﾘｰﾄﾞ,001043,ﾘｰﾄﾞ,1,紙,,000012,サン・テクノ
2025/01/30(木),2025/01/30(木),2025/01/30(木),004833,ﾘｰﾄﾞ,1,売上,000492,混合廃棄物（羽毛物）,20,20,03,kg,250,"5,000",38775,000004,D,001,処分費,10:59,11:04,000000,ﾘｰﾄﾞ,000001,ｵﾈｽﾄ,000001,新木場ﾘｻｲｸﾙ工場,004833,ﾘｰﾄﾞ,001043,ﾘｰﾄﾞ,1,紙,,000012,サン・テクノ
2025/01/30(木),2025/01/30(木),2025/01/30(木),004857,ﾀﾐﾔﾎｰﾑ,1,売上,000002,混合廃棄物B,20,20,03,kg,70,"1,400",38780,000003,C（解体）,001,処分費,11:30,11:30,000045,解体工事（板橋区）,000001,ｵﾈｽﾄ,000001,新木場ﾘｻｲｸﾙ工場,007123,ﾓﾝﾎﾞﾙﾄﾞ,000462,ﾓﾝﾎﾞﾙﾄﾞ,1,紙,,000007,小林
2025/01/30(木),2025/01/30(木),2025/01/30(木),004857,ﾀﾐﾔﾎｰﾑ,1,売上,000002,混合廃棄物B,300,300,03,kg,70,"21,000",38796,000003,C（解体）,001,処分費,12:20,12:20,000046,狛江市西野川,000001,ｵﾈｽﾄ,000001,新木場ﾘｻｲｸﾙ工場,007123,ﾓﾝﾎﾞﾙﾄﾞ,000462,ﾓﾝﾎﾞﾙﾄﾞ,1,紙,,000007,小林
2025/01/30(木),2025/01/30(木),2025/01/30(木),004857,ﾀﾐﾔﾎｰﾑ,1,売上,000002,混合廃棄物B,440,440,03,kg,70,"30,800",38731,000003,C（解体）,001,処分費,07:07,07:09,000047,解体工事（野田市）,000001,ｵﾈｽﾄ,000001,新木場ﾘｻｲｸﾙ工場,007123,ﾓﾝﾎﾞﾙﾄﾞ,000462,ﾓﾝﾎﾞﾙﾄﾞ,1,紙,,000007,小林
2025/01/30(木),2025/01/30(木),2025/01/30(木),004857,ﾀﾐﾔﾎｰﾑ,1,売上,000021,軽量物系B(ｸﾞﾗｽｳｰﾙ),60,60,03,kg,80,"4,800",38780,000003,C（解体）,001,処分費,11:30,11:30,000045,解体工事（板橋区）,000001,ｵﾈｽﾄ,000001,新木場ﾘｻｲｸﾙ工場,007123,ﾓﾝﾎﾞﾙﾄﾞ,000462,ﾓﾝﾎﾞﾙﾄﾞ,1,紙,,000007,小林
2025/01/30(木),2025/01/30(木),2025/01/30(木),005011,ﾊﾙﾊﾟｴﾔ,1,売上,000001,混合廃棄物A,370,370,03,kg,65,"24,050",38840,000002,B（残置）,001,処分費,15:32,15:42,000000,ﾊﾙﾊﾟｴﾔ,000001,ｵﾈｽﾄ,000001,新木場ﾘｻｲｸﾙ工場,005011,ﾊﾙﾊﾟｴﾔ,000718,ﾊﾙﾊﾟｴﾔ,1,紙,,000005,今村（紀）
2025/01/30(木),2025/01/30(木),2025/01/30(木),005011,ﾊﾙﾊﾟｴﾔ,1,売上,000001,混合廃棄物A,390,390,03,kg,65,"25,350",38755,000002,B（残置）,001,処分費,09:25,09:35,000000,ﾊﾙﾊﾟｴﾔ,000001,ｵﾈｽﾄ,000001,新木場ﾘｻｲｸﾙ工場,005011,ﾊﾙﾊﾟｴﾔ,000718,ﾊﾙﾊﾟｴﾔ,1,紙,,000005,今村（紀）
2025/01/30(木),2025/01/30(木),2025/01/30(木),005011,ﾊﾙﾊﾟｴﾔ,1,売上,000029,木くず,140,140,03,kg,35,"4,900",38840,000002,B（残置）,001,処分費,15:32,15:42,000000,ﾊﾙﾊﾟｴﾔ,000001,ｵﾈｽﾄ,000001,新木場ﾘｻｲｸﾙ工場,005011,ﾊﾙﾊﾟｴﾔ,000718,ﾊﾙﾊﾟｴﾔ,1,紙,,000005,今村（紀）
2025/01/30(木),2025/01/30(木),2025/01/30(木),005011,ﾊﾙﾊﾟｴﾔ,1,売上,000029,木くず,170,170,03,kg,35,"5,950",38755,000002,B（残置）,001,処分費,09:25,09:35,000000,ﾊﾙﾊﾟｴﾔ,000001,ｵﾈｽﾄ,000001,新木場ﾘｻｲｸﾙ工場,005011,ﾊﾙﾊﾟｴﾔ,000718,ﾊﾙﾊﾟｴﾔ,1,紙,,000005,今村（紀）
2025/01/30(木),2025/01/30(木),2025/01/30(木),005011,ﾊﾙﾊﾟｴﾔ,1,売上,000492,混合廃棄物（羽毛物）,60,60,03,kg,250,"15,000",38755,000002,B（残置）,001,処分費,09:25,09:35,000000,ﾊﾙﾊﾟｴﾔ,000001,ｵﾈｽﾄ,000001,新木場ﾘｻｲｸﾙ工場,005011,ﾊﾙﾊﾟｴﾔ,000718,ﾊﾙﾊﾟｴﾔ,1,紙,,000005,今村（紀）
2025/01/30(木),2025/01/30(木),2025/01/30(木),005231,ｲﾝｸﾞ,1,売上,000022,軽量物系B(FRP),750,750,03,kg,80,"60,000",38851,000003,C（解体）,001,処分費,16:18,16:25,000022,旧ﾊﾟｰｸﾌﾟﾗｻﾞﾎﾃﾙ改修工事,000001,ｵﾈｽﾄ,000001,新木場ﾘｻｲｸﾙ工場,005231,ｲﾝｸﾞ,000676,ｲﾝｸﾞ,1,紙,,000002,渡辺
2025/01/30(木),2025/01/30(木),2025/01/30(木),005277,ｱﾛｰｽﾞﾍﾙｽｹｱ,1,売上,000004,混合廃棄物(焼却物),200,200,03,kg,75,"15,000",38859,000002,B（残置）,001,処分費,17:16,17:24,000000,ｱﾛｰｽﾞﾍﾙｽｹｱ,000001,ｵﾈｽﾄ,000001,新木場ﾘｻｲｸﾙ工場,005277,ｱﾛｰｽﾞﾍﾙｽｹｱ,000609,ｱﾛｰｽﾞﾍﾙｽｹｱ,1,紙,,000007,小林
2025/01/30(木),2025/01/30(木),2025/01/30(木),005277,ｱﾛｰｽﾞﾍﾙｽｹｱ,1,売上,000029,木くず,80,80,03,kg,35,"2,800",38859,000002,B（残置）,001,処分費,17:16,17:24,000000,ｱﾛｰｽﾞﾍﾙｽｹｱ,000001,ｵﾈｽﾄ,000001,新木場ﾘｻｲｸﾙ工場,005277,ｱﾛｰｽﾞﾍﾙｽｹｱ,000609,ｱﾛｰｽﾞﾍﾙｽｹｱ,1,紙,,000007,小林
2025/01/30(木),2025/01/30(木),2025/01/30(木),005483,ﾔﾏﾄ運輸船橋主管支店,1,売上,000002,混合廃棄物B,210,210,03,kg,70,"14,700",38788,000004,D（建設）,001,処分費,11:42,11:45,000002,ﾔﾏﾄ運輸東京通関ｾﾝﾀｰ,000001,ｵﾈｽﾄ,000001,新木場ﾘｻｲｸﾙ工場,000076,上田紙業,000063,上田紙業,1,紙,,000006,川部
2025/01/30(木),2025/01/30(木),2025/01/30(木),005483,ﾔﾏﾄ運輸船橋主管支店,1,売上,000006,混合廃棄物(壁紙・ｸﾛｽ),20,20,03,kg,75,"1,500",38788,000004,D（建設）,001,処分費,11:42,11:45,000002,ﾔﾏﾄ運輸東京通関ｾﾝﾀｰ,000001,ｵﾈｽﾄ,000001,新木場ﾘｻｲｸﾙ工場,000076,上田紙業,000063,上田紙業,1,紙,,000006,川部
2025/01/30(木),2025/01/30(木),2025/01/30(木),005575,渡辺ﾊﾟｲﾌﾟ,1,売上,000002,混合廃棄物B,420,420,03,kg,70,"29,400",38871,000003,C（解体）,001,処分費,17:46,17:48,000058,ﾚｼﾞﾃﾞｨｱ秋葉原,000001,ｵﾈｽﾄ,000001,新木場ﾘｻｲｸﾙ工場,000362,ﾐﾔ産興,000290,ﾐﾔ産興,1,紙,,000004,山本
2025/01/30(木),2025/01/30(木),2025/01/30(木),005951,雄飛,1,売上,000002,混合廃棄物B,"1,120","1,120",03,kg,70,"78,400",38769,000003,C（解体）,001,処分費,10:43,11:21,000013,川口市赤井316-2,000001,ｵﾈｽﾄ,000001,新木場ﾘｻｲｸﾙ工場,005951,雄飛,000903,雄飛,1,紙,,000004,山本
2025/01/30(木),2025/01/30(木),2025/01/30(木),005969,M･S,1,売上,000001,混合廃棄物A,290,290,03,kg,65,"18,850",38733,000001,A（事業）,001,処分費,07:18,07:21,000001,すしゆう紀,000001,ｵﾈｽﾄ,000001,新木場ﾘｻｲｸﾙ工場,000393,栄運輸,000314,栄運輸,1,紙,,000002,渡辺
2025/01/30(木),2025/01/30(木),2025/01/30(木),006002,東京ｶﾞｽ風呂販売店協同組合,1,売上,000038,廃ﾌﾟﾗｽﾁｯｸ類,40,40,03,kg,65,"2,600",38854,000002,B（残置）,001,処分費,16:29,16:36,000002,都営島根二丁目第2ｱﾊﾟｰﾄ（4～7、10号棟）,000001,ｵﾈｽﾄ,000001,新木場ﾘｻｲｸﾙ工場,000001,ｵﾈｽﾄ,000295,小見山商事,1,紙,,000005,今村（紀）
2025/01/30(木),2025/01/30(木),2025/01/30(木),006002,東京ｶﾞｽ風呂販売店協同組合,1,売上,000046,ﾀﾞﾝﾎﾞｰﾙ,10,10,03,kg,20,200,38854,000002,B（残置）,001,処分費,16:29,16:36,000002,都営島根二丁目第2ｱﾊﾟｰﾄ（4～7、10号棟）,000001,ｵﾈｽﾄ,000001,新木場ﾘｻｲｸﾙ工場,000001,ｵﾈｽﾄ,000295,小見山商事,1,紙,,000005,今村（紀）
2025/01/30(木),2025/01/30(木),2025/01/30(木),006002,東京ｶﾞｽ風呂販売店協同組合,1,売上,000352,運搬費(2ｔ車),,1,07,台,"25,000","25,000",38854,000002,B（残置）,002,運搬費,16:29,16:36,000002,都営島根二丁目第2ｱﾊﾟｰﾄ（4～7、10号棟）,000001,ｵﾈｽﾄ,000001,新木場ﾘｻｲｸﾙ工場,000001,ｵﾈｽﾄ,000295,小見山商事,1,紙,,000005,今村（紀）
2025/01/30(木),2025/01/30(木),2025/01/30(木),006002,東京ｶﾞｽ風呂販売店協同組合,2,支払,000061,給湯器,270,270,03,kg,140,"37,800",38854,000002,B（残置）,003,有価物,16:29,16:36,000002,都営島根二丁目第2ｱﾊﾟｰﾄ（4～7、10号棟）,000001,ｵﾈｽﾄ,000001,新木場ﾘｻｲｸﾙ工場,000001,ｵﾈｽﾄ,000295,小見山商事,1,紙,,000005,今村（紀）
2025/01/30(木),2025/01/30(木),2025/01/30(木),006107,大京穴吹不動産,1,売上,000001,混合廃棄物A,60,60,03,kg,55,"3,300",38825,000002,B（残置）,001,処分費,14:25,14:25,000096,レクセルマンション行徳(102),000001,ｵﾈｽﾄ,000001,新木場ﾘｻｲｸﾙ工場,004463,あるくる,000823,あるくる,1,紙,,000001,矢作
2025/01/30(木),2025/01/30(木),2025/01/30(木),006107,大京穴吹不動産,1,売上,000029,木くず,20,20,03,kg,42,840,38825,000002,B（残置）,001,処分費,14:25,14:25,000096,レクセルマンション行徳(102),000001,ｵﾈｽﾄ,000001,新木場ﾘｻｲｸﾙ工場,004463,あるくる,000823,あるくる,1,紙,,000001,矢作
2025/01/30(木),2025/01/30(木),2025/01/30(木),006216,藤井土木,1,売上,000002,混合廃棄物B,110,110,03,kg,70,"7,700",38734,000003,C（解体）,001,処分費,07:24,07:26,000008,市川南1丁目既存建物解体工事,000001,ｵﾈｽﾄ,000001,新木場ﾘｻｲｸﾙ工場,006216,藤井土木,000109,藤井土木,1,紙,,000004,山本
2025/01/30(木),2025/01/30(木),2025/01/30(木),006216,藤井土木,1,売上,000021,軽量物系B(ｸﾞﾗｽｳｰﾙ),270,270,03,kg,80,"21,600",38734,000003,C（解体）,001,処分費,07:24,07:26,000008,市川南1丁目既存建物解体工事,000001,ｵﾈｽﾄ,000001,新木場ﾘｻｲｸﾙ工場,006216,藤井土木,000109,藤井土木,1,紙,,000004,山本
2025/01/30(木),2025/01/30(木),2025/01/30(木),006277,寿建工,1,売上,000002,混合廃棄物B,810,810,03,kg,70,"56,700",38741,000003,C（解体）,001,処分費,08:10,08:14,000016,BXｶﾈｼﾝ様軽量鉄骨三階建解体工事,000001,ｵﾈｽﾄ,000001,新木場ﾘｻｲｸﾙ工場,006277,寿建工,000887,寿建工,1,紙,,000004,山本
2025/01/30(木),2025/01/30(木),2025/01/30(木),006509,ﾅｲﾃｯｸｽ,1,売上,000001,混合廃棄物A,60,60,03,kg,65,"3,900",38756,000001,A（事業）,001,処分費,09:26,09:28,000000,ﾅｲﾃｯｸｽ,000001,ｵﾈｽﾄ,000001,新木場ﾘｻｲｸﾙ工場,006509,ﾅｲﾃｯｸｽ,000182,ﾅｲﾃｯｸｽ,1,紙,,000004,山本
2025/01/30(木),2025/01/30(木),2025/01/30(木),006509,ﾅｲﾃｯｸｽ,1,売上,000028,ﾊﾟｰﾃｰｼｮﾝﾎﾞｰﾄﾞ,580,580,03,kg,60,"34,800",38756,000001,A（事業）,001,処分費,09:26,09:28,000000,ﾅｲﾃｯｸｽ,000001,ｵﾈｽﾄ,000001,新木場ﾘｻｲｸﾙ工場,006509,ﾅｲﾃｯｸｽ,000182,ﾅｲﾃｯｸｽ,1,紙,,000004,山本
2025/01/30(木),2025/01/30(木),2025/01/30(木),006538,ﾃｸﾉ菱和,1,売上,000001,混合廃棄物A,220,220,03,kg,65,"14,300",38774,000004,D（建設）,001,処分費,10:55,10:57,000017,4602ﾆｺﾝ改修工事,000001,ｵﾈｽﾄ,000001,新木場ﾘｻｲｸﾙ工場,008089,ｷｭｰﾋﾞｯｸ,000808,Y-maxx,2,電子,,000004,山本
2025/01/30(木),2025/01/30(木),2025/01/30(木),006569,お世話や,1,売上,000001,混合廃棄物A,260,260,03,kg,60,"15,600",38858,000002,B（残置）,001,処分費,16:53,16:53,000000,お世話や,000001,ｵﾈｽﾄ,000001,新木場ﾘｻｲｸﾙ工場,001656,真和商事,000055,真和商事,1,紙,,000002,渡辺
2025/01/30(木),2025/01/30(木),2025/01/30(木),006571,CVC,1,売上,000001,混合廃棄物A,"1,630",9,02,m3,"10,000","90,000",38745,000003,C（解体）,001,処分費,08:30,08:33,000001,自社置場,000001,ｵﾈｽﾄ,000001,新木場ﾘｻｲｸﾙ工場,000001,ｵﾈｽﾄ,000801,CVC,2,電子,,000004,山本
2025/01/30(木),2025/01/30(木),2025/01/30(木),006571,CVC,1,売上,000036,ﾏｯﾄﾚｽ(ｼﾝｸﾞﾙ),,1,11,枚,"6,000","6,000",38745,000003,C（解体）,001,処分費,08:30,08:33,000001,自社置場,000001,ｵﾈｽﾄ,000001,新木場ﾘｻｲｸﾙ工場,000001,ｵﾈｽﾄ,000801,CVC,2,電子,,000004,山本
2025/01/30(木),2025/01/30(木),2025/01/30(木),006571,CVC,1,売上,000109,運搬費,,1,07,台,"19,000","19,000",38745,000003,C（解体）,002,運搬費,08:30,08:33,000001,自社置場,000001,ｵﾈｽﾄ,000001,新木場ﾘｻｲｸﾙ工場,000001,ｵﾈｽﾄ,000801,CVC,2,電子,,000004,山本
2025/01/30(木),2025/01/30(木),2025/01/30(木),006925,(ｻﾝﾃｸﾉ)ﾘｽﾀｰﾄ,1,売上,000001,混合廃棄物A,360,360,03,kg,58,"20,880",38803,000006,F（他）,001,処分費,12:53,12:59,000000,(ｻﾝﾃｸﾉ)ﾘｽﾀｰﾄ,000001,ｵﾈｽﾄ,000001,新木場ﾘｻｲｸﾙ工場,006925,(ｻﾝﾃｸﾉ)ﾘｽﾀｰﾄ,001022,ｻﾝ･ﾃｸﾉ,1,紙,,000012,サン・テクノ
2025/01/30(木),2025/01/30(木),2025/01/30(木),007009,ｱｲ･ﾃｨｰ･ｴｯｸｽ,1,売上,000001,混合廃棄物A,"1,220","1,220",03,kg,54,"65,880",38766,000001,A（事業）,001,処分費,10:23,10:23,000001,ﾄﾞｺﾓｼｮｯﾌﾟ石神井公園店,000001,ｵﾈｽﾄ,000001,新木場ﾘｻｲｸﾙ工場,000028,五十嵐商会,000025,五十嵐商会,1,紙,,000002,渡辺
2025/01/30(木),2025/01/30(木),2025/01/30(木),007187,東央建設,1,売上,000002,混合廃棄物B,170,170,03,kg,70,"11,900",38849,000002,B（残置）,001,処分費,15:55,15:58,000005,立川市柴崎町1-16-10,000001,ｵﾈｽﾄ,000001,新木場ﾘｻｲｸﾙ工場,007767,ﾀﾆｶﾜ,001061,ﾀﾆｶﾜ,1,紙,,000012,サン・テクノ
2025/01/30(木),2025/01/30(木),2025/01/30(木),007552,ｵｰｱﾝﾄﾞｴﾑ工芸,1,売上,000001,混合廃棄物A,90,90,03,kg,65,"5,850",38828,000004,D（建設）,001,処分費,14:30,14:30,000003,物流ｾﾝﾀｰ,000001,ｵﾈｽﾄ,000001,新木場ﾘｻｲｸﾙ工場,000351,那須野興業,000280,那須野興業,1,紙,,000004,山本
2025/01/30(木),2025/01/30(木),2025/01/30(木),007568,ﾗｲﾌｻｰﾋﾞｽｼﾞｬﾊﾟﾝ,1,売上,000004,混合廃棄物(焼却物),540,540,03,kg,68,"36,720",38723,000006,F（他）,001,処分費,06:23,06:23,000000,ﾗｲﾌｻｰﾋﾞｽｼﾞｬﾊﾟﾝ,000001,ｵﾈｽﾄ,000001,新木場ﾘｻｲｸﾙ工場,007568,ﾗｲﾌｻｰﾋﾞｽｼﾞｬﾊﾟﾝ,001022,ｻﾝ･ﾃｸﾉ,1,紙,,000012,サン・テクノ
2025/01/30(木),2025/01/30(木),2025/01/30(木),007640,東京都住宅供給公社,1,売上,000001,混合廃棄物A,130,130,03,kg,65,"8,450",38845,000002,B（残置）,001,処分費,15:54,15:57,000040,奥戸新町ｱﾊﾟｰﾄ,000001,ｵﾈｽﾄ,000001,新木場ﾘｻｲｸﾙ工場,000988,さくら装建,000766,さくら装建,2,電子,,000002,渡辺
2025/01/30(木),2025/01/30(木),2025/01/30(木),007640,東京都住宅供給公社,1,売上,000001,混合廃棄物A,460,460,03,kg,65,"29,900",38842,000002,B（残置）,001,処分費,15:36,15:38,000040,奥戸新町ｱﾊﾟｰﾄ,000001,ｵﾈｽﾄ,000001,新木場ﾘｻｲｸﾙ工場,000988,さくら装建,000766,さくら装建,2,電子,,000002,渡辺
2025/01/30(木),2025/01/30(木),2025/01/30(木),007640,東京都住宅供給公社,1,売上,000001,混合廃棄物A,"1,000","1,000",03,kg,65,"65,000",38846,000002,B（残置）,001,処分費,16:04,16:06,000156,東砂2丁目ｱﾊﾟｰﾄ,000001,ｵﾈｽﾄ,000001,新木場ﾘｻｲｸﾙ工場,000988,さくら装建,000766,さくら装建,2,電子,,000002,渡辺
2025/01/30(木),2025/01/30(木),2025/01/30(木),007640,東京都住宅供給公社,1,売上,000004,混合廃棄物(焼却物),80,80,03,kg,75,"6,000",38845,000002,B（残置）,001,処分費,15:54,15:57,000040,奥戸新町ｱﾊﾟｰﾄ,000001,ｵﾈｽﾄ,000001,新木場ﾘｻｲｸﾙ工場,000988,さくら装建,000766,さくら装建,2,電子,,000002,渡辺
2025/01/30(木),2025/01/30(木),2025/01/30(木),007858,F's,1,売上,000002,混合廃棄物B,430,430,03,kg,70,"30,100",38837,000003,C（解体）,001,処分費,15:31,15:32,000001,F's事務所,000001,ｵﾈｽﾄ,000001,新木場ﾘｻｲｸﾙ工場,007858,F's,001269,F's（ｴﾌｽﾞ）,1,紙,,000004,山本
2025/01/30(木),2025/01/30(木),2025/01/30(木),008079,ｱｻﾉ大成基礎ｴﾝｼﾞﾆｱﾘﾝｸﾞ,1,売上,000021,軽量物系B(ｸﾞﾗｽｳｰﾙ),570,570,03,kg,80,"45,600",38765,000004,D（建設）,001,処分費,10:37,10:37,000007,(仮称)荒川7丁目計画既存建物解体工事,000001,ｵﾈｽﾄ,000001,新木場ﾘｻｲｸﾙ工場,000305,ｹｲｴｲﾁ･ﾘｻｲｸﾙ,000246,ｹｲｴｲﾁ･ﾘｻｲｸﾙ,2,電子,,000006,川部
2025/01/30(木),2025/01/30(木),2025/01/30(木),008103,しなの,1,売上,000002,混合廃棄物B,990,990,03,kg,70,"69,300",38737,000003,C（解体）,001,処分費,07:41,07:44,000009,貫井邸,000001,ｵﾈｽﾄ,000001,新木場ﾘｻｲｸﾙ工場,008103,しなの,001059,しなの,1,紙,,000012,サン・テクノ
2025/01/30(木),2025/01/30(木),2025/01/30(木),008290,日本通運㈱,1,売上,000029,木くず,860,860,03,kg,35,"30,100",38810,000001,A（事業）,001,処分費,15:43,15:44,000002,羽田京浜島航空貨物ｾﾝﾀｰ,000001,ｵﾈｽﾄ,000001,新木場ﾘｻｲｸﾙ工場,000001,ｵﾈｽﾄ,000095,日本通運,2,電子,,000007,小林
2025/01/30(木),2025/01/30(木),2025/01/30(木),008290,日本通運㈱,1,売上,000038,廃ﾌﾟﾗｽﾁｯｸ類,100,100,03,kg,60,"6,000",38757,000001,A（事業）,001,処分費,09:36,09:36,000011,ﾍﾙｽｹｱ事業所平和島一課,000001,ｵﾈｽﾄ,000001,新木場ﾘｻｲｸﾙ工場,000001,ｵﾈｽﾄ,000095,日本通運,1,紙,,000007,小林
2025/01/30(木),2025/01/30(木),2025/01/30(木),008290,日本通運㈱,1,売上,000038,廃ﾌﾟﾗｽﾁｯｸ類,180,180,03,kg,60,"10,800",38810,000001,A（事業）,001,処分費,15:43,15:44,000002,羽田京浜島航空貨物ｾﾝﾀｰ,000001,ｵﾈｽﾄ,000001,新木場ﾘｻｲｸﾙ工場,000001,ｵﾈｽﾄ,000095,日本通運,2,電子,,000007,小林
2025/01/30(木),2025/01/30(木),2025/01/30(木),008290,日本通運㈱,1,売上,000038,廃ﾌﾟﾗｽﾁｯｸ類,360,360,03,kg,60,"21,600",38747,000001,A（事業）,001,処分費,08:45,08:45,000014,【東京ｺﾝﾃﾅ】東京ｺﾝﾃﾅ支店　東京ｺﾝﾃﾅ課,000001,ｵﾈｽﾄ,000001,新木場ﾘｻｲｸﾙ工場,008290,日本通運㈱,001218,日本通運東京コンテナ支店（自社運搬）,2,電子,,000005,今村（紀）
2025/01/30(木),2025/01/30(木),2025/01/30(木),008290,日本通運㈱,1,売上,000038,廃ﾌﾟﾗｽﾁｯｸ類,390,390,03,kg,60,"23,400",38817,000001,A（事業）,001,処分費,14:04,14:04,000005,原木ｲﾝﾀｰﾅｼｮﾅﾙﾛｼﾞｽﾃｨｸｽﾀｳﾝNO.2,000001,ｵﾈｽﾄ,000001,新木場ﾘｻｲｸﾙ工場,000001,ｵﾈｽﾄ,000095,日本通運,2,電子,,000007,小林
2025/01/30(木),2025/01/30(木),2025/01/30(木),008290,日本通運㈱,1,売上,000038,廃ﾌﾟﾗｽﾁｯｸ類,580,580,03,kg,60,"34,800",38785,000001,A（事業）,001,処分費,11:50,11:50,000002,羽田京浜島航空貨物ｾﾝﾀｰ,000001,ｵﾈｽﾄ,000001,新木場ﾘｻｲｸﾙ工場,000001,ｵﾈｽﾄ,000095,日本通運,2,電子,,000007,小林
2025/01/30(木),2025/01/30(木),2025/01/30(木),008290,日本通運㈱,1,売上,000109,運搬費,,1,07,台,"21,000","21,000",38757,000001,A（事業）,002,運搬費,09:36,09:36,000011,ﾍﾙｽｹｱ事業所平和島一課,000001,ｵﾈｽﾄ,000001,新木場ﾘｻｲｸﾙ工場,000001,ｵﾈｽﾄ,000095,日本通運,1,紙,,000007,小林
2025/01/30(木),2025/01/30(木),2025/01/30(木),008290,日本通運㈱,1,売上,000109,運搬費,,1,07,台,"21,000","21,000",38785,000001,A（事業）,002,運搬費,11:50,11:50,000002,羽田京浜島航空貨物ｾﾝﾀｰ,000001,ｵﾈｽﾄ,000001,新木場ﾘｻｲｸﾙ工場,000001,ｵﾈｽﾄ,000095,日本通運,2,電子,,000007,小林
2025/01/30(木),2025/01/30(木),2025/01/30(木),008290,日本通運㈱,1,売上,000109,運搬費,,1,07,台,"21,000","21,000",38810,000001,A（事業）,002,運搬費,15:43,15:44,000002,羽田京浜島航空貨物ｾﾝﾀｰ,000001,ｵﾈｽﾄ,000001,新木場ﾘｻｲｸﾙ工場,000001,ｵﾈｽﾄ,000095,日本通運,2,電子,,000007,小林
2025/01/30(木),2025/01/30(木),2025/01/30(木),008290,日本通運㈱,1,売上,000109,運搬費,,1,07,台,"21,000","21,000",38817,000001,A（事業）,002,運搬費,14:04,14:04,000005,原木ｲﾝﾀｰﾅｼｮﾅﾙﾛｼﾞｽﾃｨｸｽﾀｳﾝNO.2,000001,ｵﾈｽﾄ,000001,新木場ﾘｻｲｸﾙ工場,000001,ｵﾈｽﾄ,000095,日本通運,2,電子,,000007,小林
2025/01/30(木),2025/01/30(木),2025/01/30(木),008290,日本通運㈱,1,売上,000211,混合廃棄物(木くず･廃ﾌﾟﾗ),50,50,03,kg,70,"3,500",38810,000001,A（事業）,001,処分費,15:43,15:44,000002,羽田京浜島航空貨物ｾﾝﾀｰ,000001,ｵﾈｽﾄ,000001,新木場ﾘｻｲｸﾙ工場,000001,ｵﾈｽﾄ,000095,日本通運,2,電子,,000007,小林
2025/01/30(木),2025/01/30(木),2025/01/30(木),008290,日本通運㈱,1,売上,000212,混合廃棄物(金属くず･廃ﾌﾟﾗ･ｶﾞﾗ陶),320,320,03,kg,70,"22,400",38810,000001,A（事業）,001,処分費,15:43,15:44,000002,羽田京浜島航空貨物ｾﾝﾀｰ,000001,ｵﾈｽﾄ,000001,新木場ﾘｻｲｸﾙ工場,000001,ｵﾈｽﾄ,000095,日本通運,2,電子,,000007,小林
2025/01/30(木),2025/01/30(木),2025/01/30(木),008290,日本通運㈱,2,支払,000068,GC 軽鉄･ｽﾁｰﾙ類,470,470,03,kg,3,"1,410",38810,000001,A（事業）,003,有価物,15:43,15:44,000002,羽田京浜島航空貨物ｾﾝﾀｰ,000001,ｵﾈｽﾄ,000001,新木場ﾘｻｲｸﾙ工場,000001,ｵﾈｽﾄ,000095,日本通運,2,電子,,000007,小林
2025/01/30(木),2025/01/30(木),2025/01/30(木),008343,JANSTAR,1,売上,000002,混合廃棄物B,280,280,03,kg,70,"19,600",38830,000003,C（解体）,001,処分費,14:38,14:38,000035,横浜市泉区新橋町1347-68,000001,ｵﾈｽﾄ,000001,新木場ﾘｻｲｸﾙ工場,008343,JANSTAR,000627,JANSTAR,1,紙,,000006,川部
2025/01/30(木),2025/01/30(木),2025/01/30(木),008654,ﾌﾞﾗｽｺ,1,売上,000001,混合廃棄物A,110,110,03,kg,65,"7,150",38824,000004,D（建設）,001,処分費,14:13,14:32,000001,研究所冷凍機ほか改修工事,000001,ｵﾈｽﾄ,000001,新木場ﾘｻｲｸﾙ工場,001051,Y-maxx,000808,Y-maxx,1,紙,,000004,山本
2025/01/30(木),2025/01/30(木),2025/01/30(木),008654,ﾌﾞﾗｽｺ,1,売上,000030,選別,50,50,03,kg,70,"3,500",38824,000004,D（建設）,001,処分費,14:13,14:32,000001,研究所冷凍機ほか改修工事,000001,ｵﾈｽﾄ,000001,新木場ﾘｻｲｸﾙ工場,001051,Y-maxx,000808,Y-maxx,1,紙,,000004,山本
2025/01/30(木),2025/01/30(木),2025/01/30(木),008654,ﾌﾞﾗｽｺ,1,売上,000046,ﾀﾞﾝﾎﾞｰﾙ,10,10,03,kg,5,50,38824,000004,D（建設）,001,処分費,14:13,14:32,000001,研究所冷凍機ほか改修工事,000001,ｵﾈｽﾄ,000001,新木場ﾘｻｲｸﾙ工場,001051,Y-maxx,000808,Y-maxx,1,紙,,000004,山本
2025/01/30(木),2025/01/30(木),2025/01/30(木),008654,ﾌﾞﾗｽｺ,2,支払,000068,GC 軽鉄･ｽﾁｰﾙ類,280,280,03,kg,27.5,"7,700",38824,000004,D（建設）,003,有価物,14:13,14:32,000001,研究所冷凍機ほか改修工事,000001,ｵﾈｽﾄ,000001,新木場ﾘｻｲｸﾙ工場,001051,Y-maxx,000808,Y-maxx,1,紙,,000004,山本
2025/01/30(木),2025/01/30(木),2025/01/30(木),008729,高﨑運輸,1,売上,000001,混合廃棄物A,420,420,03,kg,65,"27,300",38758,000006,F（他）,001,処分費,09:38,09:48,000000,高﨑運輸,000001,ｵﾈｽﾄ,000001,新木場ﾘｻｲｸﾙ工場,008577,高大,001385,高大,1,紙,,000012,サン・テクノ
2025/01/30(木),2025/01/30(木),2025/01/30(木),008734,三菱地所ﾎﾃﾙｽﾞ＆ﾘｿﾞｰﾂ,2,支払,000064,ｱﾙﾐ類,220,220,03,kg,150,"33,000",38786,000002,B（残置）,003,有価物,11:32,11:33,000001,横浜ﾛｲﾔﾙﾊﾟｰｸﾎﾃﾙ,000001,ｵﾈｽﾄ,000001,新木場ﾘｻｲｸﾙ工場,006008,洗足池運輸,001021,ｵﾈｽﾄ･ﾜﾝ,1,紙,,000011,オネスト・ワン
2025/01/30(木),2025/01/30(木),2025/01/30(木),008734,三菱地所ﾎﾃﾙｽﾞ＆ﾘｿﾞｰﾂ,2,支払,000065,ｽﾃﾝﾚｽ,600,600,03,kg,120,"72,000",38786,000002,B（残置）,003,有価物,11:32,11:33,000001,横浜ﾛｲﾔﾙﾊﾟｰｸﾎﾃﾙ,000001,ｵﾈｽﾄ,000001,新木場ﾘｻｲｸﾙ工場,006008,洗足池運輸,001021,ｵﾈｽﾄ･ﾜﾝ,1,紙,,000011,オネスト・ワン
2025/01/30(木),2025/01/30(木),2025/01/30(木),008734,三菱地所ﾎﾃﾙｽﾞ＆ﾘｿﾞｰﾂ,2,支払,000068,GC 軽鉄･ｽﾁｰﾙ類,"1,230","1,230",03,kg,27,"33,210",38786,000002,B（残置）,003,有価物,11:32,11:33,000001,横浜ﾛｲﾔﾙﾊﾟｰｸﾎﾃﾙ,000001,ｵﾈｽﾄ,000001,新木場ﾘｻｲｸﾙ工場,006008,洗足池運輸,001021,ｵﾈｽﾄ･ﾜﾝ,1,紙,,000011,オネスト・ワン
2025/01/30(木),2025/01/30(木),2025/01/30(木),008775,KC工業,1,売上,000002,混合廃棄物B,650,650,03,kg,70,"45,500",38848,000004,D（建設）,001,処分費,15:47,15:52,000005,ちばぎん誉田支店,000001,ｵﾈｽﾄ,000001,新木場ﾘｻｲｸﾙ工場,001250,ｱﾝﾃﾞｽ,000971,ｱﾝﾃﾞｽ,1,紙,,000002,渡辺
2025/01/30(木),2025/01/30(木),2025/01/30(木),008823,ﾗｲｼﾞｯｸｽ,1,売上,000021,軽量物系B(ｸﾞﾗｽｳｰﾙ),390,390,03,kg,80,"31,200",38735,000003,C（解体）,001,処分費,07:19,07:29,000001,駄倉地区ｾﾝﾀｰ・狛江市商工会解体工事,000001,ｵﾈｽﾄ,000001,新木場ﾘｻｲｸﾙ工場,008827,　錦江,001420,錦江,1,紙,,000007,小林
2025/01/30(木),2025/01/30(木),2025/01/30(木),008843,ﾃｨｰ･ｹｰ･ｵｰ,1,売上,000030,選別,450,450,03,kg,60,"27,000",38740,000002,B（残置）,001,処分費,09:02,09:02,000000,ﾃｨｰ･ｹｰ･ｵｰ,000001,ｵﾈｽﾄ,000001,新木場ﾘｻｲｸﾙ工場,001656,真和商事,000055,真和商事,1,紙,,000002,渡辺
2025/01/30(木),2025/02/01(土),2025/02/01(土),000870,三建ｴﾝｼﾞﾆｱﾘﾝｸﾞｻｰﾋﾞｽ,1,売上,000109,運搬費,,1,07,台,"25,000","25,000",38841,000004,D（建設）,002,運搬費,15:29,15:29,000000,三建ｴﾝｼﾞﾆｱﾘﾝｸﾞｻｰﾋﾞｽ,000001,ｵﾈｽﾄ,000001,新木場ﾘｻｲｸﾙ工場,000001,ｵﾈｽﾄ,000677,三建ｴﾝｼﾞﾆｱﾘﾝｸﾞｻｰﾋﾞｽ,1,紙,,000006,川部
2025/01/30(木),2025/02/01(土),2025/02/01(土),000870,三建ｴﾝｼﾞﾆｱﾘﾝｸﾞｻｰﾋﾞｽ,2,支払,000068,GC 軽鉄･ｽﾁｰﾙ類,410,410,03,kg,15,"6,150",38841,000004,D（建設）,003,有価物,15:29,15:29,000000,三建ｴﾝｼﾞﾆｱﾘﾝｸﾞｻｰﾋﾞｽ,000001,ｵﾈｽﾄ,000001,新木場ﾘｻｲｸﾙ工場,000001,ｵﾈｽﾄ,000677,三建ｴﾝｼﾞﾆｱﾘﾝｸﾞｻｰﾋﾞｽ,1,紙,,000006,川部
2025/01/31(金),2025/01/31(金),2025/01/31(金),000110,ﾃｲｿｳ物流ｻｰﾋﾞｽ,1,売上,000001,混合廃棄物A,180,180,03,kg,65,"11,700",38991,000002,B（残置）,001,処分費,16:08,16:13,000000,ﾃｲｿｳ物流ｻｰﾋﾞｽ,000001,ｵﾈｽﾄ,000001,新木場ﾘｻｲｸﾙ工場,000110,ﾃｲｿｳ物流ｻｰﾋﾞｽ,000088,ﾃｲｿｳ物流ｻｰﾋﾞｽ,1,紙,,000002,渡辺
2025/01/31(金),2025/01/31(金),2025/01/31(金),000173,荒井商店,1,売上,000001,混合廃棄物A,"1,010","1,010",03,kg,65,"65,650",38908,000004,D（建設）,001,処分費,10:44,10:47,000001,荒井商店,000001,ｵﾈｽﾄ,000001,新木場ﾘｻｲｸﾙ工場,000173,荒井商店,000141,荒井商店,1,紙,,000006,川部
2025/01/31(金),2025/01/31(金),2025/01/31(金),000173,荒井商店,1,売上,000001,混合廃棄物A,"1,300","1,300",03,kg,65,"84,500",38902,000004,D（建設）,001,処分費,10:28,10:31,000001,荒井商店,000001,ｵﾈｽﾄ,000001,新木場ﾘｻｲｸﾙ工場,000173,荒井商店,000141,荒井商店,1,紙,,000006,川部
2025/01/31(金),2025/01/31(金),2025/01/31(金),000240,山王ｽﾍﾟｰｽ&ﾚﾝﾀﾙ,1,売上,000001,混合廃棄物A,"1,590","1,590",03,kg,65,"103,350",38914,000001,A（事業）,001,処分費,11:05,11:05,000001,東京商品ｾﾝﾀｰ,000001,ｵﾈｽﾄ,000001,新木場ﾘｻｲｸﾙ工場,000001,ｵﾈｽﾄ,000198,山王ｽﾍﾟｰｽ&ﾚﾝﾀﾙ,1,紙,,000007,小林
2025/01/31(金),2025/01/31(金),2025/01/31(金),000240,山王ｽﾍﾟｰｽ&ﾚﾝﾀﾙ,1,売上,000109,運搬費,,1,07,台,"25,000","25,000",38914,000001,A（事業）,002,運搬費,11:05,11:05,000001,東京商品ｾﾝﾀｰ,000001,ｵﾈｽﾄ,000001,新木場ﾘｻｲｸﾙ工場,000001,ｵﾈｽﾄ,000198,山王ｽﾍﾟｰｽ&ﾚﾝﾀﾙ,1,紙,,000007,小林
2025/01/31(金),2025/01/31(金),2025/01/31(金),000272,新建産業,1,売上,000001,混合廃棄物A,300,300,03,kg,65,"19,500",38918,000001,A（事業）,001,処分費,11:12,11:12,000000,新建産業,000001,ｵﾈｽﾄ,000001,新木場ﾘｻｲｸﾙ工場,000272,新建産業,000222,新建産業,1,紙,,000006,川部
2025/01/31(金),2025/01/31(金),2025/01/31(金),000281,ﾒﾀｳｫｰﾀｰ,1,売上,000014,混合廃棄物,620,10,02,m3,"10,000","100,000",38895,000004,D（建設）,001,処分費,09:38,09:43,000016,南部汚泥処理プラント汚泥焼却設備再構築,000001,ｵﾈｽﾄ,000001,新木場ﾘｻｲｸﾙ工場,000001,ｵﾈｽﾄ,000281,ﾒﾀｳｫｰﾀｰ,1,紙,,000010,メタウォーター
2025/01/31(金),2025/01/31(金),2025/01/31(金),000281,ﾒﾀｳｫｰﾀｰ,1,売上,000109,運搬費,,1,07,台,"21,000","21,000",38895,000004,D（建設）,002,運搬費,09:38,09:43,000016,南部汚泥処理プラント汚泥焼却設備再構築,000001,ｵﾈｽﾄ,000001,新木場ﾘｻｲｸﾙ工場,000001,ｵﾈｽﾄ,000281,ﾒﾀｳｫｰﾀｰ,1,紙,,000010,メタウォーター
2025/01/31(金),2025/01/31(金),2025/01/31(金),000286,ｷﾀｻﾞﾜ引越ｾﾝﾀｰ,1,売上,000001,混合廃棄物A,660,660,03,kg,65,"42,900",38973,000002,B（残置）,001,処分費,15:15,15:31,000000,ｷﾀｻﾞﾜ引越ｾﾝﾀｰ,000001,ｵﾈｽﾄ,000001,新木場ﾘｻｲｸﾙ工場,000286,ｷﾀｻﾞﾜ引越ｾﾝﾀｰ,000230,ｷﾀｻﾞﾜ引越ｾﾝﾀｰ,1,紙,,000006,川部
2025/01/31(金),2025/01/31(金),2025/01/31(金),000286,ｷﾀｻﾞﾜ引越ｾﾝﾀｰ,1,売上,000001,混合廃棄物A,990,990,03,kg,65,"64,350",38944,000002,B（残置）,001,処分費,13:12,13:22,000000,ｷﾀｻﾞﾜ引越ｾﾝﾀｰ,000001,ｵﾈｽﾄ,000001,新木場ﾘｻｲｸﾙ工場,000286,ｷﾀｻﾞﾜ引越ｾﾝﾀｰ,000230,ｷﾀｻﾞﾜ引越ｾﾝﾀｰ,1,紙,,000006,川部
2025/01/31(金),2025/01/31(金),2025/01/31(金),000286,ｷﾀｻﾞﾜ引越ｾﾝﾀｰ,1,売上,000029,木くず,110,110,03,kg,35,"3,850",38944,000002,B（残置）,001,処分費,13:12,13:22,000000,ｷﾀｻﾞﾜ引越ｾﾝﾀｰ,000001,ｵﾈｽﾄ,000001,新木場ﾘｻｲｸﾙ工場,000286,ｷﾀｻﾞﾜ引越ｾﾝﾀｰ,000230,ｷﾀｻﾞﾜ引越ｾﾝﾀｰ,1,紙,,000006,川部
2025/01/31(金),2025/01/31(金),2025/01/31(金),000286,ｷﾀｻﾞﾜ引越ｾﾝﾀｰ,1,売上,000029,木くず,810,810,03,kg,35,"28,350",38973,000002,B（残置）,001,処分費,15:15,15:31,000000,ｷﾀｻﾞﾜ引越ｾﾝﾀｰ,000001,ｵﾈｽﾄ,000001,新木場ﾘｻｲｸﾙ工場,000286,ｷﾀｻﾞﾜ引越ｾﾝﾀｰ,000230,ｷﾀｻﾞﾜ引越ｾﾝﾀｰ,1,紙,,000006,川部
2025/01/31(金),2025/01/31(金),2025/01/31(金),000286,ｷﾀｻﾞﾜ引越ｾﾝﾀｰ,1,売上,000492,混合廃棄物（羽毛物）,10,10,03,kg,250,"2,500",38944,000002,B（残置）,001,処分費,13:12,13:22,000000,ｷﾀｻﾞﾜ引越ｾﾝﾀｰ,000001,ｵﾈｽﾄ,000001,新木場ﾘｻｲｸﾙ工場,000286,ｷﾀｻﾞﾜ引越ｾﾝﾀｰ,000230,ｷﾀｻﾞﾜ引越ｾﾝﾀｰ,1,紙,,000006,川部
2025/01/31(金),2025/01/31(金),2025/01/31(金),000312,野口興業,1,売上,000001,混合廃棄物A,610,610,03,kg,45,"27,450",38888,000001,A（事業）,001,処分費,08:53,08:58,000000,野口興業,000001,ｵﾈｽﾄ,000001,新木場ﾘｻｲｸﾙ工場,000312,野口興業,000253,野口興業,1,紙,,000002,渡辺
2025/01/31(金),2025/01/31(金),2025/01/31(金),000312,野口興業,1,売上,000001,混合廃棄物A,670,670,03,kg,45,"30,150",38884,000001,A（事業）,001,処分費,08:43,08:48,000000,野口興業,000001,ｵﾈｽﾄ,000001,新木場ﾘｻｲｸﾙ工場,000312,野口興業,000253,野口興業,1,紙,,000002,渡辺
2025/01/31(金),2025/01/31(金),2025/01/31(金),000354,泉商店,1,売上,000030,選別,80,80,03,kg,70,"5,600",38880,000002,B（残置）,001,処分費,08:31,08:34,000001,泉商店,000001,ｵﾈｽﾄ,000001,新木場ﾘｻｲｸﾙ工場,000354,泉商店,000283,泉商店,1,紙,,000006,川部
2025/01/31(金),2025/01/31(金),2025/01/31(金),000354,泉商店,2,支払,000063,配線,60,60,03,kg,60,"3,600",38880,000002,B（残置）,003,有価物,08:31,08:34,000001,泉商店,000001,ｵﾈｽﾄ,000001,新木場ﾘｻｲｸﾙ工場,000354,泉商店,000283,泉商店,1,紙,,000006,川部
2025/01/31(金),2025/01/31(金),2025/01/31(金),000354,泉商店,2,支払,000068,GC 軽鉄･ｽﾁｰﾙ類,490,490,03,kg,15,"7,350",38880,000002,B（残置）,003,有価物,08:31,08:34,000001,泉商店,000001,ｵﾈｽﾄ,000001,新木場ﾘｻｲｸﾙ工場,000354,泉商店,000283,泉商店,1,紙,,000006,川部
2025/01/31(金),2025/01/31(金),2025/01/31(金),000419,三協ｴﾝｼﾞﾆｱﾘﾝｸﾞ,1,売上,000001,混合廃棄物A,120,120,03,kg,65,"7,800",38959,000004,D（建設）,001,処分費,14:43,15:00,000007,すみだｽﾎﾟｰﾂ健康ｾﾝﾀｰｽﾗｲﾀﾞｰﾎﾟﾝﾌﾟ取替工事,000001,ｵﾈｽﾄ,000001,新木場ﾘｻｲｸﾙ工場,000001,ｵﾈｽﾄ,000329,三協ｴﾝｼﾞﾆｱﾘﾝｸﾞ,1,紙,,000002,渡辺
2025/01/31(金),2025/01/31(金),2025/01/31(金),000419,三協ｴﾝｼﾞﾆｱﾘﾝｸﾞ,1,売上,000030,選別,150,150,03,kg,70,"10,500",38959,000004,D（建設）,001,処分費,14:43,15:00,000007,すみだｽﾎﾟｰﾂ健康ｾﾝﾀｰｽﾗｲﾀﾞｰﾎﾟﾝﾌﾟ取替工事,000001,ｵﾈｽﾄ,000001,新木場ﾘｻｲｸﾙ工場,000001,ｵﾈｽﾄ,000329,三協ｴﾝｼﾞﾆｱﾘﾝｸﾞ,1,紙,,000002,渡辺
2025/01/31(金),2025/01/31(金),2025/01/31(金),000419,三協ｴﾝｼﾞﾆｱﾘﾝｸﾞ,1,売上,000109,運搬費(ﾕﾆｯｸ),,1,07,台,"28,000","28,000",38959,000004,D（建設）,002,運搬費,14:43,15:00,000007,すみだｽﾎﾟｰﾂ健康ｾﾝﾀｰｽﾗｲﾀﾞｰﾎﾟﾝﾌﾟ取替工事,000001,ｵﾈｽﾄ,000001,新木場ﾘｻｲｸﾙ工場,000001,ｵﾈｽﾄ,000329,三協ｴﾝｼﾞﾆｱﾘﾝｸﾞ,1,紙,,000002,渡辺
2025/01/31(金),2025/01/31(金),2025/01/31(金),000419,三協ｴﾝｼﾞﾆｱﾘﾝｸﾞ,2,支払,000068,GC 軽鉄･ｽﾁｰﾙ類,650,650,03,kg,15,"9,750",38959,000004,D（建設）,003,有価物,14:43,15:00,000007,すみだｽﾎﾟｰﾂ健康ｾﾝﾀｰｽﾗｲﾀﾞｰﾎﾟﾝﾌﾟ取替工事,000001,ｵﾈｽﾄ,000001,新木場ﾘｻｲｸﾙ工場,000001,ｵﾈｽﾄ,000329,三協ｴﾝｼﾞﾆｱﾘﾝｸﾞ,1,紙,,000002,渡辺
2025/01/31(金),2025/01/31(金),2025/01/31(金),000499,ｴﾇ･ｹｲ･ｺﾐｭﾆｹｰｼｮﾝｽﾞ,1,売上,000001,混合廃棄物A,40,40,03,kg,60,"2,400",38980,000004,D（建設）,001,処分費,15:37,15:39,000001,電気通信設備工事,000001,ｵﾈｽﾄ,000001,新木場ﾘｻｲｸﾙ工場,003444,上野運輸,000271,上野運輸,1,紙,,000004,山本
2025/01/31(金),2025/01/31(金),2025/01/31(金),000653,三井住友建設東関東支店,1,売上,000108,室内機,50,50,03,kg,80,"4,000",38972,000004,D（建設）,001,処分費,15:23,15:23,000001,三井ｱｳﾄﾚｯﾄﾊﾟｰｸ木更津4期計画増築計画,000001,ｵﾈｽﾄ,000001,新木場ﾘｻｲｸﾙ工場,000001,ｵﾈｽﾄ,000235,三井住友建設,1,紙,,000006,川部
2025/01/31(金),2025/01/31(金),2025/01/31(金),000653,三井住友建設東関東支店,1,売上,000109,運搬費,,1,07,台,"40,000","40,000",38972,000004,D（建設）,002,運搬費,15:23,15:23,000001,三井ｱｳﾄﾚｯﾄﾊﾟｰｸ木更津4期計画増築計画,000001,ｵﾈｽﾄ,000001,新木場ﾘｻｲｸﾙ工場,000001,ｵﾈｽﾄ,000235,三井住友建設,1,紙,,000006,川部
2025/01/31(金),2025/01/31(金),2025/01/31(金),000682,藤工業,1,売上,000083,がれき類,740,740,03,kg,40,"29,600",38894,000003,C（解体）,001,処分費,09:38,09:41,000006,佐藤正三,000001,ｵﾈｽﾄ,000001,新木場ﾘｻｲｸﾙ工場,000682,藤工業,000008,藤工業（江東区）,1,紙,,000007,小林
2025/01/31(金),2025/01/31(金),2025/01/31(金),000707,三機ｱｸｱﾃｯｸ,1,売上,000001,混合廃棄物A,110,110,03,kg,58,"6,380",38963,000004,D（建設）,001,処分費,15:00,15:03,000001,令和6年度南部汚泥処理ﾌﾟﾗﾝﾄ機械濃縮設備,000001,ｵﾈｽﾄ,000001,新木場ﾘｻｲｸﾙ工場,000016,泉土木,000014,泉土木,1,紙,,000001,矢作
2025/01/31(金),2025/01/31(金),2025/01/31(金),000707,三機ｱｸｱﾃｯｸ,2,支払,000068,GC 軽鉄･ｽﾁｰﾙ類,50,50,03,kg,23.5,"1,175",38963,000004,D（建設）,003,有価物,15:00,15:03,000001,令和6年度南部汚泥処理ﾌﾟﾗﾝﾄ機械濃縮設備,000001,ｵﾈｽﾄ,000001,新木場ﾘｻｲｸﾙ工場,000016,泉土木,000014,泉土木,1,紙,,000001,矢作
2025/01/31(金),2025/01/31(金),2025/01/31(金),000734,ﾒﾀｳｫｰﾀｰ（さいたま）,1,売上,000014,混合廃棄物,50,50,03,kg,65,"3,250",38996,000004,D（建設）,001,処分費,16:33,16:37,000015,024吉修第105号送水VVVF装置ﾌｧﾝ修繕工事,000001,ｵﾈｽﾄ,000001,新木場ﾘｻｲｸﾙ工場,000001,ｵﾈｽﾄ,000281,ﾒﾀｳｫｰﾀｰ,1,紙,,000010,メタウォーター
2025/01/31(金),2025/01/31(金),2025/01/31(金),000734,ﾒﾀｳｫｰﾀｰ（さいたま）,1,売上,000109,運搬費,,1,07,台,"38,000","38,000",38996,000004,D（建設）,002,運搬費,16:33,16:37,000015,024吉修第105号送水VVVF装置ﾌｧﾝ修繕工事,000001,ｵﾈｽﾄ,000001,新木場ﾘｻｲｸﾙ工場,000001,ｵﾈｽﾄ,000281,ﾒﾀｳｫｰﾀｰ,1,紙,,000010,メタウォーター
2025/01/31(金),2025/01/31(金),2025/01/31(金),000734,ﾒﾀｳｫｰﾀｰ（さいたま）,2,支払,000068,GC 軽鉄･ｽﾁｰﾙ類,470,470,03,kg,23.5,"11,045",38996,000004,D（建設）,003,有価物,16:33,16:37,000015,024吉修第105号送水VVVF装置ﾌｧﾝ修繕工事,000001,ｵﾈｽﾄ,000001,新木場ﾘｻｲｸﾙ工場,000001,ｵﾈｽﾄ,000281,ﾒﾀｳｫｰﾀｰ,1,紙,,000010,メタウォーター
2025/01/31(金),2025/01/31(金),2025/01/31(金),001070,APﾘﾉﾍﾞｰｼｮﾝ,2,支払,000068,GC 軽鉄･ｽﾁｰﾙ類,"1,550","1,550",03,kg,23.5,"36,425",38997,000004,D（建設）,003,有価物,16:52,16:52,000009,マツモトキヨシ中村橋駅前店改装工事,000001,ｵﾈｽﾄ,000001,新木場ﾘｻｲｸﾙ工場,000016,泉土木,000014,泉土木,1,紙,,000001,矢作
2025/01/31(金),2025/01/31(金),2025/01/31(金),001116,第一広房TOKYO,1,売上,000001,混合廃棄物A,"1,180","1,180",03,kg,65,"76,700",38917,000004,D（建設）,001,処分費,11:11,11:13,000001,第一広房TOKYO　サインスタジオ,000001,ｵﾈｽﾄ,000001,新木場ﾘｻｲｸﾙ工場,000001,ｵﾈｽﾄ,000863,第一広房TOKYO,1,紙,,000004,山本
2025/01/31(金),2025/01/31(金),2025/01/31(金),001116,第一広房TOKYO,1,売上,000349,運搬費(4ｔｺﾝﾃﾅ),,1,07,台,"25,000","25,000",38917,000004,D（建設）,002,運搬費,11:11,11:13,000001,第一広房TOKYO　サインスタジオ,000001,ｵﾈｽﾄ,000001,新木場ﾘｻｲｸﾙ工場,000001,ｵﾈｽﾄ,000863,第一広房TOKYO,1,紙,,000004,山本
2025/01/31(金),2025/01/31(金),2025/01/31(金),001227,ｵｶﾞﾀ･ｸﾞﾙｰﾌﾟ ﾘｻｲｸﾙｼｮｯﾌﾟ宝山,1,売上,000001,混合廃棄物A,140,140,03,kg,65,"9,100",38930,000002,B,001,処分費,11:52,11:55,000000,ｵｶﾞﾀ･ｸﾞﾙｰﾌﾟ ﾘｻｲｸﾙｼｮｯﾌﾟ宝山,000001,ｵﾈｽﾄ,000001,新木場ﾘｻｲｸﾙ工場,001227,ｵｶﾞﾀ･ｸﾞﾙｰﾌﾟ ﾘｻｲｸﾙｼｮｯﾌﾟ宝山,000951,ｵｶﾞﾀ･ｸﾞﾙｰﾌﾟ ﾘｻｲｸﾙｼｮｯﾌﾟ宝山,1,紙,,000005,今村（紀）
2025/01/31(金),2025/01/31(金),2025/01/31(金),001227,ｵｶﾞﾀ･ｸﾞﾙｰﾌﾟ ﾘｻｲｸﾙｼｮｯﾌﾟ宝山,1,売上,000492,混合廃棄物（羽毛物）,20,20,03,kg,250,"5,000",38930,000002,B,001,処分費,11:52,11:55,000000,ｵｶﾞﾀ･ｸﾞﾙｰﾌﾟ ﾘｻｲｸﾙｼｮｯﾌﾟ宝山,000001,ｵﾈｽﾄ,000001,新木場ﾘｻｲｸﾙ工場,001227,ｵｶﾞﾀ･ｸﾞﾙｰﾌﾟ ﾘｻｲｸﾙｼｮｯﾌﾟ宝山,000951,ｵｶﾞﾀ･ｸﾞﾙｰﾌﾟ ﾘｻｲｸﾙｼｮｯﾌﾟ宝山,1,紙,,000005,今村（紀）
2025/01/31(金),2025/01/31(金),2025/01/31(金),001244,銀座急送,1,売上,000001,混合廃棄物A,740,740,03,kg,65,"48,100",39001,000002,B（残置）,001,処分費,17:53,17:59,000001,銀座急送㈱辰巳DS,000001,ｵﾈｽﾄ,000001,新木場ﾘｻｲｸﾙ工場,001244,銀座急送,000965,銀座急送,1,紙,,000002,渡辺
2025/01/31(金),2025/01/31(金),2025/01/31(金),001244,銀座急送,1,売上,000036,ﾏｯﾄﾚｽ(ｼﾝｸﾞﾙ),30,3,11,枚,"6,000","18,000",39001,000002,B（残置）,001,処分費,17:53,17:59,000001,銀座急送㈱辰巳DS,000001,ｵﾈｽﾄ,000001,新木場ﾘｻｲｸﾙ工場,001244,銀座急送,000965,銀座急送,1,紙,,000002,渡辺
2025/01/31(金),2025/01/31(金),2025/01/31(金),001343,角川ﾄﾞﾜﾝｺﾞ学園,1,売上,000001,混合廃棄物A,"1,110","1,110",03,kg,65,"72,150",38947,000001,A（事業）,001,処分費,13:17,13:17,000001,東京都墨田区太平2-8-11,000001,ｵﾈｽﾄ,000001,新木場ﾘｻｲｸﾙ工場,001454,谷津商会,000247,谷津商会,1,紙,,000002,渡辺
2025/01/31(金),2025/01/31(金),2025/01/31(金),001395,昭和女子大学,1,売上,000001,混合廃棄物A,200,200,03,kg,65,"13,000",38885,000001,A（事業）,001,処分費,08:48,08:48,000000,昭和女子大学,000001,ｵﾈｽﾄ,000001,新木場ﾘｻｲｸﾙ工場,000019,ﾀｹｴｲ,000016,ﾀｹｴｲ,1,紙,,000007,小林
2025/01/31(金),2025/01/31(金),2025/01/31(金),001491,ｺﾏﾃﾞﾝ,1,売上,000001,混合廃棄物A,260,260,03,kg,65,"16,900",38927,000002,B（残置）,001,処分費,11:43,11:46,000001,ｺﾏﾃﾞﾝ,000001,ｵﾈｽﾄ,000001,新木場ﾘｻｲｸﾙ工場,000106,中央急送,000085,中央急送,1,紙,,000006,川部
2025/01/31(金),2025/01/31(金),2025/01/31(金),001500,ｽﾀｰｾﾞﾝﾛｼﾞｽﾃｨｸｽ,1,売上,000001,混合廃棄物A,770,770,03,kg,54,"41,580",38920,000001,A（事業）,001,処分費,11:16,11:17,000000,ｽﾀｰｾﾞﾝﾛｼﾞｽﾃｨｸｽ,000001,ｵﾈｽﾄ,000001,新木場ﾘｻｲｸﾙ工場,000028,五十嵐商会,000025,五十嵐商会,1,紙,,000002,渡辺
2025/01/31(金),2025/01/31(金),2025/01/31(金),001583,結城運輸倉庫,1,売上,000001,混合廃棄物A,150,150,03,kg,65,"9,750",38950,000001,A（事業）,001,処分費,13:38,13:38,000000,結城運輸倉庫,000001,ｵﾈｽﾄ,000001,新木場ﾘｻｲｸﾙ工場,001546,江栄,000013,江栄,1,紙,,000002,渡辺
2025/01/31(金),2025/01/31(金),2025/01/31(金),001690,太陽生命保険,1,売上,000001,混合廃棄物A,30,30,03,kg,65,"1,950",38945,000002,B（残置）,001,処分費,13:22,14:09,000004,太陽生命保険(さいたま市）,000001,ｵﾈｽﾄ,000001,新木場ﾘｻｲｸﾙ工場,000110,ﾃｲｿｳ物流ｻｰﾋﾞｽ,000088,ﾃｲｿｳ物流ｻｰﾋﾞｽ,1,紙,,000002,渡辺
2025/01/31(金),2025/01/31(金),2025/01/31(金),001690,太陽生命保険,1,売上,000001,混合廃棄物A,80,80,03,kg,65,"5,200",38940,000002,B（残置）,001,処分費,12:47,13:11,000004,太陽生命保険(さいたま市）,000001,ｵﾈｽﾄ,000001,新木場ﾘｻｲｸﾙ工場,000110,ﾃｲｿｳ物流ｻｰﾋﾞｽ,000088,ﾃｲｿｳ物流ｻｰﾋﾞｽ,1,紙,,000002,渡辺
2025/01/31(金),2025/01/31(金),2025/01/31(金),001690,太陽生命保険,1,売上,000030,選別,100,100,03,kg,70,"7,000",38934,000002,B（残置）,001,処分費,12:31,12:32,000004,太陽生命保険(さいたま市）,000001,ｵﾈｽﾄ,000001,新木場ﾘｻｲｸﾙ工場,000110,ﾃｲｿｳ物流ｻｰﾋﾞｽ,000088,ﾃｲｿｳ物流ｻｰﾋﾞｽ,1,紙,,000002,渡辺
2025/01/31(金),2025/01/31(金),2025/01/31(金),001690,太陽生命保険,1,売上,000030,選別,180,180,03,kg,70,"12,600",38925,000002,B（残置）,001,処分費,11:51,11:52,000004,太陽生命保険(さいたま市）,000001,ｵﾈｽﾄ,000001,新木場ﾘｻｲｸﾙ工場,000110,ﾃｲｿｳ物流ｻｰﾋﾞｽ,000088,ﾃｲｿｳ物流ｻｰﾋﾞｽ,1,紙,,000002,渡辺
2025/01/31(金),2025/01/31(金),2025/01/31(金),001690,太陽生命保険,1,売上,000030,選別,350,350,03,kg,70,"24,500",38945,000002,B（残置）,001,処分費,13:22,14:09,000004,太陽生命保険(さいたま市）,000001,ｵﾈｽﾄ,000001,新木場ﾘｻｲｸﾙ工場,000110,ﾃｲｿｳ物流ｻｰﾋﾞｽ,000088,ﾃｲｿｳ物流ｻｰﾋﾞｽ,1,紙,,000002,渡辺
2025/01/31(金),2025/01/31(金),2025/01/31(金),001690,太陽生命保険,1,売上,000030,選別,410,410,03,kg,70,"28,700",38940,000002,B（残置）,001,処分費,12:47,13:11,000004,太陽生命保険(さいたま市）,000001,ｵﾈｽﾄ,000001,新木場ﾘｻｲｸﾙ工場,000110,ﾃｲｿｳ物流ｻｰﾋﾞｽ,000088,ﾃｲｿｳ物流ｻｰﾋﾞｽ,1,紙,,000002,渡辺
2025/01/31(金),2025/01/31(金),2025/01/31(金),001690,太陽生命保険,2,支払,000068,GC 軽鉄･ｽﾁｰﾙ類,400,400,03,kg,15,"6,000",38945,000002,B（残置）,003,有価物,13:22,14:09,000004,太陽生命保険(さいたま市）,000001,ｵﾈｽﾄ,000001,新木場ﾘｻｲｸﾙ工場,000110,ﾃｲｿｳ物流ｻｰﾋﾞｽ,000088,ﾃｲｿｳ物流ｻｰﾋﾞｽ,1,紙,,000002,渡辺
2025/01/31(金),2025/01/31(金),2025/01/31(金),001690,太陽生命保険,2,支払,000068,GC 軽鉄･ｽﾁｰﾙ類,450,450,03,kg,15,"6,750",38934,000002,B（残置）,003,有価物,12:31,12:32,000004,太陽生命保険(さいたま市）,000001,ｵﾈｽﾄ,000001,新木場ﾘｻｲｸﾙ工場,000110,ﾃｲｿｳ物流ｻｰﾋﾞｽ,000088,ﾃｲｿｳ物流ｻｰﾋﾞｽ,1,紙,,000002,渡辺
2025/01/31(金),2025/01/31(金),2025/01/31(金),001690,太陽生命保険,2,支払,000068,GC 軽鉄･ｽﾁｰﾙ類,680,680,03,kg,15,"10,200",38925,000002,B（残置）,003,有価物,11:51,11:52,000004,太陽生命保険(さいたま市）,000001,ｵﾈｽﾄ,000001,新木場ﾘｻｲｸﾙ工場,000110,ﾃｲｿｳ物流ｻｰﾋﾞｽ,000088,ﾃｲｿｳ物流ｻｰﾋﾞｽ,1,紙,,000002,渡辺
2025/01/31(金),2025/01/31(金),2025/01/31(金),001690,太陽生命保険,2,支払,000068,GC 軽鉄･ｽﾁｰﾙ類,700,700,03,kg,15,"10,500",38940,000002,B（残置）,003,有価物,12:47,13:11,000004,太陽生命保険(さいたま市）,000001,ｵﾈｽﾄ,000001,新木場ﾘｻｲｸﾙ工場,000110,ﾃｲｿｳ物流ｻｰﾋﾞｽ,000088,ﾃｲｿｳ物流ｻｰﾋﾞｽ,1,紙,,000002,渡辺
2025/01/31(金),2025/01/31(金),2025/01/31(金),001739,三機工業（八丁堀）,1,売上,000001,混合廃棄物A,30,30,03,kg,58,"1,740",38992,000004,D（建設）,001,処分費,16:24,16:27,000023,【NWS】MCDR　NRT10,000001,ｵﾈｽﾄ,000001,新木場ﾘｻｲｸﾙ工場,000016,泉土木,000014,泉土木,1,紙,,000001,矢作
2025/01/31(金),2025/01/31(金),2025/01/31(金),001739,三機工業（八丁堀）,1,売上,000030,選別,470,470,03,kg,55,"25,850",38979,000004,D（建設）,001,処分費,15:44,15:46,000083,【NWS】あおぞら銀行　府中,000001,ｵﾈｽﾄ,000001,新木場ﾘｻｲｸﾙ工場,000016,泉土木,000014,泉土木,1,紙,,000001,矢作
2025/01/31(金),2025/01/31(金),2025/01/31(金),001739,三機工業（八丁堀）,1,売上,000038,廃ﾌﾟﾗｽﾁｯｸ類,280,280,03,kg,55,"15,400",38992,000004,D（建設）,001,処分費,16:24,16:27,000023,【NWS】MCDR　NRT10,000001,ｵﾈｽﾄ,000001,新木場ﾘｻｲｸﾙ工場,000016,泉土木,000014,泉土木,1,紙,,000001,矢作
2025/01/31(金),2025/01/31(金),2025/01/31(金),001739,三機工業（八丁堀）,1,売上,000046,ﾀﾞﾝﾎﾞｰﾙ,10,10,03,kg,0,0,38992,000004,D（建設）,001,処分費,16:24,16:27,000023,【NWS】MCDR　NRT10,000001,ｵﾈｽﾄ,000001,新木場ﾘｻｲｸﾙ工場,000016,泉土木,000014,泉土木,1,紙,,000001,矢作
2025/01/31(金),2025/01/31(金),2025/01/31(金),001739,三機工業（八丁堀）,2,支払,000068,GC 軽鉄･ｽﾁｰﾙ類,"1,750","1,750",03,kg,23.5,"41,125",38979,000004,D（建設）,003,有価物,15:44,15:46,000083,【NWS】あおぞら銀行　府中,000001,ｵﾈｽﾄ,000001,新木場ﾘｻｲｸﾙ工場,000016,泉土木,000014,泉土木,1,紙,,000001,矢作
2025/01/31(金),2025/01/31(金),2025/01/31(金),001739,三機工業（八丁堀）,2,支払,000068,GC 軽鉄･ｽﾁｰﾙ類,"2,090","2,090",03,kg,23.5,"49,115",38993,000004,D（建設）,003,有価物,16:22,16:22,000083,【NWS】あおぞら銀行　府中,000001,ｵﾈｽﾄ,000001,新木場ﾘｻｲｸﾙ工場,000016,泉土木,000014,泉土木,1,紙,,000001,矢作
2025/01/31(金),2025/01/31(金),2025/01/31(金),001892,東洋熱工業,1,売上,000001,混合廃棄物A,50,50,03,kg,58,"2,900",38989,000004,D（建設）,001,処分費,15:58,15:59,000030,サービス部第88期雑工事,000001,ｵﾈｽﾄ,000001,新木場ﾘｻｲｸﾙ工場,000016,泉土木,000014,泉土木,1,紙,,000001,矢作
2025/01/31(金),2025/01/31(金),2025/01/31(金),001892,東洋熱工業,1,売上,000001,混合廃棄物A,370,370,03,kg,58,"21,460",38875,000004,D（建設）,001,処分費,06:22,06:22,000060,流山おおたかの森SCFCU更新工事（2024年度,000001,ｵﾈｽﾄ,000001,新木場ﾘｻｲｸﾙ工場,000016,泉土木,000014,泉土木,1,紙,,000001,矢作
2025/01/31(金),2025/01/31(金),2025/01/31(金),001892,東洋熱工業,1,売上,000026,石膏ﾎﾞｰﾄﾞC,30,30,03,kg,45,"1,350",38875,000004,D（建設）,001,処分費,06:22,06:22,000060,流山おおたかの森SCFCU更新工事（2024年度,000001,ｵﾈｽﾄ,000001,新木場ﾘｻｲｸﾙ工場,000016,泉土木,000014,泉土木,1,紙,,000001,矢作
2025/01/31(金),2025/01/31(金),2025/01/31(金),001892,東洋熱工業,1,売上,000029,木くず,20,20,03,kg,25,500,38989,000004,D（建設）,001,処分費,15:58,15:59,000030,サービス部第88期雑工事,000001,ｵﾈｽﾄ,000001,新木場ﾘｻｲｸﾙ工場,000016,泉土木,000014,泉土木,1,紙,,000001,矢作
2025/01/31(金),2025/01/31(金),2025/01/31(金),001892,東洋熱工業,1,売上,000108,室内機,960,960,03,kg,55,"52,800",38935,000004,D（建設）,001,処分費,12:33,12:38,000060,流山おおたかの森SCFCU更新工事（2024年度,000001,ｵﾈｽﾄ,000001,新木場ﾘｻｲｸﾙ工場,000016,泉土木,000014,泉土木,1,紙,,000001,矢作
2025/01/31(金),2025/01/31(金),2025/01/31(金),001892,東洋熱工業,2,支払,000068,GC 軽鉄･ｽﾁｰﾙ類,60,60,03,kg,23.5,"1,410",38935,000004,D（建設）,003,有価物,12:33,12:38,000060,流山おおたかの森SCFCU更新工事（2024年度,000001,ｵﾈｽﾄ,000001,新木場ﾘｻｲｸﾙ工場,000016,泉土木,000014,泉土木,1,紙,,000001,矢作
2025/01/31(金),2025/01/31(金),2025/01/31(金),001947,ﾁｬｺｰﾙ市野,1,売上,000001,混合廃棄物A,660,660,03,kg,53,"34,980",38912,000001,A（事業）,001,処分費,10:53,10:55,000001,渋谷市野ﾋﾞﾙ,000001,ｵﾈｽﾄ,000001,新木場ﾘｻｲｸﾙ工場,000302,ﾖｼﾓﾘ,000244,ﾖｼﾓﾘ,1,紙,,000002,渡辺
2025/01/31(金),2025/01/31(金),2025/01/31(金),001976,ｼﾐｽﾞｵｸﾄ,1,売上,000001,混合廃棄物A,240,240,03,kg,65,"15,600",38942,000002,B（残置）,001,処分費,13:05,13:05,000002,千駄ヶ谷ﾋﾞﾙ,000001,ｵﾈｽﾄ,000001,新木場ﾘｻｲｸﾙ工場,001976,ｼﾐｽﾞｵｸﾄ,000202,ｼﾐｽﾞｵｸﾄ,1,紙,,000005,今村（紀）
2025/01/31(金),2025/01/31(金),2025/01/31(金),002065,黒田本店,1,売上,000001,混合廃棄物A,"1,210","1,210",03,kg,65,"78,650",38932,000001,A（事業）,001,処分費,12:10,12:13,000000,黒田本店,000001,ｵﾈｽﾄ,000001,新木場ﾘｻｲｸﾙ工場,000053,小早川運輸,000045,小早川運輸,1,紙,,000002,渡辺
2025/01/31(金),2025/01/31(金),2025/01/31(金),002245,三友建設,1,売上,000002,混合廃棄物B,180,180,03,kg,65,"11,700",38926,000003,C（解体）,001,処分費,11:44,11:44,000000,三友建設,000001,ｵﾈｽﾄ,000001,新木場ﾘｻｲｸﾙ工場,002245,三友建設,000658,三友建設,2,電子,,000002,渡辺
2025/01/31(金),2025/01/31(金),2025/01/31(金),002245,三友建設,1,売上,000034,本畳,120,6,11,枚,"1,500","9,000",38926,000003,C（解体）,001,処分費,11:44,11:44,000000,三友建設,000001,ｵﾈｽﾄ,000001,新木場ﾘｻｲｸﾙ工場,002245,三友建設,000658,三友建設,2,電子,,000002,渡辺
2025/01/31(金),2025/01/31(金),2025/01/31(金),002423,ｼﾓﾑﾗ,1,売上,000001,混合廃棄物A,960,960,03,kg,57,"54,720",38901,000005,E（中・積),001,処分費,10:16,10:21,000027,CHI金沢ﾊｲﾃｸｾﾝﾀｰ,000001,ｵﾈｽﾄ,000001,新木場ﾘｻｲｸﾙ工場,000300,丸三松本商事,000242,丸三松本商事,1,紙,,000002,渡辺
2025/01/31(金),2025/01/31(金),2025/01/31(金),002538,ﾃｸﾆｺ,1,売上,000001,混合廃棄物A,500,500,03,kg,65,"32,500",38921,000001,A（事業）,001,処分費,11:37,11:37,000001,㈱ﾃｸﾆｺ技術ｾﾝﾀｰ,000001,ｵﾈｽﾄ,000001,新木場ﾘｻｲｸﾙ工場,001454,谷津商会,000247,谷津商会,1,紙,,000002,渡辺
2025/01/31(金),2025/01/31(金),2025/01/31(金),002538,ﾃｸﾆｺ,1,売上,000030,選別,110,110,03,kg,70,"7,700",38921,000001,A（事業）,001,処分費,11:37,11:37,000001,㈱ﾃｸﾆｺ技術ｾﾝﾀｰ,000001,ｵﾈｽﾄ,000001,新木場ﾘｻｲｸﾙ工場,001454,谷津商会,000247,谷津商会,1,紙,,000002,渡辺
2025/01/31(金),2025/01/31(金),2025/01/31(金),002606,三進,1,売上,000001,混合廃棄物A,730,730,03,kg,63,"45,990",38893,000001,A（事業）,001,処分費,09:42,09:42,000000,三進,000001,ｵﾈｽﾄ,000001,新木場ﾘｻｲｸﾙ工場,001247,朝倉商店,000968,朝倉商店,1,紙,,000002,渡辺
2025/01/31(金),2025/01/31(金),2025/01/31(金),002639,協和機電,1,売上,000001,混合廃棄物A,280,280,03,kg,58,"16,240",38903,000004,D（建設）,001,処分費,10:29,10:32,000000,協和機電,000001,ｵﾈｽﾄ,000001,新木場ﾘｻｲｸﾙ工場,000016,泉土木,000014,泉土木,1,紙,,000001,矢作
2025/01/31(金),2025/01/31(金),2025/01/31(金),002639,協和機電,1,売上,000046,ﾀﾞﾝﾎﾞｰﾙ,10,10,03,kg,0,0,38903,000004,D（建設）,001,処分費,10:29,10:32,000000,協和機電,000001,ｵﾈｽﾄ,000001,新木場ﾘｻｲｸﾙ工場,000016,泉土木,000014,泉土木,1,紙,,000001,矢作
2025/01/31(金),2025/01/31(金),2025/01/31(金),002675,ｼﾈﾛﾝ･ｷｬﾝﾃﾞﾗ,1,売上,000001,混合廃棄物A,50,50,03,kg,65,"3,250",38971,000004,D（建設）,001,処分費,15:07,15:32,000000,ｼﾈﾛﾝ･ｷｬﾝﾃﾞﾗ,000001,ｵﾈｽﾄ,000001,新木場ﾘｻｲｸﾙ工場,000361,全公研,000289,全公研,1,紙,,000004,山本
2025/01/31(金),2025/01/31(金),2025/01/31(金),002675,ｼﾈﾛﾝ･ｷｬﾝﾃﾞﾗ,1,売上,000030,選別,230,230,03,kg,60,"13,800",38971,000004,D（建設）,001,処分費,15:07,15:32,000000,ｼﾈﾛﾝ･ｷｬﾝﾃﾞﾗ,000001,ｵﾈｽﾄ,000001,新木場ﾘｻｲｸﾙ工場,000361,全公研,000289,全公研,1,紙,,000004,山本
2025/01/31(金),2025/01/31(金),2025/01/31(金),002871,明幸（綾瀬）,1,売上,000083,がれき類,30,30,03,kg,65,"1,950",38981,000003,C（解体）,001,処分費,15:33,15:34,000001,野方消防団第8分団3部格納庫移設工事,000001,ｵﾈｽﾄ,000001,新木場ﾘｻｲｸﾙ工場,002871,明幸（綾瀬）,000221,明幸,1,紙,,000004,山本
2025/01/31(金),2025/01/31(金),2025/01/31(金),003023,竹中工務店東京本店安全環境部,2,支払,000068,GC 軽鉄･ｽﾁｰﾙ類,230,230,03,kg,23.5,"5,405",38924,000004,D（建設）,003,有価物,11:43,11:43,000011,竹中ＯＣＢ地下１階改修,000001,ｵﾈｽﾄ,000001,新木場ﾘｻｲｸﾙ工場,000016,泉土木,000014,泉土木,2,電子,,000001,矢作
2025/01/31(金),2025/01/31(金),2025/01/31(金),003023,竹中工務店東京本店安全環境部,2,支払,000068,GC 軽鉄･ｽﾁｰﾙ類,"1,030","1,030",03,kg,23.5,"24,205",38958,000004,D（建設）,003,有価物,14:36,14:36,000025,東電ＰＧ新幸橋ビル改修,000001,ｵﾈｽﾄ,000001,新木場ﾘｻｲｸﾙ工場,000016,泉土木,000014,泉土木,1,紙,,000001,矢作
2025/01/31(金),2025/01/31(金),2025/01/31(金),003063,ﾅｶﾊﾞﾔｼ東京本社,1,売上,000001,混合廃棄物A,810,810,03,kg,53,"42,930",38887,000001,A（事業）,001,処分費,08:41,08:41,000000,ﾅｶﾊﾞﾔｼ東京本社,000001,ｵﾈｽﾄ,000001,新木場ﾘｻｲｸﾙ工場,000302,ﾖｼﾓﾘ,000244,ﾖｼﾓﾘ,1,紙,,000002,渡辺
2025/01/31(金),2025/01/31(金),2025/01/31(金),003122,三井不動産ﾎﾃﾙﾏﾈｼﾞﾒﾝﾄ,1,売上,000001,混合廃棄物A,990,990,03,kg,54,"53,460",38897,000001,A（事業）,001,処分費,09:48,09:48,000001,三井ｶﾞｰﾃﾞﾝﾎﾃﾙ大手町,000001,ｵﾈｽﾄ,000001,新木場ﾘｻｲｸﾙ工場,000028,五十嵐商会,000025,五十嵐商会,1,紙,,000002,渡辺
2025/01/31(金),2025/01/31(金),2025/01/31(金),003147,中央建物,1,売上,000001,混合廃棄物A,100,100,03,kg,54,"5,400",38907,000001,A（事業）,001,処分費,10:35,10:35,000001,大倉本館,000001,ｵﾈｽﾄ,000001,新木場ﾘｻｲｸﾙ工場,000028,五十嵐商会,000025,五十嵐商会,1,紙,,000002,渡辺
2025/01/31(金),2025/01/31(金),2025/01/31(金),003387,(ｵﾈﾜﾝ)ｱｻﾏ工業,1,売上,000023,軽量物系B(充填剤）,150,150,03,kg,75,"11,250",38967,000002,B（残置）,001,処分費,15:15,15:28,000002,東急渋谷駅前ﾋﾞﾙ,000001,ｵﾈｽﾄ,000001,新木場ﾘｻｲｸﾙ工場,001308,ｵﾈｽﾄ･ﾜﾝ,001021,ｵﾈｽﾄ･ﾜﾝ,1,紙,,000011,オネスト・ワン
2025/01/31(金),2025/01/31(金),2025/01/31(金),003387,(ｵﾈﾜﾝ)ｱｻﾏ工業,2,支払,000068,GC 軽鉄･ｽﾁｰﾙ類,40,40,03,kg,27,"1,080",38967,000002,B（残置）,003,有価物,15:15,15:28,000002,東急渋谷駅前ﾋﾞﾙ,000001,ｵﾈｽﾄ,000001,新木場ﾘｻｲｸﾙ工場,001308,ｵﾈｽﾄ･ﾜﾝ,001021,ｵﾈｽﾄ･ﾜﾝ,1,紙,,000011,オネスト・ワン
2025/01/31(金),2025/01/31(金),2025/01/31(金),003742,大成有楽不動産（ﾚｿﾞﾝﾃﾞｨﾚｸｼｮﾝ）,1,売上,000001,混合廃棄物A,740,740,03,kg,54,"39,960",38881,000001,A（事業）,001,処分費,08:03,08:05,000001,日比谷潁川ﾋﾞﾙ,000001,ｵﾈｽﾄ,000001,新木場ﾘｻｲｸﾙ工場,000028,五十嵐商会,000025,五十嵐商会,1,紙,,000002,渡辺
2025/01/31(金),2025/01/31(金),2025/01/31(金),003872,ｾｷｽｲﾊｲﾑ不動産,1,売上,000006,混合廃棄物(壁紙・ｸﾛｽ),20,20,03,kg,75,"1,500",38905,000004,D（建設）,001,処分費,10:51,10:51,000000,ｾｷｽｲﾊｲﾑ不動産,000001,ｵﾈｽﾄ,000001,新木場ﾘｻｲｸﾙ工場,000001,ｵﾈｽﾄ,000654,ｾｷｽｲﾊｲﾑ 不動産,1,紙,,000005,今村（紀）
2025/01/31(金),2025/01/31(金),2025/01/31(金),003872,ｾｷｽｲﾊｲﾑ不動産,1,売上,000006,混合廃棄物(壁紙・ｸﾛｽ),30,30,03,kg,75,"2,250",38904,000004,D（建設）,001,処分費,10:45,10:52,000000,ｾｷｽｲﾊｲﾑ不動産,000001,ｵﾈｽﾄ,000001,新木場ﾘｻｲｸﾙ工場,000001,ｵﾈｽﾄ,000654,ｾｷｽｲﾊｲﾑ 不動産,1,紙,,000005,今村（紀）
2025/01/31(金),2025/01/31(金),2025/01/31(金),003872,ｾｷｽｲﾊｲﾑ不動産,1,売上,000006,混合廃棄物(壁紙・ｸﾛｽ),30,30,03,kg,75,"2,250",38906,000004,D（建設）,001,処分費,10:51,10:51,000000,ｾｷｽｲﾊｲﾑ不動産,000001,ｵﾈｽﾄ,000001,新木場ﾘｻｲｸﾙ工場,000001,ｵﾈｽﾄ,000654,ｾｷｽｲﾊｲﾑ 不動産,1,紙,,000005,今村（紀）
2025/01/31(金),2025/01/31(金),2025/01/31(金),003872,ｾｷｽｲﾊｲﾑ不動産,1,売上,000352,運搬費(2ｔ車),,1,07,台,"32,000","32,000",38906,000004,D（建設）,002,運搬費,10:51,10:51,000000,ｾｷｽｲﾊｲﾑ不動産,000001,ｵﾈｽﾄ,000001,新木場ﾘｻｲｸﾙ工場,000001,ｵﾈｽﾄ,000654,ｾｷｽｲﾊｲﾑ 不動産,1,紙,,000005,今村（紀）
2025/01/31(金),2025/01/31(金),2025/01/31(金),003872,ｾｷｽｲﾊｲﾑ不動産,1,売上,000352,運搬費(2ｔ車),,1,07,台,"48,000","48,000",38905,000004,D（建設）,002,運搬費,10:51,10:51,000000,ｾｷｽｲﾊｲﾑ不動産,000001,ｵﾈｽﾄ,000001,新木場ﾘｻｲｸﾙ工場,000001,ｵﾈｽﾄ,000654,ｾｷｽｲﾊｲﾑ 不動産,1,紙,,000005,今村（紀）
2025/01/31(金),2025/01/31(金),2025/01/31(金),003910,高匠,1,売上,000002,混合廃棄物B,390,390,03,kg,70,"27,300",38953,000003,C（解体）,001,処分費,14:12,14:14,000131,ﾗｲｵﾝｽﾞｶﾞｰﾃﾞﾝ川口,000001,ｵﾈｽﾄ,000001,新木場ﾘｻｲｸﾙ工場,000362,ﾐﾔ産興,000290,ﾐﾔ産興,1,紙,,000004,山本
2025/01/31(金),2025/01/31(金),2025/01/31(金),003981,ASUM,1,売上,000001,混合廃棄物A,50,50,03,kg,65,"3,250",38874,000003,C（解体）,001,処分費,06:19,06:20,000000,ASUM,000001,ｵﾈｽﾄ,000001,新木場ﾘｻｲｸﾙ工場,003981,ASUM,000381,ASUM,1,紙,,000007,小林
2025/01/31(金),2025/01/31(金),2025/01/31(金),003981,ASUM,1,売上,000004,混合廃棄物(焼却物),200,200,03,kg,75,"15,000",38874,000003,C（解体）,001,処分費,06:19,06:20,000000,ASUM,000001,ｵﾈｽﾄ,000001,新木場ﾘｻｲｸﾙ工場,003981,ASUM,000381,ASUM,1,紙,,000007,小林
2025/01/31(金),2025/01/31(金),2025/01/31(金),003992,ﾓﾘﾃｯｸ,1,売上,000001,混合廃棄物A,"1,840","1,840",03,kg,65,"119,600",38882,000004,D（建設）,001,処分費,08:26,08:29,000000,ﾓﾘﾃｯｸ,000001,ｵﾈｽﾄ,000001,新木場ﾘｻｲｸﾙ工場,000001,ｵﾈｽﾄ,000707,ﾓﾘﾃｯｸ,1,紙,,000005,今村（紀）
2025/01/31(金),2025/01/31(金),2025/01/31(金),003992,ﾓﾘﾃｯｸ,1,売上,000349,運搬費(4ｔｺﾝﾃﾅ),,1,07,台,"16,000","16,000",38882,000004,D（建設）,002,運搬費,08:26,08:29,000000,ﾓﾘﾃｯｸ,000001,ｵﾈｽﾄ,000001,新木場ﾘｻｲｸﾙ工場,000001,ｵﾈｽﾄ,000707,ﾓﾘﾃｯｸ,1,紙,,000005,今村（紀）
2025/01/31(金),2025/01/31(金),2025/01/31(金),004003,便利屋ﾐﾔﾅﾐ,1,売上,000001,混合廃棄物A,40,40,03,kg,65,"2,600",39000,000002,B（残置）,001,処分費,17:10,17:15,000000,便利屋ﾐﾔﾅﾐ,000001,ｵﾈｽﾄ,000001,新木場ﾘｻｲｸﾙ工場,004003,便利屋ﾐﾔﾅﾐ,001113,便利屋ﾐﾔﾅﾐ,1,紙,,000012,サン・テクノ
2025/01/31(金),2025/01/31(金),2025/01/31(金),004003,便利屋ﾐﾔﾅﾐ,1,売上,000004,混合廃棄物(焼却物),180,180,03,kg,75,"13,500",39000,000002,B（残置）,001,処分費,17:10,17:15,000000,便利屋ﾐﾔﾅﾐ,000001,ｵﾈｽﾄ,000001,新木場ﾘｻｲｸﾙ工場,004003,便利屋ﾐﾔﾅﾐ,001113,便利屋ﾐﾔﾅﾐ,1,紙,,000012,サン・テクノ
2025/01/31(金),2025/01/31(金),2025/01/31(金),004039,(ｵﾈﾜﾝ)ﾄｯﾌﾟﾘﾕｰｽ,1,売上,000001,混合廃棄物A,270,270,03,kg,63,"17,010",38878,000002,B,001,処分費,07:20,07:22,000000,(ｵﾈﾜﾝ)ﾄｯﾌﾟﾘﾕｰｽ,000001,ｵﾈｽﾄ,000001,新木場ﾘｻｲｸﾙ工場,004039,(ｵﾈﾜﾝ)ﾄｯﾌﾟﾘﾕｰｽ,001021,ｵﾈｽﾄ･ﾜﾝ,1,紙,,000011,オネスト・ワン
2025/01/31(金),2025/01/31(金),2025/01/31(金),004080,三協立山ﾀﾃﾔﾏｱﾄﾞﾊﾞﾝｽ社,1,売上,000001,混合廃棄物A,470,470,03,kg,50,"23,500",38883,000004,D（建設）,001,処分費,08:32,09:03,000033,SPORTSDEPO厚木下荻野店,000001,ｵﾈｽﾄ,000001,新木場ﾘｻｲｸﾙ工場,008280,エコフォレスト,000873,伊藤忠ﾒﾀﾙｽﾞ,2,電子,,000001,矢作
2025/01/31(金),2025/01/31(金),2025/01/31(金),004080,三協立山ﾀﾃﾔﾏｱﾄﾞﾊﾞﾝｽ社,1,売上,000030,選別,230,230,03,kg,50,"11,500",38883,000004,D（建設）,001,処分費,08:32,09:03,000033,SPORTSDEPO厚木下荻野店,000001,ｵﾈｽﾄ,000001,新木場ﾘｻｲｸﾙ工場,008280,エコフォレスト,000873,伊藤忠ﾒﾀﾙｽﾞ,2,電子,,000001,矢作
2025/01/31(金),2025/01/31(金),2025/01/31(金),004080,三協立山ﾀﾃﾔﾏｱﾄﾞﾊﾞﾝｽ社,2,支払,000068,GC 軽鉄･ｽﾁｰﾙ類,300,300,03,kg,24.5,"7,350",38883,000004,D（建設）,003,有価物,08:32,09:03,000033,SPORTSDEPO厚木下荻野店,000001,ｵﾈｽﾄ,000001,新木場ﾘｻｲｸﾙ工場,008280,エコフォレスト,000873,伊藤忠ﾒﾀﾙｽﾞ,2,電子,,000001,矢作
2025/01/31(金),2025/01/31(金),2025/01/31(金),004108,ﾊﾟﾅｿﾆｯｸ産機ｼｽﾃﾑｽﾞ,1,売上,000001,混合廃棄物A,160,160,03,kg,50,"8,000",38943,000004,D（建設）,001,処分費,13:10,13:14,000146,サンドラッグ西上尾店,000001,ｵﾈｽﾄ,000001,新木場ﾘｻｲｸﾙ工場,006436,ｻﾜ･ｺｰﾎﾟﾚｰｼｮﾝ,000873,伊藤忠ﾒﾀﾙｽﾞ,1,紙,,000001,矢作
2025/01/31(金),2025/01/31(金),2025/01/31(金),004108,ﾊﾟﾅｿﾆｯｸ産機ｼｽﾃﾑｽﾞ,1,売上,000001,混合廃棄物A,240,240,03,kg,50,"12,000",38946,000004,D（建設）,001,処分費,13:35,13:39,000131,コープ幕張駅北口店,000001,ｵﾈｽﾄ,000001,新木場ﾘｻｲｸﾙ工場,008280,エコフォレスト,000873,伊藤忠ﾒﾀﾙｽﾞ,2,電子,,000001,矢作
2025/01/31(金),2025/01/31(金),2025/01/31(金),004108,ﾊﾟﾅｿﾆｯｸ産機ｼｽﾃﾑｽﾞ,2,支払,000068,GC 軽鉄･ｽﾁｰﾙ類,100,100,03,kg,24.5,"2,450",38946,000004,D（建設）,003,有価物,13:35,13:39,000131,コープ幕張駅北口店,000001,ｵﾈｽﾄ,000001,新木場ﾘｻｲｸﾙ工場,008280,エコフォレスト,000873,伊藤忠ﾒﾀﾙｽﾞ,2,電子,,000001,矢作
2025/01/31(金),2025/01/31(金),2025/01/31(金),004364,ｳｲﾝｸﾞ,1,売上,000001,混合廃棄物A,540,540,03,kg,65,"35,100",38877,000002,B（残置）,001,処分費,07:03,07:05,000050,新星堂ｼﾞｮｲﾅｽ横浜,000001,ｵﾈｽﾄ,000001,新木場ﾘｻｲｸﾙ工場,004364,ｳｲﾝｸﾞ,000092,ｳｲﾝｸﾞ,1,紙,,000006,川部
2025/01/31(金),2025/01/31(金),2025/01/31(金),004364,ｳｲﾝｸﾞ,1,売上,000001,混合廃棄物A,550,550,03,kg,65,"35,750",38957,000002,B（残置）,001,処分費,14:25,14:32,000000,ｳｲﾝｸﾞ,000001,ｵﾈｽﾄ,000001,新木場ﾘｻｲｸﾙ工場,004364,ｳｲﾝｸﾞ,000092,ｳｲﾝｸﾞ,1,紙,,000006,川部
2025/01/31(金),2025/01/31(金),2025/01/31(金),004364,ｳｲﾝｸﾞ,1,売上,000029,木くず,140,140,03,kg,35,"4,900",38957,000002,B（残置）,001,処分費,14:25,14:32,000000,ｳｲﾝｸﾞ,000001,ｵﾈｽﾄ,000001,新木場ﾘｻｲｸﾙ工場,004364,ｳｲﾝｸﾞ,000092,ｳｲﾝｸﾞ,1,紙,,000006,川部
2025/01/31(金),2025/01/31(金),2025/01/31(金),004512,櫻井倉庫,1,売上,000029,木くず,80,80,03,kg,20,"1,600",38923,000006,F（他）,001,処分費,11:35,11:38,000000,櫻井倉庫,000001,ｵﾈｽﾄ,000001,新木場ﾘｻｲｸﾙ工場,000001,ｵﾈｽﾄ,001022,ｻﾝ･ﾃｸﾉ,1,紙,,000012,サン・テクノ
2025/01/31(金),2025/01/31(金),2025/01/31(金),004512,櫻井倉庫,1,売上,000109,運搬費(2t),,1,07,台,"15,000","15,000",38923,000006,F（他）,002,運搬費,11:35,11:38,000000,櫻井倉庫,000001,ｵﾈｽﾄ,000001,新木場ﾘｻｲｸﾙ工場,000001,ｵﾈｽﾄ,001022,ｻﾝ･ﾃｸﾉ,1,紙,,000012,サン・テクノ
2025/01/31(金),2025/01/31(金),2025/01/31(金),004534,東海交通機械,2,支払,000069,GD,790,790,03,kg,1,790,38873,000004,D（建設）,003,有価物,07:01,07:01,000008,東海旅客鉄道株式会社東京駅,000001,ｵﾈｽﾄ,000001,新木場ﾘｻｲｸﾙ工場,000361,全公研,000289,全公研,2,電子,,000004,山本
2025/01/31(金),2025/01/31(金),2025/01/31(金),004574,栗田建業,1,売上,000002,混合廃棄物B,530,530,03,kg,70,"37,100",38962,000003,C（解体）,001,処分費,14:36,14:41,000024,東京都江東区常盤2-13-11,000001,ｵﾈｽﾄ,000001,新木場ﾘｻｲｸﾙ工場,004574,栗田建業,000412,栗田建業,1,紙,,000002,渡辺
2025/01/31(金),2025/01/31(金),2025/01/31(金),004766,JR東日本環境ｱｸｾｽ,1,売上,000001,混合廃棄物A,"1,280","1,280",03,kg,55,"70,400",38876,000001,A（事業）,001,処分費,06:58,07:01,000001,東京資源循環ｾﾝﾀｰ,000001,ｵﾈｽﾄ,000001,新木場ﾘｻｲｸﾙ工場,004766,JR東日本環境ｱｸｾｽ,000426,JR東日本環境ｱｸｾｽ,2,電子,,000002,渡辺
2025/01/31(金),2025/01/31(金),2025/01/31(金),005231,ｲﾝｸﾞ,1,売上,000022,軽量物系B(FRP),770,770,03,kg,80,"61,600",38990,000003,C（解体）,001,処分費,16:09,16:09,000022,旧ﾊﾟｰｸﾌﾟﾗｻﾞﾎﾃﾙ改修工事,000001,ｵﾈｽﾄ,000001,新木場ﾘｻｲｸﾙ工場,005231,ｲﾝｸﾞ,000676,ｲﾝｸﾞ,1,紙,,000002,渡辺
2025/01/31(金),2025/01/31(金),2025/01/31(金),005408,PTB,1,売上,000001,混合廃棄物A,"1,680","1,680",03,kg,65,"109,200",38960,000002,B（残置）,001,処分費,14:27,14:53,000000,PTB,000001,ｵﾈｽﾄ,000001,新木場ﾘｻｲｸﾙ工場,005408,PTB,001141,PTB,1,紙,,000007,小林
2025/01/31(金),2025/01/31(金),2025/01/31(金),005408,PTB,1,売上,000034,本畳,210,10.5,11,枚,"2,500","26,250",38960,000002,B（残置）,001,処分費,14:27,14:53,000000,PTB,000001,ｵﾈｽﾄ,000001,新木場ﾘｻｲｸﾙ工場,005408,PTB,001141,PTB,1,紙,,000007,小林
2025/01/31(金),2025/01/31(金),2025/01/31(金),005408,PTB,1,売上,000102,ﾏﾆﾌｪｽﾄ,,1,11,枚,50,50,38960,000002,B（残置）,001,処分費,14:27,14:53,000000,PTB,000001,ｵﾈｽﾄ,000001,新木場ﾘｻｲｸﾙ工場,005408,PTB,001141,PTB,1,紙,,000007,小林
2025/01/31(金),2025/01/31(金),2025/01/31(金),005408,PTB,1,売上,000106,消火器,10,1,09,本,"1,500","1,500",38960,000002,B（残置）,001,処分費,14:27,14:53,000000,PTB,000001,ｵﾈｽﾄ,000001,新木場ﾘｻｲｸﾙ工場,005408,PTB,001141,PTB,1,紙,,000007,小林
2025/01/31(金),2025/01/31(金),2025/01/31(金),005515,ｷｬﾌﾟﾃｨｿﾘｭｰｼｮﾝｽﾞ,1,売上,000001,混合廃棄物A,80,80,03,kg,65,"5,200",38970,000004,D（建設）,001,処分費,15:20,15:20,000067,美容室レディ空調機撤去工事,000001,ｵﾈｽﾄ,000001,新木場ﾘｻｲｸﾙ工場,000001,ｵﾈｽﾄ,001144,ｷｬﾌﾟﾃｨｿﾘｭｰｼｮﾝｽﾞ,1,紙,,000006,川部
2025/01/31(金),2025/01/31(金),2025/01/31(金),005515,ｷｬﾌﾟﾃｨｿﾘｭｰｼｮﾝｽﾞ,1,売上,000109,運搬費,,1,07,台,"24,000","24,000",38970,000004,D（建設）,002,運搬費,15:20,15:20,000067,美容室レディ空調機撤去工事,000001,ｵﾈｽﾄ,000001,新木場ﾘｻｲｸﾙ工場,000001,ｵﾈｽﾄ,001144,ｷｬﾌﾟﾃｨｿﾘｭｰｼｮﾝｽﾞ,1,紙,,000006,川部
2025/01/31(金),2025/01/31(金),2025/01/31(金),005515,ｷｬﾌﾟﾃｨｿﾘｭｰｼｮﾝｽﾞ,2,支払,000068,GC 軽鉄･ｽﾁｰﾙ類,290,290,03,kg,15,"4,350",38970,000004,D（建設）,003,有価物,15:20,15:20,000067,美容室レディ空調機撤去工事,000001,ｵﾈｽﾄ,000001,新木場ﾘｻｲｸﾙ工場,000001,ｵﾈｽﾄ,001144,ｷｬﾌﾟﾃｨｿﾘｭｰｼｮﾝｽﾞ,1,紙,,000006,川部
2025/01/31(金),2025/01/31(金),2025/01/31(金),005884,(ｻﾝﾃｸﾉ)ｻﾝﾄﾗｽﾄ,1,売上,000001,混合廃棄物A,740,740,03,kg,58,"42,920",38974,000006,F（他）,001,処分費,15:28,15:44,000094,佐藤邸,000001,ｵﾈｽﾄ,000001,新木場ﾘｻｲｸﾙ工場,005884,(ｻﾝﾃｸﾉ)ｻﾝﾄﾗｽﾄ,001022,ｻﾝ･ﾃｸﾉ,1,紙,,000012,サン・テクノ
2025/01/31(金),2025/01/31(金),2025/01/31(金),005884,(ｻﾝﾃｸﾉ)ｻﾝﾄﾗｽﾄ,1,売上,000492,混合廃棄物（羽毛物）,10,10,03,kg,200,"2,000",38974,000006,F（他）,001,処分費,15:28,15:44,000094,佐藤邸,000001,ｵﾈｽﾄ,000001,新木場ﾘｻｲｸﾙ工場,005884,(ｻﾝﾃｸﾉ)ｻﾝﾄﾗｽﾄ,001022,ｻﾝ･ﾃｸﾉ,1,紙,,000012,サン・テクノ
2025/01/31(金),2025/01/31(金),2025/01/31(金),006058,幸和設備,1,売上,000001,混合廃棄物A,"1,040","1,040",03,kg,58,"60,320",38938,000002,B（残置）,001,処分費,12:46,12:55,000001,置場,000001,ｵﾈｽﾄ,000001,新木場ﾘｻｲｸﾙ工場,004463,あるくる,000823,あるくる,1,紙,,000001,矢作
2025/01/31(金),2025/01/31(金),2025/01/31(金),006108,ｽﾀｰﾂｱﾒﾆﾃｨｰ,1,売上,000001,混合廃棄物A,30,30,03,kg,55,"1,650",38994,000002,B（残置）,001,処分費,16:25,16:28,000025,かすみ草(103)残置物撤去作業,000001,ｵﾈｽﾄ,000001,新木場ﾘｻｲｸﾙ工場,004463,あるくる,000823,あるくる,1,紙,,000001,矢作
2025/01/31(金),2025/01/31(金),2025/01/31(金),006108,ｽﾀｰﾂｱﾒﾆﾃｨｰ,1,売上,000029,木くず,50,50,03,kg,42,"2,100",38994,000002,B（残置）,001,処分費,16:25,16:28,000025,かすみ草(103)残置物撤去作業,000001,ｵﾈｽﾄ,000001,新木場ﾘｻｲｸﾙ工場,004463,あるくる,000823,あるくる,1,紙,,000001,矢作
2025/01/31(金),2025/01/31(金),2025/01/31(金),006509,ﾅｲﾃｯｸｽ,1,売上,000030,選別,"1,150","1,150",03,kg,70,"80,500",38954,000001,A（事業）,001,処分費,14:22,14:22,000000,ﾅｲﾃｯｸｽ,000001,ｵﾈｽﾄ,000001,新木場ﾘｻｲｸﾙ工場,006509,ﾅｲﾃｯｸｽ,000182,ﾅｲﾃｯｸｽ,1,紙,,000004,山本
2025/01/31(金),2025/01/31(金),2025/01/31(金),006569,お世話や,1,売上,000001,混合廃棄物A,370,370,03,kg,60,"22,200",38952,000002,B（残置）,001,処分費,11:28,14:01,000000,お世話や,000001,ｵﾈｽﾄ,000001,新木場ﾘｻｲｸﾙ工場,001656,真和商事,000055,真和商事,1,紙,,000002,渡辺
2025/01/31(金),2025/01/31(金),2025/01/31(金),006569,お世話や,1,売上,000001,混合廃棄物A,610,610,03,kg,60,"36,600",38998,000002,B（残置）,001,処分費,16:44,16:46,000001,お世話や　初台事務所,000001,ｵﾈｽﾄ,000001,新木場ﾘｻｲｸﾙ工場,001656,真和商事,000055,真和商事,1,紙,,000002,渡辺
2025/01/31(金),2025/01/31(金),2025/01/31(金),006593,(ｻﾝﾃｸﾉ)ﾙﾐﾅｽ･ﾋﾞｰｼﾞｬﾊﾟﾝ,1,売上,000001,混合廃棄物A,"1,200","1,200",03,kg,58,"69,600",38955,000006,F（他）,001,処分費,14:16,14:16,000001,ｵﾍﾟﾚｰｼｮﾝｾﾝﾀｰ,000001,ｵﾈｽﾄ,000001,新木場ﾘｻｲｸﾙ工場,000001,ｵﾈｽﾄ,001022,ｻﾝ･ﾃｸﾉ,1,紙,,000012,サン・テクノ
2025/01/31(金),2025/01/31(金),2025/01/31(金),006593,(ｻﾝﾃｸﾉ)ﾙﾐﾅｽ･ﾋﾞｰｼﾞｬﾊﾟﾝ,1,売上,000109,運搬費(4t),,1,07,台,"18,000","18,000",38955,000006,F（他）,002,運搬費,14:16,14:16,000001,ｵﾍﾟﾚｰｼｮﾝｾﾝﾀｰ,000001,ｵﾈｽﾄ,000001,新木場ﾘｻｲｸﾙ工場,000001,ｵﾈｽﾄ,001022,ｻﾝ･ﾃｸﾉ,1,紙,,000012,サン・テクノ
2025/01/31(金),2025/01/31(金),2025/01/31(金),006594,ｾｲｺｰﾋﾞﾙｼｽﾃﾑ　,1,売上,000001,混合廃棄物A,300,300,03,kg,60,"18,000",38916,000002,B（残置）,001,処分費,10:59,11:01,000001,渋谷公会堂,000001,ｵﾈｽﾄ,000001,新木場ﾘｻｲｸﾙ工場,001656,真和商事,000055,真和商事,1,紙,,000002,渡辺
2025/01/31(金),2025/01/31(金),2025/01/31(金),006812,MAｸﾘｰﾝ,1,売上,000001,混合廃棄物A,420,420,03,kg,65,"27,300",38969,000003,C（解体）,001,処分費,15:06,15:18,000000,MAｸﾘｰﾝ,000001,ｵﾈｽﾄ,000001,新木場ﾘｻｲｸﾙ工場,006812,MAｸﾘｰﾝ,000755,M.Aｸﾘｰﾝ,1,紙,,000005,今村（紀）
2025/01/31(金),2025/01/31(金),2025/01/31(金),006812,MAｸﾘｰﾝ,1,売上,000029,木くず,340,340,03,kg,35,"11,900",38969,000003,C（解体）,001,処分費,15:06,15:18,000000,MAｸﾘｰﾝ,000001,ｵﾈｽﾄ,000001,新木場ﾘｻｲｸﾙ工場,006812,MAｸﾘｰﾝ,000755,M.Aｸﾘｰﾝ,1,紙,,000005,今村（紀）
2025/01/31(金),2025/01/31(金),2025/01/31(金),006829,辰巳工業,1,売上,000002,混合廃棄物B,100,100,03,kg,70,"7,000",38986,000003,C（解体）,001,処分費,15:47,15:51,000005,千葉県柏市大室1268-13,000001,ｵﾈｽﾄ,000001,新木場ﾘｻｲｸﾙ工場,006829,辰巳工業,000450,辰巳工業,1,紙,,000007,小林
2025/01/31(金),2025/01/31(金),2025/01/31(金),006829,辰巳工業,1,売上,000021,軽量物系B(ｸﾞﾗｽｳｰﾙ),400,400,03,kg,80,"32,000",38986,000003,C（解体）,001,処分費,15:47,15:51,000005,千葉県柏市大室1268-13,000001,ｵﾈｽﾄ,000001,新木場ﾘｻｲｸﾙ工場,006829,辰巳工業,000450,辰巳工業,1,紙,,000007,小林
2025/01/31(金),2025/01/31(金),2025/01/31(金),007079,ﾐﾗｲｺｰﾎﾟﾚｰｼｮﾝ,1,売上,000021,軽量物系B(ｸﾞﾗｽｳｰﾙ),990,990,03,kg,80,"79,200",38889,000003,C（解体）,001,処分費,08:54,09:01,000002,解体工事(柏市),000001,ｵﾈｽﾄ,000001,新木場ﾘｻｲｸﾙ工場,007079,ﾐﾗｲｺｰﾎﾟﾚｰｼｮﾝ,000529,ﾐﾗｲｺｰﾎﾟﾚｰｼｮﾝ,1,紙,,000007,小林
2025/01/31(金),2025/01/31(金),2025/01/31(金),007162,ｸﾚｽﾄ城南,1,売上,000001,混合廃棄物A,60,60,03,kg,60,"3,600",38910,000004,D（建設）,001,処分費,10:53,10:53,000020,神奈川県横浜市保土ケ谷区境木町,000001,ｵﾈｽﾄ,000001,新木場ﾘｻｲｸﾙ工場,007162,ｸﾚｽﾄ城南,001073,ｸﾚｽﾄ城南,1,紙,,000012,サン・テクノ
2025/01/31(金),2025/01/31(金),2025/01/31(金),007162,ｸﾚｽﾄ城南,1,売上,000027,石膏ﾎﾞｰﾄﾞD,90,90,03,kg,200,"18,000",38910,000004,D（建設）,001,処分費,10:53,10:53,000020,神奈川県横浜市保土ケ谷区境木町,000001,ｵﾈｽﾄ,000001,新木場ﾘｻｲｸﾙ工場,007162,ｸﾚｽﾄ城南,001073,ｸﾚｽﾄ城南,1,紙,,000012,サン・テクノ
2025/01/31(金),2025/01/31(金),2025/01/31(金),007192,石原建設,1,売上,000002,混合廃棄物B,170,170,03,kg,70,"11,900",38911,000003,C（解体）,001,処分費,10:52,10:54,000007,ﾊﾞｰﾐｰｽⅠ新築現場,000001,ｵﾈｽﾄ,000001,新木場ﾘｻｲｸﾙ工場,007566,KUDAI,000639,KUDAI,1,紙,,000006,川部
2025/01/31(金),2025/01/31(金),2025/01/31(金),007342,ｵｰﾌﾟﾝﾊｳｽ･ﾃﾞｨﾍﾞﾛｯﾌﾟﾒﾝﾄ,1,売上,000002,混合廃棄物B,310,310,03,kg,70,"21,700",38900,000004,D（建設）,001,処分費,10:11,10:13,000000,ｵｰﾌﾟﾝﾊｳｽ･ﾃﾞｨﾍﾞﾛｯﾌﾟﾒﾝﾄ,000001,ｵﾈｽﾄ,000001,新木場ﾘｻｲｸﾙ工場,000210,ES産業,000175,ES産業,2,電子,,000002,渡辺
2025/01/31(金),2025/01/31(金),2025/01/31(金),007342,ｵｰﾌﾟﾝﾊｳｽ･ﾃﾞｨﾍﾞﾛｯﾌﾟﾒﾝﾄ,1,売上,000021,軽量物系B(ｸﾞﾗｽｳｰﾙ),310,310,03,kg,80,"24,800",38900,000004,D（建設）,001,処分費,10:11,10:13,000000,ｵｰﾌﾟﾝﾊｳｽ･ﾃﾞｨﾍﾞﾛｯﾌﾟﾒﾝﾄ,000001,ｵﾈｽﾄ,000001,新木場ﾘｻｲｸﾙ工場,000210,ES産業,000175,ES産業,2,電子,,000002,渡辺
2025/01/31(金),2025/01/31(金),2025/01/31(金),007643,中盛,1,売上,000002,混合廃棄物B,240,240,03,kg,70,"16,800",38922,000003,C（解体）,001,処分費,11:34,11:36,000019,東京都杉並区高井戸1-6-22,000001,ｵﾈｽﾄ,000001,新木場ﾘｻｲｸﾙ工場,007643,中盛,001093,中盛,1,紙,,000004,山本
2025/01/31(金),2025/01/31(金),2025/01/31(金),007764,ﾊﾟﾅｿﾆｯｸﾎｰﾑｽﾞ不動産,1,売上,000001,混合廃棄物A,160,3,02,m3,"12,000","36,000",38929,000002,B（残置）,001,処分費,11:48,11:50,000001,【東京】世田谷区　鎌田集積場,000001,ｵﾈｽﾄ,000001,新木場ﾘｻｲｸﾙ工場,000001,ｵﾈｽﾄ,000227,ﾊﾟﾅｿﾆｯｸﾎｰﾑｽﾞ不動産,2,電子,,000004,山本
2025/01/31(金),2025/01/31(金),2025/01/31(金),007764,ﾊﾟﾅｿﾆｯｸﾎｰﾑｽﾞ不動産,1,売上,000001,混合廃棄物A,270,0.5,02,m3,"12,000","6,000",38890,000002,B（残置）,001,処分費,09:00,09:02,000006,【京葉】ハウスクリーニング,000001,ｵﾈｽﾄ,000001,新木場ﾘｻｲｸﾙ工場,000001,ｵﾈｽﾄ,000227,ﾊﾟﾅｿﾆｯｸﾎｰﾑｽﾞ不動産,2,電子,,000004,山本
2025/01/31(金),2025/01/31(金),2025/01/31(金),007764,ﾊﾟﾅｿﾆｯｸﾎｰﾑｽﾞ不動産,1,売上,000006,混合廃棄物(壁紙・ｸﾛｽ),,2.5,02,m3,"12,000","30,000",38890,000002,B（残置）,001,処分費,09:00,09:02,000006,【京葉】ハウスクリーニング,000001,ｵﾈｽﾄ,000001,新木場ﾘｻｲｸﾙ工場,000001,ｵﾈｽﾄ,000227,ﾊﾟﾅｿﾆｯｸﾎｰﾑｽﾞ不動産,2,電子,,000004,山本
2025/01/31(金),2025/01/31(金),2025/01/31(金),007764,ﾊﾟﾅｿﾆｯｸﾎｰﾑｽﾞ不動産,1,売上,000109,運搬費,,1,07,台,"24,000","24,000",38929,000002,B（残置）,002,運搬費,11:48,11:50,000001,【東京】世田谷区　鎌田集積場,000001,ｵﾈｽﾄ,000001,新木場ﾘｻｲｸﾙ工場,000001,ｵﾈｽﾄ,000227,ﾊﾟﾅｿﾆｯｸﾎｰﾑｽﾞ不動産,2,電子,,000004,山本
2025/01/31(金),2025/01/31(金),2025/01/31(金),007764,ﾊﾟﾅｿﾆｯｸﾎｰﾑｽﾞ不動産,1,売上,000349,運搬費(3ｔｺﾝﾃﾅ),,1,07,台,"24,000","24,000",38890,000002,B（残置）,002,運搬費,09:00,09:02,000006,【京葉】ハウスクリーニング,000001,ｵﾈｽﾄ,000001,新木場ﾘｻｲｸﾙ工場,000001,ｵﾈｽﾄ,000227,ﾊﾟﾅｿﾆｯｸﾎｰﾑｽﾞ不動産,2,電子,,000004,山本
2025/01/31(金),2025/01/31(金),2025/01/31(金),007903,BANDAISPIRITS,1,売上,000004,混合廃棄物(焼却物),740,740,03,kg,58,"42,920",38964,000001,A（事業）,001,処分費,14:41,14:41,000000,BANDAISPIRITS,000001,ｵﾈｽﾄ,000001,新木場ﾘｻｲｸﾙ工場,000302,ﾖｼﾓﾘ,000244,ﾖｼﾓﾘ,1,紙,,000002,渡辺
2025/01/31(金),2025/01/31(金),2025/01/31(金),007917,ﾜｰｸﾏﾝ,1,売上,000001,混合廃棄物A,30,30,03,kg,65,"1,950",38987,000004,D（建設）,001,処分費,15:48,15:53,000000,ﾜｰｸﾏﾝ,000001,ｵﾈｽﾄ,000001,新木場ﾘｻｲｸﾙ工場,001051,Y-maxx,000808,Y-maxx,2,電子,,000004,山本
2025/01/31(金),2025/01/31(金),2025/01/31(金),007917,ﾜｰｸﾏﾝ,1,売上,000001,混合廃棄物A,810,810,03,kg,65,"52,650",38982,000004,D（建設）,001,処分費,15:44,15:44,000036,国立青柳店,000001,ｵﾈｽﾄ,000001,新木場ﾘｻｲｸﾙ工場,001051,Y-maxx,000808,Y-maxx,1,紙,,000004,山本
2025/01/31(金),2025/01/31(金),2025/01/31(金),008214,藤木工務店東京支店,1,売上,000002,混合廃棄物B,70,70,03,kg,70,"4,900",38933,000004,D（建設）,001,処分費,12:11,12:21,000002,市ヶ谷寮解体工事,000001,ｵﾈｽﾄ,000001,新木場ﾘｻｲｸﾙ工場,000474,ｱｸﾛﾊﾞｯﾄｱｰﾑｽﾞ,000360,ｱｸﾛﾊﾞｯﾄｱｰﾑｽﾞ,2,電子,,000002,渡辺
2025/01/31(金),2025/01/31(金),2025/01/31(金),008214,藤木工務店東京支店,1,売上,000020,軽量物系A(ｳﾚﾀﾝ),150,150,03,kg,200,"30,000",38933,000004,D（建設）,001,処分費,12:11,12:21,000002,市ヶ谷寮解体工事,000001,ｵﾈｽﾄ,000001,新木場ﾘｻｲｸﾙ工場,000474,ｱｸﾛﾊﾞｯﾄｱｰﾑｽﾞ,000360,ｱｸﾛﾊﾞｯﾄｱｰﾑｽﾞ,2,電子,,000002,渡辺
2025/01/31(金),2025/01/31(金),2025/01/31(金),008214,藤木工務店東京支店,1,売上,000020,軽量物系A(ｳﾚﾀﾝ),190,190,03,kg,200,"38,000",38975,000004,D（建設）,001,処分費,15:21,15:27,000002,市ヶ谷寮解体工事,000001,ｵﾈｽﾄ,000001,新木場ﾘｻｲｸﾙ工場,000474,ｱｸﾛﾊﾞｯﾄｱｰﾑｽﾞ,000360,ｱｸﾛﾊﾞｯﾄｱｰﾑｽﾞ,2,電子,,000002,渡辺
2025/01/31(金),2025/01/31(金),2025/01/31(金),008214,藤木工務店東京支店,1,売上,000020,軽量物系A(ｳﾚﾀﾝ),230,230,03,kg,200,"46,000",38898,000004,D（建設）,001,処分費,10:05,10:09,000002,市ヶ谷寮解体工事,000001,ｵﾈｽﾄ,000001,新木場ﾘｻｲｸﾙ工場,000474,ｱｸﾛﾊﾞｯﾄｱｰﾑｽﾞ,000360,ｱｸﾛﾊﾞｯﾄｱｰﾑｽﾞ,2,電子,,000002,渡辺
2025/01/31(金),2025/01/31(金),2025/01/31(金),008214,藤木工務店東京支店,1,売上,000021,軽量物系B(ｸﾞﾗｽｳｰﾙ),10,10,03,kg,80,800,38933,000004,D（建設）,001,処分費,12:11,12:21,000002,市ヶ谷寮解体工事,000001,ｵﾈｽﾄ,000001,新木場ﾘｻｲｸﾙ工場,000474,ｱｸﾛﾊﾞｯﾄｱｰﾑｽﾞ,000360,ｱｸﾛﾊﾞｯﾄｱｰﾑｽﾞ,2,電子,,000002,渡辺
2025/01/31(金),2025/01/31(金),2025/01/31(金),008290,日本通運㈱,1,売上,000038,廃ﾌﾟﾗｽﾁｯｸ類,170,170,03,kg,60,"10,200",38968,000001,A（事業）,001,処分費,15:09,15:09,000006,NEX-新習志野,000001,ｵﾈｽﾄ,000001,新木場ﾘｻｲｸﾙ工場,000001,ｵﾈｽﾄ,000095,日本通運,2,電子,,000007,小林
2025/01/31(金),2025/01/31(金),2025/01/31(金),008290,日本通運㈱,1,売上,000038,廃ﾌﾟﾗｽﾁｯｸ類,400,400,03,kg,60,"24,000",38968,000001,A（事業）,001,処分費,15:09,15:09,000006,NEX-新習志野,000001,ｵﾈｽﾄ,000001,新木場ﾘｻｲｸﾙ工場,000001,ｵﾈｽﾄ,000095,日本通運,2,電子,,000007,小林
2025/01/31(金),2025/01/31(金),2025/01/31(金),008290,日本通運㈱,1,売上,000038,廃ﾌﾟﾗｽﾁｯｸ類,490,490,03,kg,60,"29,400",38936,000001,A（事業）,001,処分費,12:25,12:25,000001,江東辰巳航空貨物ｾﾝﾀｰ,000001,ｵﾈｽﾄ,000001,新木場ﾘｻｲｸﾙ工場,000001,ｵﾈｽﾄ,000095,日本通運,2,電子,,000007,小林
2025/01/31(金),2025/01/31(金),2025/01/31(金),008290,日本通運㈱,1,売上,000109,運搬費,,1,07,台,"16,000","16,000",38936,000001,A（事業）,002,運搬費,12:25,12:25,000001,江東辰巳航空貨物ｾﾝﾀｰ,000001,ｵﾈｽﾄ,000001,新木場ﾘｻｲｸﾙ工場,000001,ｵﾈｽﾄ,000095,日本通運,2,電子,,000007,小林
2025/01/31(金),2025/01/31(金),2025/01/31(金),008290,日本通運㈱,1,売上,000109,運搬費,,1,07,台,"21,000","21,000",38968,000001,A（事業）,002,運搬費,15:09,15:09,000006,NEX-新習志野,000001,ｵﾈｽﾄ,000001,新木場ﾘｻｲｸﾙ工場,000001,ｵﾈｽﾄ,000095,日本通運,2,電子,,000007,小林
2025/01/31(金),2025/01/31(金),2025/01/31(金),008290,日本通運㈱,2,支払,000068,GC 軽鉄･ｽﾁｰﾙ類,700,700,03,kg,3,"2,100",38985,000001,A（事業）,003,有価物,15:39,15:39,000020,原木航空物流ｾﾝﾀｰK棟,000001,ｵﾈｽﾄ,000001,新木場ﾘｻｲｸﾙ工場,000001,ｵﾈｽﾄ,000095,日本通運,9,無,,000007,小林
2025/01/31(金),2025/01/31(金),2025/01/31(金),008348,UPVillage,1,売上,000001,混合廃棄物A,390,390,03,kg,65,"25,350",38915,000002,B（残置）,001,処分費,10:58,11:05,000000,UPVillage,000001,ｵﾈｽﾄ,000001,新木場ﾘｻｲｸﾙ工場,008348,UPVillage,001178,UPVillage,1,紙,,000005,今村（紀）
2025/01/31(金),2025/01/31(金),2025/01/31(金),008462,Sｲﾝﾀﾞｳｴｽﾄ,1,売上,000002,混合廃棄物B,30,30,03,kg,70,"2,100",38984,000002,B（残置）,001,処分費,15:46,15:48,000000,Sｲﾝﾀﾞｳｴｽﾄ,000001,ｵﾈｽﾄ,000001,新木場ﾘｻｲｸﾙ工場,008462,Sｲﾝﾀﾞｳｴｽﾄ,000444,S･ｲﾝﾀﾞ ｳｴｽﾄ,1,紙,,000007,小林
2025/01/31(金),2025/01/31(金),2025/01/31(金),008462,Sｲﾝﾀﾞｳｴｽﾄ,1,売上,000006,混合廃棄物(壁紙・ｸﾛｽ),310,310,03,kg,75,"23,250",38984,000002,B（残置）,001,処分費,15:46,15:48,000000,Sｲﾝﾀﾞｳｴｽﾄ,000001,ｵﾈｽﾄ,000001,新木場ﾘｻｲｸﾙ工場,008462,Sｲﾝﾀﾞｳｴｽﾄ,000444,S･ｲﾝﾀﾞ ｳｴｽﾄ,1,紙,,000007,小林
2025/01/31(金),2025/01/31(金),2025/01/31(金),008704,INOKA,1,売上,000001,混合廃棄物A,670,670,03,kg,65,"43,550",38937,000002,B（残置）,001,処分費,12:55,12:55,000000,INOKA,000001,ｵﾈｽﾄ,000001,新木場ﾘｻｲｸﾙ工場,007489,ﾌｫｰﾒｰｼｮﾝ,001020,ﾌｫｰﾒｰｼｮﾝ,1,紙,,000007,小林
2025/01/31(金),2025/01/31(金),2025/01/31(金),008704,INOKA,1,売上,000024,石膏ﾎﾞｰﾄﾞA,10,10,03,kg,40,400,38937,000002,B（残置）,001,処分費,12:55,12:55,000000,INOKA,000001,ｵﾈｽﾄ,000001,新木場ﾘｻｲｸﾙ工場,007489,ﾌｫｰﾒｰｼｮﾝ,001020,ﾌｫｰﾒｰｼｮﾝ,1,紙,,000007,小林
2025/01/31(金),2025/01/31(金),2025/01/31(金),008734,三菱地所ﾎﾃﾙｽﾞ＆ﾘｿﾞｰﾂ,2,支払,000068,GC 軽鉄･ｽﾁｰﾙ類,"1,130","1,130",03,kg,27,"30,510",38913,000002,B（残置）,003,有価物,10:50,10:51,000001,横浜ﾛｲﾔﾙﾊﾟｰｸﾎﾃﾙ,000001,ｵﾈｽﾄ,000001,新木場ﾘｻｲｸﾙ工場,006008,洗足池運輸,001021,ｵﾈｽﾄ･ﾜﾝ,1,紙,,000011,オネスト・ワン
2025/01/31(金),2025/01/31(金),2025/01/31(金),008734,三菱地所ﾎﾃﾙｽﾞ＆ﾘｿﾞｰﾂ,2,支払,000069,GD,390,390,03,kg,22,"8,580",38913,000002,B（残置）,003,有価物,10:50,10:51,000001,横浜ﾛｲﾔﾙﾊﾟｰｸﾎﾃﾙ,000001,ｵﾈｽﾄ,000001,新木場ﾘｻｲｸﾙ工場,006008,洗足池運輸,001021,ｵﾈｽﾄ･ﾜﾝ,1,紙,,000011,オネスト・ワン
2025/01/31(金),2025/01/31(金),2025/01/31(金),008752,ｽｺﾙﾆ･ﾜｲﾝ,1,売上,000001,混合廃棄物A,990,990,03,kg,58,"57,420",38899,000006,F（他）,001,処分費,10:17,10:17,000001,月島倉庫大井営業所,000001,ｵﾈｽﾄ,000001,新木場ﾘｻｲｸﾙ工場,000001,ｵﾈｽﾄ,001022,ｻﾝ･ﾃｸﾉ,1,紙,,000012,サン・テクノ
2025/01/31(金),2025/01/31(金),2025/01/31(金),008752,ｽｺﾙﾆ･ﾜｲﾝ,1,売上,000109,運搬費(4t),,1,07,台,"18,000","18,000",38899,000006,F（他）,002,運搬費,10:17,10:17,000001,月島倉庫大井営業所,000001,ｵﾈｽﾄ,000001,新木場ﾘｻｲｸﾙ工場,000001,ｵﾈｽﾄ,001022,ｻﾝ･ﾃｸﾉ,1,紙,,000012,サン・テクノ
2025/01/31(金),2025/01/31(金),2025/01/31(金),008808,NHKｱｰﾄ,1,売上,000001,混合廃棄物A,10,10,03,kg,65,650,38909,000002,B（残置）,001,処分費,10:46,10:50,000001,NHK放送ｾﾝﾀｰ,000001,ｵﾈｽﾄ,000001,新木場ﾘｻｲｸﾙ工場,002202,宮坂運送,000268,宮坂運送,1,紙,,000004,山本
2025/01/31(金),2025/01/31(金),2025/01/31(金),008808,NHKｱｰﾄ,1,売上,000030,選別,80,80,03,kg,70,"5,600",38909,000002,B（残置）,001,処分費,10:46,10:50,000001,NHK放送ｾﾝﾀｰ,000001,ｵﾈｽﾄ,000001,新木場ﾘｻｲｸﾙ工場,002202,宮坂運送,000268,宮坂運送,1,紙,,000004,山本
2025/01/31(金),2025/01/31(金),2025/01/31(金),008833,萬邦通商,1,売上,000001,混合廃棄物A,410,410,03,kg,63,"25,830",38951,000002,B（残置）,001,処分費,14:06,14:23,000000,萬邦通商,000001,ｵﾈｽﾄ,000001,新木場ﾘｻｲｸﾙ工場,001308,ｵﾈｽﾄ･ﾜﾝ,001021,ｵﾈｽﾄ･ﾜﾝ,1,紙,,000011,オネスト・ワン
2025/01/31(金),2025/01/31(金),2025/01/31(金),008833,萬邦通商,1,売上,000030,選別,160,160,03,kg,60,"9,600",38951,000002,B（残置）,001,処分費,14:06,14:23,000000,萬邦通商,000001,ｵﾈｽﾄ,000001,新木場ﾘｻｲｸﾙ工場,001308,ｵﾈｽﾄ･ﾜﾝ,001021,ｵﾈｽﾄ･ﾜﾝ,1,紙,,000011,オネスト・ワン
2025/01/31(金),2025/01/31(金),2025/01/31(金),008833,萬邦通商,2,支払,000068,GC 軽鉄･ｽﾁｰﾙ類,870,870,03,kg,27,"23,490",38951,000002,B（残置）,003,有価物,14:06,14:23,000000,萬邦通商,000001,ｵﾈｽﾄ,000001,新木場ﾘｻｲｸﾙ工場,001308,ｵﾈｽﾄ･ﾜﾝ,001021,ｵﾈｽﾄ･ﾜﾝ,1,紙,,000011,オネスト・ワン
2025/01/31(金),2025/01/31(金),2025/01/31(金),008854,ﾌﾟﾛｽﾃﾘｱ,1,売上,000002,混合廃棄物B,400,400,03,kg,70,"28,000",38892,000003,C（解体）,001,処分費,09:30,09:35,000001,解体工事（江戸川区）,000001,ｵﾈｽﾄ,000001,新木場ﾘｻｲｸﾙ工場,007123,ﾓﾝﾎﾞﾙﾄﾞ,000462,ﾓﾝﾎﾞﾙﾄﾞ,1,紙,,000007,小林
2025/01/31(金),2025/01/31(金),2025/01/31(金),008854,ﾌﾟﾛｽﾃﾘｱ,1,売上,000021,軽量物系B(ｸﾞﾗｽｳｰﾙ),90,90,03,kg,80,"7,200",38892,000003,C（解体）,001,処分費,09:30,09:35,000001,解体工事（江戸川区）,000001,ｵﾈｽﾄ,000001,新木場ﾘｻｲｸﾙ工場,007123,ﾓﾝﾎﾞﾙﾄﾞ,000462,ﾓﾝﾎﾞﾙﾄﾞ,1,紙,,000007,小林
2025/01/31(金),2025/02/16(日),2025/02/16(日),008371,新菱冷熱工業電気計装事業部,1,売上,000001,混合廃棄物A,260,260,03,kg,65,"16,900",38896,000004,D（建設）,001,処分費,10:04,10:10,000002,【大瀧】西池袋熱供給株式会社 センタープ,000001,ｵﾈｽﾄ,000001,新木場ﾘｻｲｸﾙ工場,000001,ｵﾈｽﾄ,000594,新菱冷熱工業都市環境事業部,2,電子,,000006,川部
2025/01/31(金),2025/02/16(日),2025/02/16(日),008371,新菱冷熱工業電気計装事業部,1,売上,000352,運搬費(2ｔ車),,1,07,台,"23,000","23,000",38896,000004,D（建設）,002,運搬費,10:04,10:10,000002,【大瀧】西池袋熱供給株式会社 センタープ,000001,ｵﾈｽﾄ,000001,新木場ﾘｻｲｸﾙ工場,000001,ｵﾈｽﾄ,000594,新菱冷熱工業都市環境事業部,2,電子,,000006,川部
